time_s,rpm,current_A,torque_Nm,back_emf_V,omega_rad_s,voltage_V,load_Nm,reference_rpm,measured_rpm,error_rpm,raw_voltage_V,integrator_V,derivative_rpm_s,aw_error_V,voltage_command_sat_V,duty_cycle,voltage_avg_V,pwm_error_V,shaft_angle_rad,encoder_count,encoder_delta_count,encoder_rpm,encoder_rpm_error,true_rpm,feedback_rpm
0,0,0,0,0,0,0,0,0,0,0,0,0,0,0,0,0,0,0,0,0,0,0,0,0,0
0.001,0,0,0,0,0,0,0,0,0,0,0,0,0,0,0,0,0,0,0,0,0,0,0,0,0
0.002,0,0,0,0,0,0,0,0,0,0,0,0,0,0,0,0,0,0,0,0,0,0,0,0,0
0.003,0,0,0,0,0,0,0,0,0,0,0,0,0,0,0,0,0,0,0,0,0,0,0,0,0
0.004,0,0,0,0,0,0,0,0,0,0,0,0,0,0,0,0,0,0,0,0,0,0,0,0,0
0.005,0,0,0,0,0,0,0,0,0,0,0,0,0,0,0,0,0,0,0,0,0,0,0,0,0
0.006,0,0,0,0,0,0,0,0,0,0,0,0,0,0,0,0,0,0,0,0,0,0,0,0,0
0.007,0,0,0,0,0,0,0,0,0,0,0,0,0,0,0,0,0,0,0,0,0,0,0,0,0
0.008,0,0,0,0,0,0,0,0,0,0,0,0,0,0,0,0,0,0,0,0,0,0,0,0,0
0.009,0,0,0,0,0,0,0,0,0,0,0,0,0,0,0,0,0,0,0,0,0,0,0,0,0
0.01,0,0,0,0,0,0,0,0,0,0,0,0,0,0,0,0,0,0,0,0,0,0,0,0,0
0.011,0,0,0,0,0,0,0,0,0,0,0,0,0,0,0,0,0,0,0,0,0,0,0,0,0
0.012,0,0,0,0,0,0,0,0,0,0,0,0,0,0,0,0,0,0,0,0,0,0,0,0,0
0.013,0,0,0,0,0,0,0,0,0,0,0,0,0,0,0,0,0,0,0,0,0,0,0,0,0
0.014,0,0,0,0,0,0,0,0,0,0,0,0,0,0,0,0,0,0,0,0,0,0,0,0,0
0.015,0,0,0,0,0,0,0,0,0,0,0,0,0,0,0,0,0,0,0,0,0,0,0,0,0
0.016,0,0,0,0,0,0,0,0,0,0,0,0,0,0,0,0,0,0,0,0,0,0,0,0,0
0.017,0,0,0,0,0,0,0,0,0,0,0,0,0,0,0,0,0,0,0,0,0,0,0,0,0
0.018,0,0,0,0,0,0,0,0,0,0,0,0,0,0,0,0,0,0,0,0,0,0,0,0,0
0.019,0,0,0,0,0,0,0,0,0,0,0,0,0,0,0,0,0,0,0,0,0,0,0,0,0
0.02,0,0,0,0,0,0,0,0,0,0,0,0,0,0,0,0,0,0,0,0,0,0,0,0,0
0.021,0,0,0,0,0,0,0,0,0,0,0,0,0,0,0,0,0,0,0,0,0,0,0,0,0
0.022,0,0,0,0,0,0,0,0,0,0,0,0,0,0,0,0,0,0,0,0,0,0,0,0,0
0.023,0,0,0,0,0,0,0,0,0,0,0,0,0,0,0,0,0,0,0,0,0,0,0,0,0
0.024,0,0,0,0,0,0,0,0,0,0,0,0,0,0,0,0,0,0,0,0,0,0,0,0,0
0.025,0,0,0,0,0,0,0,0,0,0,0,0,0,0,0,0,0,0,0,0,0,0,0,0,0
0.026,0,0,0,0,0,0,0,0,0,0,0,0,0,0,0,0,0,0,0,0,0,0,0,0,0
0.027,0,0,0,0,0,0,0,0,0,0,0,0,0,0,0,0,0,0,0,0,0,0,0,0,0
0.028,0,0,0,0,0,0,0,0,0,0,0,0,0,0,0,0,0,0,0,0,0,0,0,0,0
0.029,0,0,0,0,0,0,0,0,0,0,0,0,0,0,0,0,0,0,0,0,0,0,0,0,0
0.03,0,0,0,0,0,0,0,0,0,0,0,0,0,0,0,0,0,0,0,0,0,0,0,0,0
0.031,0,0,0,0,0,0,0,0,0,0,0,0,0,0,0,0,0,0,0,0,0,0,0,0,0
0.032,0,0,0,0,0,0,0,0,0,0,0,0,0,0,0,0,0,0,0,0,0,0,0,0,0
0.033,0,0,0,0,0,0,0,0,0,0,0,0,0,0,0,0,0,0,0,0,0,0,0,0,0
0.034,0,0,0,0,0,0,0,0,0,0,0,0,0,0,0,0,0,0,0,0,0,0,0,0,0
0.035,0,0,0,0,0,0,0,0,0,0,0,0,0,0,0,0,0,0,0,0,0,0,0,0,0
0.036,0,0,0,0,0,0,0,0,0,0,0,0,0,0,0,0,0,0,0,0,0,0,0,0,0
0.037,0,0,0,0,0,0,0,0,0,0,0,0,0,0,0,0,0,0,0,0,0,0,0,0,0
0.038,0,0,0,0,0,0,0,0,0,0,0,0,0,0,0,0,0,0,0,0,0,0,0,0,0
0.039,0,0,0,0,0,0,0,0,0,0,0,0,0,0,0,0,0,0,0,0,0,0,0,0,0
0.04,0,0,0,0,0,0,0,0,0,0,0,0,0,0,0,0,0,0,0,0,0,0,0,0,0
0.041,0,0,0,0,0,0,0,0,0,0,0,0,0,0,0,0,0,0,0,0,0,0,0,0,0
0.042,0,0,0,0,0,0,0,0,0,0,0,0,0,0,0,0,0,0,0,0,0,0,0,0,0
0.043,0,0,0,0,0,0,0,0,0,0,0,0,0,0,0,0,0,0,0,0,0,0,0,0,0
0.044,0,0,0,0,0,0,0,0,0,0,0,0,0,0,0,0,0,0,0,0,0,0,0,0,0
0.045,0,0,0,0,0,0,0,0,0,0,0,0,0,0,0,0,0,0,0,0,0,0,0,0,0
0.046,0,0,0,0,0,0,0,0,0,0,0,0,0,0,0,0,0,0,0,0,0,0,0,0,0
0.047,0,0,0,0,0,0,0,0,0,0,0,0,0,0,0,0,0,0,0,0,0,0,0,0,0
0.048,0,0,0,0,0,0,0,0,0,0,0,0,0,0,0,0,0,0,0,0,0,0,0,0,0
0.049,0,0,0,0,0,0,0,0,0,0,0,0,0,0,0,0,0,0,0,0,0,0,0,0,0
0.05,0,0,0,0,0,6.20355670624938,0,1000,0,1000,6.20355670624938,0,0,0,6.20355670624938,0.516963058854115,6.20355670624938,0,0,0,0,0,0,0,0
0.051,5.44103344994718,1.95668317312653,0.0978341586563263,0.0284891845238173,0.569783690476347,6.2883797078963,0,1000,0,1000,6.2883797078963,0.0848230016469244,0,0,6.2883797078963,0.524031642324692,6.2883797078963,0,0.000204733297977541,0,0,0,-5.44103344994718,5.44103344994718,0
0.052,16.8160923625949,2.68782705475064,0.134391352737532,0.0880488537140262,1.76097707428052,6.37320270954323,0,1000,0,1000,6.37320270954323,0.169646003293849,0,0,6.37320270954323,0.531100225795269,6.37320270954323,0,0.00134025939855521,0,0,0,-16.8160923625949,16.8160923625949,0
0.053,30.4028620982745,2.96236781691632,0.148118390845816,0.159189013693404,3.18378027386809,6.27628088581175,0,1000,29.296875,970.703125,6.27628088581175,0.254469004940773,4882.8125,0,6.27628088581175,0.523023407150979,6.27628088581175,0,0.00380152582191466,2,2,29.296875,-1.10598709827445,30.4028620982745,29.296875
0.054,44.6550978687668,3.00946437648329,0.150473218824165,0.233813545683085,4.6762709136617,6.2677464258931,0,1000,43.9453125,956.0546875,6.2677464258931,0.336806957711323,6510.41666666667,0,6.2677464258931,0.522312202157758,6.2677464258931,-8.88178419700125e-16,0.00772977040530709,5,3,43.9453125,-0.709785368766809,44.6550978687668,43.9453125
0.055,58.9619456807555,3.00041917564092,0.150020958782046,0.30872402565337,6.17448051306739,6.34884185422546,0,1000,43.9453125,956.0546875,6.34884185422546,0.417902386043685,5425.34722222222,0,6.34884185422546,0.529070154518789,6.34884185422546,0,0.013155667256324,8,3,43.9453125,-15.0166331807555,58.9619456807555,43.9453125
0.056,73.2327140725385,2.99908603856439,0.14995430192822,0.383445594221215,7.6689118844243,6.24819245717942,0,1000,73.2421875,926.7578125,6.24819245717942,0.498997814376048,9403.93518518519,0,6.24819245717942,0.520682704764952,6.24819245717942,0,0.0200775680517079,13,5,73.2421875,0.00947342746145807,73.2327140725385,73.2421875
0.057,87.3314144629689,2.94329942432203,0.147164971216101,0.457266216840781,9.14532433681562,6.32680283663541,0,1000,73.2421875,926.7578125,6.32680283663541,0.577608193832035,7836.61265432099,0,6.32680283663541,0.527233569719618,6.32680283663541,0,0.0284871213127954,18,5,73.2421875,-14.0892269629689,87.3314144629689,73.2421875
0.058,101.252317531727,2.92448497700482,0.146224248850241,0.530155894861023,10.6031178972205,6.223668390713,0,1000,102.5390625,897.4609375,6.223668390713,0.656218573288023,11413.3230452675,0,6.223668390713,0.518639032559417,6.223668390713,-8.88178419700125e-16,0.0383622600100225,25,7,102.5390625,1.28674496827324,101.252317531727,102.5390625
0.059,114.948306261639,2.86211865158594,0.143105932579297,0.601867924156922,12.0373584831384,6.29979372129261,0,1000,102.5390625,897.4609375,6.29979372129261,0.732343903867636,9511.10253772291,0,6.29979372129261,0.524982810107718,6.29979372129261,-8.88178419700125e-16,0.0496851988596275,32,7,102.5390625,-12.4092437616385,114.948306261639,102.5390625
0.06,128.446762959865,2.84078623782281,0.14203931189114,0.672545678153501,13.45091356307,6.28504663918303,0,1000,117.1875,882.8125,6.28504663918303,0.808469234447249,10367.3250314358,0,6.28504663918303,0.523753886598586,6.28504663918303,0,0.0624303512502273,40,8,117.1875,-11.2592629598647,128.446762959865,117.1875
0.061,141.792610311754,2.80607770644438,0.140303885322219,0.742424371481213,14.8484874296243,6.26905703263525,0,1000,131.8359375,868.1640625,6.26905703263525,0.883352040588674,11080.8437761965,0,6.26905703263525,0.522421419386271,6.26905703263525,-8.88178419700125e-16,0.0765816148747222,49,9,131.8359375,-9.95667281175434,141.792610311754,131.8359375
0.062,154.945346597262,2.7663524707645,0.138317623538225,0.811291937629805,16.2258387525961,6.16095248896009,0,1000,161.1328125,838.8671875,6.16095248896009,0.956992322291912,14116.8489801637,0,6.16095248896009,0.513412707413341,6.16095248896009,-8.88178419700125e-16,0.0921205447285651,60,11,161.1328125,6.18746590273784,154.945346597262,161.1328125
0.063,167.810157539444,2.69606271553963,0.134803135776982,0.878651930206103,17.5730386041221,6.23210772178695,0,1000,161.1328125,838.8671875,6.23210772178695,1.02814755511878,11764.0408168031,0,6.23210772178695,0.519342310148913,6.23210772178695,-8.88178419700125e-16,0.109023000160162,71,11,161.1328125,-6.67734503944351,167.810157539444,161.1328125
0.064,180.453872489322,2.67164582290822,0.133582291145411,0.944854266873804,18.8970853374761,6.30326295461382,0,1000,161.1328125,838.8671875,6.30326295461382,1.09930278794564,9803.36734733592,0,6.30326295461382,0.525271912884485,6.30326295461382,-8.88178419700125e-16,0.127259195968205,82,11,161.1328125,-19.3210599893218,180.453872489322,161.1328125
0.065,193.015814802313,2.66431824836958,0.133215912418479,1.01062844301599,20.2125688603198,6.19267336206228,0,1000,190.4296875,809.5703125,6.19267336206228,1.1704580207725,13052.2852894466,0,6.19267336206228,0.51605611350519,6.19267336206228,0,0.146814455455551,95,13,190.4296875,-2.58612730231329,193.015814802313,190.4296875
0.066,205.388478925161,2.6060313872163,0.130301569360815,1.07541156087211,21.5082312174423,6.17047113332357,0,1000,205.078125,794.921875,6.17047113332357,1.23912820472299,13318.3106578722,0,6.17047113332357,0.514205927776964,6.17047113332357,0,0.16767737500888,109,14,205.078125,-0.310353925161252,205.388478925161,205.078125
0.067,217.497047387999,2.55735666464246,0.127867833232123,1.13881187708601,22.7762375417203,6.23789879283587,0,1000,205.078125,794.921875,6.23789879283587,1.30655586423529,11098.5922148935,0,6.23789879283587,0.519824899402989,6.23789879283587,0,0.189821732071102,123,14,205.078125,-12.4189223879986,217.497047387999,205.078125
0.068,229.450544036647,2.54089269110263,0.127044634555132,1.20140023917952,24.0280047835904,6.12358162696977,0,1000,234.375,765.625,6.12358162696977,1.37398352374759,14131.6393457446,0,6.12358162696977,0.510298468914148,6.12358162696977,-8.88178419700125e-16,0.213224653782871,139,16,234.375,4.9244559633525,229.450544036647,234.375
0.069,241.187391900922,2.47910340592412,0.123955170296206,1.2628542308907,25.2570846178139,6.1885242376057,0,1000,234.375,765.625,6.1885242376057,1.43892613438352,11776.3661214538,0,6.1885242376057,0.515710353133808,6.1885242376057,0,0.237869854902008,155,16,234.375,-6.8123919009218,241.187391900922,234.375
0.07,252.729588657712,2.45768782897383,0.122884391448692,1.3232890317864,26.465780635728,6.25346684824163,0,1000,234.375,765.625,6.25346684824163,1.50386874501945,9813.63843454484,0,6.25346684824163,0.521122237353469,6.25346684824162,-8.88178419700125e-16,0.263732286751096,171,16,234.375,-18.3545886577124,252.729588657712,234.375
0.071,264.199756168648,2.45131303263676,0.122565651631838,1.38334668843273,27.6669337686546,6.13666463349915,0,1000,263.671875,736.328125,6.13666463349915,1.56881135565537,13060.8445287874,0,6.13666463349915,0.511388719458263,6.13666463349915,-8.88178419700125e-16,0.290799025810537,189,18,263.671875,-0.52788116864798,264.199756168648,263.671875
0.072,275.484167865546,2.39321600926194,0.119660800463097,1.44243172991116,28.8486345982232,6.1991221952587,0,1000,263.671875,736.328125,6.1991221952587,1.63126891741493,10884.0371073228,0,6.1991221952587,0.516593516271559,6.1991221952587,0,0.319059310291557,207,18,263.671875,-11.812292865546,275.484167865546,263.671875
0.073,286.585392608062,2.37310950796056,0.118655475398028,1.50055760673939,30.0111521347878,6.07983493163986,0,1000,292.96875,707.03125,6.07983493163986,1.69372647917448,13952.843422769,0,6.07983493163986,0.506652910969988,6.07983493163986,0,0.348490144580512,227,20,292.96875,6.38335739193769,286.585392608062,292.96875
0.074,297.459408980676,2.30983129765848,0.115491564882924,1.55749382332475,31.1498764664951,6.13980744452303,0,1000,292.96875,707.03125,6.13980744452303,1.75369899205765,11627.3695189742,0,6.13980744452303,0.511650620376919,6.13980744452303,-8.88178419700125e-16,0.379073367273395,247,20,292.96875,-4.49065898067573,297.459408980676,292.96875
0.075,308.134756507094,2.28772938796621,0.114386469398311,1.61338981226394,32.2677962452788,6.19977995740621,0,1000,292.96875,707.03125,6.19977995740621,1.81367150494083,9689.47459914514,0,6.19977995740621,0.516648329783851,6.19977995740621,-8.88178419700125e-16,0.410783221880305,267,20,292.96875,-15.1660065070938,308.134756507094,292.96875
0.076,318.736495488137,2.28096750054166,0.114048375027083,1.66890038776081,33.3780077552163,6.07800764491099,0,1000,322.265625,677.734375,6.07800764491099,1.87364401782401,12957.3746659543,0,6.07800764491099,0.506500637075916,6.07800764491099,-8.88178419700125e-16,0.443606512482275,289,22,322.265625,3.52912951186289,318.736495488137,322.265625
0.077,329.151808967287,2.22259509070332,0.111129754535166,1.72343484161237,34.4686968322473,6.13549510891779,0,1000,322.265625,677.734375,6.13549510891779,1.93113148183081,10797.8122216286,0,6.13549510891779,0.511291259076482,6.13549510891779,0,0.477532367231609,311,22,322.265625,-6.88618396728708,329.151808967287,322.265625
0.078,339.38360580333,2.20225503370763,0.110112751685381,1.77700840456759,35.5401680913518,6.10211016023539,0,1000,336.9140625,663.0859375,6.10211016023539,1.98861894583761,11439.5831013571,0,6.10211016023539,0.508509180019616,6.10211016023539,-8.88178419700125e-16,0.51253774105553,334,23,336.9140625,-2.46954330332989,339.38360580333,336.9140625
0.079,349.467694981999,2.1674214137626,0.10837107068813,1.82980857203735,36.5961714407469,6.15835509980401,0,1000,336.9140625,663.0859375,6.15835509980401,2.04486388540623,9532.98591779762,0,6.15835509980401,0.513196258317001,6.15835509980401,0,0.548607444806378,357,23,336.9140625,-12.5536324819993,349.467694981999,336.9140625
0.08,359.439886264565,2.15581795051811,0.107790897525906,1.88202284349318,37.6404568698636,6.12372762668342,0,1000,351.5625,648.4375,6.12372762668342,2.10110882497484,10385.561181498,0,6.12372762668342,0.510310635556952,6.12372762668342,-8.88178419700125e-16,0.585726339432804,381,24,351.5625,-7.87738626456468,359.439886264565,351.5625
0.081,369.291030414448,2.12420611002038,0.106210305501019,1.93360331364439,38.6720662728878,6.08785762912465,0,1000,366.2109375,633.7890625,6.08785762912465,2.15611124010527,11096.040567915,0,6.08785762912465,0.507321469093721,6.08785762912465,-8.88178419700125e-16,0.623884000462112,406,25,366.2109375,-3.08009291444762,369.291030414448,366.2109375
0.082,378.960484715373,2.08510747233129,0.104255373616564,1.98423245797107,39.6846491594215,6.05074510712769,0,1000,380.859375,619.140625,6.05074510712769,2.20987113079751,11688.1067232625,0,6.05074510712769,0.504228758927308,6.05074510712769,0,0.663064062654127,432,26,380.859375,1.8988902846267,378.960484715373,380.859375
0.083,388.42563816022,2.04318726528055,0.102159363264028,2.03379188551679,40.6758377103358,6.10326247338174,0,1000,380.859375,619.140625,6.10326247338174,2.26238849705156,9740.0889360521,0,6.10326247338174,0.508605206115145,6.10326247338174,0,0.70324612409065,458,26,380.859375,-7.56626316022022,388.42563816022,380.859375
0.084,397.757752140046,2.02884601548293,0.101442300774147,2.0826547200526,41.6530944010519,6.0649074269466,0,1000,395.5078125,604.4921875,6.0649074269466,2.31490586330562,10558.1470300434,0,6.0649074269466,0.50540895224555,6.0649074269466,-8.88178419700125e-16,0.744411276129786,485,27,395.5078125,-2.24993964004568,397.757752140046,395.5078125
0.085,406.960886448018,1.99611677502646,0.0998058387513231,2.1308422186058,42.6168443721161,6.11618226876246,0,1000,395.5078125,604.4921875,6.11618226876246,2.36618070512148,8798.45585836951,0,6.11618226876246,0.509681855730205,6.11618226876246,0,0.786547683974293,512,27,395.5078125,-11.4530739480178,406.960886448018,395.5078125
0.086,416.059023070067,1.98516694425742,0.0992583472128709,2.17847995056112,43.5695990112223,6.07658469788913,0,1000,410.15625,589.84375,6.07658469788913,2.41745554693735,9773.45279864126,0,6.07658469788913,0.506382058157427,6.07658469788913,0,0.829641450157188,540,28,410.15625,-5.90277307006733,416.059023070067,410.15625
0.087,425.038607129145,1.95366843185298,0.097683421592649,2.22549694274827,44.5099388549653,6.0357446025776,0,1000,424.8046875,575.1953125,6.0357446025776,2.46748786431502,10585.9502488677,0,6.0357446025776,0.502978716881467,6.0357446025776,-8.88178419700125e-16,0.873682604744719,569,29,424.8046875,-0.233919629144737,425.038607129145,424.8046875
0.088,433.83735552906,1.91448201996708,0.095724100998354,2.2715670816382,45.4313416327639,6.0845343955171,0,1000,424.8046875,575.1953125,6.0845343955171,2.51627765725451,8821.62520738976,0,6.0845343955171,0.507044532959758,6.0845343955171,-8.88178419700125e-16,0.918654943914263,598,29,424.8046875,-9.03266802906012,433.83735552906,424.8046875
0.089,442.511749764002,1.90106166186861,0.0950530830934307,2.31698610364292,46.3397220728584,6.04245177576739,0,1000,439.453125,560.546875,6.04245177576739,2.56506745019401,9792.76058949147,0,6.04245177576739,0.503537647980616,6.04245177576739,0,0.964541117087166,628,30,439.453125,-3.05862476400165,442.511749764002,439.453125
0.09,451.060343837247,1.86857802687752,0.093428901343876,2.3617464375413,47.2349287508261,5.99912663157949,0,1000,454.1015625,545.8984375,5.99912663157949,2.61261471869531,10602.0400745762,0,5.99912663157949,0.499927219298291,5.99912663157949,0,1.01132986401086,659,31,454.1015625,3.04121866275256,451.060343837247,454.1015625
0.091,459.42536656243,1.82896000572731,0.0914480002863657,2.40554559410888,48.1109118821776,6.04543137564261,0,1000,454.1015625,545.8984375,6.04543137564261,2.65891946275842,8835.03339548019,0,6.04543137564261,0.503785947970217,6.04543137564261,0,1.05900449639002,690,31,454.1015625,-5.32380406243021,459.42536656243,454.1015625
0.092,467.664980923375,1.81531435436433,0.0907657177182164,2.44868811401681,48.9737622803362,6.00086370701652,0,1000,468.75,531.25,6.00086370701652,2.70522420682154,9803.93407956682,0,6.00086370701652,0.50007197558471,6.00086370701652,0,1.10754747945918,722,32,468.75,1.08501907662492,467.664980923375,468.75
0.093,475.778367872989,1.78268238507298,0.0891341192536488,2.49116970874454,49.8233941748908,6.04592592664145,0,1000,468.75,531.25,6.04592592664145,2.75028642644647,8169.94506630569,0,6.04592592664145,0.503827160553454,6.04592592664145,-8.88178419700125e-16,1.15694748070699,754,32,468.75,-7.02836787298924,475.778367872989,468.75
0.094,483.78769291512,1.77160714378712,0.088580357189356,2.53310643659882,50.6621287319765,6.09098814626638,0,1000,468.75,531.25,6.09098814626638,2.7953486460714,6808.28755525474,0,6.09098814626638,0.507582345522198,6.09098814626638,0,1.20719078035275,786,32,468.75,-15.0376929151197,483.78769291512,468.75
0.095,491.758428259225,1.76856284190569,0.0884281420952844,2.57484110926674,51.4968221853349,5.95430554051291,0,1000,498.046875,501.953125,5.95430554051291,2.84041086569633,10556.3854627123,0,5.95430554051291,0.496192128376076,5.95430554051291,0,1.25827046436379,820,34,498.046875,6.28844674077453,491.758428259225,498.046875
0.096,499.555559242818,1.7111854622816,0.0855592731140802,2.61566679162863,52.3133358325726,5.99688271126146,0,1000,498.046875,501.953125,5.99688271126146,2.88298803644488,8796.98788559357,0,5.99688271126146,0.499740225938455,5.99688271126146,0,1.31017797752696,854,34,498.046875,-1.50868424281788,499.555559242818,498.046875
0.097,507.173727562865,1.69082668078708,0.0845413340393538,2.65555542767541,53.1111085535083,6.03945988201002,0,1000,498.046875,501.953125,6.03945988201002,2.92556520719344,7330.82323799464,0,6.03945988201002,0.503288323500835,6.03945988201002,0,1.36289111438822,888,34,498.046875,-9.12685256286534,507.173727562865,498.046875
0.098,514.725367761701,1.68425957492076,0.0842129787460382,2.69509572329411,53.9019144658822,5.99116464006937,0,1000,512.6953125,487.3046875,5.99116464006937,2.96814237794199,8550.42561499553,0,5.99116464006937,0.499263720005781,5.99116464006937,0,1.41639797446688,923,35,512.6953125,-2.03005526170114,514.725367761701,512.6953125
0.099,522.172665077048,1.65416811297235,0.0827084056486175,2.73408968085243,54.6817936170486,6.03249928637974,0,1000,512.6953125,487.3046875,6.03249928637974,3.00947702425236,7125.35467916295,0,6.03249928637974,0.502708273864978,6.03249928637974,0,1.47069114037987,958,35,512.6953125,-9.47735257704778,522.172665077048,512.6953125
0.1,529.524002183011,1.64394277365049,0.0821971386825247,2.77258119192936,55.4516238385871,5.9829615200009,0,1000,527.34375,472.65625,5.9829615200009,3.05081167056272,8379.20181596912,0,5.9829615200009,0.498580126666742,5.9829615200009,0,1.52575834554413,994,36,527.34375,-2.18025218301113,529.524002183011,527.34375
0.101,536.760014267267,1.61245628719077,0.0806228143595386,2.81046886260466,56.2093772520933,5.93218122918388,0,1000,541.9921875,458.0078125,5.93218122918388,3.0909037924349,9424.07442997427,0,5.93218122918388,0.494348435765324,5.93218122918388,0,1.5815902129311,1031,37,541.9921875,5.2321732327332,536.760014267267,541.9921875
0.102,543.816255513499,1.57301682242618,0.0786508411213092,2.8474152553732,56.9483051074639,6.06190323930707,0,1000,527.34375,472.65625,6.06190323930707,3.12975338986889,5411.98910831189,0,6.06190323930707,0.505158603275589,6.06190323930707,-8.88178419700125e-16,1.63817074510204,1067,36,527.34375,-16.4725055134987,543.816255513499,527.34375
0.103,550.82810615633,1.58790736229131,0.0793953681145657,2.88412921948584,57.6825843897169,5.92025053580085,0,1000,556.640625,443.359375,5.92025053580085,3.16984551174107,9392.80342359324,0,5.92025053580085,0.493354211316738,5.92025053580085,-8.88178419700125e-16,1.69548565307548,1105,38,556.640625,5.81251884366975,550.82810615633,556.640625
0.104,557.721341458116,1.5370837327908,0.0768541866395399,2.9202221151251,58.4044423025021,5.95785760879666,0,1000,556.640625,443.359375,5.95785760879666,3.20745258473688,7827.3361863277,0,5.95785760879666,0.496488134066388,5.95785760879666,0,1.75353132240255,1143,38,556.640625,-1.08071645811606,557.721341458116,556.640625
0.105,564.45603613249,1.51903860606063,0.0759519303030318,2.95548489398041,59.1096978796081,5.99546468179246,0,1000,556.640625,443.359375,5.99546468179246,3.24505965773268,6522.78015527309,0,5.99546468179246,0.499622056816039,5.99546468179246,0,1.81228920302909,1181,38,556.640625,-7.81541113248966,564.45603613249,556.640625
0.106,571.13174694087,1.51320558786792,0.075660279393396,2.99043883403557,59.8087766807114,5.94219934209907,0,1000,571.2890625,428.7109375,5.94219934209907,3.28266673072849,7877.05637939424,0,5.94219934209907,0.495183278508256,5.94219934209907,0,1.8717487495803,1220,39,571.2890625,0.157315559129756,571.13174694087,571.2890625
0.107,577.70586210346,1.48325988079069,0.0741629940395345,3.02486082053331,60.4972164106663,5.97856389065668,0,1000,571.2890625,428.7109375,5.97856389065668,3.3190312792861,6564.2136494952,0,5.97856389065668,0.498213657554724,5.97856389065668,-8.88178419700125e-16,1.93190304284761,1259,39,571.2890625,-6.41679960346016,577.70586210346,571.2890625
0.108,584.184977925898,1.47296126674492,0.073648063337246,3.0587853916492,61.1757078329839,5.9240560265251,0,1000,585.9375,414.0625,5.9240560265251,3.35539582784372,7911.584291246,0,5.9240560265251,0.493671335543759,5.9240560265251,0,1.99273999524536,1299,40,585.9375,1.75252207410153,584.184977925898,585.9375
0.109,590.54906489726,1.44132006550179,0.0720660032750895,3.09210767310926,61.8421534621851,5.95917805064453,0,1000,585.9375,414.0625,5.95917805064453,3.39051785196315,6592.98690937167,0,5.95917805064453,0.496598170887044,5.95917805064453,0,2.05425028991586,1339,40,585.9375,-4.61156489726,590.54906489726,585.9375
0.11,596.813133031553,1.43035805675381,0.0715179028376905,3.12490625716306,62.4981251432612,5.99430007476396,0,1000,585.9375,414.0625,5.99430007476396,3.42563987608258,5494.15575780972,0,5.99430007476396,0.49952500623033,5.99430007476396,0,2.11642094443136,1379,40,585.9375,-10.8756330315533,596.813133031553,585.9375
0.111,603.039990362185,1.42710038107659,0.0713550190538298,3.1575100059045,63.15020011809,5.93854968619419,0,1000,600.5859375,399.4140625,5.93854968619419,3.46076190020201,7019.8693815081,0,5.93854968619419,0.494879140516183,5.93854968619419,0,2.17924530603883,1420,41,600.5859375,-2.45405286218522,603.039990362185,600.5859375
0.112,609.17333400006,1.39805062832569,0.0699025314162847,3.18962411809565,63.792482361913,5.88155677318623,0,1000,615.234375,384.765625,5.88155677318623,3.49464139988325,8291.29740125675,0,5.88155677318623,0.490129731098853,5.88155677318623,0,2.24271790263892,1462,42,615.234375,6.06104099993968,609.17333400006,615.234375
0.113,615.134957105615,1.35936000423229,0.0679680002116147,3.22083910368212,64.4167820736424,6.00506616111849,0,1000,600.5859375,399.4140625,6.00506616111849,3.52727837512631,4468.00825104729,0,6.00506616111849,0.500422180093207,6.00506616111849,-8.88178419700125e-16,2.30682418364736,1503,41,600.5859375,-14.5490196056151,615.134957105615,600.5859375
0.114,621.055113982155,1.37437072308931,0.0687185361544655,3.25183697260118,65.0367394520237,5.85720083542133,0,1000,629.8828125,370.1171875,5.85720083542133,3.56115787480755,8606.15270920608,0,5.85720083542133,0.488100069618444,5.85720083542133,0,2.37155039123774,1546,43,629.8828125,8.82769851784474,621.055113982155,629.8828125
0.115,626.857671134569,1.32343324745785,0.0661716623728923,3.28221909080461,65.6443818160923,5.9794676989154,0,1000,615.234375,384.765625,5.9794676989154,3.59255232561241,4730.3876743384,0,5.9794676989154,0.498288974909616,5.9794676989154,0,2.43689310106015,1588,42,615.234375,-11.6232961345689,626.857671134569,615.234375
0.116,632.581695770437,1.33384962825298,0.066692481412649,3.31219001371296,66.2438002742593,5.92123226146925,0,1000,629.8828125,370.1171875,5.92123226146925,3.62518930085547,6383.39597861533,0,5.92123226146925,0.493436021789104,5.92123226146925,0,2.50283682522048,1631,43,629.8828125,-2.69888327043691,632.581695770437,629.8828125
0.117,638.253999986183,1.30983130883575,0.0654915654417877,3.34189012913482,66.8378025826964,5.95262671227412,0,1000,629.8828125,370.1171875,5.95262671227412,3.65658375166034,5319.49664884611,0,5.95262671227412,0.496052226022843,5.95262671227412,0,2.56937867089744,1674,43,629.8828125,-8.3711874861832,638.253999986183,629.8828125
0.118,643.849829755378,1.301614548539,0.06508072742695,3.37118982529089,67.4237965058179,5.89314875038979,0,1000,644.53125,355.46875,5.89314875038979,3.6879782024652,6874.32012403843,0,5.89314875038979,0.491095729199149,5.89314875038979,0,2.63650986608971,1718,44,644.53125,0.681420244621563,643.849829755378,644.53125
0.119,649.337476108146,1.27062261501042,0.0635311307505211,3.39992307440315,67.998461488063,5.92330067675647,0,1000,644.53125,355.46875,5.92330067675647,3.71813012883188,5728.60010336536,0,5.92330067675647,0.493608389729706,5.92330067675647,0,2.70422232328354,1762,44,644.53125,-4.80622610814623,649.337476108146,644.53125
0.12,654.727598392762,1.25977628115829,0.0629888140579146,3.42814568868865,68.5629137737729,5.86258019043395,0,1000,659.1796875,340.8203125,5.86258019043395,3.74828205519856,7215.23966947113,0,5.86258019043395,0.488548349202829,5.86258019043395,-8.88178419700125e-16,2.77250351220246,1807,45,659.1796875,4.45208910723841,654.727598392762,659.1796875
0.121,660.001681826452,1.22777327350019,0.0613886636750094,3.45576072497148,69.1152144994297,5.89148959236244,0,1000,659.1796875,340.8203125,5.89148959236244,3.77719145712706,6012.69972455927,0,5.89148959236244,0.490957466030203,5.89148959236244,0,2.84134394374179,1852,45,659.1796875,-0.821994326452,660.001681826452,659.1796875
0.122,665.175301709446,1.21651890593787,0.0608259452968937,3.48284973533295,69.656994706659,5.92039899429093,0,1000,659.1796875,340.8203125,5.92039899429093,3.80610085905555,5010.5831037994,0,5.92039899429093,0.493366582857578,5.92039899429093,0,2.91073056408569,1897,45,659.1796875,-5.99561420944576,665.175301709446,659.1796875
0.123,670.311477613713,1.21299492476388,0.060649746238194,3.50974268948027,70.1948537896053,5.85843598353023,0,1000,673.828125,326.171875,5.85843598353023,3.83501026098404,6616.89216983283,0,5.85843598353023,0.488202998627519,5.85843598353023,0,2.98065668676817,1943,46,673.828125,3.5166473862871,670.311477613713,673.828125
0.124,675.353986379862,1.18368874993446,0.059184437496723,3.53614520363926,70.7229040727852,5.88610286102053,0,1000,673.828125,326.171875,5.88610286102053,3.86267713847435,5514.07680819403,0,5.88610286102053,0.490508571751711,5.88610286102053,0,3.05111682011022,1989,46,673.828125,-1.52586137986202,675.353986379862,673.828125
0.125,680.30435441581,1.1734079115088,0.0586703955754398,3.56206527006309,71.2413054012618,5.91376973851084,0,1000,673.828125,326.171875,5.91376973851084,3.89034401596465,4595.06400682836,0,5.91376973851084,0.492814144875903,5.91376973851084,0,3.12209939833181,2035,46,673.828125,-6.4762294158096,680.30435441581,673.828125
0.126,685.22036724495,1.17021543793156,0.058510771896578,3.58780545304473,71.7561090608945,5.94143661600114,0,1000,673.828125,326.171875,5.94143661600114,3.91801089345496,3829.2200056903,0,5.94143661600114,0.495119718000095,5.94143661600114,0,3.19359828809357,2081,46,673.828125,-11.39224224495,685.22036724495,673.828125
0.127,690.12355445372,1.16966395464439,0.0584831977322193,3.61347848123514,72.2695696247028,5.87823108080225,0,1000,688.4765625,311.5234375,5.87823108080225,3.94567777094526,5632.42292140858,0,5.87823108080225,0.489852590066854,5.87823108080225,0,3.26561120156288,2128,47,688.4765625,-1.64699195372009,690.12355445372,688.4765625
0.128,694.942235061899,1.14143414520099,0.0570717072600493,3.63870903389956,72.7741806779911,5.81378302116517,0,1000,703.125,296.875,5.81378302116517,3.97210212399738,7135.09201784048,0,5.81378302116517,0.484481918430431,5.81378302116517,0,3.33813428464688,2176,48,703.125,8.18276493810072,694.942235061899,703.125
0.129,699.592473854748,1.10286090660622,0.0551430453303111,3.66305762728131,73.2611525456262,5.9298372624683,0,1000,688.4765625,311.5234375,5.9298372624683,3.99728395261131,3504.50376486707,0,5.9298372624683,0.494153105205691,5.9298372624683,0,3.41115358145827,2223,47,688.4765625,-11.1159113547477,699.592473854748,688.4765625
0.13,704.202391953691,1.11772745983148,0.0558863729915742,3.68719510200346,73.7439020400692,5.86538920283122,0,1000,703.125,296.875,5.86538920283122,4.02370830566343,5361.82605405589,0,5.86538920283122,0.488782433569268,5.86538920283122,0,3.4846555477221,2271,48,703.125,-1.07739195369084,704.202391953691,703.125
0.131,708.774764771971,1.09521092232026,0.0547605461160128,3.71113599009576,74.2227198019152,5.89057103144515,0,1000,703.125,296.875,5.89057103144515,4.04889013427736,4468.18837837991,0,5.89057103144515,0.490880919287095,5.89057103144514,-8.88178419700125e-16,3.55863982976784,2319,48,703.125,-5.64976477197069,708.774764771971,703.125
0.132,713.275883738703,1.08739761908805,0.0543698809544024,3.73470379389379,74.6940758778758,5.82488044736988,0,1000,717.7734375,282.2265625,5.82488044736988,4.07407196289129,6164.89656531659,0,5.82488044736988,0.48540670394749,5.82488044736988,0,3.63309859521354,2368,49,717.7734375,4.49755376129735,713.275883738703,717.7734375
0.133,717.670704501011,1.05640009706614,0.0528200048533069,3.75771502159498,75.1543004318995,5.84881975154562,0,1000,717.7734375,282.2265625,5.84881975154562,4.09801126706704,5137.41380443049,0,5.84881975154562,0.487401645962135,5.84881975154562,0,3.70802410031205,2417,49,717.7734375,0.102732998989495,717.670704501011,717.7734375
0.134,721.968644551554,1.04539593271968,0.0522697966359839,3.78021898307557,75.6043796615114,5.87275905572136,0,1000,717.7734375,282.2265625,5.87275905572136,4.12195057124278,4281.17817035874,0,5.87275905572136,0.48939658797678,5.87275905572136,-8.88178419700125e-16,3.78340393664153,2466,49,717.7734375,-4.19520705155355,721.968644551554,717.7734375
0.135,726.230429867664,1.04184087925566,0.0520920439627829,3.80253363880935,76.050672776187,5.89669835989711,0,1000,717.7734375,282.2265625,5.89669835989711,4.14588987541852,3567.64847529895,0,5.89669835989711,0.491391529991426,5.89669835989711,0,3.8592316533813,2515,49,717.7734375,-8.4569923676637,726.230429867664,717.7734375
0.136,730.478686020239,1.04106130755106,0.0520530653775532,3.82477745600852,76.4955491201703,5.82976525138365,0,1000,732.421875,267.578125,5.82976525138365,4.16982917959427,5414.44664608246,0,5.82976525138365,0.485813770948637,5.82976525138365,0,3.93550484092526,2565,50,732.421875,1.94318897976063,730.478686020239,732.421875
0.137,734.642140810849,1.01265360399812,0.0506326801999058,3.84657725431474,76.9315450862947,5.85246203112121,0,1000,732.421875,267.578125,5.85246203112121,4.19252595933182,4512.03887173539,0,5.85246203112121,0.4877051692601,5.85246203112121,0,4.01221959636956,2615,50,732.421875,-2.22026581084936,734.642140810849,732.421875
0.138,738.716714406843,1.00258360888661,0.0501291804443303,3.86791167177421,77.3582334354842,5.87515881085876,0,1000,732.421875,267.578125,5.87515881085876,4.21522273906938,3760.03239311282,0,5.87515881085876,0.489596567571564,5.87515881085876,0,4.08936494126932,2665,50,732.421875,-6.29483940684258,738.716714406843,732.421875
0.139,742.758104199072,0.999345902296602,0.0499672951148301,3.88907233924348,77.7814467848696,5.80698317790712,0,1000,747.0703125,252.9296875,5.80698317790712,4.23791951880693,5574.76657759402,0,5.80698317790712,0.483915264825593,5.80698317790712,0,4.16693495657483,2716,51,747.0703125,4.31220830092752,742.758104199072,747.0703125
0.14,746.707359741227,0.969991540726337,0.0484995770363169,3.90975059290745,78.195011858149,5.82843743320649,0,1000,747.0703125,252.9296875,5.82843743320649,4.2593737741063,4645.63881466168,0,5.82843743320649,0.485703119433874,5.82843743320649,0,4.24492443079578,2767,51,747.0703125,0.362952758773076,746.707359741227,747.0703125
0.141,750.564992070079,0.959538047104235,0.0479769023552118,3.9299491085484,78.5989821709681,5.84989168850586,0,1000,747.0703125,252.9296875,5.84989168850586,4.28082802940567,3871.36567888474,0,5.84989168850586,0.487490974042155,5.84989168850586,0,4.32332189689161,2818,51,747.0703125,-3.49467957007937,750.564992070079,747.0703125
0.142,754.388409138635,0.956126685270046,0.0478063342635023,3.94996847350538,78.9993694701076,5.87134594380522,0,1000,747.0703125,252.9296875,5.87134594380522,4.30228228470504,3226.13806573728,0,5.87134594380522,0.489278828650435,5.87134594380522,-8.88178419700125e-16,4.40212125273636,2869,51,747.0703125,-7.31809663863532,754.388409138635,747.0703125
0.143,758.199000579347,0.955339227026632,0.0477669613513316,3.969920683632,79.39841367264,5.80192778641539,0,1000,761.71875,238.28125,5.80192778641539,4.32373654000441,5129.8546381144,0,5.80192778641539,0.483493982201283,5.80192778641539,0,4.48132021662827,2921,52,761.71875,3.51974942065283,758.199000579347,761.71875
0.144,761.925033977325,0.92686721314717,0.0463433606573585,3.98943014888219,79.7886029776439,5.82213951727658,0,1000,761.71875,238.28125,5.82213951727658,4.34394827086559,4274.87886509533,0,5.82213951727658,0.485178293106381,5.82213951727658,0,4.56091493133493,2973,52,761.71875,-0.206283977324574,761.925033977325,761.71875
0.145,765.562258291729,0.916711935040085,0.0458355967520042,4.00847461085818,80.1694922171636,5.84235124813776,0,1000,761.71875,238.28125,5.84235124813776,4.36416000172677,3562.39905424611,0,5.84235124813776,0.48686260401148,5.84235124813776,0,4.64089443347219,3025,52,761.71875,-3.84350829172945,765.562258291729,761.71875
0.146,769.166307377964,0.913381180188206,0.0456690590094103,4.02734536774567,80.5469073549133,5.86256297899894,0,1000,761.71875,238.28125,5.86256297899894,4.38437173258795,2968.66587853843,0,5.86256297899894,0.488546914916578,5.86256297899894,0,4.72125280767299,3077,52,761.71875,-7.44755737796402,769.166307377964,761.71875
0.147,772.757910005049,0.912593276299157,0.0456296638149578,4.04615095512544,80.9230191025088,5.79190229717092,0,1000,776.3671875,223.6328125,5.79190229717092,4.40458346344913,4915.29448211536,0,5.79190229717092,0.482658524764243,5.79190229717092,0,4.80198784093958,3130,53,776.3671875,3.60927749495067,772.757910005049,776.3671875
0.148,776.265087652267,0.884090640664167,0.0442045320332084,4.06451449434433,81.2902898868866,5.81087150359391,0,1000,776.3671875,223.6328125,5.81087150359391,4.42355266987213,4096.07873509613,0,5.81087150359391,0.484239291966159,5.81087150359391,0,4.88309570077162,3183,53,776.3671875,0.102099847733257,776.265087652267,776.3671875
0.149,779.683497698217,0.873893519528964,0.0436946759764482,4.08241324748986,81.6482649497971,5.82984071001691,0,1000,776.3671875,223.6328125,5.82984071001691,4.44252187629512,3413.39894591344,0,5.82984071001691,0.485820059168075,5.82984071001691,0,4.96456543214612,3236,53,776.3671875,-3.31631019821714,779.683497698217,776.3671875
0.15,783.068739987916,0.870516762113984,0.0435258381056992,4.10013833466975,82.0027666933951,5.8488099164399,0,1000,776.3671875,223.6328125,5.8488099164399,4.46149108271811,2844.49912159453,0,5.8488099164399,0.487400826369992,5.8488099164399,0,5.04639112196937,3289,53,776.3671875,-6.70155248791571,783.068739987916,776.3671875
0.151,786.441530727501,0.869681326840211,0.0434840663420105,4.11779822568571,82.3559645137143,5.77690671017369,0,1000,791.015625,208.984375,5.77690671017369,4.48046028914111,4811.82218466211,0,5.77690671017369,0.481408892514474,5.77690671017369,0,5.12857055726032,3343,54,791.015625,4.57409427249911,786.441530727501,791.015625
0.152,789.729886822626,0.841130610843447,0.0420565305421724,4.1350160179371,82.700320358742,5.7946333921585,0,1000,791.015625,208.984375,5.7946333921585,4.49818697112591,4009.85182055176,0,5.7946333921585,0.482886116013208,5.7946333921585,0,5.21109990470582,3397,54,791.015625,1.28573817737379,789.729886822626,791.015625
0.153,792.929464053378,0.830885225151438,0.0415442612575719,4.15176896514164,83.0353793028328,5.8123600741433,0,1000,791.015625,208.984375,5.8123600741433,4.51591365311072,3341.54318379313,0,5.8123600741433,0.484363339511942,5.8123600741433,0,5.29396820817212,3451,54,791.015625,-1.91383905337796,792.929464053378,791.015625
0.154,796.095861773268,0.827460154615755,0.0413730077307878,4.16834818483355,83.3669636966711,5.83008675612811,0,1000,791.015625,208.984375,5.83008675612811,4.53364033509553,2784.61931982761,0,5.83008675612811,0.485840563010676,5.83008675612811,0,5.37716955335475,3505,54,791.015625,-5.08023677326764,796.095861773268,791.015625
0.155,799.249796107957,0.826576407917211,0.0413288203958605,4.18486214639316,83.6972429278633,5.84781343811292,0,1000,791.015625,208.984375,5.84781343811292,4.55136701708033,2320.51609985634,0,5.84781343811292,0.48731778650941,5.84781343811292,0,5.46070172603544,3559,54,791.015625,-8.2341711079572,799.249796107957,791.015625
0.156,802.398986672793,0.826639751817057,0.0413319875908529,4.2013512696319,84.027025392638,5.77466770740852,0,1000,805.6640625,194.3359375,5.77466770740852,4.56909369906514,4375.16966654695,0,5.77466770740852,0.48122230895071,5.77466770740852,0,5.54456389068757,3614,55,805.6640625,3.2650758272074,802.398986672793,805.6640625
0.157,805.466608298547,0.798393865901355,0.0399196932950678,4.21741329890434,84.3482659780867,5.79115186495514,0,1000,805.6640625,194.3359375,5.79115186495514,4.58557785661176,3645.97472212246,0,5.79115186495514,0.482595988746262,5.79115186495514,0,5.62875272656619,3669,55,805.6640625,0.197454201453411,805.466608298547,805.6640625
0.158,808.446512828311,0.788232037565239,0.039411601878262,4.23301604253618,84.6603208507236,5.80763602250176,0,1000,805.6640625,194.3359375,5.80763602250176,4.60206201415838,3038.31226843538,0,5.80763602250176,0.483969668541814,5.80763602250176,0,5.7132574678825,3724,55,805.6640625,-2.7824503283108,808.446512828311,805.6640625
0.159,811.393627600631,0.784808099984708,0.0392404049992354,4.24844709939953,84.9689419879905,5.82412018004838,0,1000,805.6640625,194.3359375,5.82412018004838,4.618546171705,2531.92689036282,0,5.82412018004838,0.485343348337365,5.82412018004838,0,5.79807227063428,3779,55,805.6640625,-5.72956510063113,811.393627600631,805.6640625
0.16,814.328418446833,0.783894792538142,0.0391947396269071,4.26381362833661,85.2762725667322,5.7497319249058,0,1000,820.3125,179.6875,5.7497319249058,4.63503032925162,4551.34532530235,0,5.7497319249058,0.479144327075483,5.7497319249058,0,5.88319494618937,3835,56,820.3125,5.98408155316667,814.328418446833,820.3125
0.161,817.17880916945,0.755254803986494,0.0377627401993247,4.27873823926,85.5747647851999,5.85584597070343,0,1000,805.6640625,194.3359375,5.85584597070343,4.65027196236005,1351.38152108529,0,5.85584597070343,0.487987164225286,5.85584597070343,-8.88178419700125e-16,5.96862166893268,3890,55,805.6640625,-11.5147466694497,817.17880916945,805.6640625
0.162,820.020123676365,0.773578283563558,0.0386789141781779,4.2936153272291,85.872306544582,5.78145771556085,0,1000,820.3125,179.6875,5.78145771556085,4.66675611990667,3567.55751757108,0,5.78145771556085,0.481788142963404,5.78145771556085,0,6.05434448326641,3946,56,820.3125,0.292376323635494,820.020123676365,820.3125
0.163,822.835467562199,0.752105955288837,0.0376052977644419,4.30835643334421,86.1671286668842,5.79669934866928,0,1000,820.3125,179.6875,5.79669934866928,4.6819977530151,2972.9645979759,0,5.79669934866928,0.483058279055774,5.79669934866928,-8.88178419700125e-16,6.14036511072756,4002,56,820.3125,-2.52296756219903,822.835467562199,820.3125
0.164,825.583804743349,0.744438125183891,0.0372219062591945,4.32274669317403,86.4549338634805,5.72106856908852,0,1000,834.9609375,165.0390625,5.72106856908852,4.69723938612353,4918.87674831325,0,5.72106856908852,0.47675571409071,5.72106856908852,0,6.2266764852182,4059,57,834.9609375,9.37713275665078,825.583804743349,834.9609375
0.165,828.227361731598,0.713251403776475,0.0356625701888237,4.33658832519674,86.7317665039348,5.82594009044796,0,1000,820.3125,179.6875,5.82594009044796,4.71123849479378,1657.65770692771,0,5.82594009044796,0.48549500753733,5.82594009044796,0,6.31327114170129,4115,56,820.3125,-7.91486173159808,828.227361731598,820.3125
0.166,830.85424273433,0.730595870316804,0.0365297935158402,4.35034264196347,87.0068528392694,5.75030931086719,0,1000,834.9609375,165.0390625,5.75030931086719,4.72648012790221,3822.78767243976,0,5.75030931086719,0.479192442572266,5.75030931086719,0,6.40013976792406,4172,57,834.9609375,4.10669476566977,830.85424273433,834.9609375
0.167,833.452315011142,0.708728634142167,0.0354364317071084,4.36394611659402,87.2789223318804,5.76430841953744,0,1000,834.9609375,165.0390625,5.76430841953744,4.74047923657245,3185.6563936998,0,5.76430841953744,0.480359034961453,5.76430841953744,0,6.48728357927171,4229,57,834.9609375,1.50862248885767,833.452315011142,834.9609375
0.168,835.982316628666,0.700883534383926,0.0350441767191963,4.37719317408599,87.5438634817198,5.77830752820768,0,1000,834.9609375,165.0390625,5.77830752820768,4.7544783452427,2654.7136614165,0,5.77830752820768,0.48152562735064,5.77830752820768,0,6.57469532037721,4286,57,834.9609375,-1.02137912866601,835.982316628666,834.9609375
0.169,838.48683782372,0.698262997438065,0.0349131498719032,4.39030681639789,87.8061363279579,5.79230663687793,0,1000,834.9609375,165.0390625,5.79230663687793,4.76847745391294,2212.26138451375,0,5.79230663687793,0.482692219739827,5.79230663687793,0,6.6623704540281,4343,57,834.9609375,-3.52590032372041,838.48683782372,834.9609375
0.17,840.981748117732,0.697589295127282,0.0348794647563641,4.40337013614961,88.0674027229922,5.80630574554817,0,1000,834.9609375,165.0390625,5.80630574554817,4.78247656258319,1843.55115376146,0,5.80630574554817,0.483858812129014,5.80630574554817,0,6.75030727738667,4400,57,834.9609375,-6.02081061773151,840.981748117732,834.9609375
0.171,843.472961637112,0.697641235597981,0.0348820617798991,4.41641409963463,88.3282819926926,5.72943244152922,0,1000,849.609375,150.390625,5.72943244152922,4.79647567125343,3977.69887813455,0,5.72943244152922,0.477452703460768,5.72943244152922,0,6.83850514379048,4458,58,849.609375,6.13641336288788,843.472961637112,849.609375
0.172,845.882980753191,0.66930148240086,0.033465074120043,4.4290329302181,88.580658604362,5.83306143845047,0,1000,834.9609375,165.0390625,5.83306143845047,4.80923225548549,873.342815112123,0,5.83306143845047,0.486088453204206,5.83306143845047,0,6.92696080122097,4515,57,834.9609375,-10.9220432531905,845.882980753191,834.9609375
0.173,848.285109619462,0.687677454982962,0.0343838727491481,4.44161044755019,88.8322089510038,5.75618813443152,0,1000,849.609375,150.390625,5.75618813443152,4.82323136415573,3169.1919292601,0,5.75618813443152,0.47968234453596,5.75618813443152,0,7.01566650690096,4573,58,849.609375,1.32426538053789,848.285109619462,849.609375
0.174,850.661701441916,0.666165339988118,0.0333082669994059,4.45405425323353,89.0810850646706,5.76894471866357,0,1000,849.609375,150.390625,5.76894471866357,4.83598794838779,2640.99327438342,0,5.76894471866357,0.480745393221965,5.76894471866357,0,7.10462406078531,4631,58,849.609375,-1.05232644191608,850.661701441916,849.609375
0.175,852.971439930938,0.658423364059345,0.0329211682029673,4.46614801568157,89.3229603136314,5.78170130289563,0,1000,849.609375,150.390625,5.78170130289563,4.84874453261985,2200.82772865285,0,5.78170130289563,0.481808441907969,5.78170130289563,-8.88178419700125e-16,7.1938264251312,4689,58,849.609375,-3.36206493093835,852.971439930938,849.609375
0.176,855.25614995092,0.655812068162988,0.0327906034081494,4.47811072937217,89.5622145874433,5.79445788712769,0,1000,849.609375,150.390625,5.79445788712769,4.8615011168519,1834.02310721071,0,5.79445788712769,0.482871490593974,5.79445788712769,0,7.28326914363937,4747,58,849.609375,-5.64677495091996,855.25614995092,849.609375
0.177,857.531415889004,0.655112633023545,0.0327556316511772,4.49002399396558,89.8004798793116,5.71634205867054,0,1000,864.2578125,135.7421875,5.71634205867054,4.87425770108396,3969.75883934226,0,5.71634205867054,0.476361838222545,5.71634205867054,0,7.37295054345297,4806,59,864.2578125,6.72639661099618,857.531415889004,864.2578125
0.178,859.723343021574,0.626463463331262,0.0313231731665631,4.50150089759373,90.0300179518745,5.72785611846441,0,1000,864.2578125,135.7421875,5.72785611846441,4.88577176087783,3308.13236611855,0,5.72785611846441,0.477321343205368,5.72785611846441,0,7.46286698989378,4865,59,864.2578125,4.53446947842554,859.723343021574,864.2578125
0.179,861.826875245275,0.61603233772311,0.0308016168861555,4.51251496656134,90.2502993312268,5.83024259094748,0,1000,849.609375,150.390625,5.83024259094748,4.8972858206717,315.370721765456,0,5.83024259094748,0.485853549245624,5.83024259094748,-8.88178419700125e-16,7.55300759826919,4923,58,849.609375,-12.2175002452752,861.826875245275,849.609375
0.18,863.977049654977,0.641051421777675,0.0320525710888837,4.52377325344376,90.4754650688753,5.75212676249034,0,1000,864.2578125,135.7421875,5.75212676249034,4.91004240490376,2704.21518480455,0,5.75212676249034,0.479343896874195,5.75212676249034,0,7.64336947738484,4982,59,864.2578125,0.280762845023332,863.977049654977,864.2578125
0.181,866.122002933364,0.621985213180487,0.0310992606590244,4.53500420254655,90.7000840509311,5.76364082228421,0,1000,864.2578125,135.7421875,5.76364082228421,4.92155646469763,2253.51265400379,0,5.76364082228421,0.480303401857017,5.76364082228421,-8.88178419700125e-16,7.73395805611562,5041,59,864.2578125,-1.86419043336355,866.122002933364,864.2578125
0.182,868.207670712324,0.615125388718073,0.0307562694359037,4.54592473350024,90.9184946700048,5.77515488207808,0,1000,864.2578125,135.7421875,5.77515488207808,4.93307052449149,1877.92721166982,0,5.77515488207808,0.48126290683984,5.77515488207808,0,7.82476764861404,5100,59,864.2578125,-3.94985821232444,868.207670712324,864.2578125
0.183,870.271128304987,0.612813637386689,0.0306406818693345,4.55672897219041,91.1345794438082,5.69579652918275,0,1000,878.90625,121.09375,5.69579652918275,4.94458458428536,4006.34559305819,0,5.69579652918275,0.474649710765229,5.69579652918275,-8.88178419700125e-16,7.91579430212381,5160,60,878.90625,8.63512169501303,870.271128304987,878.90625
0.184,872.246487930658,0.583534336342609,0.0291767168171304,4.56707193100409,91.3414386200817,5.79694047722763,0,1000,864.2578125,135.7421875,5.79694047722763,4.95485611964105,897.215077548489,0,5.79694047722763,0.483078373102303,5.79694047722763,0,8.00703353223821,5219,59,864.2578125,-7.98867543065774,872.246487930658,864.2578125
0.185,874.211379321013,0.60150137201579,0.0300750686007895,4.57736007826582,91.5472015653165,5.7175821243323,0,1000,878.90625,121.09375,5.7175821243323,4.96637017943492,3189.08548129041,0,5.7175821243323,0.476465177027692,5.7175821243323,0,8.09847713640382,5279,60,878.90625,4.69487067898706,874.211379321013,878.90625
0.186,876.149767348879,0.579778026033921,0.0289889013016961,4.58750945424607,91.7501890849215,5.72785365968798,0,1000,878.90625,121.09375,5.72785365968798,4.9766417147906,2657.57123440867,0,5.72785365968798,0.477321138307332,5.72785365968798,0,8.19012674266079,5339,60,878.90625,2.75648265112125,876.149767348879,878.90625
0.187,878.020936264774,0.571898493958223,0.0285949246979111,4.59730687177908,91.9461374355816,5.73812519504366,0,1000,878.90625,121.09375,5.73812519504366,4.98691325014628,2214.64269534056,0,5.73812519504366,0.478177099586972,5.73812519504366,0,8.28197524860894,5399,60,878.90625,0.885313735225623,878.020936264774,878.90625
0.188,879.866934755305,0.569177106119913,0.0284588553059956,4.60697249727306,92.1394499454612,5.74839673039935,0,1000,878.90625,121.09375,5.74839673039935,4.99718478550196,1845.53557945047,0,5.74839673039935,0.479033060866612,5.74839673039935,0,8.37401817326083,5459,60,878.90625,-0.960684755305124,879.866934755305,878.90625
0.189,881.703430674464,0.568377826280093,0.0284188913140047,4.61658836741969,92.3317673483937,5.75866826575503,0,1000,878.90625,121.09375,5.75866826575503,5.00745632085764,1537.94631620872,0,5.75866826575503,0.479889022146252,5.75866826575503,0,8.46625383397101,5519,60,878.90625,-2.79718067446368,881.703430674464,878.90625
0.19,883.536263110475,0.568294995548649,0.0284147497774324,4.62618505561341,92.5237011122683,5.76893980111071,0,1000,878.90625,121.09375,5.76893980111071,5.01772785621332,1281.62193017394,0,5.76893980111071,0.480744983425893,5.76893980111071,0,8.55868159085472,5579,60,878.90625,-4.63001311047549,883.536263110475,878.90625
0.191,885.367609212017,0.568479415527471,0.0284239707763735,4.63577396137805,92.715479227561,5.77921133646639,0,1000,878.90625,121.09375,5.77921133646639,5.02799939156901,1068.01827514495,0,5.77921133646639,0.481600944705533,5.77921133646639,0,8.65130119270625,5639,60,878.90625,-6.46135921201665,885.367609212017,878.90625
0.192,887.198281771298,0.568763723385834,0.0284381861692917,4.64535934048366,92.9071868096732,5.69861045913287,0,1000,893.5546875,106.4453125,5.69861045913287,5.03827092692469,3331.42147928746,0,5.69861045913287,0.47488420492774,5.69861045913287,0,8.74411253330442,5700,61,893.5546875,6.3564057287025,887.198281771298,893.5546875
0.193,888.948882599577,0.540423209041596,0.0270211604520798,4.65452546498614,93.0905092997229,5.79851188273957,0,1000,878.90625,121.09375,5.79851188273957,5.04729993784218,334.77831607288,0,5.79851188273957,0.483209323561631,5.79851188273957,0,8.83711256159374,5760,60,878.90625,-10.0426325995768,888.948882599577,878.90625
0.194,890.69200780633,0.55871157314439,0.0279355786572195,4.66365244722585,93.2730489445169,5.71791100540605,0,1000,893.5546875,106.4453125,5.71791100540605,5.05757147319787,2720.38818006073,0,5.71791100540605,0.476492583783838,5.71791100540605,0,8.93029360928556,5821,61,893.5546875,2.86267969367043,890.69200780633,893.5546875
0.195,892.409746850159,0.537079502391786,0.0268539751195893,4.67264650782731,93.4529301565463,5.72694001632355,0,1000,893.5546875,106.4453125,5.72694001632355,5.06660048411536,2266.99015005061,0,5.72694001632355,0.477245001360296,5.72694001632355,0,9.02365750370768,5882,61,893.5546875,1.14494064984058,892.409746850159,893.5546875
0.196,894.06068522559,0.529205528455741,0.026460276422787,4.68129080094695,93.625816018939,5.73596902724104,0,1000,893.5546875,106.4453125,5.73596902724104,5.07562949503286,1889.15845837551,0,5.73596902724104,0.477997418936754,5.73596902724104,0,9.11719721694148,5943,61,893.5546875,-0.505997725590191,894.06068522559,893.5546875
0.197,895.686611252792,0.526457757246733,0.0263228878623367,4.68980412971751,93.7960825943502,5.74499803815854,0,1000,893.5546875,106.4453125,5.74499803815854,5.08465850595035,1574.29871531292,0,5.74499803815854,0.478749836513211,5.74499803815854,0,9.2109082959788,6004,61,893.5546875,-2.13192375279175,895.686611252792,893.5546875
0.198,897.303095751116,0.525620187844529,0.0262810093922264,4.69826802275848,93.9653604551695,5.75402704907603,0,1000,893.5546875,106.4453125,5.75402704907603,5.09368751686785,1311.9155960941,0,5.75402704907603,0.479502254089669,5.75402704907603,0,9.30478906882484,6065,61,893.5546875,-3.7484082511163,897.303095751116,893.5546875
0.199,898.9159416273,0.525494626022155,0.0262747313011077,4.70671286401846,94.1342572803692,5.67218364730433,0,1000,908.203125,91.796875,5.67218364730433,5.10271652778534,3534.66924674509,0,5.67218364730433,0.472681970608694,5.67218364730433,0,9.39883889978637,6127,62,908.203125,9.2871833727005,898.9159416273,908.203125
0.2,900.447609882636,0.496972303408662,0.0248486151704331,4.71473266024963,94.2946532049926,5.77084254647284,0,1000,893.5546875,106.4453125,5.77084254647284,5.11050301426465,504.151455620906,0,5.77084254647284,0.480903545539403,5.77084254647284,-8.88178419700125e-16,9.49305454041671,6188,61,893.5546875,-6.89292238263613,900.447609882636,893.5546875
0.201,901.971389323652,0.515163831495589,0.0257581915747795,4.72271115074561,94.4542230149121,5.68899914470113,0,1000,908.203125,91.796875,5.68899914470113,5.11953202518215,2861.53246301742,0,5.68899914470113,0.474083262058428,5.68899914470113,0,9.58742824876155,6250,62,908.203125,6.23173567634831,901.971389323652,908.203125
0.202,903.469627503912,0.49346658601746,0.024673329300873,4.73055590751299,94.6111181502599,5.78765804386964,0,1000,893.5546875,106.4453125,5.78765804386964,5.12731851166145,-56.7958641521486,0,5.78765804386964,0.482304836989137,5.78765804386964,0,9.68196182458131,6311,61,893.5546875,-9.91494000391197,903.469627503912,893.5546875
0.203,904.980708730829,0.514201587635953,0.0257100793817976,4.73846791031543,94.7693582063086,5.70581464209793,0,1000,908.203125,91.796875,5.70581464209793,5.13634752257895,2394.07636320654,0,5.70581464209793,0.475484553508161,5.70581464209793,0,9.77665122858942,6373,62,908.203125,3.22241626917082,904.980708730829,908.203125
0.204,906.47397609614,0.493452604088624,0.0246726302044312,4.74628663995661,94.9257327991321,5.71360112857724,0,1000,908.203125,91.796875,5.71360112857724,5.14413400905826,1995.06363600545,0,5.71360112857724,0.476133427381437,5.71360112857724,0,9.87149964040237,6435,62,908.203125,1.72914890385982,906.47397609614,908.203125
0.205,907.903266134086,0.48587917768396,0.024293958884198,4.75377038509504,95.0754077019008,5.72138761505655,0,1000,908.203125,91.796875,5.72138761505655,5.15192049553756,1662.55303000454,0,5.72138761505655,0.476782301254712,5.72138761505655,0,9.9665005361489,6497,62,908.203125,0.299858865914189,907.903266134086,908.203125
0.206,909.308597809519,0.483214910866537,0.0241607455433269,4.7611286845407,95.2225736908141,5.72917410153586,0,1000,908.203125,91.796875,5.72917410153586,5.15970698201687,1385.46085833712,0,5.72917410153586,0.477431175127988,5.72917410153586,0,10.0616496508348,6559,62,908.203125,-1.10547280951937,909.308597809519,908.203125
0.207,910.704882702314,0.482379976328771,0.0241189988164386,4.76843961514324,95.3687923028648,5.73696058801517,0,1000,908.203125,91.796875,5.73696058801517,5.16749346849618,1154.55071528093,0,5.73696058801517,0.478080049001264,5.73696058801517,0,10.1569453827313,6621,62,908.203125,-2.50175770231408,910.704882702314,908.203125
0.208,912.09767807747,0.482226914304762,0.0241113457152381,4.77573227467415,95.5146454934829,5.74474707449447,0,1000,908.203125,91.796875,5.74474707449447,5.17527995497549,962.125596067444,0,5.74474707449447,0.478728922874539,5.74474707449447,0,10.2523871225385,6683,62,908.203125,-3.89455307746982,912.09767807747,908.203125
0.209,913.489056028021,0.482328209872358,0.0241164104936179,4.78301751258718,95.6603502517435,5.75253356097378,0,1000,908.203125,91.796875,5.75253356097378,5.1830664414548,801.771330056204,0,5.75253356097378,0.479377796747815,5.75253356097378,0,10.3479746308777,6745,62,908.203125,-5.2859310280212,913.489056028021,908.203125
0.21,914.879790149841,0.482524578990376,0.0241262289495188,4.79029937942085,95.805987588417,5.66944763476389,0,1000,922.8515625,77.1484375,5.66944763476389,5.1908529279341,3109.54902504684,0,5.66944763476389,0.472453969563657,5.66944763476389,0,10.44370780636,6808,63,922.8515625,7.97177235015931,914.879790149841,922.8515625
0.211,916.190467595895,0.454094321647817,0.0227047160823909,4.79716207048044,95.9432414096087,5.76686400949421,0,1000,908.203125,91.796875,5.76686400949421,5.19739688997522,149.884604205697,0,5.76686400949421,0.480572000791184,5.76686400949421,0,10.5395836001504,6870,62,908.203125,-7.98734259589548,916.190467595895,908.203125
0.212,917.493678960286,0.472292260104223,0.0236146130052111,4.80398566922784,96.0797133845569,5.68377808328432,0,1000,922.8515625,77.1484375,5.68377808328432,5.20518337645453,2566.31008683808,0,5.68377808328432,0.473648173607026,5.68377808328432,0,10.6355943452021,6933,63,922.8515625,5.35788353971395,917.493678960286,922.8515625
0.213,918.771511593365,0.450569499078566,0.0225284749539283,4.81067638524884,96.2135277049768,5.69032204532544,0,1000,922.8515625,77.1484375,5.69032204532544,5.21172733849565,2138.59173903173,0,5.69032204532544,0.47419350377712,5.69032204532544,0,10.7317418697142,6996,63,922.8515625,4.08005090663482,918.771511593365,922.8515625
0.214,919.982550151528,0.442604726125364,0.0221302363062682,4.81701736831141,96.3403473662281,5.78773842005576,0,1000,908.203125,91.796875,5.78773842005576,5.21827130053677,-659.246467473555,0,5.78773842005576,0.482311535004647,5.78773842005576,0,10.8280191464962,7058,62,908.203125,-11.7794251515279,919.982550151528,908.203125
0.215,921.248285229169,0.468428456539159,0.023421422826958,4.82364474168025,96.472894833605,5.70465249384587,0,1000,922.8515625,77.1484375,5.70465249384587,5.22605778701608,1892.03419377204,0,5.70465249384587,0.475387707820489,5.70465249384586,-8.88178419700125e-16,10.9244247222318,7121,63,922.8515625,1.6032772708312,921.248285229169,922.8515625
0.216,922.511806382973,0.449547773172037,0.0224773886586019,4.830260522971,96.6052104594199,5.71119645588699,0,1000,922.8515625,77.1484375,5.71119645588699,5.2326017490572,1576.6951614767,0,5.71119645588699,0.475933037990582,5.71119645588699,0,11.0209645621822,7184,63,922.8515625,0.339756117027036,922.511806382973,922.8515625
0.217,923.717168743453,0.442642790404533,0.0221321395202266,4.83657178553199,96.7314357106399,5.71774041792811,0,1000,922.8515625,77.1484375,5.71774041792811,5.23914571109832,1313.91263456391,0,5.71774041792811,0.476478368160676,5.71774041792811,0,11.1176331810071,7247,63,922.8515625,-0.865606243453385,923.717168743453,922.8515625
0.218,924.900746917153,0.440199918179227,0.0220099959089613,4.84276898635773,96.8553797271546,5.72428437996923,0,1000,922.8515625,77.1484375,5.72428437996923,5.24568967313944,1094.92719546993,0,5.72428437996923,0.477023698330769,5.72428437996923,0,11.2144267013093,7310,63,922.8515625,-2.04918441715267,924.900746917153,922.8515625
0.219,926.076094614122,0.439419803923885,0.0219709901961943,4.84892309250809,96.9784618501618,5.73082834201035,0,1000,922.8515625,77.1484375,5.73082834201035,5.25223363518056,912.439329558274,0,5.73082834201035,0.477569028500862,5.73082834201035,0,11.3113436664288,7373,63,922.8515625,-3.22453211412244,926.076094614122,922.8515625
0.22,927.248263110816,0.439259484949565,0.0219629742474783,4.85506055240472,97.1012110480945,5.64649989136227,0,1000,937.5,62.5,5.64649989136227,5.25877759722168,3201.77235796523,0,5.64649989136227,0.470541657613522,5.64649989136227,0,11.4083835217663,7437,64,937.5,10.2517368891841,927.248263110816,937.5
0.221,928.339433261009,0.410668028005331,0.0205334014002666,4.86077390595083,97.2154781190166,5.7426737416544,0,1000,922.8515625,77.1484375,5.7426737416544,5.26407903482461,226.73738163769,0,5.7426737416544,0.478556145137867,5.7426737416544,0,11.5055430499434,7500,63,922.8515625,-5.48787076100916,928.339433261009,922.8515625
0.222,929.422789386193,0.428777592583713,0.0214388796291857,4.86644634535766,97.3289269071533,5.74921770369552,0,1000,922.8515625,77.1484375,5.74921770369552,5.27062299686573,188.947818031409,0,5.74921770369552,0.47910147530796,5.74921770369552,-8.88178419700125e-16,11.602814521424,7563,63,922.8515625,-6.57122688619324,929.422789386193,922.8515625
0.223,930.560342641633,0.43565593404414,0.021782796702207,4.87240256027493,97.4480512054985,5.66488925304744,0,1000,937.5,62.5,5.66488925304744,5.27716695890685,2598.86276502617,0,5.66488925304744,0.47207410442062,5.66488925304744,0,11.7002027404498,7627,64,937.5,6.93965735836662,930.560342641633,937.5
0.224,931.638278969483,0.409687775283532,0.0204843887641766,4.87804662168928,97.5609324337855,5.76106310333957,0,1000,922.8515625,77.1484375,5.76106310333957,5.28246839650979,-275.687279144855,0,5.76106310333957,0.480088591944964,5.76106310333957,0,11.7977083081799,7690,63,922.8515625,-8.78671646948283,931.638278969483,922.8515625
0.225,932.71637195536,0.428775588414814,0.0214387794207407,4.88369150336314,97.6738300672628,5.67673465269149,0,1000,937.5,62.5,5.67673465269149,5.28901235855091,2211.66685071262,0,5.67673465269149,0.473061221057624,5.67673465269149,0,11.8953249182385,7754,64,937.5,4.7836280446403,932.71637195536,937.5
0.226,933.771933597942,0.407356916908004,0.0203678458454002,4.88921841119939,97.7843682239877,5.68203609029443,0,1000,937.5,62.5,5.68203609029443,5.29431379615384,1843.05570892718,0,5.68203609029443,0.473503007524536,5.68203609029443,0,11.9930549065498,7818,64,937.5,3.72806640205772,933.771933597942,937.5
0.227,934.761769294268,0.399477967401099,0.019973898370055,4.89440117878578,97.8880235757157,5.68733752789736,0,1000,937.5,62.5,5.68733752789736,5.29961523375677,1535.87975743932,0,5.68733752789736,0.473944793991447,5.68733752789736,0,12.0908914358534,7882,64,937.5,2.73823070573155,934.761769294268,937.5
0.228,935.727004000467,0.396643831363272,0.0198321915681636,4.89945513588909,97.9891027177818,5.78351137818949,0,1000,922.8515625,77.1484375,5.78351137818949,5.30491667135971,-1161.5064521339,0,5.78351137818949,0.481959281515791,5.78351137818949,0,12.1888301253295,7945,63,922.8515625,-12.8754415004672,935.727004000467,922.8515625
0.229,936.762663875214,0.424351896332326,0.0212175948166163,4.90487783831263,98.0975567662526,5.69918292754141,0,1000,937.5,62.5,5.69918292754141,5.31146063340083,1473.48420655508,0,5.69918292754141,0.474931910628451,5.69918292754141,-8.88178419700125e-16,12.28687233004,8009,64,937.5,0.73733612478577,936.762663875214,937.5
0.23,937.801978466293,0.406146045449305,0.0203073022724653,4.91031967678613,98.2063935357227,5.70448436514434,0,1000,937.5,62.5,5.70448436514434,5.31676207100376,1227.90350546257,0,5.70448436514434,0.475373697095362,5.70448436514434,-8.88178419700125e-16,12.3850250624739,8073,64,937.5,-0.301978466293349,937.801978466293,937.5
0.231,938.785329230647,0.399465246839012,0.0199732623419506,4.91546848934813,98.3093697869625,5.70978580274728,0,1000,937.5,62.5,5.70978580274728,5.32206350860669,1023.25292121881,0,5.70978580274728,0.475815483562273,5.70978580274728,-8.88178419700125e-16,12.4832832283518,8137,64,937.5,-1.28532923064688,938.785329230647,937.5
0.232,939.747721954142,0.397078637914031,0.0198539318957016,4.92050756586479,98.4101513172959,5.71508724035021,0,1000,937.5,62.5,5.71508724035021,5.32736494620962,852.71076768234,0,5.71508724035021,0.476257270029184,5.71508724035021,-8.88178419700125e-16,12.5816430968567,8201,64,937.5,-2.24772195414198,939.747721954142,937.5
0.233,940.702200249874,0.396292202558954,0.0198146101279477,4.9255052025346,98.5101040506919,5.62951626526394,0,1000,952.1484375,47.8515625,5.62951626526394,5.33266638381256,3151.99855640195,0,5.62951626526394,0.469126355438662,5.62951626526394,0,12.6801032668099,8266,65,952.1484375,11.4462372501264,940.702200249874,952.1484375
0.234,941.573922596311,0.367439872559397,0.0183719936279699,4.93006953006716,98.6013906013432,5.72444759111789,0,1000,937.5,62.5,5.72444759111789,5.3367252969773,185.259213668292,0,5.72444759111789,0.477037299259824,5.72444759111789,0,12.7786602061184,8330,64,937.5,-4.07392259631092,941.573922596311,937.5
0.235,942.437182602869,0.385424625981967,0.0192712312990984,4.93458954889173,98.6917909778345,5.72974902872082,0,1000,937.5,62.5,5.72974902872082,5.34202673458024,154.38267805691,0,5.72974902872082,0.477479085726735,5.72974902872082,0,12.8773060686797,8394,64,937.5,-4.93718260286914,942.437182602869,937.5
0.236,943.354404625203,0.392228831987652,0.0196114415993826,4.93939211217019,98.7878422434037,5.64417805363455,0,1000,952.1484375,47.8515625,5.64417805363455,5.34732817218317,2570.05848171409,0,5.64417805363455,0.470348171136213,5.64417805363455,0,12.976045615984,8459,65,952.1484375,8.79403287479681,943.354404625203,952.1484375
0.237,944.211928464786,0.366205401253844,0.0183102700626922,4.94388209649471,98.8776419298941,5.7391093794885,0,1000,937.5,62.5,5.7391093794885,5.35138708534791,-299.690848571591,0,5.7391093794885,0.478259114957375,5.7391093794885,0,13.0748794339311,8523,64,937.5,-6.71192846478607,944.211928464786,937.5
0.238,945.069584944687,0.385244953800467,0.0192622476900233,4.94837277532231,98.9674555064461,5.74441081709143,0,1000,937.5,62.5,5.74441081709143,5.35668852295085,-249.742373809659,0,5.74441081709143,0.478700901424286,5.74441081709143,0,13.1738012111197,8587,64,937.5,-7.56958494468677,945.069584944687,937.5
0.239,945.984409942092,0.392442968741559,0.0196221484370779,4.95316278780759,99.0632557561517,5.65883984200517,0,1000,952.1484375,47.8515625,5.65883984200517,5.36198996055378,2233.28760515862,0,5.65883984200517,0.471569986833764,5.65883984200517,0,13.2728162812751,8652,65,952.1484375,6.16402755790762,945.984409942092,952.1484375
0.24,946.840735607947,0.366567069786504,0.0183283534893252,4.95764649850914,99.1529299701828,5.66289875516991,0,1000,952.1484375,47.8515625,5.66289875516991,5.36604887371852,1861.07300429885,0,5.66289875516991,0.471908229597493,5.66289875516991,0,13.3719254439379,8717,65,952.1484375,5.30770189205271,946.840735607947,952.1484375
0.241,947.61794207678,0.357000036132223,0.0178500018066112,4.96171594206382,99.2343188412764,5.75783008102386,0,1000,937.5,62.5,5.75783008102386,5.37010778688327,-890.51207975096,0,5.75783008102386,0.479819173418655,5.75783008102386,0,13.4711194687176,8781,64,937.5,-10.1179420767804,947.61794207678,937.5
0.242,948.445267543209,0.382171851223323,0.0191085925611662,4.96604780807625,99.3209561615251,5.67225910593759,0,1000,952.1484375,47.8515625,5.67225910593759,5.3754092244862,1699.31285020753,0,5.67225910593759,0.472688258828132,5.67225910593759,-8.88178419700125e-16,13.570396082974,8846,65,952.1484375,3.70316995679082,948.445267543209,952.1484375
0.243,949.268687901354,0.36299328612042,0.018149664306021,4.97035922698953,99.4071845397905,5.67631801910233,0,1000,952.1484375,47.8515625,5.67631801910233,5.37946813765095,1416.09404183961,0,5.67631801910233,0.473026501591861,5.67631801910233,0,13.6697609482163,8911,65,952.1484375,2.8797495986463,949.268687901354,952.1484375
0.244,950.033333454584,0.355922287028902,0.0177961143514451,4.97436290174391,99.4872580348781,5.68037693226708,0,1000,952.1484375,47.8515625,5.68037693226708,5.38352705081569,1180.07836819968,0,5.68037693226708,0.47336474435559,5.68037693226708,0,13.7692084674188,8976,65,952.1484375,2.11510404541571,950.033333454584,952.1484375
0.245,950.775979196903,0.353362490901649,0.0176681245450825,4.97825138575772,99.5650277151544,5.68443584543182,0,1000,952.1484375,47.8515625,5.68443584543182,5.38758596398044,983.398640166397,0,5.68443584543182,0.473702987119319,5.68443584543182,0,13.8687347230376,9041,65,952.1484375,1.37245830309689,950.775979196903,952.1484375
0.246,951.510327822708,0.35248370682233,0.0176241853411165,4.98209642617106,99.6419285234211,5.77936717128577,0,1000,937.5,62.5,5.77936717128577,5.39164487714518,-1621.90738319467,0,5.77936717128577,0.481613930940481,5.77936717128577,0,13.9683382448992,9105,64,937.5,-14.0103278227077,951.510327822708,937.5
0.247,952.321188568189,0.380893834280985,0.0190446917140493,4.9863420831062,99.7268416621241,5.6937961961995,0,1000,952.1484375,47.8515625,5.6937961961995,5.39694631474812,1089.81676400444,0,5.6937961961995,0.474483016349959,5.6937961961995,0,14.0680214738169,9170,65,952.1484375,-0.172751068188745,952.321188568189,952.1484375
0.248,953.13798427748,0.362923073161007,0.0181461536580504,4.99061881543919,99.8123763087838,5.69785510936425,0,1000,952.1484375,47.8515625,5.69785510936425,5.40100522791286,908.180636670368,0,5.69785510936425,0.474821259113687,5.69785510936425,0,14.1677918281095,9235,65,952.1484375,-0.989546777479973,953.13798427748,952.1484375
0.249,953.899677970084,0.356303351125663,0.0178151675562832,4.99460703428748,99.8921406857495,5.61104160983979,0,1000,966.796875,33.203125,5.61104160983979,5.40506414107761,3198.22344722531,0,5.61104160983979,0.467586800819983,5.61104160983979,0,14.2676443659905,9301,66,966.796875,12.8971970299158,953.899677970084,966.796875
0.25,954.561044157862,0.325250603191359,0.0162625301595679,4.9980699395489,99.961398790978,5.70473041125555,0,1000,952.1484375,47.8515625,5.70473041125555,5.40788052980416,223.779956021089,0,5.70473041125555,0.475394200937963,5.70473041125555,0,14.3675724157089,9366,65,952.1484375,-2.41260665786183,954.561044157862,952.1484375
0.251,955.207410411009,0.342388417437067,0.0171194208718534,5.00145430533626,100.029086106725,5.7087893244203,0,1000,952.1484375,47.8515625,5.7087893244203,5.41193944296891,186.483296684241,0,5.7087893244203,0.475732443701691,5.7087893244203,0,14.4675669623714,9431,65,952.1484375,-3.0589729110086,955.207410411009,952.1484375
0.252,955.905311899765,0.3488499279444,0.01744249639722,5.00510850898627,100.102170179725,5.71284823758504,0,1000,952.1484375,47.8515625,5.71284823758504,5.41599835613366,155.402747236868,0,5.71284823758504,0.47607068646542,5.71284823758504,0,14.567632332953,9496,65,952.1484375,-3.75687439976525,955.905311899765,952.1484375
0.253,956.622322514362,0.351333996221398,0.0175666998110699,5.00886276778521,100.177255355704,5.71690715074979,0,1000,952.1484375,47.8515625,5.71690715074979,5.4200572692984,129.502289364056,0,5.71690715074979,0.476408929229149,5.71690715074979,0,14.6677719514181,9561,65,952.1484375,-4.47388501436228,956.622322514362,952.1484375
0.254,957.346362456883,0.352336422851566,0.0176168211425783,5.01265383205909,100.253076641182,5.63009365122533,0,1000,966.796875,33.203125,5.63009365122533,5.42411618246315,2549.32482447005,0,5.63009365122533,0.469174470935444,5.63009365122533,0,14.7679870839289,9627,66,966.796875,9.45051254311727,957.346362456883,966.796875
0.255,957.993229727008,0.32412471720934,0.016206235860467,5.01604082116521,100.320816423304,5.72378245264109,0,1000,952.1484375,47.8515625,5.72378245264109,5.4269325711897,-316.968896274961,0,5.72378245264109,0.476981871053424,5.72378245264109,0,14.8682751938181,9692,65,952.1484375,-5.84479222700782,957.993229727008,952.1484375
0.256,958.63373027524,0.342322253539482,0.0171161126769741,5.01939447419346,100.387889483869,5.63696895311663,0,1000,966.796875,33.203125,5.63696895311663,5.43099148435445,2177.2655031042,0,5.63696895311663,0.46974741275972,5.63696895311663,-8.88178419700125e-16,14.9686288074797,9758,66,966.796875,8.1631447247596,958.63373027524,966.796875
0.257,959.249286207217,0.320517449368037,0.0160258724684018,5.02261751751641,100.452350350328,5.73065775453239,0,1000,952.1484375,47.8515625,5.73065775453239,5.43380787308101,-627.0183307465,0,5.73065775453239,0.477554812877699,5.73065775453239,0,15.069049827769,9823,65,952.1484375,-7.10084870721676,959.249286207217,952.1484375
0.258,959.87793663358,0.341102503120348,0.0170551251560174,5.02590912345164,100.518182469033,5.73471666769714,0,1000,952.1484375,47.8515625,5.73471666769714,5.43786678624575,-522.515275622084,0,5.73471666769714,0.477893055641428,5.73471666769714,-8.88178419700125e-16,15.169534256884,9888,65,952.1484375,-7.72949913357968,959.87793663358,952.1484375
0.259,960.568598278134,0.348850053549246,0.0174425026774623,5.02952541936605,100.590508387321,5.64790316817268,0,1000,966.796875,33.203125,5.64790316817268,5.4419256994105,2005.97685364826,0,5.64790316817268,0.470658597347724,5.64790316817268,0,15.2700882919523,9954,66,966.796875,6.228276721866,960.568598278134,966.796875
0.26,961.20257814475,0.323152586481876,0.0161576293240938,5.03284493018519,100.656898603704,5.65071955689924,0,1000,966.796875,33.203125,5.65071955689924,5.44474208813705,1671.64737804022,0,5.65071955689924,0.47089329640827,5.65071955689924,-8.88178419700125e-16,15.3707130555963,10020,66,966.796875,5.59429685524969,961.20257814475,966.796875
0.261,961.758129104182,0.313625687317753,0.0156812843658877,5.03575378820661,100.715075764132,5.744408358315,0,1000,952.1484375,47.8515625,5.744408358315,5.44755847686361,-1048.36676829982,0,5.744408358315,0.47870069652625,5.744408358315,0,15.4713994391799,10085,65,952.1484375,-9.60969160418244,961.758129104182,952.1484375
0.262,962.364069186668,0.338786076895768,0.0169393038447884,5.03892648305936,100.778529661187,5.65759485879054,0,1000,966.796875,33.203125,5.65759485879054,5.45161739002836,1567.76727641682,0,5.65759485879054,0.471466238232545,5.65759485879054,0,15.5721452167899,10151,66,966.796875,4.43280581333192,962.364069186668,966.796875
0.263,962.966217569345,0.319576842611215,0.0159788421305607,5.04207932461834,100.841586492367,5.6604112475171,0,1000,966.796875,33.203125,5.6604112475171,5.45443377875492,1306.47273034735,0,5.6604112475171,0.471700937293092,5.6604112475171,0,15.6729560686907,10217,66,966.796875,3.83065743065538,962.966217569345,966.796875
0.264,963.50964599394,0.312467971270153,0.0156233985635076,5.04492470919577,100.898494183915,5.75410004893286,0,1000,952.1484375,47.8515625,5.75410004893286,5.45725016748147,-1352.67897471054,0,5.75410004893286,0.479508337411072,5.75410004893286,0,15.7738264061722,10282,65,952.1484375,-11.3612084939401,963.50964599394,952.1484375
0.265,964.110810103462,0.3385299374311,0.016926496871555,5.04807239711257,100.961447942251,5.6672865494084,0,1000,966.796875,33.203125,5.6672865494084,5.46130908064622,1314.17377107455,0,5.6672865494084,0.472273879117367,5.6672865494084,0,15.8747553151216,10348,66,966.796875,2.68606489653814,964.110810103462,966.796875
0.266,964.710923155231,0.319657284090349,0.0159828642045174,5.05121458170384,101.024291634077,5.67010293813496,0,1000,966.796875,33.203125,5.67010293813496,5.46412546937278,1095.14480922879,0,5.67010293813496,0.472508578177914,5.67010293813496,0,15.975748964914,10414,66,966.796875,2.0859518447686,964.710923155231,966.796875
0.267,965.25334080936,0.312674483279199,0.0156337241639599,5.05405467389948,101.08109347799,5.67291932686152,0,1000,966.796875,33.203125,5.67291932686152,5.46694185809933,912.620674357325,0,5.67291932686152,0.47274327723846,5.67291932686152,-8.88178419700125e-16,16.0768019494345,10480,66,966.796875,1.54353419064012,965.25334080936,966.796875
0.268,965.77417666038,0.310121729551741,0.0155060864775871,5.0567817640383,101.135635280766,5.67573571558808,0,1000,966.796875,33.203125,5.67573571558808,5.46975824682589,760.517228631104,0,5.67573571558808,0.472977976299007,5.67573571558808,0,16.1779104239384,10546,66,966.796875,1.02269833962043,965.77417666038,966.796875
0.269,966.286886768928,0.309219710012939,0.0154609855006469,5.05946630788903,101.189326157781,5.67855210431464,0,1000,966.796875,33.203125,5.67855210431464,5.47257463555245,633.764357192587,0,5.67855210431464,0.473212675359553,5.67855210431464,0,16.2790729470238,10612,66,966.796875,0.509988231071702,966.286886768928,966.796875
0.27,966.796485631751,0.308932929240738,0.0154466464620369,5.06213456129523,101.242691225905,5.68136849304119,0,1000,966.796875,33.203125,5.68136849304119,5.47539102427901,528.136964327156,0,5.68136849304119,0.473447374420099,5.68136849304119,-8.88178419700125e-16,16.3802889728268,10678,66,966.796875,0.000389368249443578,966.796485631751,966.796875
0.271,967.304842645059,0.30887558828567,0.0154437794142835,5.06479631239258,101.295926247852,5.68418488176775,0,1000,966.796875,33.203125,5.68418488176775,5.47820741300557,440.114136939297,0,5.68418488176775,0.473682073480646,5.68418488176775,0,16.4815582892557,10744,66,966.796875,-0.507967645059125,967.304842645059,966.796875
0.272,967.812655415255,0.308903946531524,0.0154451973265762,5.06745521383966,101.349104276793,5.68700127049431,0,1000,966.796875,33.203125,5.68700127049431,5.48102380173212,366.761780782747,0,5.68700127049431,0.473916772541192,5.68700127049431,0,16.5828808086911,10810,66,966.796875,-1.01578041525499,967.812655415255,966.796875
0.273,968.320184958176,0.308964447402694,0.0154482223701347,5.07011263231219,101.402252646244,5.68981765922087,0,1000,966.796875,33.203125,5.68981765922087,5.48384019045868,305.634817318956,0,5.68981765922087,0.474151471601739,5.68981765922087,-8.88178419700125e-16,16.684256490005,10876,66,966.796875,-1.52330995817579,968.320184958176,966.796875
0.274,968.827529613482,0.309037134353306,0.0154518567176653,5.07276908271544,101.455381654309,5.69263404794742,0,1000,966.796875,33.203125,5.69263404794742,5.48665657918524,254.69568109913,0,5.69263404794742,0.474386170662285,5.69263404794742,0,16.7856853095061,10942,66,966.796875,-2.0306546134816,968.827529613482,966.796875
0.275,969.33472709751,0.309114569285327,0.0154557284642664,5.07542476253167,101.508495250633,5.69545043667398,0,1000,966.796875,33.203125,5.69545043667398,5.4894729679118,212.246400915942,0,5.69545043667398,0.474620869722832,5.69545043667398,0,16.8871672501133,11008,66,966.796875,-2.53785209751004,969.33472709751,966.796875
0.276,969.84179252545,0.309193978154592,0.0154596989077296,5.07807975090385,101.561595018077,5.69826682540054,0,1000,966.796875,33.203125,5.69826682540054,5.49228935663835,176.872000763285,0,5.69826682540054,0.474855568783378,5.69826682540054,-8.88178419700125e-16,16.9887022973199,11074,66,966.796875,-3.04491752545016,969.84179252545,966.796875
0.277,970.348732577512,0.309274324648105,0.0154637162324053,5.08073408280946,101.614681656189,5.6102108014379,0,1000,981.4453125,18.5546875,5.6102108014379,5.49510574536491,2588.7995839694,0,5.6102108014379,0.467517566786491,5.6102108014379,0,17.0902904376897,11141,67,981.4453125,11.0965799224881,970.348732577512,981.4453125
0.278,970.775848138605,0.280692868750701,0.0140346434375351,5.08297045465774,101.659409093155,5.70265707841547,0,1000,966.796875,33.203125,5.70265707841547,5.49667960965328,-284.07326335883,0,5.70265707841547,0.475221423201289,5.70265707841547,0,17.1919286592706,11207,66,966.796875,-3.97897313860494,970.775848138605,966.796875
0.279,971.195622617597,0.298726400933851,0.0149363200466926,5.08516838869001,101.7033677738,5.70547346714203,0,1000,966.796875,33.203125,5.70547346714203,5.49949599837984,-236.727719465692,0,5.70547346714203,0.475456122261835,5.70547346714203,0,17.2936093128163,11273,66,966.796875,-4.398747617597,971.195622617597,966.796875
0.28,971.669805546361,0.305496563199293,0.0152748281599647,5.08765120469912,101.753024093982,5.70828985586858,0,1000,966.796875,33.203125,5.70828985586858,5.5023123871064,-197.273099554743,0,5.70828985586858,0.475690821322382,5.70828985586858,0,17.3953372361845,11339,66,966.796875,-4.87293054636086,971.669805546361,966.796875
0.281,972.164187555235,0.308070507497604,0.0154035253748802,5.09023978284436,101.804795656887,5.62023383190594,0,1000,981.4453125,18.5546875,5.62023383190594,5.50512877583296,2277.01200037105,0,5.62023383190594,0.468352819325495,5.62023383190594,0,17.4971160457337,11406,67,981.4453125,9.281124944765,972.164187555235,981.4453125
0.282,972.586321551826,0.280418898413095,0.0140209449206548,5.09245007128189,101.849001425638,5.71268010888351,0,1000,966.796875,33.203125,5.71268010888351,5.50670264012133,-543.896249690794,0,5.71268010888351,0.476056675740293,5.71268010888351,0,17.5989440823091,11472,66,966.796875,-5.7894465518259,972.586321551826,966.796875
0.283,973.00394135727,0.298799657675616,0.0149399828837808,5.09463672346986,101.892734469397,5.62462408492087,0,1000,981.4453125,18.5546875,5.62462408492087,5.50951902884788,1988.15937525767,0,5.62462408492087,0.468718673743406,5.62462408492087,0,17.7008142011113,11539,67,981.4453125,8.44137114272951,973.00394135727,981.4453125
0.284,973.397324248857,0.277037617664283,0.0138518808832142,5.09669647147362,101.933929429472,5.71707036189844,0,1000,966.796875,33.203125,5.71707036189844,5.51109289313625,-784.606770618607,0,5.71707036189844,0.476422530158203,5.71707036189844,0,17.8027284293455,11605,66,966.796875,-6.60044924885653,973.397324248857,966.796875
0.285,973.804082569296,0.297613058836427,0.0148806529418213,5.09882625305908,101.976525061182,5.6290143379358,0,1000,981.4453125,18.5546875,5.6290143379358,5.51390928186281,1787.56727448449,0,5.6290143379358,0.469084528161316,5.6290143379358,-8.88178419700125e-16,17.9046828173588,11672,67,981.4453125,7.64122993070441,973.804082569296,981.4453125
0.286,974.193271168,0.276669086239993,0.0138334543119997,5.10086403979667,102.017280795933,5.72146061491337,0,1000,966.796875,33.203125,5.72146061491337,5.51548314615118,-951.766854596255,0,5.72146061491337,0.476788384576114,5.72146061491337,-8.88178419700125e-16,18.0066805829907,11738,66,966.796875,-7.39639616800025,974.193271168,966.796875
0.287,974.598321204974,0.297549702384685,0.0148774851192343,5.10298487683082,102.059697536616,5.63340459095073,0,1000,981.4453125,18.5546875,5.63340459095073,5.51829953487774,1648.26720450312,0,5.63340459095073,0.469450382579227,5.63340459095073,0,18.1087182203961,11805,67,981.4453125,6.84699129502587,974.598321204974,981.4453125
0.288,974.986729713519,0.276719810482241,0.0138359905241121,5.10501857902588,102.100371580518,5.7258508679283,0,1000,966.796875,33.203125,5.7258508679283,5.51987339916611,-1067.8502462474,0,5.7258508679283,0.477154238994025,5.7258508679283,0,18.2107991129729,11871,66,966.796875,-8.18985471351868,974.986729713519,966.796875
0.289,975.39134742913,0.297643305890122,0.0148821652945061,5.10713715243067,102.142743048613,5.63779484396565,0,1000,981.4453125,18.5546875,5.63779484396565,5.52268978789267,1551.53104479383,0,5.63779484396565,0.469816236997138,5.63779484396565,0,18.3129198167642,11938,67,981.4453125,6.05396507087028,975.39134742913,981.4453125
0.29,975.779455109078,0.276829760530587,0.0138414880265294,5.10916927949088,102.183385589818,5.73024112094322,0,1000,966.796875,33.203125,5.73024112094322,5.52426365218104,-1148.4637126718,0,5.73024112094322,0.477520093411935,5.73024112094322,0,18.4150837384285,12004,66,966.796875,-8.98258010907773,975.779455109078,966.796875
0.291,976.183822884476,0.297759712112256,0.0148879856056128,5.11128654421178,102.225730884236,5.64218509698058,0,1000,981.4453125,18.5546875,5.64218509698058,5.5270800409076,1484.35315610683,0,5.64218509698058,0.470182091415048,5.64218509698058,0,18.5172874428749,12071,67,981.4453125,5.2614896155236,976.183822884476,981.4453125
0.292,976.571701455938,0.276948933089046,0.0138474466544523,5.11331747166276,102.266349433255,5.64375896126895,0,1000,981.4453125,18.5546875,5.64375896126895,5.52865390519597,1236.96096342236,0,5.64375896126895,0.470313246772413,5.64375896126895,-8.88178419700125e-16,18.6195343402629,12138,67,981.4453125,4.8736110440625,976.571701455938,981.4453125
0.293,976.896147092475,0.269217920208692,0.0134608960104346,5.11501626504316,102.300325300863,5.73620523824652,0,1000,966.796875,33.203125,5.73620523824652,5.53022776948434,-1410.60544714803,0,5.73620523824652,0.47801710318721,5.73620523824652,-8.88178419700125e-16,18.7218179979777,12204,66,966.796875,-10.0992720924748,976.896147092475,966.796875
0.294,977.276590002168,0.295022595930796,0.0147511297965398,5.11700825946016,102.340165189203,5.64814921428388,0,1000,981.4453125,18.5546875,5.64814921428388,5.53304415821089,1265.90171070997,0,5.64814921428388,0.470679101190323,5.64814921428388,0,18.8241371893377,12271,67,981.4453125,4.16872249783216,977.276590002168,981.4453125
0.295,977.655351442297,0.276028539377288,0.0138014269688644,5.11899144972311,102.379828994462,5.64972307857225,0,1000,981.4453125,18.5546875,5.64972307857225,5.53461802249926,1054.91809225831,0,5.64972307857225,0.470810256547687,5.64972307857225,0,18.926497969085,12338,67,981.4453125,3.78996105770329,977.655351442297,981.4453125
0.296,977.976199647474,0.26897491782211,0.0134487458911055,5.12067140699695,102.413428139939,5.74216935554982,0,1000,966.796875,33.203125,5.74216935554982,5.53619188678763,-1562.30783978474,0,5.74216935554982,0.478514112962485,5.74216935554982,0,19.028894890192,12404,66,966.796875,-11.1793246474742,977.976199647474,966.796875
0.297,978.355104332747,0.295032495493598,0.0147516247746799,5.12265534728972,102.453106945794,5.65411333158718,0,1000,981.4453125,18.5546875,5.65411333158718,5.53900827551419,1139.48305017938,0,5.65411333158718,0.471176110965598,5.65411333158718,0,19.1313270934658,12471,67,981.4453125,3.09020816725319,978.355104332747,981.4453125
0.298,978.733097437826,0.276133181175098,0.0138066590587549,5.12463451455976,102.492690291195,5.65568719587555,0,1000,981.4453125,18.5546875,5.65568719587555,5.54058213980256,949.569208482818,0,5.65568719587555,0.471307266322962,5.65568719587555,0,19.2338007708477,12538,67,981.4453125,2.71221506217364,978.733097437826,981.4453125
0.299,979.053466798037,0.269115369039074,0.0134557684519537,5.12631196460722,102.526239292144,5.65726106016392,0,1000,981.4453125,18.5546875,5.65726106016392,5.54215600409093,791.307673735682,0,5.65726106016392,0.471438421680327,5.65726106016392,0,19.3363105267061,12605,67,981.4453125,2.39184570196323,979.053466798037,981.4453125
0.3,979.352300470979,0.266524441340205,0.0133262220670103,5.12787665405982,102.557533081196,5.65883492445229,0,1000,981.4453125,18.5546875,5.65883492445229,5.5437298683793,659.423061446401,0,5.65883492445229,0.471569577037691,5.65883492445229,0,19.4388525222496,12672,67,981.4453125,2.09301202902111,979.352300470979,981.4453125
0.301,979.643044739232,0.265583018672078,0.0132791509336039,5.12939898748851,102.58797974977,5.66040878874066,0,1000,981.4453125,18.5546875,5.66040878874066,5.54530373266767,549.519217872001,0,5.66040878874066,0.471700732395055,5.66040878874066,0,19.5414253203143,12739,67,981.4453125,1.80226776076825,979.643044739232,981.4453125
0.302,979.930710196368,0.265256326665613,0.0132628163332807,5.1309052002999,102.618104005998,5.75285506571823,0,1000,966.796875,33.203125,5.75285506571823,5.54687759695604,-1983.47356844,0,5.75285506571823,0.479404588809852,5.75285506571823,0,19.6440283786077,12805,66,966.796875,-13.1338351963678,979.930710196368,966.796875
0.303,980.296867166202,0.293821186864976,0.0146910593432488,5.13282239371072,102.656447874214,5.66479904175559,0,1000,981.4453125,18.5546875,5.66479904175559,5.5496939856826,788.511609633334,0,5.66479904175559,0.472066586812966,5.66479904175559,-8.88178419700125e-16,19.7466644873569,12872,67,981.4453125,1.14844533379767,980.296867166202,981.4453125
0.304,980.669731288862,0.275857021615541,0.0137928510807771,5.13477470569161,102.695494113832,5.66637290604396,0,1000,981.4453125,18.5546875,5.66637290604396,5.55126784997097,657.093008027778,0,5.66637290604396,0.47219774217033,5.66637290604396,0,19.8493411987233,12939,67,981.4453125,0.77558121113816,980.669731288862,981.4453125
0.305,980.987815342663,0.269188612981471,0.0134594306490736,5.13644018990268,102.728803798054,5.66794677033233,0,1000,981.4453125,18.5546875,5.66794677033233,5.55284171425934,547.577506689815,0,5.66794677033233,0.472328897527694,5.66794677033233,-8.88178419700125e-16,19.9520536243978,13006,67,981.4453125,0.45749715733723,980.987815342663,981.4453125
0.306,981.285428265771,0.266728843272192,0.0133364421636096,5.1379984875241,102.759969750482,5.6695206346207,0,1000,981.4453125,18.5546875,5.6695206346207,5.55441557854771,456.314588908179,0,5.6695206346207,0.472460052885058,5.6695206346207,0,20.0547981151393,13073,67,981.4453125,0.159884234228798,981.285428265771,981.4453125
0.307,981.575353422788,0.265837253256278,0.0132918626628139,5.13951653209639,102.790330641928,5.67109449890907,0,1000,981.4453125,18.5546875,5.67109449890907,5.55598944283608,380.262157423483,0,5.67109449890907,0.472591208242422,5.67109449890907,-8.88178419700125e-16,20.1575733049332,13140,67,981.4453125,-0.130040922787884,981.575353422788,981.4453125
0.308,981.862354354931,0.265530081279941,0.013276504063997,5.14101926546305,102.820385309261,5.67266836319744,0,1000,981.4453125,18.5546875,5.67266836319744,5.55756330712445,316.885131186236,0,5.67266836319744,0.472722363599786,5.67266836319744,0,20.260378678517,13207,67,981.4453125,-0.417041854930972,981.862354354931,981.4453125
0.309,982.148206635774,0.265440803773077,0.0132720401886539,5.14251598450556,102.850319690111,5.67424222748581,0,1000,981.4453125,18.5546875,5.67424222748581,5.55913717141282,264.070942655196,0,5.67424222748581,0.472853518957151,5.67424222748581,-8.88178419700125e-16,20.3632140376802,13274,67,981.4453125,-0.702894135773931,982.148206635774,981.4453125
0.31,982.433572596689,0.265432862421382,0.0132716431210691,5.14401015718289,102.880203143658,5.67581609177418,0,1000,981.4453125,18.5546875,5.67581609177418,5.56071103570119,220.05911887933,0,5.67581609177418,0.472984674314515,5.67581609177418,0,20.466079302421,13341,67,981.4453125,-0.988260096688919,982.433572596689,981.4453125
0.311,982.718699795984,0.265455377405442,0.0132727688702721,5.1455030797073,102.910061594146,5.67738995606255,0,1000,981.4453125,18.5546875,5.67738995606255,5.56228489998956,183.382599066109,0,5.67738995606255,0.473115829671879,5.67738995606255,-8.88178419700125e-16,20.5689744368628,13408,67,981.4453125,-1.27338729598432,982.718699795984,981.4453125
0.312,983.003681248645,0.265489390286964,0.0132744695143482,5.14699523910411,102.939904782082,5.67896382035092,0,1000,981.4453125,18.5546875,5.67896382035092,5.56385876427793,152.818832555091,0,5.67896382035092,0.473246985029243,5.67896382035092,0,20.6718994216508,13475,67,981.4453125,-1.55836874864542,983.003681248645,981.4453125
0.313,983.288552380623,0.265527835647918,0.0132763917823959,5.14848682086318,102.969736417264,5.58966527195009,0,1000,996.09375,3.90625,5.58966527195009,5.5654326285663,2568.75527712924,0,5.58966527195009,0.465805439329174,5.58966527195009,0,20.7748542436676,13543,68,996.09375,12.8051976193767,983.288552380623,996.09375
0.314,983.493624512946,0.236905727927866,0.0118452863963933,5.14956057603712,102.991211520742,5.68086902448947,0,1000,981.4453125,18.5546875,5.68086902448947,5.56576396841649,-300.776852392298,0,5.68086902448947,0.473405752040789,5.68086902448947,0,20.8778358931764,13610,67,981.4453125,-2.04831201294587,983.493624512946,981.4453125
0.315,983.691384672675,0.254899021689115,0.0127449510844557,5.15059604581208,103.011920916242,5.68244288877784,0,1000,981.4453125,18.5546875,5.68244288877784,5.56733783270486,-250.647376993582,0,5.68244288877784,0.473536907398154,5.68244288877784,-8.88178419700125e-16,20.980836723824,13677,67,981.4453125,-2.24607217267544,983.691384672675,981.4453125
0.316,983.943583473382,0.261629048204532,0.0130814524102266,5.15191655564466,103.038331112893,5.68401675306621,0,1000,981.4453125,18.5546875,5.68401675306621,5.56891169699323,-208.872814161318,0,5.68401675306621,0.473668062755518,5.68401675306621,0,21.0838615765858,13744,67,981.4453125,-2.49827097338232,983.943583473382,981.4453125
0.317,984.216011685692,0.26416284435336,0.013208142217668,5.1533429864287,103.066859728574,5.68559061735458,0,1000,981.4453125,18.5546875,5.68559061735458,5.5704855612816,-174.060678467765,0,5.68559061735458,0.473799218112882,5.68559061735458,-8.88178419700125e-16,21.1869140709941,13811,67,981.4453125,-2.77069918569237,984.216011685692,981.4453125
0.318,984.495924648755,0.265133383704313,0.0132566691852157,5.15480860727603,103.096172145521,5.68716448164295,0,1000,981.4453125,18.5546875,5.68716448164295,5.57205942556997,-145.050565389804,0,5.68716448164295,0.473930373470246,5.68716448164295,0,21.2899955500842,13878,67,981.4453125,-3.05061214875514,984.495924648755,981.4453125
0.319,984.778574775253,0.265521634896061,0.0132760817448031,5.1562885598776,103.125771197552,5.59786593324213,0,1000,996.09375,3.90625,5.59786593324213,5.57363328985834,2320.53077884183,0,5.59786593324213,0.466488827770177,5.59786593324213,0,21.3931065088089,13946,68,996.09375,11.3151752247469,984.778574775253,996.09375
0.32,984.982491310311,0.23703072571611,0.0118515362858055,5.15735626435841,103.147125287168,5.68906968578151,0,1000,981.4453125,18.5546875,5.68906968578151,5.57396462970852,-507.630600965142,0,5.68906968578151,0.474089140481792,5.68906968578151,0,21.4962441272004,14013,67,981.4453125,-3.53717881031093,984.982491310311,981.4453125
0.321,985.179497269221,0.25507375937678,0.012753687968839,5.15838778514712,103.167755702942,5.69064355006988,0,1000,981.4453125,18.5546875,5.69064355006988,5.57553849399689,-423.025500804285,0,5.69064355006988,0.474220295839156,5.69064355006988,-8.88178419700125e-16,21.5994008300775,14080,67,981.4453125,-3.73418476922063,985.179497269221,981.4453125
0.322,985.431095813279,0.261823164969315,0.0130911582484658,5.15970515204323,103.194103040865,5.69221741435825,0,1000,981.4453125,18.5546875,5.69221741435825,5.57711235828526,-352.521250670238,0,5.69221741435825,0.474351451196521,5.69221741435825,0,21.7025814853959,14147,67,981.4453125,-3.98578331327883,985.431095813279,981.4453125
0.323,985.702985459794,0.264365017114592,0.0132182508557296,5.16112876290336,103.222575258067,5.60291886595742,0,1000,996.09375,3.90625,5.60291886595742,5.57868622257363,2147.63854110814,0,5.60291886595742,0.466909905496452,5.60291886595742,0,21.805789723197,14215,68,996.09375,10.3907645402061,985.702985459794,996.09375
0.324,985.902684479665,0.236677031285899,0.0118338515642949,5.16217438452629,103.243487690526,5.6941226184968,0,1000,981.4453125,18.5546875,5.6941226184968,5.57901756242382,-651.70746574322,0,5.6941226184968,0.474510218208067,5.6941226184968,0,21.9090238918596,14282,67,981.4453125,-4.45737197966525,985.902684479665,981.4453125
0.325,986.097913475671,0.255019757004998,0.0127509878502499,5.16319660115898,103.26393202318,5.69569648278517,0,1000,981.4453125,18.5546875,5.69569648278517,5.58059142671219,-543.089554786017,0,5.69569648278517,0.474641373565431,5.69569648278517,-8.88178419700125e-16,22.0122768517937,14349,67,981.4453125,-4.65260097567057,986.097913475671,981.4453125
0.326,986.34864712929,0.26188135768119,0.0130940678840595,5.16450943949935,103.290188789987,5.60639793438434,0,1000,996.09375,3.90625,5.60639793438434,5.58216529100056,1988.83162101165,0,5.60639793438434,0.467199827865362,5.60639793438434,0,22.1155536335383,14417,68,996.09375,9.74510287070962,986.34864712929,996.09375
0.327,986.540311813691,0.235803190428474,0.0117901595214237,5.16551299344013,103.310259868803,5.69760168692373,0,1000,981.4453125,18.5546875,5.69760168692373,5.58249663085074,-784.046565823623,0,5.69760168692373,0.474800140576977,5.69760168692373,-8.88178419700125e-16,22.2188549289758,14484,67,981.4453125,-5.09499931369146,986.540311813691,981.4453125
0.328,986.732397295019,0.254746086973557,0.0127373043486778,5.16651875066846,103.330375013369,5.6991755512121,0,1000,981.4453125,18.5546875,5.6991755512121,5.58407049513911,-653.372138186352,0,5.6991755512121,0.474931295934341,5.6991755512121,0,22.3221744718567,14551,67,981.4453125,-5.2870847950187,986.732397295019,981.4453125
0.329,986.981811652759,0.261831687237626,0.0130915843618813,5.16782468119176,103.356493623835,5.60987700281127,0,1000,996.09375,3.90625,5.60987700281127,5.58564435942748,1896.92946817804,0,5.60987700281127,0.467489750234272,5.60987700281127,0,22.4255176183163,14619,68,996.09375,9.11193834724065,986.981811652759,996.09375
0.33,987.172838704343,0.235837363607744,0.0117918681803872,5.16882489649491,103.376497929898,5.70108075535065,0,1000,981.4453125,18.5546875,5.70108075535065,5.58597569927766,-860.631693184967,0,5.70108075535065,0.475090062945888,5.70108075535065,0,22.5288851817574,14686,67,981.4453125,-5.72752620434346,987.172838704343,981.4453125
0.331,987.364542505066,0.25481188041215,0.0127405940206075,5.16982865524827,103.396573104965,5.70265461963902,0,1000,981.4453125,18.5546875,5.70265461963902,5.58754956356603,-717.193077654139,0,5.70265461963902,0.475221218303252,5.70265461963902,-8.88178419700125e-16,22.6322709414144,14753,67,981.4453125,-5.91923000506597,987.364542505066,981.4453125
0.332,987.613672499804,0.261909638811658,0.0130954819405829,5.17113309685037,103.422661937007,5.61335607123819,0,1000,996.09375,3.90625,5.61335607123819,5.58912342785441,1843.74535195488,0,5.61335607123819,0.467779672603183,5.61335607123819,0,22.735680270575,14821,68,996.09375,8.48007750019588,987.613672499804,996.09375
0.333,987.804453376698,0.235920217163169,0.0117960108581585,5.17213202318586,103.442640463717,5.70455982377757,0,1000,981.4453125,18.5546875,5.70455982377757,5.58945476770459,-904.951790037597,0,5.70455982377757,0.475379985314798,5.70455982377757,-8.88178419700125e-16,22.839113989236,14888,67,981.4453125,-6.35914087669767,987.804453376698,981.4453125
0.334,987.995927134946,0.254896927459179,0.012744846372959,5.17313457743964,103.462691548793,5.61526127537675,0,1000,996.09375,3.90625,5.61526127537675,5.59102863199296,1687.279758302,0,5.61526127537675,0.467938439614729,5.61526127537675,0,22.9425658792894,14956,68,996.09375,8.09782286505379,987.995927134946,996.09375
0.335,988.165132337667,0.233333514089737,0.0116666757044868,5.17402053380934,103.480410676187,5.70646502791613,0,1000,981.4453125,18.5546875,5.70646502791613,5.59135997184314,-1035.33978474833,0,5.70646502791613,0.475538752326344,5.70646502791613,-8.88178419700125e-16,23.0460383161883,15023,67,981.4453125,-6.71981983766716,988.165132337667,981.4453125
0.336,988.34847429043,0.253959475985451,0.0126979737992725,5.17498051002916,103.499610200583,5.6171664795153,0,1000,996.09375,3.90625,5.6171664795153,5.59293383613151,1578.62309604306,0,5.6171664795153,0.468097206626275,5.6171664795153,0,23.1495274829761,15091,68,996.09375,7.74527570957025,988.34847429043,996.09375
0.337,988.514557755386,0.233010770865538,0.0116505385432769,5.17585012101814,103.517002420363,5.70837023205468,0,1000,981.4453125,18.5546875,5.70837023205468,5.5932651759817,-1125.88700329745,0,5.70837023205468,0.47569751933789,5.70837023205468,-8.88178419700125e-16,23.2530366498398,15158,67,981.4453125,-7.06924525538648,988.514557755386,981.4453125
0.338,988.696645828278,0.253865996479247,0.0126932998239624,5.17680353193831,103.536070638766,5.61907168365385,0,1000,996.09375,3.90625,5.61907168365385,5.59483904027007,1503.16708058546,0,5.61907168365385,0.468255973637821,5.61907168365385,0,23.3565623333067,15226,68,996.09375,7.39710417172205,988.696645828278,996.09375
0.339,988.862172556919,0.233002946214347,0.0116501473107174,5.17767022786277,103.553404557255,5.71027543619324,0,1000,981.4453125,18.5546875,5.71027543619324,5.59517038012025,-1188.76701617879,0,5.71027543619324,0.475856286349436,5.71027543619324,-8.88178419700125e-16,23.4601079279405,15293,67,981.4453125,-7.4168600569194,988.862172556919,981.4453125
0.34,989.043964845682,0.253890318906179,0.012694515945309,5.17862209006086,103.572441801217,5.62097688779241,0,1000,996.09375,3.90625,5.62097688779241,5.59674424440862,1450.76706985101,0,5.62097688779241,0.468414740649367,5.62097688779241,0,23.5636699967362,15361,68,996.09375,7.04978515431753,989.043964845682,996.09375
0.341,989.209294213456,0.233039477069688,0.0116519738534844,5.17948775260623,103.589755052125,5.71218064033179,0,1000,981.4453125,18.5546875,5.71218064033179,5.5970755842588,-1232.43369179082,0,5.71218064033179,0.476015053360982,5.71218064033179,-8.88178419700125e-16,23.6672519516961,15428,67,981.4453125,-7.76398171345568,989.209294213456,981.4453125
0.342,989.390926994693,0.253931626478515,0.0126965813239257,5.18043877962487,103.608775592497,5.62288209193096,0,1000,996.09375,3.90625,5.62288209193096,5.59864944854717,1414.37817350765,0,5.62288209193096,0.468573507660913,5.62288209193096,0,23.7708503624373,15496,68,996.09375,6.70282300530744,989.390926994693,996.09375
0.343,989.556112125591,0.233082789417168,0.0116541394708584,5.18130368694772,103.626073738954,5.71408584447034,0,1000,981.4453125,18.5546875,5.71408584447034,5.59898078839736,-1262.75777207696,0,5.71408584447034,0.476173820372529,5.71408584447034,-8.88178419700125e-16,23.8744686435525,15563,67,981.4453125,-8.11079962559086,989.556112125591,981.4453125
0.344,989.737607511085,0.253975907798011,0.0126987953899006,5.18225399456394,103.645079891279,5.62478729606952,0,1000,996.09375,3.90625,5.62478729606952,5.60055465268573,1389.10810660253,0,5.62478729606952,0.46873227467246,5.62478729606952,0,23.9781033657454,15631,68,996.09375,6.35614248891454,989.737607511085,996.09375
0.345,989.902658931136,0.233127650782616,0.0116563825391308,5.18311820177843,103.662364035569,5.7159910486089,0,1000,981.4453125,18.5546875,5.7159910486089,5.60088599253591,-1283.81616116456,0,5.7159910486089,0.476332587384075,5.7159910486089,-8.88178419700125e-16,24.0817579441332,15698,67,981.4453125,-8.45734643113587,989.902658931136,981.4453125
0.346,990.084023099325,0.254021201332161,0.012701060066608,5.18406782234244,103.681356446849,5.62669250020807,0,1000,996.09375,3.90625,5.62669250020807,5.60245985682428,1371.55944902954,0,5.62669250020807,0.468891041684006,5.62669250020807,0,24.185428949733,15766,68,996.09375,6.0097269006751,990.084023099325,996.09375
0.347,990.248945336529,0.233173318456492,0.0116586659228246,5.18493135315713,103.698627063143,5.62702384005825,0,1000,996.09375,3.90625,5.62702384005825,5.60279119667447,1142.96620752461,0,5.62702384005825,0.468918653338188,5.62702384005825,0,24.2891197978956,15834,68,996.09375,5.84480466347111,990.248945336529,996.09375
0.348,990.35047953185,0.225404867462707,0.0112702433731353,5.18546298496065,103.709259699213,5.71822759259764,0,1000,981.4453125,18.5546875,5.71822759259764,5.60312253652465,-1488.93441039615,0,5.71822759259764,0.476518966049803,5.71822759259764,0,24.3928240608172,15901,67,981.4453125,-8.90516703185028,990.35047953185,981.4453125
0.349,990.508054636208,0.251171909108411,0.0125585954554206,5.18628804627771,103.725760925554,5.62892904419681,0,1000,996.09375,3.90625,5.62892904419681,5.60469640081302,1200.62757466987,0,5.62892904419681,0.469077420349734,5.62892904419681,0,24.4965405164458,15969,68,996.09375,5.5856953637923,990.508054636208,996.09375
0.35,990.663991073054,0.232140075011407,0.0116070037505703,5.18710452755175,103.742090551035,5.72013279673619,0,1000,981.4453125,18.5546875,5.72013279673619,5.6050277406632,-1440.88327110844,0,5.72013279673619,0.476677733061349,5.72013279673619,0,24.600275224047,16036,67,981.4453125,-9.21867857305381,990.663991073054,981.4453125
0.351,990.841759044288,0.253710904129734,0.0126855452064867,5.18803531847254,103.760706369451,5.63083424833536,0,1000,996.09375,3.90625,5.63083424833536,5.60660160495157,1240.67019074297,0,5.63083424833536,0.46923618736128,5.63083424833536,0,24.7040257400625,16104,68,996.09375,5.25199095571247,990.841759044288,996.09375
0.352,991.005143945153,0.23311588005714,0.011655794002857,5.18889079981298,103.77781599626,5.63116558818554,0,1000,996.09375,3.90625,5.63116558818554,5.60693294480176,1033.89182561914,0,5.63116558818554,0.469263799015462,5.63116558818554,0,24.8077958472708,16172,68,996.09375,5.08860605484711,991.005143945153,996.09375
0.353,991.105910558663,0.225442154102209,0.0112721077051105,5.18941841256753,103.788368251351,5.72236934072493,0,1000,981.4453125,18.5546875,5.72236934072493,5.60726428465194,-1579.82972865072,0,5.72236934072493,0.476864111727077,5.72236934072493,-8.88178419700125e-16,24.9115792550436,16239,67,981.4453125,-9.66059805866257,991.105910558663,981.4453125
0.354,991.263007515316,0.251244997654424,0.0125622498827212,5.19024097030907,103.804819406181,5.6330707923241,0,1000,996.09375,3.90625,5.6330707923241,5.60883814894031,1124.8814761244,0,5.6330707923241,0.469422566027008,5.6330707923241,0,25.0153747927158,16307,68,996.09375,4.83074248468415,991.263007515316,996.09375
0.355,991.418576249009,0.232227005466057,0.0116113502733028,5.1910555262939,103.821110525878,5.63340213217428,0,1000,996.09375,3.90625,5.63340213217428,5.60916948879049,937.401230103668,0,5.63340213217428,0.46945017768119,5.63340213217428,0,25.1191885389735,16375,68,996.09375,4.67517375099055,991.418576249009,996.09375
0.356,991.516317601394,0.225141136825321,0.011257056841266,5.19156729881824,103.831345976365,5.72460588471366,0,1000,981.4453125,18.5546875,5.72460588471366,5.60950082864068,-1660.23855824694,0,5.72460588471366,0.477050490392805,5.72460588471366,0,25.2230150587421,16442,67,981.4453125,-10.0710051013942,991.516317601394,981.4453125
0.357,991.672175788285,0.251163295506558,0.0125581647753279,5.19238337037647,103.847667407529,5.63530733631284,0,1000,996.09375,3.90625,5.63530733631284,5.61107469292905,1057.87411812755,0,5.63530733631284,0.469608944692736,5.63530733631284,0,25.3268535002735,16510,68,996.09375,4.42157421171498,991.672175788285,996.09375
0.358,991.827172863869,0.23222730616325,0.0116113653081625,5.19319493316644,103.863898663329,5.63563867616302,0,1000,996.09375,3.90625,5.63563867616302,5.61140603277923,881.561765106289,0,5.63563867616302,0.469636556346918,5.63563867616302,0,25.4307100612328,16578,68,996.09375,4.26657713613088,991.827172863869,996.09375
0.359,991.924592600397,0.22517227777484,0.011258613888742,5.19370502171409,103.874100434282,5.7268424287024,0,1000,981.4453125,18.5546875,5.7268424287024,5.61173737262942,-1706.77144574476,0,5.7268424287024,0.477236869058533,5.7268424287024,-8.88178419700125e-16,25.5345793510315,16645,67,981.4453125,-10.4792801003973,991.924592600397,981.4453125
0.36,992.080223805264,0.251206211076386,0.0125603105538193,5.19451990479723,103.890398095945,5.63754388030157,0,1000,996.09375,3.90625,5.63754388030157,5.61331123691779,1019.09671187937,0,5.63754388030157,0.469795323358464,5.63754388030157,0,25.6384605346509,16713,68,996.09375,4.01352619473573,992.080223805264,996.09375
0.361,992.235030611899,0.232274889182549,0.0116137444591275,5.19533047134131,103.906609426826,5.63787522015176,0,1000,996.09375,3.90625,5.63787522015176,5.61364257676797,849.247259899473,0,5.63787522015176,0.469822935012646,5.63787522015176,0,25.7423598161428,16781,68,996.09375,3.85871938810089,992.235030611899,996.09375
0.362,992.332275193174,0.225221876505259,0.011261093825263,5.1958396427782,103.916792855564,5.63820656000194,0,1000,996.09375,3.90625,5.63820656000194,5.61397391661815,707.706049916228,0,5.63820656000194,0.469850546666828,5.63820656000194,0,25.8462718074494,16849,68,996.09375,3.76147480682607,992.332275193174,996.09375
0.363,992.408035651254,0.222594482628993,0.0111297241314497,5.19623632360909,103.924726472182,5.72941031254132,0,1000,981.4453125,18.5546875,5.72941031254132,5.61430525646834,-1851.65120840314,0,5.72941031254132,0.477450859378444,5.72941031254132,-8.88178419700125e-16,25.9501926756213,16916,67,981.4453125,-10.962723151254,992.408035651254,981.4453125
0.364,992.555456809046,0.25027839841651,0.0125139199208255,5.19700821898627,103.940164379725,5.64011176414049,0,1000,996.09375,3.90625,5.64011176414049,5.61587912075671,898.363576330713,0,5.64011176414049,0.470009313678375,5.64011176414049,0,26.0541239876731,16984,68,996.09375,3.5382931909536,992.555456809046,996.09375
0.365,992.707066273845,0.231962180380385,0.0115981090190193,5.19780204428765,103.956040885753,5.64044310399068,0,1000,996.09375,3.90625,5.64044310399068,5.61621046060689,748.636313608928,0,5.64044310399068,0.470036925332556,5.64044310399068,0,26.1580728427861,17052,68,996.09375,3.38668372615496,992.707066273845,996.09375
0.366,992.80298298469,0.22513870043981,0.0112569350219905,5.19830426301123,103.966085260225,5.64077444384086,0,1000,996.09375,3.90625,5.64077444384086,5.61654180045707,623.863594674107,0,5.64077444384086,0.470064536986738,5.64077444384086,0,26.2620341866006,17120,68,996.09375,3.29076701530971,992.80298298469,996.09375
0.367,992.878113939327,0.222597181621953,0.0111298590810977,5.1986976477698,103.973952955396,5.73197819638024,0,1000,981.4453125,18.5546875,5.73197819638024,5.61687314030726,-1921.51992110491,0,5.73197819638024,0.477664849698354,5.73197819638024,-8.88178419700125e-16,26.3660043106894,17187,67,981.4453125,-11.4328014393271,992.878113939327,981.4453125
0.368,993.025167615511,0.250313444874513,0.0125156722437257,5.19946761901777,103.989352380355,5.64267964797942,0,1000,996.09375,3.90625,5.64267964797942,5.61844700459563,840.139649079241,0,5.64267964797942,0.470223303998285,5.64267964797942,0,26.469984828653,17255,68,996.09375,3.06858238448945,993.025167615511,996.09375
0.369,993.176509025974,0.232009626663509,0.0116004813331754,5.20026004078993,104.005200815799,5.6430109878296,0,1000,996.09375,3.90625,5.6430109878296,5.61877834444581,700.116374232701,0,5.6430109878296,0.470250915652467,5.6430109878296,0,26.5739828572202,17323,68,996.09375,2.9172409740255,993.176509025974,996.09375
0.37,993.272196507167,0.225191109901814,0.0112595554950907,5.20076105926985,104.015221185397,5.64334232767978,0,1000,996.09375,3.90625,5.64334232767978,5.619109684296,583.430311860584,0,5.64334232767978,0.470278527306649,5.64334232767978,0,26.6779933487565,17391,68,996.09375,2.821553492833,993.272196507167,996.09375
0.371,993.347114453858,0.222651778918606,0.0111325889459303,5.20115332872143,104.023066574429,5.64367366752997,0,1000,996.09375,3.90625,5.64367366752997,5.61944102414618,486.191926550487,0,5.64367366752997,0.470306138960831,5.64367366752997,0,26.7820125975254,17459,68,996.09375,2.74663554614165,993.347114453858,996.09375
0.372,993.414260260298,0.22170684022367,0.0110853420111835,5.20150490334182,104.030098066836,5.73487742006935,0,1000,981.4453125,18.5546875,5.73487742006935,5.61977236399636,-2036.24631120793,0,5.73487742006935,0.477906451672446,5.73487742006935,0,26.8860392192901,17526,67,981.4453125,-11.9689477602975,993.414260260298,981.4453125
0.373,993.558179483459,0.250018366623488,0.0125009183311744,5.20225846263214,104.045169252643,5.64557887166852,0,1000,996.09375,3.90625,5.64557887166852,5.62134622828473,744.534323993393,0,5.64557887166852,0.470464905972377,5.64557887166852,0,26.9900756938094,17594,68,996.09375,2.53557051654059,993.558179483459,996.09375
0.374,993.708195835856,0.231936743795545,0.0115968371897772,5.20304394641649,104.06087892833,5.6459102115187,0,1000,996.09375,3.90625,5.6459102115187,5.62167756813492,620.445269994495,0,5.6459102115187,0.470492517626559,5.6459102115187,0,27.094129460746,17662,68,996.09375,2.3855541641442,993.708195835856,996.09375
0.375,993.803234523202,0.225201422387936,0.0112600711193968,5.20354156781978,104.070831356396,5.64624155136889,0,1000,996.09375,3.90625,5.64624155136889,5.6220089079851,517.037724995412,0,5.64624155136889,0.470520129280741,5.64624155136889,0,27.1981955930066,17730,68,996.09375,2.29051547679785,993.803234523202,996.09375
0.376,993.877757739222,0.222693493739042,0.0111346746869521,5.20393177046639,104.078635409328,5.64657289121907,0,1000,996.09375,3.90625,5.64657289121907,5.62234024783528,430.86477082951,0,5.64657289121907,0.470547740934923,5.64657289121907,0,27.3022704299869,17798,68,996.09375,2.21599226077831,993.877757739222,996.09375
0.377,993.944605549542,0.22176065526777,0.0110880327633885,5.20428178478274,104.085635695655,5.64690423106925,0,1000,996.09375,3.90625,5.64690423106925,5.62267158768547,359.053975691258,0,5.64690423106925,0.470575352589105,5.64690423106925,0,27.4063526044842,17866,68,996.09375,2.14914445045781,993.944605549542,996.09375
0.378,994.008562228356,0.221414733868573,0.0110707366934287,5.20461666116993,104.092333223399,5.64723557091944,0,1000,996.09375,3.90625,5.64723557091944,5.62300292753565,299.211646409382,0,5.64723557091944,0.470602964243287,5.64723557091944,0,27.5104416037971,17934,68,996.09375,2.08518777164386,994.008562228356,996.09375
0.379,994.071410686874,0.22128756341769,0.0110643781708845,5.20494573492921,104.098914698584,5.73843932345882,0,1000,981.4453125,18.5546875,5.73843932345882,5.62333426738584,-2192.06321132552,0,5.73843932345882,0.478203276954902,5.73843932345882,-8.88178419700125e-16,27.6145372336319,18001,67,981.4453125,-12.6260981868737,994.071410686874,981.4453125
0.38,994.213518247064,0.249904325814138,0.0124952162907069,5.2056898083744,104.113796167488,5.64914077505799,0,1000,996.09375,3.90625,5.64914077505799,5.62490813167421,614.686907228737,0,5.64914077505799,0.470761731254833,5.64914077505799,0,27.7186424173921,18069,68,996.09375,1.8802317529362,994.213518247064,996.09375
0.381,994.362651891405,0.231936976560171,0.0115968488280086,5.20647067031017,104.129413406203,5.64947211490818,0,1000,996.09375,3.90625,5.64947211490818,5.62523947152439,512.239089357281,0,5.64947211490818,0.470789342909015,5.64947211490818,0,27.8227647603311,18137,68,996.09375,1.73109810859546,994.362651891405,996.09375
0.382,994.457156793764,0.225244774110875,0.0112622387055438,5.2069654968218,104.139309936436,5.64980345475836,0,1000,996.09375,3.90625,5.64980345475836,5.62557081137457,426.865907797734,0,5.64980345475836,0.470816954563197,5.64980345475836,0,27.9268993973473,18205,68,996.09375,1.63659320623606,994.457156793764,996.09375
0.383,994.531279006304,0.222753446862772,0.0111376723431386,5.20735359981911,104.147071996382,5.65013479460854,0,1000,996.09375,3.90625,5.65013479460854,5.62590215122476,355.721589831445,0,5.65013479460854,0.470844566217379,5.65013479460854,0,28.0310426912264,18273,68,996.09375,1.56247099369557,994.531279006304,996.09375
0.384,994.59777802871,0.221827322824112,0.0110913661412056,5.20770178788621,104.154035757724,5.65046613445873,0,1000,996.09375,3.90625,5.65046613445873,5.62623349107494,296.434658192871,0,5.65046613445873,0.470872177871561,5.65046613445873,0,28.1351932837693,18341,68,996.09375,1.49597197129003,994.59777802871,996.09375
0.385,994.661408081334,0.221484425069425,0.0110742212534712,5.20803495406266,104.160699081253,5.65079747430891,0,1000,996.09375,3.90625,5.65079747430891,5.62656483092512,247.028881827393,0,5.65079747430891,0.470899789525743,5.65079747430891,0,28.2393506659147,18409,68,996.09375,1.43234191866588,994.661408081334,996.09375
0.386,994.723940841415,0.221358896091729,0.0110679448045864,5.2083623748288,104.167247496576,5.65112881415909,0,1000,996.09375,3.90625,5.65112881415909,5.62689617077531,205.857401522827,0,5.65112881415909,0.470927401179924,5.65112881415909,0,28.3435146450069,18477,68,996.09375,1.36980915858476,994.723940841415,996.09375
0.387,994.786036770767,0.22131442684197,0.0110657213420985,5.20868750835458,104.173750167092,5.65146015400928,0,1000,996.09375,3.90625,5.65146015400928,5.62722751062549,171.547834602356,0,5.65146015400928,0.470955012834106,5.65146015400928,0,28.4476851463142,18545,68,996.09375,1.30771322923295,994.786036770767,996.09375
0.388,994.847942318936,0.221300231463972,0.0110650115731986,5.20901164504682,104.180232900936,5.74266390654866,0,1000,981.4453125,18.5546875,5.74266390654866,5.62755885047567,-2298.4497211647,0,5.74266390654866,0.478555325545722,5.74266390654866,0,28.5518621390806,18612,67,981.4453125,-13.4026298189361,994.847942318936,981.4453125
0.389,994.989452319618,0.24995973877557,0.0124979869387785,5.20975258967774,104.195051793555,5.65336535814783,0,1000,996.09375,3.90625,5.65336535814783,5.62913271476404,526.031482362747,0,5.65336535814783,0.471113779845653,5.65336535814783,0,28.6560486079964,18680,68,996.09375,1.10429768038216,994.989452319618,996.09375
0.39,995.138120416522,0.232008959815458,0.0116004479907729,5.21053101401284,104.210620280257,5.65369669799801,0,1000,996.09375,3.90625,5.65369669799801,5.62946405461423,438.359568635623,0,5.65369669799801,0.471141391499835,5.65369669799801,0,28.7602521815012,18748,68,996.09375,0.955629583477617,995.138120416522,996.09375
0.391,995.232212254188,0.22532356698998,0.011266178349499,5.21102367772279,104.220473554456,5.6540280378482,0,1000,996.09375,3.90625,5.6540280378482,5.62979539446441,365.299640529685,0,5.6540280378482,0.471169003154017,5.6540280378482,0,28.86446800348,18816,68,996.09375,0.861537745812257,995.232212254188,996.09375
0.392,995.305944209628,0.222835404182555,0.0111417702091278,5.2114097373387,104.228194746774,5.65435937769838,0,1000,996.09375,3.90625,5.65435937769838,5.6301267343146,304.416367108071,0,5.65435937769838,0.471196614808199,5.65435937769838,0,28.9686924404094,18884,68,996.09375,0.787805790371635,995.305944209628,996.09375
0.393,995.372064682227,0.22191107797394,0.011095553898697,5.21175594332365,104.235118866473,5.65469071754857,0,1000,996.09375,3.90625,5.65469071754857,5.63045807416478,253.680305923393,0,5.65469071754857,0.47122422646238,5.65469071754857,0,29.0729241358043,18952,68,996.09375,0.721685317772767,995.372064682227,996.09375
0.394,995.435323713093,0.221569460485201,0.01107847302426,5.21208716683472,104.241743336694,5.65502205739875,0,1000,996.09375,3.90625,5.65502205739875,5.63078941401496,211.400254936161,0,5.65502205739875,0.471251838116562,5.65502205739875,0,29.1771625815754,19020,68,996.09375,0.658426286906774,995.435323713093,996.09375
0.395,995.497491379401,0.221445010653901,0.011072250532695,5.21241267597432,104.248253519486,5.65535339724893,0,1000,996.09375,3.90625,5.65535339724893,5.63112075386515,176.166879113467,0,5.65535339724893,0.471279449770744,5.65535339724893,0,29.2814075857586,19088,68,996.09375,0.596258620599087,995.497491379401,996.09375
0.396,995.559227504411,0.221401537441736,0.0110700768720868,5.21273592556898,104.25471851138,5.65568473709912,0,1000,996.09375,3.90625,5.65568473709912,5.63145209371533,146.805732594556,0,5.65568473709912,0.471307061424926,5.65568473709912,0,29.3856590742049,19156,68,996.09375,0.534522495589158,995.559227504411,996.09375
0.397,995.620778257924,0.22138829907101,0.0110694149535505,5.21305820456074,104.261164091215,5.6560160769493,0,1000,996.09375,3.90625,5.6560160769493,5.63178343356551,122.338110495463,0,5.6560160769493,0.471334673079108,5.6560160769493,0,29.4899170166957,19224,68,996.09375,0.472971742076425,995.620778257924,996.09375
0.398,995.682235689713,0.221386389722654,0.0110693194861327,5.21337999492111,104.267599898422,5.65634741679948,0,1000,996.09375,3.90625,5.65634741679948,5.6321147734157,101.948425412886,0,5.65634741679948,0.47136228473329,5.65634741679948,0,29.5941813994145,19292,68,996.09375,0.41151431028652,995.682235689713,996.09375
0.399,995.743634424313,0.221388764755738,0.0110694382377869,5.2137014779437,104.274029558874,5.65667875664967,0,1000,996.09375,3.90625,5.65667875664967,5.63244611326588,84.9570211774051,0,5.65667875664967,0.471389896387472,5.65667875664967,0,29.6984522146909,19360,68,996.09375,0.350115575687255,995.743634424313,996.09375
0.4,995.804987686781,0.221392798676366,0.0110696399338183,5.21402272287478,104.280454457496,5.65701009649985,0,1000,996.09375,3.90625,5.65701009649985,5.63277745311606,70.7975176478376,0,5.65701009649985,0.471417508041654,5.65701009649985,0,29.8027294571784,19428,68,996.09375,0.288762313218626,995.804987686781,996.09375
0.401,995.866300724935,0.221397512449933,0.0110698756224966,5.21434375719183,104.286875143837,5.65734143635003,0,1000,996.09375,3.90625,5.65734143635003,5.63310879296625,58.997931373198,0,5.65734143635003,0.471445119695836,5.65734143635003,0,29.90701312243,19496,68,996.09375,0.227449275065396,995.866300724935,996.09375
0.402,995.927575810143,0.22140254047695,0.0110701270238475,5.21466459278773,104.293291855755,5.65767277620022,0,1000,996.09375,3.90625,5.65767277620022,5.63344013281643,49.1649428109983,0,5.65767277620022,0.471472731350018,5.65767277620022,0,30.0113032063675,19564,68,996.09375,0.166174189857429,995.927575810143,996.09375
0.403,995.988814100543,0.221407745717675,0.0110703872858838,5.21498523572646,104.299704714529,5.6580041160504,0,1000,996.09375,3.90625,5.6580041160504,5.63377147266662,40.9707856758319,0,5.6580041160504,0.4715003430042,5.6580041160504,0,30.1155997050827,19632,68,996.09375,0.104935899456564,995.988814100543,996.09375
0.404,996.050016335281,0.221413076298421,0.0110706538149211,5.21530568987819,104.306113797564,5.65833545590059,0,1000,996.09375,3.90625,5.65833545590059,5.6341028125168,34.1423213965266,0,5.65833545590059,0.471527954658382,5.65833545590059,0,30.2199026147633,19700,68,996.09375,0.0437336647188431,996.050016335281,996.09375
0.405,996.111183093217,0.221418512087023,0.0110709256043512,5.21562595827381,104.312519165476,5.65866679575077,0,1000,996.09375,3.90625,5.65866679575077,5.63443415236698,28.4519344971055,0,5.65866679575077,0.471555566312564,5.65866679575077,0,30.3242119316647,19768,68,996.09375,-0.0174330932171642,996.111183093217,996.09375
0.406,996.172314889374,0.221424044788238,0.0110712022394119,5.21594604360999,104.3189208722,5.65899813560095,0,1000,996.09375,3.90625,5.65899813560095,5.63476549221717,23.7099454142546,0,5.65899813560095,0.471583177966746,5.65899813560095,0,30.428527652099,19836,68,996.09375,-0.0785648893738653,996.172314889374,996.09375
0.407,996.233412210924,0.22142967052771,0.0110714835263855,5.21626594843755,104.325318968751,5.65932947545114,0,1000,996.09375,3.90625,5.65932947545114,5.63509683206735,19.7582878452122,0,5.65932947545114,0.471610789620928,5.65932947545114,0,30.5328497724308,19904,68,996.09375,-0.139662210924484,996.233412210924,996.09375
0.408,996.294475530656,0.221435387088822,0.0110717693544411,5.21658567523201,104.33171350464,5.65966081530132,0,1000,996.09375,3.90625,5.65966081530132,5.63542817191753,16.4652398710101,0,5.65966081530132,0.47163840127511,5.65966081530132,0,30.6371782890748,19972,68,996.09375,-0.2007255306562,996.294475530656,996.09375
0.409,996.35550531204,0.221441192883087,0.0110720596441544,5.21690522642009,104.338104528402,5.6599921551515,0,1000,996.09375,3.90625,5.6599921551515,5.63575951176772,13.7210332258418,0,5.6599921551515,0.471666012929292,5.6599921551515,0,30.7415131984945,20040,68,996.09375,-0.261755312040236,996.35550531204,996.09375
0.41,996.416502011176,0.221447086566394,0.0110723543283197,5.21722460438992,104.344492087798,5.66032349500169,0,1000,996.09375,3.90625,5.66032349500169,5.6360908516179,11.4341943548682,0,5.66032349500169,0.471693624583474,5.66032349500169,0,30.8458544972019,20108,68,996.09375,-0.322752011176021,996.416502011176,996.09375
0.411,996.477466077566,0.221453066895896,0.0110726533447948,5.21754381149509,104.350876229902,5.66065483485187,0,1000,996.09375,3.90625,5.66065483485187,5.63642219146808,9.52849529572346,0,5.66065483485187,0.471721236237656,5.66065483485187,0,30.9502021817562,20176,68,996.09375,-0.383716077566419,996.477466077566,996.09375
0.412,996.538397954461,0.221459132676552,0.0110729566338276,5.21786285005646,104.357257001129,5.66098617470205,0,1000,996.09375,3.90625,5.66098617470205,5.63675353131827,7.94041274643622,0,5.66098617470205,0.471748847891838,5.66098617470205,0,31.0545562487632,20244,68,996.09375,-0.444647954460834,996.538397954461,996.09375
0.413,996.599298079033,0.221465282741074,0.0110732641370537,5.21818172236306,104.363634447261,5.66131751455224,0,1000,996.09375,3.90625,5.66131751455224,5.63708487116845,6.61701062203018,0,5.66131751455224,0.47177645954602,5.66131751455224,0,31.1589166948752,20312,68,996.09375,-0.505548079032792,996.599298079033,996.09375
0.414,996.660166882499,0.221471515942319,0.011073575797116,5.21850043067273,104.370008613455,5.66164885440242,0,1000,996.09375,3.90625,5.66164885440242,5.63741621101864,5.51417551835849,0,5.66164885440242,0.471804071200202,5.66164885440242,0,31.2632835167896,20380,68,996.09375,-0.566416882498743,996.660166882499,996.09375
0.415,996.721004790211,0.221477831150322,0.0110738915575161,5.2188189772126,104.376379544252,5.66198019425261,0,1000,996.09375,3.90625,5.66198019425261,5.63774755086882,4.59514626529874,0,5.66198019425261,0.471831682854384,5.66198019425261,0,31.3676567112488,20448,68,996.09375,-0.627254790210714,996.721004790211,996.09375
0.416,996.781812221742,0.221484227251057,0.0110742113625528,5.21913736417958,104.382747283592,5.66231153410279,0,1000,996.09375,3.90625,5.66231153410279,5.638078890719,3.82928855441562,0,5.66231153410279,0.471859294508566,5.66231153410279,0,31.4720362750394,20516,68,996.09375,-0.688062221742484,996.781812221742,996.09375
0.417,996.842589590968,0.22149070314585,0.0110745351572925,5.21945559374068,104.389111874814,5.66264287395297,0,1000,996.09375,3.90625,5.66264287395297,5.63841023056919,3.19107379534635,0,5.66264287395297,0.471886906162748,5.66264287395297,0,31.5764222049917,20584,68,996.09375,-0.748839590968146,996.842589590968,996.09375
0.418,996.903337306141,0.221497257751031,0.0110748628875515,5.21977366803353,104.395473360671,5.66297421380316,0,1000,996.09375,3.90625,5.66297421380316,5.63874157041937,2.65922816278862,0,5.66297421380316,0.47191451781693,5.66297421380316,0,31.680814497979,20652,68,996.09375,-0.809587306140997,996.903337306141,996.09375
0.419,996.96405576997,0.221503889997676,0.0110751944998838,5.2200915891667,104.401831783334,5.66330555365334,0,1000,996.09375,3.90625,5.66330555365334,5.63907291026955,2.21602346899052,0,5.66330555365334,0.471942129471112,5.66330555365334,0,31.7852131509171,20720,68,996.09375,-0.870305769969605,996.96405576997,996.09375
0.42,997.024745379695,0.221510598831389,0.0110755299415694,5.22040935922014,104.408187184403,5.66363689350352,0,1000,996.09375,3.90625,5.66363689350352,5.63940425011974,1.84668622415877,0,5.66363689350352,0.471969741125294,5.66363689350352,0,31.8896181607636,20788,68,996.09375,-0.930995379694536,997.024745379695,996.09375
0.421,997.085406527161,0.221517383212098,0.0110758691606049,5.22072698024553,104.414539604911,5.66396823335371,0,1000,996.09375,3.90625,5.66396823335371,5.63973558996992,1.53890518679897,0,5.66396823335371,0.471997352779476,5.66396823335371,0,31.9940295245175,20856,68,996.09375,-0.991656527160558,997.085406527161,996.09375
0.422,997.146039598892,0.221524242113856,0.0110762121056928,5.22104445426673,104.420889085335,5.66429957320389,0,1000,996.09375,3.90625,5.66429957320389,5.6400669298201,1.28242098899914,0,5.66429957320389,0.472024964433658,5.66429957320389,0,32.0984472392186,20924,68,996.09375,-1.05228959889234,997.146039598892,996.09375
0.423,997.206644976164,0.22153117452465,0.0110765587262325,5.22136178328007,104.427235665601,5.57375850036487,0,1000,1010.7421875,-10.7421875,5.57375850036487,5.64039826967029,2442.4749341575,0,5.57375850036487,0.464479875030406,5.57375850036487,0,32.2028713019466,20993,69,1010.7421875,13.5355425238356,997.206644976164,1010.7421875
0.424,997.187520396647,0.192875828277388,0.00964379141386938,5.22126164721588,104.425232944318,5.66371972846607,0,1000,996.09375,3.90625,5.66371972846607,5.63948708508228,-406.010471535417,0,5.66371972846607,0.471976644038839,5.66371972846607,-8.88178419700125e-16,32.3072987107984,21061,68,996.09375,-1.09377039664673,997.187520396647,996.09375
0.425,997.16114730707,0.210835140440356,0.0105417570220178,5.22112355804177,104.422471160835,5.66405106831625,0,1000,996.09375,3.90625,5.66405106831625,5.63981842493247,-338.342059612848,0,5.66405106831625,0.472004255693021,5.66405106831625,0,32.4117218263182,21129,68,996.09375,-1.06739730706977,997.16114730707,996.09375
0.426,997.189273729427,0.217530809700342,0.0108765404850171,5.22127082764485,104.425416552897,5.66438240816644,0,1000,996.09375,3.90625,5.66438240816644,5.64014976478265,-281.95171634404,0,5.66438240816644,0.472031867347203,5.66438240816644,-8.88178419700125e-16,32.5161454959765,21197,68,996.09375,-1.09552372942653,997.189273729427,996.09375
0.427,997.237688963248,0.22003001116635,0.0110015005583175,5.22152432921634,104.430486584327,5.66471374801662,0,1000,996.09375,3.90625,5.66471374801662,5.64048110463284,-234.959763620033,0,5.66471374801662,0.472059479001385,5.66471374801662,0,32.6205733455972,21265,68,996.09375,-1.14393896324839,997.237688963248,996.09375
0.428,997.293647300916,0.220965771231191,0.0110482885615595,5.22181732638722,104.436346527744,5.66504508786681,0,1000,996.09375,3.90625,5.66504508786681,5.64081244448302,-195.799803016694,0,5.66504508786681,0.472087090655567,5.6650450878668,-8.88178419700125e-16,32.725006724379,21333,68,996.09375,-1.1998973009164,997.293647300916,996.09375
0.429,997.352400273209,0.22131907951994,0.011065953975997,5.22212495623076,104.442499124615,5.66537642771699,0,1000,996.09375,3.90625,5.66537642771699,5.6411437843332,-163.166502513912,0,5.66537642771699,0.472114702309749,5.66537642771699,0,32.8294461333384,21401,68,996.09375,-1.25865027320867,997.352400273209,996.09375
0.43,997.412178949877,0.221455424095798,0.0110727712047899,5.22243795664987,104.448759132997,5.66570776756717,0,1000,996.09375,3.90625,5.66570776756717,5.64147512418339,-135.97208542826,0,5.66570776756717,0.472142313963931,5.66570776756717,-8.88178419700125e-16,32.9338917575057,21469,68,996.09375,-1.31842894987676,997.412178949877,996.09375
0.431,997.472324488633,0.221510974781489,0.0110755487390744,5.22275287795437,104.455057559087,5.66603910741736,0,1000,996.09375,3.90625,5.66603910741736,5.64180646403357,-113.310071190217,0,5.66603910741736,0.472169925618113,5.66603910741736,0,33.0383436642064,21537,68,996.09375,-1.37857448863326,997.472324488633,996.09375
0.432,997.532591631305,0.221536464000773,0.0110768232000386,5.22306843597549,104.46136871951,5.66637044726754,0,1000,996.09375,3.90625,5.66637044726754,5.64213780388375,-94.4250593251805,0,5.66637044726754,0.472197537272295,5.66637044726754,-8.88178419700125e-16,33.142801876934,21605,68,996.09375,-1.43884163130542,997.532591631305,996.09375
0.433,997.592889206492,0.221550792657771,0.0110775396328885,5.22338415334089,104.467683066818,5.66670178711772,0,1000,996.09375,3.90625,5.66670178711772,5.64246914373394,-78.6875494376504,0,5.66670178711772,0.472225148926477,5.66670178711772,0,33.2472664028733,21673,68,996.09375,-1.49913920649237,997.592889206492,996.09375
0.434,997.653183448329,0.221561002151727,0.0110780501075864,5.2236998532529,104.473997065058,5.66703312696791,0,1000,996.09375,3.90625,5.66703312696791,5.64280048358412,-65.5729578647087,0,5.66703312696791,0.472252760580659,5.66703312696791,-8.88178419700125e-16,33.3517372431542,21741,68,996.09375,-1.5594334483286,997.653183448329,996.09375
0.435,997.713461975865,0.221569715377416,0.0110784857688708,5.22401547088503,104.480309417701,5.57649205412889,0,1000,1010.7421875,-10.7421875,5.57649205412889,5.6431318234343,2386.76211844608,0,5.57649205412889,0.464707671177408,5.57649205412889,-8.88178419700125e-16,33.4562143966717,21810,69,1010.7421875,13.0287255241354,997.713461975865,1010.7421875
0.436,997.694017734425,0.192915557859794,0.0096457778929897,5.22391366107492,104.478273221498,5.66645328223009,0,1000,996.09375,3.90625,5.66645328223009,5.6422206388463,-452.437817961603,0,5.66645328223009,0.472204440185841,5.66645328223009,0,33.5606948624861,21878,68,996.09375,-1.60026773442485,997.694017734425,996.09375
0.437,997.667330348252,0.210875831025397,0.0105437915512699,5.22377392624768,104.475478524954,5.66678462208027,0,1000,996.09375,3.90625,5.66678462208027,5.64255197869648,-377.031514968003,0,5.66678462208027,0.472232051840023,5.66678462208027,0,33.6651710017838,21946,68,996.09375,-1.57358034825154,997.667330348252,996.09375
0.438,997.695147123835,0.217572369407325,0.0108786184703662,5.22391957454405,104.478391490881,5.66711596193045,0,1000,996.09375,3.90625,5.66711596193045,5.64288331854667,-314.192929140002,0,5.66711596193045,0.472259663494205,5.66711596193045,0,33.7696476625543,22014,68,996.09375,-1.60139712383511,997.695147123835,996.09375
0.439,997.743257058133,0.220072398822578,0.0110036199411289,5.22417147757097,104.483429551419,5.66744730178064,0,1000,996.09375,3.90625,5.66744730178064,5.64321465839685,-261.827440950002,0,5.66744730178064,0.472287275148386,5.66744730178064,0,33.8741284710904,22082,68,996.09375,-1.64950705813339,997.743257058133,996.09375
0.44,997.798914295286,0.221008964650567,0.0110504482325284,5.22446289818323,104.489257963665,5.66777864163082,0,1000,996.09375,3.90625,5.66777864163082,5.64354599824703,-218.189534125002,0,5.66777864163082,0.472314886802568,5.66777864163082,0,33.9786147770375,22150,68,996.09375,-1.70516429528561,997.798914295286,996.09375
0.441,997.857370275812,0.22136306368321,0.0110681531841605,5.22476897298153,104.495379459631,5.66810998148101,0,1000,996.09375,3.90625,5.66810998148101,5.64387733809722,-181.824611770835,0,5.66810998148101,0.47234249845675,5.66810998148101,0,34.0831070818468,22218,68,996.09375,-1.76362027581172,997.857370275812,996.09375
0.442,997.916856001283,0.221500186745574,0.0110750093372787,5.22508043951176,104.501608790235,5.66844132133119,0,1000,996.09375,3.90625,5.66844132133119,5.6442086779474,-151.520509809029,0,5.66844132133119,0.472370110110932,5.66844132133119,0,34.1876055709753,22286,68,996.09375,-1.82310600128335,997.916856001283,996.09375
0.443,997.976712569928,0.221556504779845,0.0110778252389923,5.2253938477723,104.507876955446,5.66877266118137,0,1000,996.09375,3.90625,5.66877266118137,5.64454001779759,-126.267091507524,0,5.66877266118137,0.472397721765114,5.66877266118137,0,34.2921103121683,22354,68,996.09375,-1.88296256992794,997.976712569928,996.09375
0.444,998.036694667789,0.221582750716101,0.011079137535805,5.22570791330228,104.514158266046,5.57823158834236,0,1000,1010.7421875,-10.7421875,5.57823158834236,5.64487135764777,2336.18367374373,0,5.57823158834236,0.464852632361863,5.57823158834236,0,34.3966213293333,22423,69,1010.7421875,12.7054928322106,998.036694667789,1010.7421875
0.445,998.017008431093,0.192935474566305,0.00964677372831524,5.22560483640797,104.512096728159,5.66819281644355,0,1000,996.09375,3.90625,5.66819281644355,5.64396017305977,-494.586521880225,0,5.66819281644355,0.472349401370296,5.66819281644355,0,34.5011356310405,22491,68,996.09375,-1.92325843109279,998.017008431093,996.09375
0.446,997.990101116901,0.21089865597261,0.0105449327986305,5.22546395004032,104.509279000806,5.66852415629374,0,1000,996.09375,3.90625,5.66852415629374,5.64429151290995,-412.155434900188,0,5.66852415629374,0.472377013024478,5.66852415629374,0,34.6056455822079,22559,68,996.09375,-1.89635111690109,997.990101116901,996.09375
0.447,998.01770794836,0.217596617644324,0.0108798308822162,5.22560849907182,104.512169981436,5.66885549614392,0,1000,996.09375,3.90625,5.66885549614392,5.64462285276013,-343.462862416823,0,5.66885549614392,0.47240462467866,5.66885549614392,0,34.7101560324011,22627,68,996.09375,-1.92395794836034,998.01770794836,996.09375
0.448,998.065613396588,0.220097512485142,0.0110048756242571,5.22585933141218,104.517186628244,5.6691868359941,0,1000,996.09375,3.90625,5.6691868359941,5.64495419261032,-286.219052014019,0,5.6691868359941,0.472432236332842,5.6691868359941,0,34.8146706086832,22695,68,996.09375,-1.97186339658765,998.065613396588,996.09375
0.449,998.121069895917,0.221034731343074,0.0110517365671537,5.22614970096366,104.522994019273,5.66951817584429,0,1000,996.09375,3.90625,5.66951817584429,5.6452855324605,-238.515876678349,0,5.66951817584429,0.472459847987024,5.66951817584429,0,34.9191906611677,22763,68,996.09375,-2.02731989591723,998.121069895917,996.09375
0.45,998.179328226558,0.221389399783549,0.0110694699891774,5.22645474086958,104.529094817392,5.66984951569447,0,1000,996.09375,3.90625,5.66984951569447,5.64561687231068,-198.763230565291,0,5.66984951569447,0.472487459641206,5.66984951569447,0,35.0237166916582,22831,68,996.09375,-2.08557822655757,998.179328226558,996.09375
0.451,998.238619121097,0.221527056669927,0.0110763528334964,5.22676518726743,104.535303745349,5.57930844285545,0,1000,1010.7421875,-10.7421875,5.57930844285545,5.64594821216087,2275.77022452892,0,5.57930844285545,0.464942370237954,5.57930844285545,0,35.1282488859192,22900,69,1010.7421875,12.5035683789031,998.238619121097,1010.7421875
0.452,998.218580916463,0.192921539733405,0.00964607698667025,5.22666026747331,104.533205349466,5.66926967095665,0,1000,996.09375,3.90625,5.66926967095665,5.64503702757286,-544.931062892563,0,5.66926967095665,0.472439139246387,5.66926967095665,0,35.2327843129611,22968,68,996.09375,-2.12483091646277,998.218580916463,996.09375
0.453,998.191449306309,0.210900526706957,0.0105450263353479,5.22651820669475,104.530364133895,5.66960101080683,0,1000,996.09375,3.90625,5.66960101080683,5.64536836742305,-454.109219077136,0,5.66960101080683,0.472466750900569,5.66960101080683,-8.88178419700125e-16,35.3373153603554,23036,68,996.09375,-2.09769930630887,998.191449306309,996.09375
0.454,998.218880673899,0.217604621002837,0.0108802310501419,5.22666183699958,104.533236739992,5.66993235065702,0,1000,996.09375,3.90625,5.66993235065702,5.64569970727323,-378.424349230947,0,5.66993235065702,0.472494362554751,5.66993235065702,0,35.4418468862411,23104,68,996.09375,-2.12513067389852,998.218880673899,996.09375
0.455,998.266630099686,0.220108041293827,0.0110054020646913,5.22691185240835,104.538237048167,5.6702636905072,0,1000,996.09375,3.90625,5.6702636905072,5.64603104712341,-315.353624359122,0,5.6702636905072,0.472521974208933,5.6702636905072,-8.88178419700125e-16,35.5463825210073,23172,68,996.09375,-2.17288009968593,998.266630099686,996.09375
0.456,998.321939050938,0.221046438404704,0.0110523219202352,5.22720144939991,104.544028987998,5.67059503035738,0,1000,996.09375,3.90625,5.67059503035738,5.6463623869736,-262.794686965935,0,5.67059503035738,0.472549585863115,5.67059503035738,0,35.6509236161362,23240,68,996.09375,-2.228189050938,998.321939050938,996.09375
0.457,998.380054205131,0.221401779947867,0.0110700889973934,5.2275057396357,104.550114792714,5.67092637020757,0,1000,996.09375,3.90625,5.67092637020757,5.64669372682378,-218.995572471613,0,5.67092637020757,0.472577197517297,5.67092637020757,-8.88178419700125e-16,35.7554706740697,23308,68,996.09375,-2.28630420513105,998.380054205131,996.09375
0.458,998.439204749801,0.221539918553025,0.0110769959276512,5.22781545116335,104.556309023267,5.58038529736855,0,1000,1010.7421875,-10.7421875,5.58038529736855,5.64702506667397,2258.90993960699,0,5.58038529736855,0.465032108114046,5.58038529736855,-8.88178419700125e-16,35.8600238809361,23377,69,1010.7421875,12.302982750199,998.439204749801,1010.7421875
0.459,998.419028429967,0.192934808894902,0.0096467404447451,5.22770980819974,104.554196163995,5.67034652546975,0,1000,996.09375,3.90625,5.67034652546975,5.64611388208596,-558.981300327509,0,5.67034652546975,0.472528877122479,5.67034652546975,0,35.964580306006,23445,68,996.09375,-2.3252784299666,998.419028429967,996.09375
0.46,998.391760702708,0.210914172318873,0.0105457086159437,5.22756703471368,104.551340694274,5.67067786531993,0,1000,996.09375,3.90625,5.67067786531993,5.64644522193614,-465.817750272924,0,5.67067786531993,0.472556488776661,5.67067786531993,0,36.069132337071,23513,68,996.09375,-2.29801070270776,998.391760702708,996.09375
0.461,998.419057847319,0.217618628527933,0.0108809314263967,5.22770996222863,104.554199244573,5.67100920517012,0,1000,996.09375,3.90625,5.67100920517012,5.64677656178633,-388.18145856077,0,5.67100920517012,0.472584100430843,5.67100920517012,0,36.1736848324729,23581,68,996.09375,-2.32530784731921,998.419057847319,996.09375
0.462,998.466674889905,0.220122402305771,0.0110061201152886,5.22795928448059,104.559185689612,5.6713405450203,0,1000,996.09375,3.90625,5.6713405450203,5.64710790163651,-323.484548800642,0,5.6713405450203,0.472611712085025,5.6713405450203,0,36.2782414227962,23649,68,996.09375,-2.37292488990499,998.466674889905,996.09375
0.463,998.521853262084,0.221061146794792,0.0110530573397396,5.22824819776171,104.564963955234,5.67167188487048,0,1000,996.09375,3.90625,5.67167188487048,5.6474392414867,-269.570457333868,0,5.67167188487048,0.472639323739207,5.67167188487048,0,36.3828034597139,23717,68,996.09375,-2.4281032620836,998.521853262084,996.09375
0.464,998.579839612856,0.221416830511198,0.0110708415255599,5.22855181358437,104.571036271687,5.58113081203147,0,1000,1010.7421875,-10.7421875,5.58113081203147,5.64777058133688,2216.76420222178,0,5.58113081203147,0.465094234335955,5.58113081203147,0,36.4873714458551,23786,69,1010.7421875,12.1623478871436,998.579839612856,1010.7421875
0.465,998.559160465739,0.192892955292383,0.00964464776461916,5.22844353782326,104.568870756465,5.67109204013266,0,1000,996.09375,3.90625,5.67109204013266,5.64685939674888,-594.10274814852,0,5.67109204013266,0.472591003344389,5.67109204013266,0,36.5919425685099,23854,68,996.09375,-2.46541046573884,998.559160465739,996.09375
0.466,998.531637255598,0.210902765214408,0.0105451382607204,5.22829942663196,104.565988532639,5.67142337998285,0,1000,996.09375,3.90625,5.67142337998285,5.64719073659906,-495.0856234571,0,5.67142337998285,0.47261861499857,5.67142337998285,0,36.6965092595394,23922,68,996.09375,-2.4378872555983,998.531637255598,996.09375
0.467,998.558771996175,0.217618743333359,0.010880937166668,5.22844150380138,104.568830076028,5.67175471983303,0,1000,996.09375,3.90625,5.67175471983303,5.64752207644924,-412.571352880916,0,5.67175471983303,0.472646226652752,5.67175471983303,0,36.8010763938022,23990,68,996.09375,-2.46502199617464,998.558771996175,996.09375
0.468,998.606262226079,0.220126985838773,0.0110063492919386,5.22869016206369,104.573803241274,5.67208605968321,0,1000,996.09375,3.90625,5.67208605968321,5.64785341629943,-343.809460734097,0,5.67208605968321,0.472673838306934,5.67208605968321,0,36.9056476081325,24058,68,996.09375,-2.51251222607937,998.606262226079,996.09375
0.469,998.661327946341,0.221067568851669,0.0110533784425834,5.22897848550075,104.579569710015,5.6724173995334,0,1000,996.09375,3.90625,5.6724173995334,5.64818475614961,-286.507883945081,0,5.6724173995334,0.472701449961116,5.6724173995334,0,37.0102242566269,24126,68,996.09375,-2.56757794634052,998.661327946341,996.09375
0.47,998.719207809308,0.221424108795824,0.0110712054397912,5.22928154375456,104.585630875091,5.58187632669438,0,1000,1010.7421875,-10.7421875,5.58187632669438,5.64851609599979,2202.64968004577,0,5.58187632669438,0.465156360557865,5.58187632669438,0,37.114806842911,24195,69,1010.7421875,12.0229796906924,998.719207809308,1010.7421875
0.471,998.69842534711,0.192900721503797,0.00964503607518987,5.22917272703696,104.583454540739,5.67183755479558,0,1000,996.09375,3.90625,5.67183755479558,5.64760491141179,-605.864849961862,0,5.67183755479558,0.472653129566298,5.67183755479558,0,37.2193925547385,24263,68,996.09375,-2.6046753471104,998.69842534711,996.09375
0.472,998.670800868214,0.21091087984024,0.010545543992012,5.22902808560369,104.580561712074,5.67216889464576,0,1000,996.09375,3.90625,5.67216889464576,5.64793625126197,-504.887374968218,0,5.67216889464576,0.47268074122048,5.67216889464576,-8.88178419700125e-16,37.3239738242345,24331,68,996.09375,-2.57705086821386,998.670800868214,996.09375
0.473,998.697835954955,0.217627152132465,0.0108813576066232,5.22916964098685,104.583392819737,5.67250023449594,0,1000,996.09375,3.90625,5.67250023449594,5.64826759111216,-420.739479140182,0,5.67250023449594,0.472708352874662,5.67250023449594,0,37.4285555264458,24399,68,996.09375,-2.60408595495517,998.697835954955,996.09375
0.474,998.745227973641,0.220135666370355,0.0110067833185177,5.22941778501642,104.588355700328,5.67283157434613,0,1000,996.09375,3.90625,5.67283157434613,5.64859893096234,-350.616232616818,0,5.67283157434613,0.472735964528844,5.67283157434613,-8.88178419700125e-16,37.5331412983653,24467,68,996.09375,-2.65147797364057,998.745227973641,996.09375
0.475,998.800196849681,0.221076510553139,0.0110538255276569,5.22970560137833,104.594112027567,5.67316291419631,0,1000,996.09375,3.90625,5.67316291419631,5.64893027081252,-292.180193847349,0,5.67316291419631,0.472763576183026,5.67316291419631,0,37.6377324942362,24535,68,996.09375,-2.70644684968136,998.800196849681,996.09375
0.476,998.85798119599,0.221433305559976,0.0110716652779988,5.23000815950809,104.600163190162,5.58262184135729,0,1000,1010.7421875,-10.7421875,5.58262184135729,5.64926161066271,2197.92275512721,0,5.58262184135729,0.465218486779775,5.58262184135729,0,37.7423296178252,24604,69,1010.7421875,11.8842063040099,998.85798119599,1010.7421875
0.477,998.83710451889,0.192910168912868,0.00964550844564339,5.22989884948241,104.597976989648,5.67258306945849,0,1000,996.09375,3.90625,5.67258306945849,5.6483504260747,-609.803954060658,0,5.67258306945849,0.472715255788208,5.67258306945849,0,37.8469298570234,24672,68,996.09375,-2.74335451889044,998.83710451889,996.09375
0.478,998.809387106272,0.210920574134998,0.0105460287067499,5.22975372144931,104.595074428986,5.67291440930867,0,1000,996.09375,3.90625,5.67291440930867,5.64868176592489,-508.169961717215,0,5.67291440930867,0.47274286744239,5.67291440930867,0,37.9515256440913,24740,68,996.09375,-2.7156371062722,998.809387106272,996.09375
0.479,998.836330521994,0.217637089827727,0.0108818544913863,5.22989479684414,104.597895936883,5.67324574915886,0,1000,996.09375,3.90625,5.67324574915886,5.64901310577507,-423.47496809768,0,5.67324574915886,0.472770479096571,5.67324574915886,0,38.0561218542086,24808,68,996.09375,-2.74258052199434,998.836330521994,996.09375
0.48,998.883632114813,0.22014584411135,0.0110072922055675,5.23014246740498,104.6028493481,5.67357708900904,0,1000,996.09375,3.90625,5.67357708900904,5.64934444562526,-352.895806748066,0,5.67357708900904,0.472798090750753,5.67357708900904,0,38.1607221244998,24876,68,996.09375,-2.78988211481283,998.883632114813,996.09375
0.481,998.93851179308,0.221086925061612,0.0110543462530806,5.23042981672843,104.608596334569,5.58303601617003,0,1000,1010.7421875,-10.7421875,5.58303601617003,5.64967578547544,2147.32641104328,0,5.58303601617003,0.465253001347502,5.58303601617003,0,38.2653278093375,24945,69,1010.7421875,11.8036757069202,998.93851179308,1010.7421875
0.482,998.916505514547,0.192781602444899,0.00963908012224493,5.23031459212348,104.60629184247,5.67299724427122,0,1000,996.09375,3.90625,5.67299724427122,5.64876460088743,-651.967574130602,0,5.67299724427122,0.472749770355935,5.67299724427122,0,38.369936413593,25013,68,996.09375,-2.82275551454688,998.916505514547,996.09375
0.483,998.888320483234,0.210873283053091,0.0105436641526545,5.23016701564462,104.603340312892,5.67332858412141,0,1000,996.09375,3.90625,5.67332858412141,5.64909594073762,-543.306311775501,0,5.67332858412141,0.472777382010117,5.67332858412141,0,38.4745404876923,25081,68,996.09375,-2.79457048323411,998.888320483234,996.09375
0.484,998.915043551098,0.217620202059205,0.0108810101029603,5.23030693730076,104.606138746015,5.67365992397159,0,1000,996.09375,3.90625,5.67365992397159,5.6494272805878,-452.755259812918,0,5.67365992397159,0.472804993664299,5.67365992397159,0,38.5791449509075,25149,68,996.09375,-2.82129355109771,998.915043551098,996.09375
0.485,998.962217548496,0.220140404516724,0.0110070202258362,5.23055393977354,104.611078795471,5.67399126382177,0,1000,996.09375,3.90625,5.67399126382177,5.64975862043799,-377.296049844098,0,5.67399126382177,0.472832605318481,5.67399126382177,0,38.6837534568563,25217,68,996.09375,-2.86846754849603,998.962217548496,996.09375
0.486,999.017004806146,0.22108586985887,0.0110542934929435,5.23084080518378,104.616816103676,5.58345019098276,0,1000,1010.7421875,-10.7421875,5.58345019098276,5.65008996028817,2126.99287512992,0,5.58345019098276,0.46528751591523,5.58345019098276,0,38.7883673661215,25286,69,1010.7421875,11.7251826938539,999.017004806146,1010.7421875
0.487,998.994919821631,0.192782298253423,0.00963911491267114,5.23072516847527,104.614503369505,5.67341141908395,0,1000,996.09375,3.90625,5.67341141908395,5.64917877570017,-668.912187391735,0,5.67341141908395,0.472784284923663,5.67341141908395,-8.88178419700125e-16,38.8929841859525,25354,68,996.09375,-2.90116982163136,998.994919821631,996.09375
0.488,998.966661795251,0.21087474715486,0.010543737357743,5.23057720979513,104.611544195903,5.67374275893414,0,1000,996.09375,3.90625,5.67374275893414,5.64951011555035,-557.426822826446,0,5.67374275893414,0.472811896577845,5.67374275893414,0,38.9975964677246,25422,68,996.09375,-2.87291179525062,998.966661795251,996.09375
0.489,998.993314588838,0.217622066747464,0.0108811033373732,5.23071676349602,104.61433526992,5.67407409878432,0,1000,996.09375,3.90625,5.67407409878432,5.64984145540053,-464.522352355372,0,5.67407409878432,0.472839508232027,5.67407409878432,-8.88178419700125e-16,39.1022091311261,25490,68,996.09375,-2.89956458883762,998.993314588838,996.09375
0.49,999.040419910662,0.220142531241675,0.0110071265620837,5.23096340638433,104.619268127687,5.6744054386345,0,1000,996.09375,3.90625,5.6744054386345,5.65017279525072,-387.101960296143,0,5.6744054386345,0.472867119886209,5.6744054386345,0,39.2068258299914,25558,68,996.09375,-2.94666991066231,999.040419910662,996.09375
0.491,999.09513966544,0.22108820546912,0.011054410273456,5.23124991835036,104.624998367007,5.58386436579549,0,1000,1010.7421875,-10.7421875,5.58386436579549,5.6505041351009,2118.82128308655,0,5.58386436579549,0.465322030482957,5.58386436579549,0,39.3114479250451,25627,69,1010.7421875,11.6470478345595,999.09513966544,1010.7421875
0.492,999.072988184202,0.192784821435374,0.0096392410717687,5.23113393346582,104.622678669316,5.67382559389668,0,1000,996.09375,3.90625,5.67382559389668,5.6495929505129,-675.721847427877,0,5.67382559389668,0.47281879949139,5.67382559389668,0,39.4160729236493,25695,68,996.09375,-2.97923818420179,999.072988184202,996.09375
0.493,999.044664597462,0.210877448477289,0.0105438724238644,5.23098563151244,104.619712630249,5.67415693374687,0,1000,996.09375,3.90625,5.67415693374687,5.64992429036308,-563.101539523231,0,5.67415693374687,0.472846411145572,5.67415693374687,0,39.5206933772805,25763,68,996.09375,-2.95091459746186,999.044664597462,996.09375
0.494,999.07125273343,0.217624941226417,0.0108812470613209,5.23112484666683,104.622496933337,5.67448827359705,0,1000,996.09375,3.90625,5.67448827359705,5.65025563021326,-469.251282936026,0,5.67448827359705,0.472874022799754,5.67448827359705,0,39.625314205723,25831,68,996.09375,-2.97750273343001,999.07125273343,996.09375
0.495,999.118294280328,0.220145575570087,0.0110072787785044,5.2313711556304,104.627423112608,5.67481961344723,0,1000,996.09375,3.90625,5.67481961344723,5.65058697006345,-391.042735780021,0,5.67481961344723,0.472901634453936,5.67481961344723,0,39.729939062905,25899,68,996.09375,-3.02454428032752,999.118294280328,996.09375
0.496,999.17295112798,0.221091416984383,0.0110545708492191,5.23165733821549,104.63314676431,5.58427854060822,0,1000,1010.7421875,-10.7421875,5.58427854060822,5.65091830991363,2115.53730351665,0,5.58427854060822,0.465356545050685,5.58427854060822,0,39.8345693096422,25968,69,1010.7421875,11.5692363720202,999.17295112798,1010.7421875
0.497,999.15073759455,0.192788197734412,0.00963940988672061,5.23154102842644,104.630820568529,5.67423976870941,0,1000,996.09375,3.90625,5.67423976870941,5.65000712532563,-678.458497069459,0,5.67423976870941,0.472853314059118,5.67423976870941,0,39.9392024533873,26036,68,996.09375,-3.05698759455038,999.15073759455,996.09375
0.498,999.122352798543,0.210880987272882,0.0105440493636441,5.23139240598208,104.627848119642,5.6745711085596,0,1000,996.09375,3.90625,5.6745711085596,5.65033846517581,-565.382080891216,0,5.6745711085596,0.4728809257133,5.6745711085596,0,40.0438310457054,26104,68,996.09375,-3.02860279854258,999.122352798543,996.09375
0.499,999.148880556568,0.217628640293412,0.0108814320146706,5.2315313049983,104.630626099966,5.67490244840978,0,1000,996.09375,3.90625,5.67490244840978,5.65066980502599,-471.151734076013,0,5.67490244840978,0.472908537367482,5.67490244840978,0,40.1484600064688,26172,68,996.09375,-3.05513055656809,999.148880556568,996.09375
0.5,999.195862545502,0.220149432725102,0.0110074716362551,5.23177730211711,104.635546042342,5.67523378825996,0,1000,996.09375,3.90625,5.67523378825996,5.65100114487618,-392.626445063344,0,5.67523378825996,0.472936149021664,5.67523378825996,0,40.2530929896918,26240,68,996.09375,-3.10211254550234,999.195862545502,996.09375
0.501,999.250460644015,0.221095430077989,0.0110547715038994,5.23206317709242,104.641263541848,5.58469271542095,0,1000,1010.7421875,-10.7421875,5.58469271542095,5.65133248472636,2114.21754578055,0,5.58469271542095,0.465391059618412,5.58469271542095,0,40.3577313562757,26309,69,1010.7421875,11.4917268559853,999.250460644015,1010.7421875
0.502,999.228189159277,0.192792364647976,0.00963961823239881,5.23194656387103,104.638931277421,5.67465394352214,0,1000,996.09375,3.90625,5.67465394352214,5.65042130013836,-679.558295182878,0,5.67465394352214,0.472887828626845,5.67465394352214,-8.88178419700125e-16,40.4623726137571,26377,68,996.09375,-3.13443915927678,999.228189159277,996.09375
0.503,999.199747198954,0.210885305917138,0.0105442652958569,5.23179764211502,104.6359528423,5.67498528337233,0,1000,996.09375,3.90625,5.67498528337233,5.65075263998854,-566.298579319065,0,5.67498528337233,0.472915440281027,5.67498528337233,0,40.5670093137842,26445,68,996.09375,-3.10599719895424,999.199747198954,996.09375
0.504,999.22621856897,0.217633108607691,0.0108816554303846,5.23193624588431,104.638724917686,5.67531662322251,0,1000,996.09375,3.90625,5.67531662322251,5.65108397983872,-471.915482765888,0,5.67531662322251,0.472943051935209,5.67531662322251,-8.88178419700125e-16,40.671646376311,26513,68,996.09375,-3.13246856897013,999.22621856897,996.09375
0.505,999.273144935657,0.220154048676801,0.01100770243384,5.23218195176572,104.643639035314,5.58477555038349,0,1000,1010.7421875,-10.7421875,5.58477555038349,5.65141531968891,2048.14334769509,0,5.58477555038349,0.465397962531958,5.58477555038349,-8.88178419700125e-16,40.7762874554327,26582,69,1010.7421875,11.4690425643427,999.273144935657,1010.7421875
0.506,999.247985528858,0.192437840493317,0.00962189202466585,5.23205021741977,104.641004348395,5.67473677848469,0,1000,996.09375,3.90625,5.67473677848469,5.6505041351009,-734.620126920755,0,5.67473677848469,0.472894731540391,5.67473677848469,0,40.8809309131073,26650,68,996.09375,-3.15423552885795,999.247985528858,996.09375
0.507,999.218438359654,0.210749505602205,0.0105374752801103,5.23189550880359,104.637910176072,5.67506811833487,0,1000,996.09375,3.90625,5.67506811833487,5.65083547495109,-612.18343910063,0,5.67506811833487,0.472922343194573,5.67506811833487,0,40.9855696193584,26718,68,996.09375,-3.12468835965433,999.218438359654,996.09375
0.508,999.244469105893,0.217578875117529,0.0108789437558764,5.23203180547218,104.640636109444,5.67539945818506,0,1000,996.09375,3.90625,5.67539945818506,5.65116681480127,-510.152865917191,0,5.67539945818506,0.472949954848755,5.67539945818506,0,41.0902086127995,26786,68,996.09375,-3.15071910589347,999.244469105893,996.09375
0.509,999.291202846026,0.220130280197024,0.0110065140098512,5.2322765027633,104.645530055266,5.67573079803524,0,1000,996.09375,3.90625,5.67573079803524,5.65149815465146,-425.127388264326,0,5.67573079803524,0.472977566502937,5.67573079803524,0,41.1948515917761,26854,68,996.09375,-3.19745284602584,999.291202846026,996.09375
0.51,999.34564623429,0.221087848094786,0.0110543924047393,5.23256156767765,104.651231353553,5.58518972519623,0,1000,1010.7421875,-10.7421875,5.58518972519623,5.65182949450164,2087.13342644639,0,5.58518972519623,0.465432477099685,5.58518972519623,0,41.2994999337963,26923,69,1010.7421875,11.39654126571,999.34564623429,1010.7421875
0.511,999.32325573405,0.192789256424875,0.00963946282124373,5.23244433129254,104.648886625851,5.67515095329742,0,1000,996.09375,3.90625,5.67515095329742,5.65091830991364,-702.128394628004,0,5.67515095329742,0.472929246108118,5.67515095329742,0,41.4041511526731,26991,68,996.09375,-3.22950573404989,999.32325573405,996.09375
0.512,999.294708890549,0.210884025183143,0.0105442012591571,5.2322948603695,104.64589720739,5.67548229314761,0,1000,996.09375,3.90625,5.67548229314761,5.65124964976382,-585.106995523337,0,5.67548229314761,0.4729568577623,5.67548229314761,0,41.508797802481,27059,68,996.09375,-3.20095889054926,999.294708890549,996.09375
0.513,999.321081464853,0.217632667255777,0.0108816333627889,5.23243294684565,104.648658936913,5.67581363299779,0,1000,996.09375,3.90625,5.67581363299779,5.651580989614,-487.589162936114,0,5.67581363299779,0.472984469416482,5.67581363299779,0,41.6134448041645,27127,68,996.09375,-3.22733146485291,999.321081464853,996.09375
0.514,999.367912114844,0.220154076413971,0.0110077038206986,5.23267815155561,104.653563031112,5.67614497284797,0,1000,996.09375,3.90625,5.67614497284797,5.65191232946419,-406.324302446762,0,5.67614497284797,0.473012081070664,5.67614497284797,0,41.7180958122735,27195,68,996.09375,-3.27416211484422,999.367912114844,996.09375
0.515,999.422361576917,0.221100548404436,0.0110550274202218,5.23296324827234,104.659264965447,5.58560390000896,0,1000,1010.7421875,-10.7421875,5.58560390000896,5.65224366931437,2102.8026646277,0,5.58560390000896,0.465466991667413,5.58560390000896,0,41.8227521880425,27264,69,1010.7421875,11.3198259230829,999.422361576917,1010.7421875
0.516,999.399943715417,0.192797901348442,0.00963989506742208,5.23284586862401,104.65691737248,5.67556512811015,0,1000,996.09375,3.90625,5.67556512811015,5.65133248472637,-689.070696143584,0,5.67556512811015,0.472963760675846,5.67556512811015,0,41.9274114392645,27332,68,996.09375,-3.30619371541741,999.399943715417,996.09375
0.517,999.371357456013,0.210891236749295,0.0105445618374647,5.23269619131978,104.653923826396,5.67589646796034,0,1000,996.09375,3.90625,5.67589646796034,5.65166382457655,-574.225580119654,0,5.67589646796034,0.472991372330028,5.67589646796034,-8.88178419700125e-16,42.0320661178136,27400,68,996.09375,-3.2776074560129,999.371357456013,996.09375
0.518,999.397686520037,0.21763942130395,0.0108819710651975,5.23283404997664,104.656680999533,5.67622780781052,0,1000,996.09375,3.90625,5.67622780781052,5.65199516442673,-478.521316766378,0,5.67622780781052,0.47301898398421,5.67622780781052,0,42.1367211438562,27468,68,996.09375,-3.30393652003659,999.397686520037,996.09375
0.519,999.444472525752,0.220160735474959,0.011008036773748,5.23307902092971,104.661580418594,5.5856867349715,0,1000,1010.7421875,-10.7421875,5.5856867349715,5.65232650427692,2042.63848602802,0,5.5856867349715,0.465473894580959,5.5856867349715,0,42.2413801716937,27537,69,1010.7421875,11.2977149742484,999.444472525752,1010.7421875
0.52,999.419174668762,0.192444895353091,0.00962224476765455,5.23294656166026,104.658931233205,5.6756479630727,0,1000,996.09375,3.90625,5.6756479630727,5.65141531968891,-739.207511643318,0,5.6756479630727,0.472970663589392,5.6756479630727,0,42.3460415634858,27605,68,996.09375,-3.32542466876168,999.419174668762,996.09375
0.521,999.389490931284,0.210756923167603,0.0105378461583801,5.23279113797428,104.655822759486,5.67597930292288,0,1000,996.09375,3.90625,5.67597930292288,5.6517466595391,-616.006259702765,0,5.67597930292288,0.472998275243574,5.67597930292288,0,42.4506981894547,27673,68,996.09375,-3.29574093128417,999.389490931284,996.09375
0.522,999.415386964523,0.217586650329682,0.0108793325164841,5.23292672928724,104.658534585745,5.67631064277307,0,1000,996.09375,3.90625,5.67631064277307,5.65207799938928,-513.338549752304,0,5.67631064277307,0.473025886897756,5.67631064277307,0,42.5553550884096,27741,68,996.09375,-3.32163696452312,999.415386964523,996.09375
0.523,999.461987821329,0.220138408149366,0.0110069204074683,5.2331707308029,104.663414616058,5.58576956993405,0,1000,1010.7421875,-10.7421875,5.58576956993405,5.65240933923946,2013.62412520641,0,5.58576956993405,0.465480797494504,5.58576956993405,0,42.6600159588889,27810,69,1010.7421875,11.2801996786709,999.461987821329,1010.7421875
0.524,999.436597492515,0.192433972809705,0.00962169864048527,5.23303778735211,104.660755747042,5.67573079803525,0,1000,996.09375,3.90625,5.67573079803525,5.65149815465146,-763.386145661322,0,5.67573079803525,0.472977566502937,5.67573079803525,0,42.7646791795681,27878,68,996.09375,-3.34284749251526,999.436597492515,996.09375
0.525,999.406856131049,0.210750311223493,0.0105375155611746,5.23288206194763,104.657641238953,5.67606213788543,0,1000,996.09375,3.90625,5.67606213788543,5.65182949450164,-636.155121384435,0,5.67606213788543,0.473005178157119,5.67606213788543,0,42.8693376268564,27946,68,996.09375,-3.31310613104949,999.406856131049,996.09375
0.526,999.432707838281,0.21758170506029,0.0108790852530145,5.23301742117016,104.660348423403,5.67639347773561,0,1000,996.09375,3.90625,5.67639347773561,5.65216083435183,-530.129267820363,0,5.67639347773561,0.473032789811301,5.67639347773561,0,42.973996341901,28014,68,996.09375,-3.33895783828098,999.432707838281,996.09375
0.527,999.479269633929,0.220134143680252,0.0110067071840126,5.23326121816207,104.665224363241,5.6767248175858,0,1000,996.09375,3.90625,5.6767248175858,5.65249217420201,-441.774389850302,0,5.6767248175858,0.473060401465483,5.6767248175858,0,43.0786590241444,28082,68,996.09375,-3.38551963392933,999.479269633929,996.09375
0.528,999.533545150104,0.221092372188411,0.0110546186094206,5.23354540410022,104.670908082004,5.58618374474678,0,1000,1010.7421875,-10.7421875,5.58618374474678,5.65282351405219,2073.26092512475,0,5.58618374474678,0.465515312062232,5.58618374474678,0,43.183327051654,28151,69,1010.7421875,11.2086423498955,999.533545150104,1010.7421875
0.529,999.510989704804,0.192794298443902,0.0096397149221951,5.23342730406479,104.668546081296,5.67614497284798,0,1000,996.09375,3.90625,5.67614497284798,5.65191232946419,-713.688812396043,0,5.67614497284798,0.473012081070665,5.67614497284798,0,43.2879979385997,28219,68,996.09375,-3.41723970480393,999.510989704804,996.09375
0.53,999.482280397396,0.210889528276112,0.0105444764138056,5.23327698248272,104.665539649654,5.67647631269816,0,1000,996.09375,3.90625,5.67647631269816,5.65224366931437,-594.740676996703,0,5.67647631269816,0.473039692724847,5.67647631269816,-8.88178419700125e-16,43.3926642393358,28287,68,996.09375,-3.38853039739558,999.482280397396,996.09375
0.531,999.508492803938,0.21763860660047,0.0108819303300235,5.23341423032243,104.668284606449,5.67680765254834,0,1000,996.09375,3.90625,5.67680765254834,5.65257500916456,-495.617230830586,0,5.67680765254834,0.473067304379029,5.67680765254834,0,43.4973308750557,28355,68,996.09375,-3.41474280393822,999.508492803938,996.09375
0.532,999.555165494759,0.220160439170794,0.0110080219585397,5.23365860796011,104.673172159202,5.58626657970933,0,1000,1010.7421875,-10.7421875,5.58626657970933,5.65290634901474,2028.39189097451,0,5.58626657970933,0.465522214975777,5.58626657970933,0,43.6020015005445,28424,69,1010.7421875,11.187022005241,999.555165494759,1010.7421875
0.533,999.529756516828,0.192444975078127,0.00962224875390636,5.23352556686277,104.670511337255,5.67622780781052,0,1000,996.09375,3.90625,5.67622780781052,5.65199516442674,-751.079674187906,0,5.67622780781052,0.47301898398421,5.67622780781052,0,43.7066744782423,28492,68,996.09375,-3.43600651682846,999.529756516828,996.09375
0.534,999.499963411534,0.210757323395148,0.0105378661697574,5.23336957052824,104.667391410565,5.67655914766071,0,1000,996.09375,3.90625,5.67655914766071,5.65232650427692,-625.899728489922,0,5.67655914766071,0.473046595638392,5.67655914766071,0,43.8113426785745,28560,68,996.09375,-3.40621341153371,999.499963411534,996.09375
0.535,999.525751653131,0.217587347922142,0.0108793673961071,5.23350459744549,104.67009194891,5.67689048751089,0,1000,996.09375,3.90625,5.67689048751089,5.6526578441271,-521.583107074935,0,5.67689048751089,0.473074207292574,5.67689048751089,0,43.9160111405232,28628,68,996.09375,-3.43200165313146,999.525751653131,996.09375
0.536,999.572246216011,0.220139392069669,0.0110069696034835,5.23374804240745,104.674960848149,5.58634941467187,0,1000,1010.7421875,-10.7421875,5.58634941467187,5.65298918397729,2006.75366077089,0,5.58634941467187,0.465529117889323,5.58634941467187,0,44.0206835627873,28697,69,1010.7421875,11.1699412839887,999.572246216011,1010.7421875
0.537,999.546751049391,0.192435236561905,0.00962176182809523,5.23361455002718,104.672291000544,5.67631064277307,0,1000,996.09375,3.90625,5.67631064277307,5.65207799938928,-769.111532690927,0,5.67631064277307,0.473025886897756,5.67631064277307,0,44.1253583241967,28765,68,996.09375,-3.45300104939054,999.546751049391,996.09375
0.538,999.516906278542,0.210751850035909,0.0105375925017954,5.23345828317244,104.669165663449,5.67664198262325,0,1000,996.09375,3.90625,5.67664198262325,5.65240933923947,-640.926277242439,0,5.67664198262325,0.473053498551938,5.67664198262325,0,44.2300283013116,28833,68,996.09375,-3.42315627854168,999.516906278542,996.09375
0.539,999.542655982466,0.21758351483559,0.0108791757417795,5.23359310830691,104.671862166138,5.67697332247344,0,1000,996.09375,3.90625,5.67697332247344,5.65274067908965,-534.105231035366,0,5.67697332247344,0.47308111020612,5.67697332247344,0,44.3346985354277,28901,68,996.09375,-3.44890598246604,999.542655982466,996.09375
0.54,999.589117160688,0.220136220603844,0.0110068110301922,5.23383637846721,104.676727569344,5.67730466232362,0,1000,996.09375,3.90625,5.67730466232362,5.65307201893984,-445.087692529472,0,5.67730466232362,0.473108721860302,5.67730466232362,0,44.4393727261335,28969,68,996.09375,-3.49536716068826,999.589117160688,996.09375
0.541,999.643293426089,0.221094712582117,0.0110547356291059,5.23412004472951,104.68240089459,5.58676358948461,0,1000,1010.7421875,-10.7421875,5.58676358948461,5.65340335879002,2070.49983955877,0,5.58676358948461,0.46556363245705,5.58676358948461,0,44.5440522516406,29038,69,1010.7421875,11.0988940739114,999.643293426089,1010.7421875
0.542,999.620640077952,0.192796898711019,0.00963984493555094,5.23400143207603,104.680028641521,5.6767248175858,0,1000,996.09375,3.90625,5.6767248175858,5.65249217420202,-715.989717034355,0,5.6767248175858,0.473060401465483,5.6767248175858,0,44.6487346262611,29106,68,996.09375,-3.52689007795163,999.620640077952,996.09375
0.543,999.591834197284,0.210892384880525,0.0105446192440262,5.23385060483756,104.677012096751,5.67705615743599,0,1000,996.09375,3.90625,5.67705615743599,5.6528235140522,-596.658097528629,0,5.67705615743599,0.473088013119665,5.67705615743598,-8.88178419700125e-16,44.7534124044893,29174,68,996.09375,-3.4980841972839,999.591834197284,996.09375
0.544,999.617951342067,0.217641716058462,0.0108820858029231,5.23398735388786,104.679747077757,5.67738749728617,0,1000,996.09375,3.90625,5.67738749728617,5.65315485390238,-497.215081273858,0,5.67738749728617,0.473115624773847,5.67738749728617,0,44.858090507657,29242,68,996.09375,-3.52420134206659,999.617951342067,996.09375
0.545,999.664530064809,0.220163798047586,0.0110081899023793,5.23423123950983,104.684624790197,5.58684642444715,0,1000,1010.7421875,-10.7421875,5.58684642444715,5.65348619375257,2027.06034893845,0,5.58684642444715,0.465570535370596,5.58684642444715,0,44.9627725906857,29311,69,1010.7421875,11.0776574351909,999.664530064809,1010.7421875
0.546,999.63902839491,0.192448579986194,0.00962242899930968,5.23409771307848,104.68195426157,5.67680765254835,0,1000,996.09375,3.90625,5.67680765254835,5.65257500916456,-752.18929255129,0,5.67680765254835,0.473067304379029,5.67680765254835,0,45.0674570161502,29379,68,996.09375,-3.54527839491027,999.63902839491,996.09375
0.547,999.609143856426,0.210761170993193,0.0105380585496597,5.23394123800088,104.678824760018,5.67713899239853,0,1000,996.09375,3.90625,5.67713899239853,5.65290634901475,-626.824410459408,0,5.67713899239853,0.473094916033211,5.67713899239853,0,45.1721366546084,29447,68,996.09375,-3.51539385642604,999.609143856426,996.09375
0.548,999.634841906518,0.217591434914331,0.0108795717457165,5.23407579267652,104.68151585353,5.67747033224872,0,1000,996.09375,3.90625,5.67747033224872,5.65323768886493,-522.35367538284,0,5.67747033224872,0.473122527687393,5.67747033224872,0,45.2768165451733,29515,68,996.09375,-3.54109190651843,999.634841906518,996.09375
0.549,999.681247502715,0.220143715204954,0.0110071857602477,5.23431877181002,104.6863754362,5.5869292594097,0,1000,1010.7421875,-10.7421875,5.5869292594097,5.65356902871511,2006.1115205143,0,5.5869292594097,0.465577438284142,5.5869292594097,0,45.3815003866731,29584,69,1010.7421875,11.0609399972849,999.681247502715,1010.7421875
0.55,999.655664577599,0.1924397926334,0.00962198963167001,5.23418481992734,104.683696398547,5.6768904875109,0,1000,996.09375,3.90625,5.6768904875109,5.65265784412711,-769.646649571417,0,5.6768904875109,0.473074207292575,5.6768904875109,0,45.4861865580651,29652,68,996.09375,-3.56191457759883,999.655664577599,996.09375
0.551,999.625733240035,0.210756635880286,0.0105378317940143,5.23402809981034,104.680561996207,5.67722182736108,0,1000,996.09375,3.90625,5.67722182736108,5.65298918397729,-641.372207976181,0,5.67722182736108,0.473101818946757,5.67722182736108,0,45.590867936035,29720,68,996.09375,-3.53198324003529,999.625733240035,996.09375
0.552,999.651397552841,0.217588527332479,0.0108794263666239,5.23416247783796,104.683249556759,5.67755316721126,0,1000,996.09375,3.90625,5.67755316721126,5.65332052382748,-534.476839980151,0,5.67755316721126,0.473129430600939,5.67755316721126,0,45.6955495620026,29788,68,996.09375,-3.55764755284054,999.651397552841,996.09375
0.553,999.697774499575,0.220141456675251,0.0110070728337625,5.23440530696322,104.688106139264,5.58701209437225,0,1000,1010.7421875,-10.7421875,5.58701209437225,5.65365186367766,1996.00888334987,0,5.58701209437225,0.465584341197687,5.58701209437225,0,45.8002351356786,29857,69,1010.7421875,11.044413000425,999.697774499575,1010.7421875
0.554,999.672165038944,0.192437818023025,0.00962189090115123,5.23427121614091,104.685424322818,5.67697332247344,0,1000,996.09375,3.90625,5.67697332247344,5.65274067908966,-778.065513875105,0,5.67697332247344,0.47308111020612,5.67697332247344,-8.88178419700125e-16,45.9049230363723,29925,68,996.09375,-3.57841503894372,999.672165038944,996.09375
0.555,999.642208168865,0.210754808579466,0.0105377404289733,5.23411436233597,104.682287246719,5.67730466232363,0,1000,996.09375,3.90625,5.67730466232363,5.65307201893984,-648.387928229254,0,5.67730466232363,0.473108721860302,5.67730466232363,0,46.0096061409234,29993,68,996.09375,-3.54845816886461,999.642208168865,996.09375
0.556,999.667847535321,0.21758679588035,0.0108793397940175,5.23424860974481,104.684972194896,5.67763600217381,0,1000,996.09375,3.90625,5.67763600217381,5.65340335879002,-540.323273524378,0,5.67763600217381,0.473136333514484,5.67763600217381,-8.88178419700125e-16,46.1142894908311,30061,68,996.09375,-3.57409753532147,999.667847535321,996.09375
0.557,999.714199963689,0.22013980134265,0.0110069900671325,5.23449131049221,104.689826209844,5.58709492933479,0,1000,1010.7421875,-10.7421875,5.58709492933479,5.65373469864021,1991.13685539635,0,5.58709492933479,0.465591244111233,5.58709492933479,-8.88178419700125e-16,46.2189767858581,30130,69,1010.7421875,11.0279875363107,999.714199963689,1010.7421875
0.558,999.688566350892,0.192436230910666,0.00962181154553331,5.23435709320946,104.687141864189,5.67705615743599,0,1000,996.09375,3.90625,5.67705615743599,5.6528235140522,-782.125537169707,0,5.67705615743599,0.473088013119666,5.67705615743599,0,46.3236664053547,30198,68,996.09375,-3.59481635089162,999.688566350892,996.09375
0.559,999.65858566902,0.210753286202991,0.0105376643101496,5.23420011472626,104.684002294525,5.67738749728617,0,1000,996.09375,3.90625,5.67738749728617,5.65315485390239,-651.771280974756,0,5.67738749728617,0.473115624773848,5.67738749728617,0,46.4283512261975,30266,68,996.09375,-3.56483566902,999.65858566902,996.09375
0.56,999.684201551668,0.217585336407626,0.0108792668203813,5.23433423917416,104.686684783483,5.67771883713636,0,1000,996.09375,3.90625,5.67771883713636,5.65348619375257,-543.14273414563,0,5.67771883713636,0.47314323642803,5.67771883713636,0,46.5330362899205,30334,68,996.09375,-3.59045155166791,999.684201551668,996.09375
0.561,999.730530816861,0.220138403564366,0.0110069201782183,5.23457681863946,104.691536372789,5.58717776429734,0,1000,1010.7421875,-10.7421875,5.58717776429734,5.65381753360275,1988.78730487864,0,5.58717776429734,0.465598147024778,5.58717776429734,0,46.6377252963205,30403,69,1010.7421875,11.011656683139,999.730530816861,1010.7421875
0.562,999.70487435609,0.192434893856713,0.00962174469283563,5.234442481725,104.6888496345,5.67713899239854,0,1000,996.09375,3.90625,5.67713899239854,5.65290634901475,-784.083495934465,0,5.67713899239854,0.473094916033211,5.67713899239854,0,46.7424166247811,30471,68,996.09375,-3.61112435608993,999.70487435609,996.09375
0.563,999.674871136765,0.210752008999431,0.0105376004499716,5.23428538523597,104.685707704719,5.67747033224872,0,1000,996.09375,3.90625,5.67747033224872,5.65323768886493,-653.402913278721,0,5.67747033224872,0.473122527687393,5.67747033224872,0,46.8471031522113,30539,68,996.09375,-3.58112113676475,999.674871136765,996.09375
0.564,999.700464788112,0.217584118223314,0.0108792059111657,5.23441939328105,104.688387865621,5.6778016720989,0,1000,996.09375,3.90625,5.6778016720989,5.65356902871512,-544.502427732267,0,5.6778016720989,0.473150139341575,5.6778016720989,0,46.9517899201779,30607,68,996.09375,-3.60671478811162,999.700464788112,996.09375
0.565,999.746772123943,0.220137243590967,0.0110068621795483,5.23466185792448,104.69323715849,5.58726059925989,0,1000,1010.7421875,-10.7421875,5.58726059925989,5.6539003685653,1987.65422688978,0,5.58726059925989,0.465605049938324,5.58726059925989,0,47.0564806285092,30676,69,1010.7421875,10.9954153760574,999.746772123943,1010.7421875
0.566,999.721094031628,0.192433791301159,0.00962168956505796,5.23452740774752,104.69054815495,5.67722182736108,0,1000,996.09375,3.90625,5.67722182736108,5.6529891839773,-785.027727591852,0,5.67722182736108,0.473101818946757,5.67722182736108,0,47.1611736566202,30744,68,996.09375,-3.62734403162801,999.721094031628,996.09375
0.567,999.691069474525,0.210750963081026,0.0105375481540513,5.23437019953415,104.687403990683,5.67755316721127,0,1000,996.09375,3.90625,5.67755316721127,5.65332052382748,-654.18977299321,0,5.67755316721127,0.473129430600939,5.67755316721127,-8.88178419700125e-16,47.2658618814512,30812,68,996.09375,-3.59731947452508,999.691069474525,996.09375
0.568,999.716642077867,0.217583128172559,0.0108791564086279,5.23450409737214,104.690081947443,5.67788450706145,0,1000,996.09375,3.90625,5.67788450706145,5.65365186367766,-545.158144161009,0,5.67788450706145,0.473157042255121,5.67788450706145,0,47.3705503445992,30880,68,996.09375,-3.62289207786728,999.716642077867,996.09375
0.569,999.762928651532,0.220136308649034,0.0110068154324517,5.23474645330511,104.694929066102,5.58734343422243,0,1000,1010.7421875,-10.7421875,5.58734343422243,5.65398320352785,1987.10779653249,0,5.58734343422243,0.46561195285187,5.58734343422243,0,47.4752427459227,30949,69,1010.7421875,10.9792588484681,999.762928651532,1010.7421875
0.57,999.737230079005,0.192432910719608,0.00962164553598042,5.23461189589402,104.69223791788,5.67730466232363,0,1000,996.09375,3.90625,5.67730466232363,5.65307201893984,-785.483086222922,0,5.67730466232363,0.473108721860303,5.67730466232363,0,47.5799374648666,31017,68,996.09375,-3.64348007900549,999.737230079005,996.09375
0.571,999.707185319817,0.210750136121613,0.0105375068060806,5.23445458190278,104.689091638056,5.67763600217381,0,1000,996.09375,3.90625,5.67763600217381,5.65340335879003,-654.569238519102,0,5.67763600217381,0.473136333514485,5.67763600217381,0,47.6846273784003,31085,68,996.09375,-3.61343531981743,999.707185319817,996.09375
0.572,999.732737995424,0.217582354107075,0.0108791177053537,5.23458837539939,104.691767507988,5.677967342024,0,1000,996.09375,3.90625,5.677967342024,5.65373469864021,-545.474365432585,0,5.677967342024,0.473163945168666,5.677967342024,0,47.7893175281498,31153,68,996.09375,-3.63898799542358,999.732737995424,996.09375
0.573,999.779004911975,0.220135586759164,0.0110067793379582,5.23483062840796,104.696612568159,5.58742626918498,0,1000,1010.7421875,-10.7421875,5.58742626918498,5.6540660384904,1986.84427880618,0,5.58742626918498,0.465618855765415,5.58742626918498,0,47.8940116140023,31222,69,1010.7421875,10.9631825880249,999.779004911975,1010.7421875
0.574,999.753286949284,0.192432240296796,0.00962161201483981,5.2346959694702,104.693919389404,5.67738749728618,0,1000,996.09375,3.90625,5.67738749728618,5.65315485390239,-785.702684328184,0,5.67738749728618,0.473115624773848,5.67738749728618,0,47.9987080154307,31290,68,996.09375,-3.65953694928407,999.753286949284,996.09375
0.575,999.723223063254,0.210749516466923,0.0105374758233461,5.23453855533105,104.690771106621,5.67771883713636,0,1000,996.09375,3.90625,5.67771883713636,5.65348619375257,-654.752236940153,0,5.67771883713636,0.47314323642803,5.67771883713636,0,48.1033996094321,31358,68,996.09375,-3.62947306325384,999.723223063254,996.09375
0.576,999.748756871765,0.217581784531064,0.0108790892265532,5.23467225003977,104.693445000795,5.67805017698655,0,1000,996.09375,3.90625,5.67805017698655,5.65381753360276,-545.626864116795,0,5.67805017698655,0.473170848082212,5.67805017698655,0,48.2080914376601,31426,68,996.09375,-3.65500687176484,999.748756871765,996.09375
0.577,999.79500517744,0.220135066581754,0.0110067533290877,5.23491440560203,104.698288112041,5.58750910414753,0,1000,1010.7421875,-10.7421875,5.58750910414753,5.65414887345294,1986.71719656934,0,5.58750910414753,0.465625758678961,5.58750910414753,0,48.3127872000287,31495,69,1010.7421875,10.9471823225597,999.79500517744,1010.7421875
0.578,999.769268856613,0.192431768847142,0.0096215884423571,5.23477965054129,104.695593010826,5.67747033224872,0,1000,996.09375,3.90625,5.67747033224872,5.65323768886494,-785.808586192218,0,5.67747033224872,0.473122527687394,5.67747033224872,-8.88178419700125e-16,48.4174852760375,31563,68,996.09375,-3.67551885661328,999.769268856613,996.09375
0.579,999.739186861755,0.210749093083291,0.0105374546541645,5.23462214158454,104.692442831691,5.67780167209891,0,1000,996.09375,3.90625,5.67780167209891,5.65356902871512,-654.840488493515,0,5.67780167209891,0.473150139341576,5.67780167209891,0,48.52217854271,31631,68,996.09375,-3.64543686175489,999.739186861755,996.09375
0.58,999.76470280736,0.217581408560706,0.0108790704280353,5.23475574276331,104.695114855266,5.67813301194909,0,1000,996.09375,3.90625,5.67813301194909,5.65390036856531,-545.70040707793,0,5.67813301194909,0.473177750995758,5.67813301194909,-8.88178419700125e-16,48.6268720417256,31699,68,996.09375,-3.67095280735987,999.76470280736,996.09375
0.581,999.810933492712,0.220134737380786,0.0110067368690393,5.23499780606576,104.699956121315,5.58759193911008,0,1000,1010.7421875,-10.7421875,5.58759193911008,5.65423170841549,1986.65591076839,0,5.58759193911008,0.465632661592506,5.58759193911007,-8.88178419700125e-16,48.731569473024,31768,69,1010.7421875,10.9312540072879,999.810933492712,1010.7421875
0.582,999.78517979085,0.192431485780424,0.00962157428902122,5.23486295999814,104.697259199963,5.67755316721127,0,1000,996.09375,3.90625,5.67755316721127,5.65332052382749,-785.859657693007,0,5.67755316721127,0.473129430600939,5.67755316721127,0,48.83626921613,31836,68,996.09375,-3.69142979085007,999.78517979085,996.09375
0.583,999.755080650995,0.21074885552431,0.0105374427762155,5.23470536127039,104.694107225408,5.67788450706146,0,1000,996.09375,3.90625,5.67788450706146,5.65365186367767,-654.883048077505,0,5.67788450706146,0.473157042255121,5.67788450706146,0,48.9409641480919,31904,68,996.09375,-3.66133065099473,999.755080650995,996.09375
0.584,999.780579684436,0.217581215891458,0.0108790607945729,5.23483887389728,104.696777477946,5.67821584691164,0,1000,996.09375,3.90625,5.67821584691164,5.65398320352785,-545.735873397921,0,5.67821584691164,0.473184653909303,5.67821584691164,0,49.0456593106137,31972,68,996.09375,-3.68682968443579,999.780579684436,996.09375
0.585,999.826793687295,0.220134588991656,0.0110067294495828,5.23508084985041,104.701616997008,5.58767477407262,0,1000,1010.7421875,-10.7421875,5.58767477407262,5.65431454337804,1986.62635550173,0,5.58767477407262,0.465639564506052,5.58767477407262,0,49.1503584036593,32041,69,1010.7421875,10.915393812705,999.826793687295,1010.7421875
0.586,999.801023529492,0.19243138107008,0.00962156905350401,5.23494591761968,104.698918352394,5.67763600217382,0,1000,996.09375,3.90625,5.67763600217382,5.65340335879003,-785.88428708189,0,5.67763600217382,0.473136333514485,5.67763600217382,0,49.2550598067773,32109,68,996.09375,-3.70727352949189,999.801023529492,996.09375
0.587,999.770908157172,0.210748793899582,0.0105374396949791,5.23478823389894,104.695764677979,5.677967342024,0,1000,996.09375,3.90625,5.677967342024,5.65373469864022,-654.903572568242,0,5.677967342024,0.473163945168667,5.677967342024,0,49.3597563970398,32177,68,996.09375,-3.67715815717156,999.770908157172,996.09375
0.588,999.796391178588,0.217581196767233,0.0108790598383617,5.23492166268707,104.698433253741,5.67829868187419,0,1000,996.09375,3.90625,5.67829868187419,5.6540660384904,-545.752977140201,0,5.67829868187419,0.473191556822849,5.67829868187419,0,49.4644532161739,32245,68,996.09375,-3.70264117858812,999.796391178588,996.09375
0.589,999.84258938687,0.220134611790769,0.0110067305895385,5.23516355593998,104.7032711188,5.58775760903517,0,1000,1010.7421875,-10.7421875,5.58775760903517,5.65439737834058,1986.61210238317,0,5.58775760903517,0.465646467419597,5.58775760903517,0,49.5691539641664,32314,69,1010.7421875,10.8995981131301,999.84258938687,1010.7421875
0.59,999.816803648983,0.192431445223201,0.00962157226116006,5.23502854213212,104.700570842642,5.67771883713637,0,1000,996.09375,3.90625,5.67771883713637,5.65348619375258,-785.896164680695,0,5.67771883713637,0.47314323642803,5.67771883713637,0,49.6738570205886,32382,68,996.09375,-3.7230536489833,999.816803648983,996.09375
0.591,999.78667290816,0.210748898845115,0.0105374449422558,5.2348707779421,104.697415558842,5.67805017698655,0,1000,996.09375,3.90625,5.67805017698655,5.65381753360276,-654.913470567246,0,5.67805017698655,0.473170848082212,5.67805017698655,-8.88178419700125e-16,49.7785552625348,32450,68,996.09375,-3.69292290816031,999.78667290816,996.09375
0.592,999.812140769782,0.217581341951207,0.0108790670975603,5.23500412735372,104.700082547074,5.67838151683673,0,1000,996.09375,3.90625,5.67838151683673,5.65414887345295,-545.761225472705,0,5.67838151683673,0.473198459736394,5.67838151683673,0,49.8832537317542,32518,68,996.09375,-3.71839076978245,999.812140769782,996.09375
0.593,999.858324024143,0.220134796666737,0.0110067398333368,5.23524594230809,104.704918846162,5.58784044399772,0,1000,1010.7421875,-10.7421875,5.58784044399772,5.65448021330313,1986.60522877275,0,5.58784044399772,0.465653370333143,5.58784044399772,0,49.9879561282553,32587,69,1010.7421875,10.8838634758567,999.858324024143,1010.7421875
0.594,999.832523535413,0.192431669252136,0.0096215834626068,5.235110851265,104.7022170253,5.67780167209891,0,1000,996.09375,3.90625,5.67780167209891,5.65356902871513,-785.901892689378,0,5.67780167209891,0.473150139341576,5.67780167209891,0,50.0926608316307,32655,68,996.09375,-3.73877353541309,999.832523535413,996.09375
0.595,999.802378244067,0.210749161495311,0.0105374580747656,5.23495301088861,104.699060217772,5.6781330119491,0,1000,996.09375,3.90625,5.6781330119491,5.65390036856531,-654.918243907815,0,5.6781330119491,0.473177750995758,5.6781330119491,0,50.197360718996,32723,68,996.09375,-3.70862824406663,999.802378244067,996.09375
0.596,999.827831752764,0.217581642698179,0.010879082134909,5.23508628514849,104.70172570297,5.67846435179928,0,1000,996.09375,3.90625,5.67846435179928,5.65423170841549,-545.765203256513,0,5.67846435179928,0.47320536264994,5.67846435179928,0,50.302060832121,32791,68,996.09375,-3.73408175276427,999.827831752764,996.09375
0.597,999.874000849117,0.220135134993122,0.0110067567496561,5.2353280259717,104.706560519434,5.58792327896026,0,1000,1010.7421875,-10.7421875,5.58792327896026,5.65456304826568,1986.60191395291,0,5.58792327896026,0.465660273246689,5.58792327896026,0,50.406764871035,32860,69,1010.7421875,10.8681866508834,999.874000849117,1010.7421875
0.598,999.848186394648,0.192432044647597,0.00962160223237985,5.23519286180417,104.703857236083,5.67788450706146,0,1000,996.09375,3.90625,5.67788450706146,5.65365186367767,-785.904655039245,0,5.67788450706146,0.473157042255122,5.67788450706146,0,50.5114712153508,32928,68,996.09375,-3.75443639464766,999.848186394648,996.09375
0.599,999.81802732722,0.210749573456441,0.010537478672822,5.23503494929639,104.700698985928,5.67821584691164,0,1000,996.09375,3.90625,5.67821584691164,5.65398320352786,-654.920545866038,0,5.67821584691164,0.473184653909304,5.67821584691164,0,50.6161727422039,32996,68,996.09375,-3.72427732721997,999.81802732722,996.09375
0.6,999.843467246919,0.217582090728407,0.0108791045364204,5.23516815240445,104.703363048089,5.67854718676183,0,1000,996.09375,3.90625,5.67854718676183,5.65431454337804,-545.767121555032,0,5.67854718676183,0.473212265563486,5.67854718676183,0,50.7208744933839,33064,68,996.09375,-3.74971724691886,999.843467246919,996.09375
0.601,999.889622938814,0.220135618602622,0.0110067809301311,5.23540982304208,104.708196460842,5.58800611392281,0,1000,1010.7421875,-10.7421875,5.58800611392281,5.65464588322822,1986.60031537081,0,5.58800611392281,0.465667176160234,5.58800611392281,0,50.8255801689395,33133,69,1010.7421875,10.8525645611858,999.889622938814,1010.7421875
0.602,999.863795261924,0.192432563353194,0.00962162816765972,5.23527458964212,104.705491792842,5.67796734202401,0,1000,996.09375,3.90625,5.67796734202401,5.65373469864022,-785.905987190994,0,5.67796734202401,0.473163945168667,5.67796734202401,-8.88178419700125e-16,50.9302881485029,33201,68,996.09375,-3.77004526192388,999.863795261924,996.09375
0.603,999.833623151638,0.210750126781522,0.0105375063390761,5.23511660884209,104.702332176842,5.67829868187419,0,1000,996.09375,3.90625,5.67829868187419,5.6540660384904,-654.921655992495,0,5.67829868187419,0.473191556822849,5.67829868187419,0,51.0349913092282,33269,68,996.09375,-3.73987315163788,999.833623151638,996.09375
0.604,999.859050205603,0.217582678202834,0.0108791339101417,5.23524974458532,104.704994891706,5.67863002172437,0,1000,996.09375,3.90625,5.67863002172437,5.65439737834059,-545.768046660413,0,5.67863002172437,0.473219168477031,5.67863002172437,-8.88178419700125e-16,51.139694692924,33337,68,996.09375,-3.76530020560347,999.859050205603,996.09375
0.605,999.905193206486,0.220136239762636,0.0110068119881318,5.23549134877296,104.709826975459,5.58808894888536,0,1000,1010.7421875,-10.7421875,5.58808894888536,5.65472871819077,1986.59954444966,0,5.58808894888536,0.46567407907378,5.58808894888536,-8.88178419700125e-16,51.2444019996572,33406,69,1010.7421875,10.8369942935142,999.905193206486,1010.7421875
0.606,999.879353010929,0.192433217741338,0.0096216608870669,5.23535604982542,104.707120996508,5.67805017698655,0,1000,996.09375,3.90625,5.67805017698655,5.65381753360277,-785.906629625287,0,5.67805017698655,0.473170848082213,5.67805017698655,0,51.3491116090782,33474,68,996.09375,-3.78560301092898,999.879353010929,996.09375
0.607,999.849168551983,0.21075081394655,0.0105375406973275,5.23519800436796,104.703960087359,5.67838151683674,0,1000,996.09375,3.90625,5.67838151683674,5.65414887345295,-654.922191354406,0,5.67838151683674,0.473198459736395,5.67838151683674,0,51.4538163983592,33542,68,996.09375,-3.75541855198344,999.849168551983,996.09375
0.608,999.874583424987,0.217583397699627,0.0108791698849813,5.23533107633182,104.706621526636,5.67871285668692,0,1000,996.09375,3.90625,5.67871285668692,5.65448021330313,-545.768492795338,0,5.67871285668692,0.473226071390577,5.67871285668692,0,51.5585214093263,33610,68,996.09375,-3.78083342498735,999.874583424987,996.09375
0.609,999.920714410328,0.220136991152122,0.0110068495576061,5.23557261760624,104.711452352125,5.5881717838479,0,1000,1010.7421875,-10.7421875,5.5881717838479,5.65481155315332,1986.59917267055,0,5.5881717838479,0.465680981987325,5.5881717838479,0,51.6632303420638,33679,69,1010.7421875,10.8214730896724,999.920714410328,1010.7421875
0.61,999.894862362402,0.192434000590407,0.00962170002952037,5.23543725659983,104.708745131997,5.6781330119491,0,1000,996.09375,3.90625,5.6781330119491,5.65390036856531,-785.906939441207,0,5.6781330119491,0.473177750995758,5.6781330119491,0,51.7679415762395,33747,68,996.09375,-3.80111236240225,999.894862362402,996.09375
0.611,999.864666212046,0.210751627827975,0.0105375813913987,5.23527914992629,104.705582998526,5.67846435179928,0,1000,996.09375,3.90625,5.67846435179928,5.6542317084155,-654.922449534339,0,5.67846435179928,0.47320536264994,5.67846435179928,0,51.8726479890424,33815,68,996.09375,-3.77091621204602,999.864666212046,996.09375
0.612,999.890069552411,0.21758424219198,0.010879212109599,5.2354121615054,104.708243230108,5.67879569164947,0,1000,996.09375,3.90625,5.67879569164947,5.65456304826568,-545.768707945282,0,5.67879569164947,0.473232974304122,5.67879569164947,0,51.9773546223155,33883,68,996.09375,-3.79631955241132,999.890069552411,996.09375
0.613,999.936189161729,0.220137865839702,0.0110068932919851,5.2356536432151,104.713072864302,5.58825461881045,0,1000,1010.7421875,-10.7421875,5.58825461881045,5.65489438811587,1986.59899337893,0,5.58825461881045,0.465687884900871,5.58825461881045,0,52.0820651761595,33952,69,1010.7421875,10.8059983382713,999.936189161729,1010.7421875
0.614,999.91032589227,0.192434905063154,0.00962174525315772,5.23551822345289,104.710364469058,5.67821584691165,0,1000,996.09375,3.90625,5.67821584691165,5.65398320352786,-785.907088850891,0,5.67821584691165,0.473184653909304,5.67821584691165,0,52.1867780302584,34020,68,996.09375,-3.81657589226995,999.91032589227,996.09375
0.615,999.880118672772,0.2107525616814,0.01053762808407,5.23536005882145,104.707201176429,5.67854718676183,0,1000,996.09375,3.90625,5.67854718676183,5.65431454337805,-654.922574042409,0,5.67854718676183,0.473212265563486,5.67854718676183,-8.88178419700125e-16,52.2914860618175,34088,68,996.09375,-3.78636867277157,999.880118672772,996.09375
0.616,999.905511094316,0.217585205027086,0.0108792602513543,5.23549301322975,104.709860264595,5.58800611392282,0,1000,1010.7421875,-10.7421875,5.58800611392282,5.65464588322823,1895.63743829799,0,5.58800611392282,0.465667176160235,5.58800611392281,-8.88178419700125e-16,52.3961943126954,34157,69,1010.7421875,10.8366764056842,999.905511094316,1010.7421875
0.617,999.871917294665,0.191476506094087,0.00957382530470437,5.2353171165061,104.706342330122,5.67796734202401,0,1000,996.09375,3.90625,5.67796734202401,5.65373469864022,-861.708384751673,0,5.67796734202401,0.473163945168668,5.67796734202401,0,52.5009034839858,34225,68,996.09375,-3.77816729466542,999.871917294665,996.09375
0.618,999.838821838246,0.210388160401588,0.0105194080200794,5.23514382910151,104.70287658203,5.6782986818742,0,1000,996.09375,3.90625,5.6782986818742,5.65406603849041,-718.090320626394,0,5.6782986818742,0.47319155682285,5.6782986818742,0,52.6056073177965,34293,68,996.09375,-3.74507183824608,999.838821838246,996.09375
0.619,999.863130232108,0.217442131379046,0.0108721065689523,5.23527110755414,104.705422151083,5.67863002172438,0,1000,996.09375,3.90625,5.67863002172438,5.65439737834059,-598.408600521995,0,5.67863002172438,0.473219168477032,5.67863002172438,0,52.7103111782356,34361,68,996.09375,-3.76938023210812,999.863130232108,996.09375
0.62,999.908827347884,0.220078264773341,0.011003913238667,5.23551037709283,104.710207541857,5.58808894888536,0,1000,1010.7421875,-10.7421875,5.58808894888536,5.65472871819078,1942.73241623167,0,5.58808894888536,0.46567407907378,5.58808894888536,0,52.8150188854919,34430,69,1010.7421875,10.8333601521165,999.908827347884,1010.7421875
0.621,999.882792319154,0.192406082854267,0.00962030414271337,5.23537405800117,104.707481160023,5.67805017698656,0,1000,996.09375,3.90625,5.67805017698656,5.65381753360277,-822.462569806941,0,5.67805017698656,0.473170848082213,5.67805017698656,0,52.9197288640115,34498,68,996.09375,-3.78904231915362,999.882792319154,996.09375
0.622,999.85250695167,0.210735244365503,0.0105367622182752,5.23521548418784,104.704309683757,5.67838151683674,0,1000,996.09375,3.90625,5.67838151683674,5.65414887345296,-685.385474839117,0,5.67838151683674,0.473198459736395,5.67838151683674,0,53.0244340076972,34566,68,996.09375,-3.75875695166997,999.85250695167,996.09375
0.623,999.877856294346,0.21757221116696,0.010878610558348,5.23534821303571,104.706964260714,5.67871285668693,0,1000,996.09375,3.90625,5.67871285668693,5.65448021330314,-571.154562365931,0,5.67871285668693,0.473226071390577,5.67871285668693,0,53.1291393646491,34634,68,996.09375,-3.7841062943462,999.877856294346,996.09375
0.624,999.923935309626,0.220127510757476,0.0110063755378738,5.23558948219553,104.711789643911,5.58817178384791,0,1000,1010.7421875,-10.7421875,5.58817178384791,5.65481155315332,1965.44411469506,0,5.58817178384791,0.465680981987326,5.58817178384791,0,53.2338486373292,34703,69,1010.7421875,10.8182521903739,999.923935309626,1010.7421875
0.625,999.898036718016,0.192425228000418,0.0096212614000209,5.23545387748696,104.709077549739,5.67813301194911,0,1000,996.09375,3.90625,5.67813301194911,5.65390036856532,-803.536154420786,0,5.67813301194911,0.473177750995759,5.67813301194911,0,53.33856020633,34771,68,996.09375,-3.80428671801621,999.898036718016,996.09375
0.626,999.867796414813,0.210743190112466,0.0105371595056233,5.23529553962965,104.705910792593,5.67846435179929,0,1000,996.09375,3.90625,5.67846435179929,5.6542317084155,-669.613462017321,0,5.67846435179929,0.473205362649941,5.67846435179929,-8.88178419700125e-16,53.4432669492247,34839,68,996.09375,-3.77404641481303,999.867796414813,996.09375
0.627,999.893156857202,0.217575999441393,0.0108787999720696,5.23542832659549,104.70856653191,5.67879569164947,0,1000,996.09375,3.90625,5.67879569164947,5.65456304826569,-558.011218347768,0,5.67879569164947,0.473232974304123,5.67879569164947,0,53.5479739080372,34907,68,996.09375,-3.79940685720192,999.893156857202,996.09375
0.628,999.939234395241,0.220129764974406,0.0110064882487203,5.23566958802048,104.71339176041,5.58825461881046,0,1000,1010.7421875,-10.7421875,5.58825461881046,5.65489438811587,1976.39690137686,0,5.58825461881046,0.465687884900871,5.58825461881046,0,53.6526847829739,34976,69,1010.7421875,10.8029531047592,999.939234395241,1010.7421875
0.629,999.913329716798,0.192426925366811,0.00962134626834054,5.23553395144133,104.710679028827,5.67821584691165,0,1000,996.09375,3.90625,5.67821584691165,5.65398320352787,-794.40883218595,0,5.67821584691165,0.473184653909304,5.67821584691165,0,53.7573979537954,35044,68,996.09375,-3.81957971679765,999.913329716798,996.09375
0.63,999.883081684546,0.210744694508075,0.0105372347254038,5.23537557311482,104.707511462296,5.67854718676184,0,1000,996.09375,3.90625,5.67854718676184,5.65431454337805,-662.007360154958,0,5.67854718676184,0.473212265563486,5.67854718676184,0,53.8621062977723,35112,68,996.09375,-3.78933168454648,999.883081684546,996.09375
0.631,999.90843386021,0.217577446240533,0.0108788723120267,5.23550831679619,104.710166335924,5.67887852661202,0,1000,996.09375,3.90625,5.67887852661202,5.65464588322823,-551.672800129132,0,5.67887852661202,0.473239877217668,5.67887852661202,0,53.9668148568239,35180,68,996.09375,-3.81468386021027,999.90843386021,996.09375
0.632,999.954503004359,0.220131204419486,0.0110065602209743,5.23574953427088,104.714990685418,5.588337453773,0,1000,1010.7421875,-10.7421875,5.588337453773,5.65497722307842,1981.67891655906,0,5.588337453773,0.465694787814417,5.588337453773,0,54.0715273311254,35249,69,1010.7421875,10.787684495641,999.954503004359,1010.7421875
0.633,999.928589956813,0.192428375985166,0.00962141879925833,5.2356138538712,104.712277077424,5.6782986818742,0,1000,996.09375,3.90625,5.6782986818742,5.65406603849041,-790.007152867453,0,5.6782986818742,0.47319155682285,5.6782986818742,0,54.1762421004331,35317,68,996.09375,-3.83483995681252,999.928589956813,996.09375
0.634,999.898333635877,0.210746163013518,0.0105373081506759,5.23545543214525,104.709108642905,5.67863002172438,0,1000,996.09375,3.90625,5.67863002172438,5.6543973783406,-658.339294056211,0,5.67863002172438,0.473219168477032,5.67863002172438,0,54.2809520420237,35385,68,996.09375,-3.80458363587741,999.898333635877,996.09375
0.635,999.923677623037,0.217578934948056,0.0108789467474028,5.2355881329517,104.711762659034,5.67896136157457,0,1000,996.09375,3.90625,5.67896136157457,5.65472871819078,-548.616078380176,0,5.67896136157457,0.473246780131214,5.67896136157457,0,54.3856621978263,35453,68,996.09375,-3.82992762303729,999.923677623037,996.09375
0.636,999.96973868527,0.220132714007743,0.0110066357003872,5.23582930810958,104.716586162192,5.58842028873555,0,1000,1010.7421875,-10.7421875,5.58842028873555,5.65506005804096,1984.22618468319,0,5.58842028873555,0.465701690727963,5.58842028873555,0,54.4903762680268,35522,69,1010.7421875,10.7724488147302,999.96973868527,1010.7421875
0.637,999.943817663843,0.192429906525656,0.00962149532628281,5.23569358595877,104.713871719175,5.67838151683675,0,1000,996.09375,3.90625,5.67838151683675,5.65414887345296,-787.884429430677,0,5.67838151683675,0.473198459736396,5.67838151683675,-8.88178419700125e-16,54.5950926323928,35590,68,996.09375,-3.85006766384311,999.943817663843,996.09375
0.638,999.913553476674,0.210747714353988,0.0105373857176994,5.23553512304531,104.710702460906,5.67871285668693,0,1000,996.09375,3.90625,5.67871285668693,5.65448021330314,-656.570357858898,0,5.67871285668693,0.473226071390577,5.67871285668693,0,54.6998041682124,35658,68,996.09375,-3.81980347667411,999.913553476674,996.09375
0.639,999.938889704187,0.217580506855325,0.0108790253427663,5.23566778322235,104.713355664447,5.67904419653711,0,1000,996.09375,3.90625,5.67904419653711,5.65481155315333,-547.141964882415,0,5.67904419653711,0.473253683044759,5.67904419653711,-8.88178419700125e-16,54.8045159174257,35726,68,996.09375,-3.84513970418686,999.938889704187,996.09375
0.64,999.984943112062,0.220134306220872,0.0110067153110436,5.2359089183021,104.718178366042,5.5885031236981,0,1000,1010.7421875,-10.7421875,5.5885031236981,5.65514289300351,1985.45461259799,0,5.5885031236981,0.465708593641508,5.5885031236981,-8.88178419700125e-16,54.9092315802299,35795,69,1010.7421875,10.7572443879385,999.984943112062,1010.7421875
0.641,999.959014540191,0.192431518775727,0.00962157593878633,5.23577315661726,104.715463132345,5.67846435179929,0,1000,996.09375,3.90625,5.67846435179929,5.65423170841551,-786.860739501677,0,5.67846435179929,0.473205362649941,5.67846435179929,0,55.0139495364036,35863,68,996.09375,-3.86526454019122,999.959014540191,996.09375
0.642,999.928742905103,0.210749346371444,0.0105374673185722,5.23561465470658,104.712293094132,5.67879569164948,0,1000,996.09375,3.90625,5.67879569164948,5.65456304826569,-655.717282918064,0,5.67879569164948,0.473232974304123,5.67879569164948,0,55.1186626632455,35931,68,996.09375,-3.83499290510326,999.928742905103,996.09375
0.643,999.954071785837,0.21758215837267,0.0108791079186335,5.23574727641598,104.71494552832,5.58825461881046,0,1000,1010.7421875,-10.7421875,5.58825461881046,5.65489438811587,1894.97518090161,0,5.58825461881046,0.465687884900872,5.58825461881046,0,55.2233760027065,36000,69,1010.7421875,10.7881157141632,999.954071785837,1010.7421875
0.644,999.920415308275,0.191473625804824,0.00957368129024119,5.23557105151155,104.711421030231,5.67821584691166,0,1000,996.09375,3.90625,5.67821584691166,5.65398320352787,-862.260265915322,0,5.67821584691166,0.473184653909305,5.67821584691166,0,55.3280902559714,36068,68,996.09375,-3.82666530827464,999.920415308275,996.09375
0.645,999.887258025124,0.210385444218196,0.0105192722109098,5.23539744038295,104.707948807659,5.67854718676184,0,1000,996.09375,3.90625,5.67854718676184,5.65431454337805,-718.550221596102,0,5.67854718676184,0.473212265563487,5.67854718676184,0,55.4327991652375,36136,68,996.09375,-3.79350802512386,999.887258025124,996.09375
0.646,999.911505431876,0.217439577072931,0.0108719788536465,5.23552439950782,104.710487990156,5.67887852661202,0,1000,996.09375,3.90625,5.67887852661202,5.65464588322824,-598.791851330085,0,5.67887852661202,0.473239877217669,5.67887852661202,0,55.5375080947017,36204,68,996.09375,-3.81775543187587,999.911505431876,996.09375
0.647,999.95714238876,0.22007587014617,0.0110037935073085,5.23576335405529,104.715267081106,5.58833745377301,0,1000,1010.7421875,-10.7421875,5.58833745377301,5.65497722307842,1942.41304055826,0,5.58833745377301,0.465694787814417,5.58833745377301,0,55.64222086464,36273,69,1010.7421875,10.7850451112399,999.95714238876,1010.7421875
0.648,999.931048018111,0.192403845737564,0.00962019228687818,5.23562672425007,104.712534485001,5.6782986818742,0,1000,996.09375,3.90625,5.6782986818742,5.65406603849042,-822.728716201448,0,5.6782986818742,0.47319155682285,5.6782986818742,-8.88178419700125e-16,55.7469358995846,36341,68,996.09375,-3.8372980181108,999.931048018111,996.09375
0.649,999.900704114585,0.210733162620238,0.0105366581310119,5.23546784394274,104.709356878855,5.67863002172439,0,1000,996.09375,3.90625,5.67863002172439,5.6543973783406,-685.607263501207,0,5.67863002172439,0.473219168477032,5.67863002172439,0,55.8516460935234,36409,68,996.09375,-3.80695411458487,999.900704114585,996.09375
0.65,999.925995716152,0.217570282683153,0.0108785141341577,5.23560027045887,104.712005409177,5.67896136157457,0,1000,996.09375,3.90625,5.67896136157457,5.65472871819078,-571.339386251006,0,5.67896136157457,0.473246780131214,5.67896136157457,-8.88178419700125e-16,55.9563564946403,36477,68,996.09375,-3.83224571615176,999.925995716152,996.09375
0.651,999.97201777446,0.220125733453801,0.0110062866726901,5.23584124139267,104.716824827853,5.58842028873555,0,1000,1010.7421875,-10.7421875,5.58842028873555,5.65506005804097,1965.29009479083,0,5.58842028873555,0.465701690727963,5.58842028873555,-8.88178419700125e-16,56.0610708054797,36546,69,1010.7421875,10.7701697255402,999.97201777446,1010.7421875
0.652,999.946062999366,0.192423599823816,0.00962117999119078,5.23570534250808,104.714106850162,5.67838151683675,0,1000,996.09375,3.90625,5.67838151683675,5.65414887345296,-803.664504340976,0,5.67838151683675,0.473198459736396,5.67838151683675,0,56.1657874067161,36614,68,996.09375,-3.85231299936629,999.946062999366,996.09375
0.653,999.915767275665,0.210741709037757,0.0105370854518878,5.23554671446972,104.710934289394,5.67871285668693,0,1000,996.09375,3.90625,5.67871285668693,5.65448021330315,-669.720420284147,0,5.67871285668693,0.473226071390578,5.67871285668693,0,56.2704991760027,36682,68,996.09375,-3.82201727566462,999.915767275665,996.09375
0.654,999.941073050178,0.217574663470898,0.0108787331735449,5.23567921519522,104.713584303904,5.67904419653712,0,1000,996.09375,3.90625,5.67904419653712,5.65481155315333,-558.100350236789,0,5.67904419653712,0.47325368304476,5.67904419653712,0,56.3752111554431,36750,68,996.09375,-3.84732305017826,999.941073050178,996.09375
0.655,999.987096662744,0.220128572137576,0.0110064286068788,5.23592019426711,104.718403885342,5.5885031236981,0,1000,1010.7421875,-10.7421875,5.5885031236981,5.65514289300352,1976.32262480268,0,5.5885031236981,0.465708593641508,5.5885031236981,0,56.4799270453219,36819,69,1010.7421875,10.7550908372559,999.987096662744,1010.7421875
0.656,999.961138791149,0.192425873719858,0.00962129368599291,5.23578427916926,104.715685583385,5.6784643517993,0,1000,996.09375,3.90625,5.6784643517993,5.65423170841551,-794.470729331103,0,5.6784643517993,0.473205362649942,5.6784643517993,0,56.5846452254767,36887,68,996.09375,-3.86738879114864,999.961138791149,996.09375
0.657,999.93083828812,0.210743782133609,0.0105371891066804,5.2356256261064,104.712512522128,5.67879569164948,0,1000,996.09375,3.90625,5.67879569164948,5.6545630482657,-662.058941109253,0,5.67879569164948,0.473232974304123,5.67879569164948,0,56.6893585732545,36955,68,996.09375,-3.83708828812019,999.93083828812,996.09375
0.658,999.956138705572,0.2175766712472,0.01087883356236,5.2357580987824,104.715161975648,5.67912703149967,0,1000,996.09375,3.90625,5.67912703149967,5.65489438811588,-551.715784257711,0,5.67912703149967,0.473260585958305,5.67912703149967,0,56.7940721306497,37023,68,996.09375,-3.86238870557179,999.956138705572,996.09375
0.659,1000.0021567944,0.220130564941619,0.0110065282470809,5.23599904893204,104.719980978641,5.58858595866065,0,1000,1010.7421875,-10.7421875,5.58858595866065,5.65522572796606,1981.64309645191,0,5.58858595866065,0.465715496555054,5.58858595866065,0,56.8987895979116,37092,69,1010.7421875,10.7400307056031,1000.0021567944,1010.7421875
0.66,999.97619338487,0.192427870182435,0.00962139350912177,5.23586310483766,104.717262096753,5.67854718676185,0,1000,996.09375,3.90625,5.67854718676185,5.65431454337806,-790.037002956743,0,5.67854718676185,0.473212265563487,5.67854718676185,0,57.0035093548695,37160,68,996.09375,-3.88244338486982,999.97619338487,996.09375
0.661,999.945887385881,0.210745789070582,0.0105372894535291,5.23570442299802,104.71408845996,5.67887852661203,0,1000,996.09375,3.90625,5.67887852661203,5.65464588322824,-658.36416913062,0,5.67887852661203,0.473239877217669,5.67887852661203,-8.88178419700125e-16,57.1082242788725,37228,68,996.09375,-3.85213738588141,999.945887385881,996.09375
0.662,999.971182369628,0.21757869107423,0.0108789345537115,5.2358368672232,104.716737344464,5.58833745377301,0,1000,1010.7421875,-10.7421875,5.58833745377301,5.65497722307843,1892.76944239115,0,5.58833745377301,0.465694787814418,5.58833745377301,-8.88178419700125e-16,57.2129394119204,37297,69,1010.7421875,10.7710051303724,999.971182369628,1010.7421875
0.663,999.937492455497,0.191470247267835,0.00957351236339174,5.23566046724532,104.713209344906,5.67829868187421,0,1000,996.09375,3.90625,5.67829868187421,5.65406603849042,-864.098381340708,0,5.67829868187421,0.473191556822851,5.67829868187421,0,57.3176554552467,37365,68,996.09375,-3.84374245549748,999.937492455497,996.09375
0.664,999.904302189888,0.210382153230285,0.0105191076615142,5.23548668342097,104.709733668419,5.67863002172439,0,1000,996.09375,3.90625,5.67863002172439,5.65439737834061,-720.08198445059,0,5.67863002172439,0.473219168477033,5.67863002172439,0,57.4223661510967,37433,68,996.09375,-3.8105521898882,999.904302189888,996.09375
0.665,999.928517062104,0.217436372442563,0.0108718186221282,5.2356134721954,104.712269443908,5.67896136157458,0,1000,996.09375,3.90625,5.67896136157458,5.65472871819079,-600.068320375492,0,5.67896136157458,0.473246780131215,5.67896136157458,0,57.5270768637142,37501,68,996.09375,-3.83476706210365,999.928517062104,996.09375
0.666,999.974121926283,0.220072750699623,0.0110036375349811,5.23585225870586,104.717045174117,5.58842028873556,0,1000,1010.7421875,-10.7421875,5.58842028873556,5.65506005804097,1941.34931635376,0,5.58842028873556,0.465701690727963,5.58842028873556,0,57.631791413422,37570,69,1010.7421875,10.7680655737172,999.974121926283,1010.7421875
0.667,999.947995898756,0.19240081031766,0.00962004051588302,5.23571546314562,104.714309262912,5.67838151683676,0,1000,996.09375,3.90625,5.67838151683676,5.65414887345297,-823.615153038536,0,5.67838151683676,0.473198459736396,5.67838151683676,0,57.7365082247983,37638,68,996.09375,-3.85424589875629,999.947995898756,996.09375
0.668,999.917620768262,0.210730210085743,0.0105365105042872,5.23555641933426,104.711128386685,5.67871285668694,0,1000,996.09375,3.90625,5.67871285668694,5.65448021330315,-686.345960865447,0,5.67871285668694,0.473226071390578,5.67871285668694,0,57.8412201918763,37706,68,996.09375,-3.8238707682616,999.917620768262,996.09375
0.669,999.94288156693,0.217567411908413,0.0108783705954207,5.23568868456679,104.713773691336,5.67904419653712,0,1000,996.09375,3.90625,5.67904419653712,5.65481155315334,-571.954967387872,0,5.67904419653712,0.47325368304476,5.67904419653712,0,57.9459323628844,37774,68,996.09375,-3.8491315669296,999.94288156693,996.09375
0.67,999.988873240649,0.220122943328482,0.0110061471664241,5.23592949640727,104.718589928145,5.58850312369811,0,1000,1010.7421875,-10.7421875,5.58850312369811,5.65514289300352,1964.77711051011,0,5.58850312369811,0.465708593641509,5.58850312369811,0,58.0506484404114,37843,69,1010.7421875,10.7533142593506,999.988873240649,1010.7421875
0.671,999.962888493597,0.192420889252671,0.00962104446263355,5.23579344058986,104.715868811797,5.6784643517993,0,1000,996.09375,3.90625,5.6784643517993,5.65423170841552,-804.091991241578,0,5.6784643517993,0.473205362649942,5.6784643517993,0,58.1553668051752,37911,68,996.09375,-3.86913849359746,999.962888493597,996.09375
0.672,999.932563204963,0.210739076940421,0.010536953847021,5.23563465774987,104.712693154997,5.67879569164949,0,1000,996.09375,3.90625,5.67879569164949,5.6545630482657,-670.076659367982,0,5.67879569164949,0.473232974304124,5.67879569164949,-8.88178419700125e-16,58.2600803348719,37979,68,996.09375,-3.83881320496278,999.932563204963,996.09375
0.673,999.957839816042,0.217572108781677,0.0108786054390839,5.235767005776,104.71534011552,5.67912703149967,0,1000,996.09375,3.90625,5.67912703149967,5.65489438811588,-558.397216139985,0,5.67912703149967,0.473260585958306,5.67912703149967,0,58.3647940716474,38047,68,996.09375,-3.86408981604222,999.957839816042,996.09375
0.674,1000.00383466122,0.220126093805251,0.0110063046902626,5.23600783422219,104.720156684444,5.58858595866065,0,1000,1010.7421875,-10.7421875,5.58858595866065,5.65522572796607,1976.07523655001,0,5.58858595866065,0.465715496555054,5.58858595866065,0,58.4695117158281,38116,69,1010.7421875,10.7383528387799,1000.00383466122,1010.7421875
0.675,999.977848412904,0.192423470707485,0.00962117353537426,5.23587177054418,104.717435410884,5.67854718676185,0,1000,996.09375,3.90625,5.67854718676185,5.65431454337806,-794.676886208323,0,5.67854718676185,0.473212265563487,5.67854718676185,0,58.5742316472929,38184,68,996.09375,-3.88409841290422,999.977848412904,996.09375
0.676,999.947519918518,0.210741453418325,0.0105370726709162,5.23571297091892,104.714259418378,5.67887852661203,0,1000,996.09375,3.90625,5.67887852661203,5.65464588322825,-662.230738506936,0,5.67887852661203,0.473239877217669,5.67887852661203,0,58.6789467434292,38252,68,996.09375,-3.85376991851808,999.947519918518,996.09375
0.677,999.972792724741,0.217574415820033,0.0108787207910016,5.23584529902286,104.716905980457,5.67920986646222,0,1000,996.09375,3.90625,5.67920986646222,5.65497722307843,-551.85894875578,0,5.67920986646222,0.473267488871851,5.67920986646222,0,58.7836620462717,38320,68,996.09375,-3.87904272474134,999.972792724741,996.09375
0.678,1000.0187835773,0.220128381807298,0.0110064190903649,5.23608610656377,104.721722131275,5.5886687936232,0,1000,1010.7421875,-10.7421875,5.5886687936232,5.65530856292861,1981.52379270352,0,5.5886687936232,0.4657223994686,5.5886687936232,0,58.888381256109,38389,69,1010.7421875,10.7234039226953,1000.0187835773,1010.7421875
0.679,999.992793301391,0.192425758359208,0.00962128791796041,5.23595002179731,104.719000435946,5.6786300217244,0,1000,996.09375,3.90625,5.6786300217244,5.65439737834061,-790.136422747069,0,5.6786300217244,0.473219168477033,5.6786300217244,0,58.9931027528097,38457,68,996.09375,-3.89904330139063,999.992793301391,996.09375
0.68,999.962460800867,0.210743747590028,0.0105371873795014,5.23579120119596,104.715824023919,5.67896136157458,0,1000,996.09375,3.90625,5.67896136157458,5.65472871819079,-658.447018955891,0,5.67896136157458,0.473246780131215,5.67896136157458,0,59.097819413761,38525,68,996.09375,-3.86871080086689,999.962460800867,996.09375
0.681,999.987729642975,0.217576718981079,0.0108788359490539,5.23592350854384,104.718470170877,5.58842028873556,0,1000,1010.7421875,-10.7421875,5.58842028873556,5.65506005804098,1892.70040087009,0,5.58842028873556,0.465701690727964,5.58842028873556,0,59.2025362810011,38594,69,1010.7421875,10.7544578570255,999.987729642975,1010.7421875
0.682,999.954013942215,0.19146834361979,0.0095734171809895,5.23574697354748,104.71493947095,5.67838151683676,0,1000,996.09375,3.90625,5.67838151683676,5.65414887345297,-864.155915941591,0,5.67838151683676,0.473198459736397,5.67838151683676,0,59.3072540558005,38662,68,996.09375,-3.86026394221528,999.954013942215,996.09375
0.683,999.920798240165,0.210380317097846,0.0105190158548923,5.23557305653824,104.711461130765,5.67871285668694,0,1000,996.09375,3.90625,5.67871285668694,5.65448021330316,-720.129929951326,0,5.67871285668694,0.473226071390579,5.67871285668694,-8.88178419700125e-16,59.4119664804416,38730,68,996.09375,-3.82704824016548,999.920798240165,996.09375
0.684,999.944988021373,0.217434602908852,0.0108717301454426,5.23569971393647,104.713994278729,5.67904419653713,0,1000,996.09375,3.90625,5.67904419653713,5.65481155315334,-600.108274959438,0,5.67904419653713,0.473253683044761,5.67904419653713,0,59.5166789192047,38798,68,996.09375,-3.85123802137321,999.944988021373,996.09375
0.685,999.990568135287,0.220071046860214,0.0110035523430107,5.23593837085483,104.718767417097,5.58850312369811,0,1000,1010.7421875,-10.7421875,5.58850312369811,5.65514289300352,1941.31602086713,0,5.58850312369811,0.465708593641509,5.58850312369811,0,59.6213951924485,38867,69,1010.7421875,10.7516193647134,999.990568135287,1010.7421875
0.686,999.964417693609,0.192399171280409,0.00961995856402047,5.23580144746239,104.716028949248,5.67846435179931,0,1000,996.09375,3.90625,5.67846435179931,5.65423170841552,-823.642899277388,0,5.67846435179931,0.473205362649942,5.67846435179931,0,59.7261137247866,38935,68,996.09375,-3.87066769360854,999.964417693609,996.09375
0.687,999.934018480512,0.210728634970622,0.0105364317485311,5.23564227755483,104.712845551097,5.67879569164949,0,1000,996.09375,3.90625,5.67879569164949,5.6545630482657,-686.369082731156,0,5.67879569164949,0.473232974304124,5.67879569164949,0,59.830827410287,39003,68,996.09375,-3.8402684805119,999.934018480512,996.09375
0.688,999.959255523625,0.217565899847345,0.0108782949923672,5.23577441840357,104.715488368071,5.67912703149967,0,1000,996.09375,3.90625,5.67912703149967,5.65489438811589,-571.974235609297,0,5.67912703149967,0.473260585958306,5.67912703149967,0,59.9355412972129,39071,68,996.09375,-3.86550552362496,999.959255523625,996.09375
0.689,1000.0052237644,0.220121493465178,0.0110060746732589,5.23601510754941,104.720302150988,5.58858595866066,0,1000,1010.7421875,-10.7421875,5.58858595866066,5.65522572796607,1964.76105365892,0,5.58858595866066,0.465715496555055,5.58858595866066,0,60.0402590881869,39140,69,1010.7421875,10.7369637356043,1000.0052237644,1010.7421875
0.69,999.97921590262,0.192419500742472,0.0096209750371236,5.23587893070359,104.717578614072,5.67854718676185,0,1000,996.09375,3.90625,5.67854718676185,5.65431454337807,-804.105371950901,0,5.67854718676185,0.473212265563488,5.67854718676185,0,60.1449791639605,39208,68,996.09375,-3.88546590261967,999.97921590262,996.09375
0.691,999.948867813165,0.210737748950136,0.0105368874475068,5.23572002847878,104.714400569576,5.67887852661204,0,1000,996.09375,3.90625,5.67887852661204,5.65464588322825,-670.087809959084,0,5.67887852661204,0.47323987721767,5.67887852661204,0,60.2496944022629,39276,68,996.09375,-3.85511781316484,999.948867813165,996.09375
0.692,999.974121933064,0.217570840489433,0.0108785420244717,5.23585225874136,104.717045174827,5.67920986646222,0,1000,996.09375,3.90625,5.67920986646222,5.65497722307843,-558.406508299237,0,5.67920986646222,0.473267488871852,5.67920986646222,0,60.3544098452727,39344,68,996.09375,-3.88037193306423,999.974121933064,996.09375
0.693,1000.0200945925,0.220124884400334,0.0110062442200167,5.23609297102327,104.721859420465,5.5886687936232,0,1000,1010.7421875,-10.7421875,5.5886687936232,5.65530856292862,1976.06749308397,0,5.5886687936232,0.4657223994686,5.5886687936232,0,60.4591291933484,39413,69,1010.7421875,10.7220929075028,1000.0200945925,1010.7421875
0.694,999.994086459724,0.192422319390191,0.00962111596950954,5.23595679275851,104.71913585517,5.6786300217244,0,1000,996.09375,3.90625,5.6786300217244,5.65439737834061,-794.683339096692,0,5.6786300217244,0.473219168477033,5.6786300217244,-8.88178419700125e-16,60.5638508264007,39481,68,996.09375,-3.90033645972437,999.994086459724,996.09375
0.695,999.963736378077,0.210740359399811,0.0105370179699905,5.23579788010261,104.715957602052,5.67896136157458,0,1000,996.09375,3.90625,5.67896136157458,5.6547287181908,-662.23611591391,0,5.67896136157458,0.473246780131215,5.67896136157458,0,60.6685676218485,39549,68,996.09375,-3.86998637807676,999.963736378077,996.09375
0.696,999.988987890199,0.217573378322169,0.0108786689161085,5.2359300967109,104.718601934218,5.58842028873557,0,1000,1010.7421875,-10.7421875,5.58842028873557,5.65506005804098,1889.54282007174,0,5.58842028873557,0.465701690727964,5.58842028873557,0,60.7732846217571,39618,69,1010.7421875,10.7531996098014,999.988987890199,1010.7421875
0.697,999.955255099413,0.191465048893698,0.00957325244468492,5.23575347223137,104.715069444627,5.67838151683676,0,1000,996.09375,3.90625,5.67838151683676,5.65414887345298,-866.787233273549,0,5.67838151683676,0.473198459736397,5.67838151683676,0,60.878002527423,39686,68,996.09375,-3.86150509941251,999.955255099413,996.09375
0.698,999.922022541141,0.210377067325732,0.0105188533662866,5.23557946696316,104.711589339263,5.67871285668695,0,1000,996.09375,3.90625,5.67871285668695,5.65448021330316,-722.322694394624,0,5.67871285668695,0.473226071390579,5.67871285668695,0,60.9827150811531,39754,68,996.09375,-3.82827254114102,999.922022541141,996.09375
0.699,999.946195695679,0.217431397347946,0.0108715698673973,5.23570603730435,104.714120746087,5.67904419653713,0,1000,996.09375,3.90625,5.67904419653713,5.65481155315334,-601.935578662187,0,5.67904419653713,0.473253683044761,5.67904419653713,0,61.0874276472522,39822,68,996.09375,-3.85244569567931,999.946195695679,996.09375
0.7,999.991759408955,0.220067884860829,0.0110033942430415,5.23594460834918,104.718892166984,5.58850312369812,0,1000,1010.7421875,-10.7421875,5.58850312369812,5.65514289300353,1939.79326778151,0,5.58850312369812,0.46570859364151,5.58850312369812,0,61.1921440461026,39891,69,1010.7421875,10.7504280910448,999.991759408955,1010.7421875
0.701,999.965592789453,0.19239605223261,0.00961980261163051,5.23580760024985,104.716152004997,5.67846435179931,0,1000,996.09375,3.90625,5.67846435179931,5.65423170841552,-824.911860182074,0,5.67846435179931,0.473205362649943,5.67846435179931,0,61.2968627023416,39959,68,996.09375,-3.87184278945278,999.965592789453,996.09375
0.702,999.935177618264,0.210725558284274,0.0105362779142137,5.23564834678591,104.712966935718,5.6787956916495,0,1000,996.09375,3.90625,5.6787956916495,5.65456304826571,-687.426550151728,0,5.6787956916495,0.473232974304125,5.6787956916495,0,61.4015765100603,40027,68,996.09375,-3.84142761826399,999.935177618264,996.09375
0.703,999.960398920011,0.217562864944621,0.010878143247231,5.23578040521305,104.715608104261,5.67912703149968,0,1000,996.09375,3.90625,5.67912703149968,5.65489438811589,-572.855458459774,0,5.67912703149968,0.473260585958307,5.67912703149968,0,61.5062905175447,40095,68,996.09375,-3.86664892001147,999.960398920011,996.09375
0.704,1000.00635163319,0.220118499777697,0.0110059249888848,5.23602101305662,104.720420261132,5.58858595866066,0,1000,1010.7421875,-10.7421875,5.58858595866066,5.65522572796608,1964.02670128352,0,5.58858595866066,0.465715496555055,5.58858595866066,0,61.61100842744,40164,69,1010.7421875,10.735835866807,1000.00635163319,1010.7421875
0.705,999.980328454697,0.192416547710168,0.00962082738550838,5.23588475601264,104.717695120253,5.67854718676186,0,1000,996.09375,3.90625,5.67854718676186,5.65431454337807,-804.717332263732,0,5.67854718676186,0.473212265563488,5.67854718676186,-8.88178419700125e-16,61.7157286205199,40232,68,996.09375,-3.88657845469743,999.980328454697,996.09375
0.706,999.949965256528,0.21073483602077,0.0105367418010385,5.2357257746788,104.714515493576,5.67887852661204,0,1000,996.09375,3.90625,5.67887852661204,5.65464588322826,-670.597776886443,0,5.67887852661204,0.47323987721767,5.67887852661204,0,61.8204439745357,40300,68,996.09375,-3.85621525652846,999.949965256528,996.09375
0.707,999.975204472894,0.217567967118349,0.0108783983559175,5.23585792690666,104.717158538133,5.67920986646223,0,1000,996.09375,3.90625,5.67920986646223,5.65497722307844,-558.831480738703,0,5.67920986646223,0.473267488871852,5.67920986646222,-8.88178419700125e-16,61.9251595316873,40368,68,996.09375,-3.88145447289378,999.975204472894,996.09375
0.708,1000.02116243119,0.220122050050302,0.0110061025025151,5.23609856221357,104.721971244271,5.58866879362321,0,1000,1010.7421875,-10.7421875,5.58866879362321,5.65530856292862,1975.71334938441,0,5.58866879362321,0.465722399468601,5.58866879362321,-8.88178419700125e-16,62.0298789923548,40437,69,1010.7421875,10.7210250688137,1000.02116243119,1010.7421875
0.709,999.995139796918,0.19241952353129,0.00962097617656452,5.23596230801916,104.719246160383,5.67863002172441,0,1000,996.09375,3.90625,5.67863002172441,5.65439737834062,-794.978458846321,0,5.67863002172441,0.473219168477034,5.67863002172441,0,62.1346007364699,40505,68,996.09375,-3.90138979691767,999.995139796918,996.09375
0.71,999.964775410708,0.21073760150932,0.010536880075466,5.23580332046475,104.716066409295,5.67896136157459,0,1000,996.09375,3.90625,5.67896136157459,5.6547287181908,-662.482049038601,0,5.67896136157459,0.473246780131216,5.67896136157459,0,62.2393176414722,40573,68,996.09375,-3.87102541070817,999.964775410708,996.09375
0.711,999.990012812527,0.217570657884468,0.0108785328942234,5.23593546319166,104.718709263833,5.67929270142477,0,1000,996.09375,3.90625,5.67929270142477,5.65506005804099,-552.068374198834,0,5.67929270142477,0.473274391785398,5.67929270142477,0,62.3440347494476,40641,68,996.09375,-3.89626281252708,999.990012812527,996.09375
0.712,1000.03596874149,0.220124716568992,0.0110062358284496,5.23617608787301,104.72352175746,5.58875162858576,0,1000,1010.7421875,-10.7421875,5.58875162858576,5.65539139789117,1981.34927150097,0,5.58875162858576,0.465729302382146,5.58875162858576,0,62.4487557607355,40710,69,1010.7421875,10.706218758514,1000.03596874149,1010.7421875
0.713,1000.00994401624,0.192422184559311,0.00962110922796553,5.23603982273026,104.720796454605,5.67871285668695,0,1000,996.09375,3.90625,5.67871285668695,5.65448021330317,-790.281857082524,0,5.67871285668695,0.473226071390579,5.67871285668695,0,62.5534790552545,40778,68,996.09375,-3.91619401623859,1000.00994401624,996.09375
0.714,999.979577534211,0.210740263986783,0.0105370131993391,5.23588082420217,104.717616484043,5.67904419653714,0,1000,996.09375,3.90625,5.67904419653714,5.65481155315335,-658.568214235436,0,5.67904419653714,0.473253683044761,5.67904419653714,0,62.6581975104412,40846,68,996.09375,-3.88582753421144,999.979577534211,996.09375
0.715,1000.00481285629,0.217573324349596,0.0108786662174798,5.2360129560396,104.720259120792,5.58850312369812,0,1000,1010.7421875,-10.7421875,5.58850312369812,5.65514289300353,1892.5994048038,0,5.58850312369812,0.46570859364151,5.58850312369812,0,62.7629161683822,40915,69,1010.7421875,10.7373746437081,1000.00481285629,1010.7421875
0.716,999.971064090716,0.191465036751812,0.00957325183759058,5.23583624791627,104.716724958325,5.67846435179932,0,1000,996.09375,3.90625,5.67846435179932,5.65423170841553,-864.240079330164,0,5.67846435179932,0.473205362649943,5.67846435179931,-8.88178419700125e-16,62.8676357303963,40983,68,996.09375,-3.87731409071557,999.971064090716,996.09375
0.717,999.937815772877,0.210377096801523,0.0105188548400761,5.23566216013116,104.713243202623,5.6787956916495,0,1000,996.09375,3.90625,5.6787956916495,5.65456304826571,-720.20006610847,0,5.6787956916495,0.473232974304125,5.6787956916495,0,62.9723499388132,41051,68,996.09375,-3.84406577287677,999.937815772877,996.09375
0.718,999.961973381225,0.217431468008522,0.0108715734004261,5.23578864907268,104.715772981454,5.67912703149968,0,1000,996.09375,3.90625,5.67912703149968,5.6548943881159,-600.166721757058,0,5.67912703149968,0.473260585958307,5.67912703149968,-8.88178419700125e-16,63.0770641579597,41119,68,996.09375,-3.86822338122511,999.961973381225,996.09375
0.719,1000.00752175919,0.220067996196178,0.0110033998098089,5.23602713982203,104.720542796441,5.58858595866067,0,1000,1010.7421875,-10.7421875,5.58858595866067,5.65522572796608,1941.26731520245,0,5.58858595866067,0.465715496555056,5.58858595866067,-8.88178419700125e-16,63.1817822082408,41188,69,1010.7421875,10.7346657408063,1000.00752175919,1010.7421875
0.72,999.981340012552,0.192396203708721,0.00961981018543606,5.23589005251719,104.717801050344,5.67854718676186,0,1000,996.09375,3.90625,5.67854718676186,5.65431454337808,-823.683487331291,0,5.67854718676186,0.473212265563489,5.67854718676186,0,63.2865025143153,41256,68,996.09375,-3.88759001255244,999.981340012552,996.09375
0.721,999.950909919621,0.210725749362868,0.0105362874681434,5.23573072092319,104.714614418464,5.67887852661205,0,1000,996.09375,3.90625,5.67887852661205,5.65464588322826,-686.402906109409,0,5.67887852661205,0.473239877217671,5.67887852661205,0,63.3912179702963,41324,68,996.09375,-3.85715991962127,999.950909919621,996.09375
0.722,999.976116502255,0.217563095090436,0.0108781547545218,5.23586270228123,104.717254045625,5.67920986646223,0,1000,996.09375,3.90625,5.67920986646223,5.65497722307844,-572.002421757841,0,5.67920986646223,0.473267488871852,5.67920986646223,0,63.495933624491,41392,68,996.09375,-3.88236650225508,999.976116502255,996.09375
0.723,1000.02205469621,0.220118768461141,0.011005938423057,5.23610323410229,104.722064682046,5.58866879362321,0,1000,1010.7421875,-10.7421875,5.58866879362321,5.65530856292863,1964.7375652018,0,5.58866879362321,0.465722399468601,5.58866879362321,0,63.6006531795658,41461,69,1010.7421875,10.720132803793,1000.02205469621,1010.7421875
0.724,999.996017195655,0.192416854408244,0.00962084272041221,5.2359669020682,104.719338041364,5.67863002172441,0,1000,996.09375,3.90625,5.67863002172441,5.65439737834062,-804.124945665167,0,5.67863002172441,0.473219168477034,5.67863002172441,0,63.705375016315,41529,68,996.09375,-3.90226719565464,999.996017195655,996.09375
0.725,999.965639869925,0.210735180217364,0.0105367590108682,5.23580784676262,104.716156935252,5.67896136157459,0,1000,996.09375,3.90625,5.67896136157459,5.65472871819081,-670.104121387639,0,5.67896136157459,0.473246780131216,5.67896136157459,0,63.8100920125104,41597,68,996.09375,-3.87188986992487,999.965639869925,996.09375
0.726,999.990865150585,0.217568348304271,0.0108784174152135,5.2359399260233,104.718798520466,5.67929270142478,0,1000,996.09375,3.90625,5.67929270142478,5.65506005804099,-558.420101156366,0,5.67929270142478,0.473274391785398,5.67929270142478,0,63.9148092103724,41665,68,996.09375,-3.89711515058491,999.990865150585,996.09375
0.727,1000.03680936242,0.220122467723247,0.0110061233861623,5.23618048935394,104.723609787079,5.58875162858576,0,1000,1010.7421875,-10.7421875,5.58875162858576,5.65539139789117,1976.05616570303,0,5.58875162858576,0.465729302382147,5.58875162858576,0,64.0195303103008,41734,69,1010.7421875,10.7053781375777,1000.03680936242,1010.7421875
0.728,1000.01077316838,0.192419977195762,0.00962099885978809,5.23604416416071,104.720883283214,5.67871285668696,0,1000,996.09375,3.90625,5.67871285668696,5.65448021330317,-794.69277858081,0,5.67871285668696,0.47322607139058,5.67871285668696,0,64.1242536922471,41802,68,996.09375,-3.91702316837836,1000.01077316838,996.09375
0.729,999.980395406538,0.210738090676548,0.0105369045338274,5.23588510657166,104.717702131433,5.67904419653714,0,1000,996.09375,3.90625,5.67904419653714,5.65481155315335,-662.243982150675,0,5.67904419653714,0.473253683044762,5.67904419653714,-8.88178419700125e-16,64.2289722336702,41870,68,996.09375,-3.88664540653838,999.980395406538,996.09375
0.73,1000.00561961437,0.217571182072317,0.0108785591036158,5.23601718021503,104.720343604301,5.58850312369812,0,1000,1010.7421875,-10.7421875,5.58850312369812,5.65514289300354,1889.53626487444,0,5.58850312369812,0.46570859364151,5.58850312369812,-8.88178419700125e-16,64.3336909766753,41939,69,1010.7421875,10.7365678856286,1000.00561961437,1010.7421875
0.731,999.971859890095,0.191462924133051,0.00957314620665256,5.23584041471207,104.716808294241,5.67846435179932,0,1000,996.09375,3.90625,5.67846435179932,5.65423170841553,-866.792695937969,0,5.67846435179932,0.473205362649943,5.67846435179932,0,64.4384106225978,42007,68,996.09375,-3.87810989009472,999.971859890095,996.09375
0.732,999.938600764096,0.210375013083451,0.0105187506541725,5.23566627033557,104.713325406711,5.6787956916495,0,1000,996.09375,3.90625,5.6787956916495,5.65456304826572,-722.327246614974,0,5.6787956916495,0.473232974304125,5.6787956916495,0,64.5431249137833,42075,68,996.09375,-3.84485076409601,999.938600764096,996.09375
0.733,999.962747711702,0.217429412666375,0.0108714706333188,5.23579270345758,104.715854069152,5.67912703149969,0,1000,996.09375,3.90625,5.67912703149969,5.6548943881159,-601.939372179145,0,5.67912703149969,0.473260585958307,5.67912703149969,0,64.6478392145745,42143,68,996.09375,-3.86899771170181,999.962747711702,996.09375
0.734,1000.00828557394,0.220065968795319,0.0110032984397659,5.2360311391467,104.720622782934,5.58858595866067,0,1000,1010.7421875,-10.7421875,5.58858595866067,5.65522572796608,1939.79010651738,0,5.58858595866067,0.465715496555056,5.58858595866067,0,64.7525573453914,42212,69,1010.7421875,10.7339019260576,1000.00828557394,1010.7421875
0.735,999.982093454468,0.192394203851337,0.00961971019256685,5.23589399752983,104.717879950597,5.67854718676187,0,1000,996.09375,3.90625,5.67854718676187,5.65431454337808,-824.914494568851,0,5.67854718676187,0.473212265563489,5.67854718676187,0,64.8572777309081,42280,68,996.09375,-3.88834345446787,999.982093454468,996.09375
0.736,999.951653129602,0.21072377666807,0.0105361888334035,5.23573461236155,104.714692247231,5.67887852661205,0,1000,996.09375,3.90625,5.67887852661205,5.65464588322826,-687.428745474042,0,5.67887852661205,0.473239877217671,5.67887852661205,0,64.9619932652523,42348,68,996.09375,-3.85790312960228,999.951653129602,996.09375
0.737,999.976849619266,0.217561149186802,0.0108780574593401,5.23586654087292,104.717330817458,5.67920986646223,0,1000,996.09375,3.90625,5.67920986646223,5.65497722307845,-572.857287895035,0,5.67920986646223,0.473267488871853,5.67920986646223,0,65.0667089967462,42416,68,996.09375,-3.88309961926598,999.976849619266,996.09375
0.738,1000.02277785732,0.22011684898389,0.0110058424491945,5.23610702056501,104.7221404113,5.58866879362322,0,1000,1010.7421875,-10.7421875,5.58866879362322,5.65530856292863,1964.02517675414,0,5.58866879362322,0.465722399468602,5.58866879362322,0,65.1714286280703,42485,69,1010.7421875,10.7194096426828,1000.02277785732,1010.7421875
0.739,999.996730536069,0.192414960998147,0.00962074804990736,5.23597063710988,104.719412742198,5.67863002172441,0,1000,996.09375,3.90625,5.67863002172441,5.65439737834063,-804.718602704886,0,5.67863002172441,0.473219168477034,5.67863002172441,0,65.2761505400334,42553,68,996.09375,-3.90298053606932,999.996730536069,996.09375
0.74,999.966343523012,0.210733312520291,0.0105366656260145,5.23581153108157,104.716230621631,5.6789613615746,0,1000,996.09375,3.90625,5.6789613615746,5.65472871819081,-670.598835587405,0,5.6789613615746,0.473246780131216,5.6789613615746,-8.88178419700125e-16,65.3808676104212,42621,68,996.09375,-3.87259352301214,999.966343523012,996.09375
0.741,999.991559247901,0.217566505970983,0.0108783252985491,5.23594356030835,104.718871206167,5.67929270142478,0,1000,996.09375,3.90625,5.67929270142478,5.65506005804099,-558.832362989504,0,5.67929270142478,0.473274391785398,5.67929270142478,0,65.4855848814681,42689,68,996.09375,-3.8978092479008,999.991559247901,996.09375
0.742,1000.03749403374,0.220120650409281,0.0110060325204641,5.23618407428455,104.723681485691,5.58875162858577,0,1000,1010.7421875,-10.7421875,5.58875162858577,5.65539139789118,1975.71261417541,0,5.58875162858577,0.465729302382147,5.58875162858577,0,65.5903060535876,42758,69,1010.7421875,10.7046934662638,1000.03749403374,1010.7421875
0.743,1000.0114485417,0.192418184561344,0.00962090922806719,5.23604770040714,104.720954008143,5.67871285668696,0,1000,996.09375,3.90625,5.67871285668696,5.65448021330317,-794.979071520489,0,5.67871285668696,0.47322607139058,5.67871285668696,0,65.6950295067446,42826,68,996.09375,-3.91769854169752,1000.0114485417,996.09375
0.744,999.981061608132,0.210736322386521,0.010536816119326,5.23588859479505,104.717771895901,5.67904419653714,0,1000,996.09375,3.90625,5.67904419653714,5.65481155315336,-662.482559600407,0,5.67904419653714,0.473253683044762,5.67904419653714,0,65.7997481184113,42894,68,996.09375,-3.88731160813211,999.981061608132,996.09375
0.745,1000.00627676879,0.217569437796077,0.0108784718898039,5.23602062106754,104.720412421351,5.58850312369813,0,1000,1010.7421875,-10.7421875,5.58850312369813,5.65514289300354,1889.33745033299,0,5.58850312369813,0.465708593641511,5.58850312369813,0,65.9044669307061,42963,69,1010.7421875,10.7359107312067,1000.00627676879,1010.7421875
0.746,999.972508120208,0.191461203544487,0.00957306017722433,5.23584380883701,104.71687617674,5.67846435179932,0,1000,996.09375,3.90625,5.67846435179932,5.65423170841554,-866.958374722505,0,5.67846435179932,0.473205362649944,5.67846435179932,0,66.0091866449774,43031,68,996.09375,-3.8787581202082,999.972508120208,996.09375
0.747,999.939240191095,0.210373315860876,0.0105186657930438,5.23566961836751,104.71339236735,5.67879569164951,0,1000,996.09375,3.90625,5.67879569164951,5.65456304826572,-722.465312268754,0,5.67879569164951,0.473232974304126,5.67879569164951,0,66.1139010035834,43099,68,996.09375,-3.84549019109477,999.939240191095,996.09375
0.748,999.963378455135,0.217427738492474,0.0108713869246237,5.23579600602247,104.715920120449,5.67912703149969,0,1000,996.09375,3.90625,5.67912703149969,5.65489438811591,-602.054426890629,0,5.67912703149969,0.473260585958308,5.67912703149969,0,66.2186153708795,43167,68,996.09375,-3.86962845513483,999.963378455135,996.09375
0.749,1000.00890775173,0.220064317357085,0.0110032158678543,5.236034396862,104.72068793724,5.58858595866068,0,1000,1010.7421875,-10.7421875,5.58858595866068,5.65522572796609,1939.69422759114,0,5.58858595866068,0.465715496555056,5.58858595866068,0,66.3233335672982,43236,69,1010.7421875,10.7332797482659,1000.00890775173,1010.7421875
0.75,999.982707182942,0.192392574840015,0.00961962874200077,5.23589721100461,104.717944220092,5.67854718676187,0,1000,996.09375,3.90625,5.67854718676187,5.65431454337809,-824.994393674048,0,5.67854718676187,0.473212265563489,5.67854718676187,0,66.4280540175258,43304,68,996.09375,-3.88895718294191,999.982707182942,996.09375
0.751,999.952258523502,0.210722169779098,0.0105361084889549,5.23573778219659,104.714755643932,5.67887852661206,0,1000,996.09375,3.90625,5.67887852661206,5.65464588322827,-687.495328061706,0,5.67887852661206,0.473239877217671,5.67887852661205,-8.88178419700125e-16,66.5327696157022,43372,68,996.09375,-3.85850852350177,999.952258523502,996.09375
0.752,999.977446791777,0.217559564119752,0.0108779782059876,5.23586966766087,104.717393353217,5.67920986646224,0,1000,996.09375,3.90625,5.67920986646224,5.65497722307845,-572.912773384755,0,5.67920986646224,0.473267488871853,5.67920986646224,0,66.6374854101612,43440,68,996.09375,-3.88369679177674,999.977446791777,996.09375
0.753,1000.02336692009,0.220115285442417,0.0110057642721209,5.23611010489046,104.722202097809,5.58866879362322,0,1000,1010.7421875,-10.7421875,5.58866879362322,5.65530856292864,1963.97893884604,0,5.58866879362322,0.465722399468602,5.58866879362322,0,66.7422051035955,43509,69,1010.7421875,10.7188205799126,1000.02336692009,1010.7421875
0.754,999.997311599231,0.192413418689929,0.00962067093449643,5.23597367954948,104.71947359099,5.67863002172442,0,1000,996.09375,3.90625,5.67863002172442,5.65439737834063,-804.757134294969,0,5.67863002172442,0.473219168477035,5.67863002172442,0,66.8469270768253,43577,68,996.09375,-3.90356159923078,999.997311599231,996.09375
0.755,999.966916695202,0.210731791156975,0.0105365895578487,5.23581453220414,104.716290644083,5.6789613615746,0,1000,996.09375,3.90625,5.6789613615746,5.65472871819082,-670.630945245807,0,5.6789613615746,0.473246780131217,5.6789613615746,0,66.9516442076479,43645,68,996.09375,-3.87316669520158,999.966916695202,996.09375
0.756,999.99212463628,0.217565005268132,0.0108782502634066,5.23594652067497,104.718930413499,5.67929270142479,0,1000,996.09375,3.90625,5.67929270142479,5.655060058041,-558.859121038173,0,5.67929270142479,0.473274391785399,5.67929270142479,0,67.0563615383087,43713,68,996.09375,-3.89837463627953,999.99212463628,996.09375
0.757,1000.03805174401,0.220119170086322,0.0110059585043161,5.23618699444872,104.723739888974,5.58875162858577,0,1000,1010.7421875,-10.7421875,5.58875162858577,5.65539139789118,1975.69031580152,0,5.58875162858577,0.465729302382147,5.58875162858577,0,67.1610827692326,43782,69,1010.7421875,10.7041357559898,1000.03805174401,1010.7421875
0.758,1000.01199867814,0.192416724341512,0.00962083621707558,5.2360505809148,104.721011618296,5.67871285668697,0,1000,996.09375,3.90625,5.67871285668697,5.65448021330318,-794.997653498731,0,5.67871285668697,0.47322607139058,5.67871285668697,0,67.2658062803954,43850,68,996.09375,-3.9182486781375,1000.01199867814,996.09375
0.759,999.981604273592,0.210734881996811,0.0105367440998405,5.23589143618476,104.717828723695,5.67904419653715,0,1000,996.09375,3.90625,5.67904419653715,5.65481155315336,-662.498044582276,0,5.67904419653715,0.473253683044762,5.67904419653715,0,67.3705249492802,43918,68,996.09375,-3.88785427359244,999.981604273592,996.09375
0.76,1000.00681206473,0.217568016967191,0.0108784008483595,5.23602342387052,104.72046847741,5.58850312369813,0,1000,1010.7421875,-10.7421875,5.58850312369813,5.65514289300355,1889.32454618144,0,5.58850312369813,0.465708593641511,5.58850312369813,0,67.4752438180161,43987,69,1010.7421875,10.7353754352677,1000.00681206473,1010.7421875
0.761,999.973036146705,0.191459802010783,0.00957299010053916,5.23584657357728,104.716931471546,5.67846435179933,0,1000,996.09375,3.90625,5.67846435179933,5.65423170841554,-866.969128182136,0,5.67846435179933,0.473205362649944,5.67846435179933,0,67.5799635879618,44055,68,996.09375,-3.87928614670477,999.973036146705,996.09375
0.762,999.93976104687,0.210371933360323,0.0105185966680162,5.23567234556197,104.713446911239,5.67879569164951,0,1000,996.09375,3.90625,5.67879569164951,5.65456304826573,-722.474273485113,0,5.67879569164951,0.473232974304126,5.67879569164951,-8.88178419700125e-16,67.6846780014864,44123,68,996.09375,-3.84601104686988,999.93976104687,996.09375
0.763,999.963892237568,0.217426374766597,0.0108713187383299,5.235798696181,104.71597392362,5.6791270314997,0,1000,996.09375,3.90625,5.6791270314997,5.65489438811591,-602.061894570928,0,5.6791270314997,0.473260585958308,5.6791270314997,0,67.7893924229552,44191,68,996.09375,-3.87014223756807,999.963892237568,996.09375
0.764,1000.00941455688,0.220062972150921,0.0110031486075461,5.23603705048756,104.720741009751,5.58858595866068,0,1000,1010.7421875,-10.7421875,5.58858595866068,5.65522572796609,1939.68800452423,0,5.58858595866068,0.465715496555057,5.58858595866068,0,67.8941106728109,44260,69,1010.7421875,10.7327729431165,1000.00941455688,1010.7421875
0.765,999.98320710556,0.192391247902061,0.00961956239510306,5.23589982859331,104.717996571866,5.67854718676188,0,1000,996.09375,3.90625,5.67854718676188,5.65431454337809,-824.999579563144,0,5.67854718676188,0.47321226556349,5.67854718676188,0,67.9988311757497,44328,68,996.09375,-3.88945710556038,999.98320710556,996.09375
0.766,999.952751657056,0.210720860861267,0.0105360430430634,5.23574036423784,104.714807284757,5.67887852661206,0,1000,996.09375,3.90625,5.67887852661206,5.65464588322827,-687.499649635954,0,5.67887852661206,0.473239877217672,5.67887852661206,0,68.1035468259216,44396,68,996.09375,-3.85900165705596,999.952751657056,996.09375
0.767,999.977933228463,0.217558272977328,0.0108779136488664,5.23587221463741,104.717444292748,5.67920986646224,0,1000,996.09375,3.90625,5.67920986646224,5.65497722307846,-572.916374696628,0,5.67920986646224,0.473267488871854,5.67920986646224,0,68.20826267167,44464,68,996.09375,-3.88418322846326,999.977933228463,996.09375
0.768,1000.02384675085,0.220114011834006,0.0110057005917003,5.23611261727847,104.722252345569,5.58866879362323,0,1000,1010.7421875,-10.7421875,5.58866879362323,5.65530856292864,1963.97593775281,0,5.58866879362323,0.465722399468602,5.58866879362323,0,68.3129824156971,44533,69,1010.7421875,10.718340749149,1000.02384675085,1010.7421875
0.769,999.997784913783,0.192412162377413,0.00962060811887065,5.23597615781868,104.719523156374,5.67863002172442,0,1000,996.09375,3.90625,5.67863002172442,5.65439737834064,-804.759635205992,0,5.67863002172442,0.473219168477035,5.67863002172442,0,68.4177044388327,44601,68,996.09375,-3.90403491378265,999.997784913783,996.09375
0.77,999.967383582033,0.210730551905472,0.0105365275952736,5.23581697681787,104.716339536357,5.67896136157461,0,1000,996.09375,3.90625,5.67896136157461,5.65472871819082,-670.633029338327,0,5.67896136157461,0.473246780131217,5.67896136157461,0,68.5224216188833,44669,68,996.09375,-3.87363358203277,999.967383582033,996.09375
0.771,999.99258518268,0.217563782845951,0.0108781891422975,5.23594893209029,104.718978641806,5.67929270142479,0,1000,996.09375,3.90625,5.67929270142479,5.655060058041,-558.860857781939,0,5.67929270142479,0.473274391785399,5.67929270142479,0,68.6271389981036,44737,68,996.09375,-3.89883518267982,999.99258518268,996.09375
0.772,1000.03850603608,0.220117964264915,0.0110058982132458,5.23618937311646,104.723787462329,5.58875162858577,0,1000,1010.7421875,-10.7421875,5.58875162858577,5.65539139789119,1975.68886851505,0,5.58875162858577,0.465729302382148,5.58875162858577,0,68.7318602769276,44806,69,1010.7421875,10.7036814639157,1000.03850603608,1010.7421875
0.773,1000.01244680082,0.192415534895438,0.00962077674477188,5.23605292727969,104.721058545594,5.67871285668697,0,1000,996.09375,3.90625,5.67871285668697,5.65448021330318,-794.998859570791,0,5.67871285668697,0.473226071390581,5.67871285668697,-8.88178419700125e-16,68.83658383534,44874,68,996.09375,-3.91869680082073,1000.01244680082,996.09375
0.774,999.982046310666,0.210733708703688,0.0105366854351844,5.23589375068546,104.717875013709,5.67904419653715,0,1000,996.09375,3.90625,5.67904419653715,5.65481155315337,-662.499049642326,0,5.67904419653715,0.473253683044763,5.67904419653715,0,68.9413025508327,44942,68,996.09375,-3.88829631066631,999.982046310666,996.09375
0.775,1000.00724809884,0.21756685960766,0.010878342980383,5.23602570693977,104.720514138795,5.58850312369814,0,1000,1010.7421875,-10.7421875,5.58850312369814,5.65514289300355,1889.3237086314,0,5.58850312369814,0.465708593641511,5.58850312369814,0,69.0460214655436,45011,69,1010.7421875,10.7349394011595,1000.00724809884,1010.7421875
0.776,999.973466259369,0.191458660368462,0.00957293301842308,5.23584882564193,104.716976512838,5.67846435179933,0,1000,996.09375,3.90625,5.67846435179933,5.65423170841555,-866.969826140504,0,5.67846435179933,0.473205362649944,5.67846435179933,0,69.15074128084,45079,68,996.09375,-3.87971625936916,999.973466259369,996.09375
0.777,999.940185318505,0.210370807221768,0.0105185403610884,5.23567456704305,104.713491340861,5.67879569164952,0,1000,996.09375,3.90625,5.67879569164952,5.65456304826573,-722.474855117087,0,5.67879569164952,0.473232974304126,5.67879569164952,0,69.2554557390993,45147,68,996.09375,-3.84643531850509,999.940185318505,996.09375
0.778,999.964310747497,0.217425263921264,0.0108712631960632,5.23580088749386,104.716017749877,5.6791270314997,0,1000,996.09375,3.90625,5.6791270314997,5.65489438811591,-602.062379264239,0,5.6791270314997,0.473260585958308,5.6791270314997,0,69.3601702046954,45215,68,996.09375,-3.8705607474966,999.964310747497,996.09375
0.779,1000.00982738335,0.220061876391123,0.0110030938195562,5.23603921204188,104.720784240838,5.58858595866068,0,1000,1010.7421875,-10.7421875,5.58858595866068,5.6552257279661,1939.68760061313,0,5.58858595866068,0.465715496555057,5.58858595866068,0,69.4648884980791,45284,69,1010.7421875,10.7323601166496,1000.00982738335,1010.7421875
0.78,999.983614325749,0.192390167022935,0.00961950835114673,5.23590196079324,104.718039215865,5.67854718676188,0,1000,996.09375,3.90625,5.67854718676188,5.65431454337809,-824.999916155721,0,5.67854718676188,0.47321226556349,5.67854718676188,0,69.5696090439548,45352,68,996.09375,-3.88986432574882,999.983614325749,996.09375
0.781,999.9531533471,0.210719794660729,0.0105359897330365,5.23574246748199,104.71484934964,5.67887852661206,0,1000,996.09375,3.90625,5.67887852661206,5.65464588322828,-687.499930129768,0,5.67887852661206,0.473239877217672,5.67887852661206,0,69.6743247364805,45420,68,996.09375,-3.85940334709994,999.9531533471,996.09375
0.782,999.978329463464,0.217557221256039,0.010877861062802,5.23587428931902,104.71748578638,5.67920986646225,0,1000,996.09375,3.90625,5.67920986646225,5.65497722307846,-572.916608441473,0,5.67920986646225,0.473267488871854,5.67920986646225,0,69.7790406240076,45488,68,996.09375,-3.88457946346387,999.978329463464,996.09375
0.783,1000.02423760489,0.220112974395334,0.0110056487197667,5.23611466378542,104.722293275708,5.58866879362323,0,1000,1010.7421875,-10.7421875,5.58866879362323,5.65530856292864,1963.97574296544,0,5.58866879362323,0.465722399468603,5.58866879362323,0,69.883760409246,45557,69,1010.7421875,10.7179498951105,1000.02423760489,1010.7421875
0.784,999.998170459933,0.192411139027397,0.00962055695136987,5.2359781765336,104.719563530672,5.67863002172443,0,1000,996.09375,3.90625,5.67863002172443,5.65439737834064,-804.759797528801,0,5.67863002172443,0.473219168477036,5.67863002172443,-8.88178419700125e-16,69.9884824730331,45625,68,996.09375,-3.90442045993279,999.998170459933,996.09375
0.785,999.967763892377,0.210729542452785,0.0105364771226393,5.23581896811818,104.716379362363,5.67896136157461,0,1000,996.09375,3.90625,5.67896136157461,5.65472871819082,-670.633164607334,0,5.67896136157461,0.473246780131218,5.67896136157461,0,70.0931996931833,45693,68,996.09375,-3.87401389237721,999.967763892377,996.09375
0.786,999.992960328322,0.217562787101865,0.0108781393550932,5.23595089634828,104.719017926966,5.67929270142479,0,1000,996.09375,3.90625,5.67929270142479,5.65506005804101,-558.860970506112,0,5.67929270142479,0.4732743917854,5.67929270142479,-8.88178419700125e-16,70.1979171119586,45761,68,996.09375,-3.8992103283224,999.992960328322,996.09375
0.787,1000.03887608716,0.220116982043262,0.0110058491021631,5.23619131069937,104.723826213987,5.58875162858578,0,1000,1010.7421875,-10.7421875,5.58875162858578,5.65539139789119,1975.68877457824,0,5.58875162858578,0.465729302382148,5.58875162858578,-8.88178419700125e-16,70.3026384298003,45830,69,1010.7421875,10.7033114128374,1000.03887608716,1010.7421875
0.788,1000.01281182652,0.192414566012582,0.00962072830062908,5.23605483854978,104.721096770996,5.67871285668697,0,1000,996.09375,3.90625,5.67871285668697,5.65448021330319,-794.998937851467,0,5.67871285668697,0.473226071390581,5.67871285668697,0,70.4073620267006,45898,68,996.09375,-3.91906182651985,1000.01281182652,996.09375
0.789,999.982406379232,0.210732752978486,0.0105366376489243,5.23589563600006,104.717912720001,5.67904419653716,0,1000,996.09375,3.90625,5.67904419653716,5.65481155315337,-662.499114876222,0,5.67904419653716,0.473253683044763,5.67904419653716,0,70.5120807801586,45966,68,996.09375,-3.88865637923186,999.982406379232,996.09375
0.79,1000.00760327759,0.217565916861427,0.0108782958430713,5.23602756665137,104.720551333027,5.67937553638734,0,1000,996.09375,3.90625,5.67937553638734,5.65514289300356,-552.082595730185,0,5.67937553638734,0.473281294698945,5.67937553638734,0,70.6167997323191,46034,68,996.09375,-3.91385327759201,1000.00760327759,996.09375
0.791,1000.05351925314,0.220120081593763,0.0110060040796881,5.23626798213713,104.725359642743,5.58883446354833,0,1000,1010.7421875,-10.7421875,5.58883446354833,5.65547423285374,1981.33742022485,0,5.58883446354833,0.465736205295694,5.58883446354833,0,70.7215225835796,46103,69,1010.7421875,10.6886682468618,1000.05351925314,1010.7421875
0.792,1000.02745511705,0.192417654191739,0.00962088270958696,5.23613151063972,104.722630212794,5.67879569164952,0,1000,996.09375,3.90625,5.67879569164952,5.65456304826573,-790.291733145962,0,5.67879569164952,0.473232974304127,5.67879569164952,0,70.8262477139156,46171,68,996.09375,-3.93370511705427,1000.02745511705,996.09375
0.793,999.997049759399,0.210735836806274,0.0105367918403137,5.23597230855932,104.719446171186,5.67912703149971,0,1000,996.09375,3.90625,5.67912703149971,5.65489438811592,-658.576444288302,0,5.67912703149971,0.473260585958309,5.67912703149971,0,70.9309680008203,46239,68,996.09375,-3.90329975939881,999.997049759399,996.09375
0.794,1000.02224673379,0.217568998954846,0.0108784499477423,5.23610423960873,104.722084792175,5.58858595866069,0,1000,1010.7421875,-10.7421875,5.58858595866069,5.6552257279661,1892.59254642642,0,5.58858595866069,0.465715496555057,5.58858595866069,0,71.035688486436,46308,69,1010.7421875,10.7199407662089,1000.02224673379,1010.7421875
0.795,999.988460141297,0.191460811760547,0.00957304058802733,5.23592733342411,104.718546668482,5.67854718676189,0,1000,996.09375,3.90625,5.67854718676189,5.6543145433781,-864.245794644654,0,5.67854718676189,0.47321226556349,5.67854718676188,-8.88178419700125e-16,71.1404098721363,46376,68,996.09375,-3.89471014129674,999.988460141297,996.09375
0.796,999.955174510238,0.210372970850241,0.010518648542512,5.23575305026744,104.715061005349,5.67887852661207,0,1000,996.09375,3.90625,5.67887852661207,5.65464588322828,-720.204828870545,0,5.67887852661207,0.473239877217672,5.67887852661207,0,71.2451259003051,46444,68,996.09375,-3.86142451023807,999.955174510238,996.09375
0.797,999.979295312089,0.217427439752237,0.0108713719876118,5.2358793464906,104.717586929812,5.67920986646225,0,1000,996.09375,3.90625,5.67920986646225,5.65497722307847,-600.170690725454,0,5.67920986646225,0.473267488871854,5.67920986646225,-8.88178419700125e-16,71.3498419353228,46512,68,996.09375,-3.88554531208922,999.979295312089,996.09375
0.798,1000.0248073834,0.220064064308168,0.0110032032154084,5.23611764713874,104.722352942775,5.58866879362324,0,1000,1010.7421875,-10.7421875,5.58866879362324,5.65530856292865,1941.26400772879,0,5.58866879362324,0.465722399468603,5.58866879362323,-8.88178419700125e-16,71.4545617976469,46581,69,1010.7421875,10.7173801165986,1000.0248073834,1010.7421875
0.799,999.998589823156,0.192392366880284,0.00961961834401418,5.2359803723143,104.719607446286,5.67863002172443,0,1000,996.09375,3.90625,5.67863002172443,5.65439737834065,-823.686243559343,0,5.67863002172443,0.473219168477036,5.67863002172443,0,71.5592839119883,46649,68,996.09375,-3.90483982315618,999.998589823156,996.09375
0.8,999.968124402978,0.210722006303072,0.0105361003151536,5.23582085574727,104.716417114945,5.67896136157462,0,1000,996.09375,3.90625,5.67896136157462,5.65472871819083,-686.405202966119,0,5.67896136157462,0.473246780131218,5.67896136157462,0,71.6640011725112,46717,68,996.09375,-3.87437440297811,999.968124402978,996.09375
0.801,999.993296138117,0.217559444525881,0.0108779722262941,5.23595265464425,104.719053092885,5.6792927014248,0,1000,996.09375,3.90625,5.6792927014248,5.65506005804101,-572.0043358051,0,5.6792927014248,0.4732743917854,5.6792927014248,0,71.7687186275736,46785,68,996.09375,-3.89954613811722,999.993296138117,996.09375
0.802,1000.03919995781,0.220115209135721,0.011005760456786,5.23619300648213,104.723860129643,5.58875162858578,0,1000,1010.7421875,-10.7421875,5.58875162858578,5.6553913978912,1964.73597016242,0,5.58875162858578,0.465729302382149,5.58875162858578,0,71.8734399798917,46854,69,1010.7421875,10.7029875421882,1000.03919995781,1010.7421875
0.803,1000.01312854981,0.19241338508291,0.00962066925414552,5.23605649690906,104.721129938181,5.67871285668698,0,1000,996.09375,3.90625,5.67871285668698,5.65448021330319,-804.126274864652,0,5.67871285668698,0.473226071390582,5.67871285668698,0,71.978163610309,46922,68,996.09375,-3.91937854981222,1000.01312854981,996.09375
0.804,999.982717777106,0.210731799669894,0.0105365899834947,5.23589726647552,104.71794532951,5.67904419653716,0,1000,996.09375,3.90625,5.67904419653716,5.65481155315338,-670.105229053877,0,5.67904419653716,0.473253683044764,5.67904419653716,0,72.082882396646,46990,68,996.09375,-3.88896777710647,999.982717777106,996.09375
0.805,1000.00791006501,0.217565055329041,0.010878252766452,5.23602917298652,104.72058345973,5.67937553638735,0,1000,996.09375,3.90625,5.67937553638735,5.65514289300356,-558.421024211564,0,5.67937553638735,0.473281294698946,5.67937553638735,0,72.1876013811708,47058,68,996.09375,-3.91416006500776,1000.00791006501,996.09375
0.806,1000.05382173214,0.220119261131006,0.0110059630565503,5.23626956591346,104.725391318269,5.58883446354833,0,1000,1010.7421875,-10.7421875,5.58883446354833,5.65547423285374,1976.05539649036,0,5.58883446354833,0.465736205295694,5.58883446354833,0,72.2923242643306,47127,69,1010.7421875,10.6883657678642,1000.05382173214,1010.7421875
0.807,1000.02775343535,0.192416855813409,0.00962084279067045,5.23613307263065,104.722661452613,5.67879569164953,0,1000,996.09375,3.90625,5.67879569164953,5.65456304826574,-794.693419591364,0,5.67879569164953,0.473232974304127,5.67879569164953,0,72.3970494261234,47195,68,996.09375,-3.93400343534734,1000.02775343535,996.09375
0.808,999.997344006725,0.210735053346913,0.0105367526673457,5.23597384923472,104.719476984694,5.67912703149971,0,1000,996.09375,3.90625,5.67912703149971,5.65489438811592,-662.244516326137,0,5.67912703149971,0.473260585958309,5.67912703149971,-8.88178419700125e-16,72.5017697440541,47263,68,996.09375,-3.90359400672514,999.997344006725,996.09375
0.809,1000.02253697782,0.217568227653945,0.0108784113826973,5.2361057593229,104.722115186458,5.58858595866069,0,1000,1010.7421875,-10.7421875,5.58858595866069,5.65522572796611,1889.53581972822,0,5.58858595866069,0.465715496555058,5.58858595866069,-8.88178419700125e-16,72.6064902602732,47332,69,1010.7421875,10.7196505221816,1000.02253697782,1010.7421875
0.81,999.988746441004,0.191460051499989,0.00957300257499944,5.23592883248587,104.718576649717,5.67854718676189,0,1000,996.09375,3.90625,5.67854718676189,5.6543145433781,-866.79306689315,0,5.67854718676189,0.473212265563491,5.67854718676189,0,72.7112116761608,47400,68,996.09375,-3.89499644100397,999.988746441004,996.09375
0.811,999.955456920909,0.210372221125034,0.0105186110562517,5.23575452896625,104.715090579325,5.67887852661207,0,1000,996.09375,3.90625,5.67887852661207,5.65464588322829,-722.327555744292,0,5.67887852661207,0.473239877217673,5.67887852661207,0,72.8159277341068,47468,68,996.09375,-3.86170692090877,999.955456920909,996.09375
0.812,999.979573887177,0.217426700287024,0.0108713350143512,5.23588080510635,104.717616102127,5.67920986646226,0,1000,996.09375,3.90625,5.67920986646226,5.65497722307847,-601.93962978691,0,5.67920986646226,0.473267488871855,5.67920986646226,0,72.9206437984971,47536,68,996.09375,-3.88582388717748,999.979573887177,996.09375
0.813,1000.02508217523,0.22006333491433,0.0110031667457165,5.23611908594541,104.722381718908,5.58866879362324,0,1000,1010.7421875,-10.7421875,5.58866879362324,5.65530856292865,1939.78989184424,0,5.58866879362324,0.465722399468603,5.58866879362324,0,73.025363689795,47605,69,1010.7421875,10.717105324766,1000.02508217523,1010.7421875
0.814,999.9988608832,0.192391647402686,0.00961958237013428,5.23598179158137,104.719635831627,5.67863002172444,0,1000,996.09375,3.90625,5.67863002172444,5.65439737834065,-824.914673463132,0,5.67863002172444,0.473219168477036,5.67863002172444,0,73.1300858327166,47673,68,996.09375,-3.90511088319988,999.9988608832,996.09375
0.815,999.968391781944,0.210721296600207,0.0105360648300104,5.23582225574026,104.716445114805,5.67896136157462,0,1000,996.09375,3.90625,5.67896136157462,5.65472871819083,-687.42889455261,0,5.67896136157462,0.473246780131218,5.67896136157462,0,73.2348031214318,47741,68,996.09375,-3.87464178194421,999.968391781944,996.09375
0.816,999.993559886008,0.217558744462459,0.0108779372231229,5.23595403562498,104.7190807125,5.6792927014248,0,1000,996.09375,3.90625,5.6792927014248,5.65506005804102,-572.857412127175,0,5.6792927014248,0.4732743917854,5.6792927014248,0,73.3395206043035,47809,68,996.09375,-3.89980988600826,999.993559886008,996.09375
0.817,1000.03946012394,0.220114518579885,0.0110057259289942,5.2361943687088,104.723887374176,5.58875162858579,0,1000,1010.7421875,-10.7421875,5.58875162858579,5.6553913978912,1964.02507322735,0,5.58875162858579,0.465729302382149,5.58875162858579,0,73.4442419840532,47878,69,1010.7421875,10.7027273760574,1000.03946012394,1010.7421875
0.818,1000.01338518283,0.192412703905192,0.0096206351952596,5.23605784063638,104.721156812728,5.67871285668698,0,1000,996.09375,3.90625,5.67871285668698,5.6544802133032,-804.718688977205,0,5.67871285668698,0.473226071390582,5.67871285668698,0,73.5489656415297,47946,68,996.09375,-3.91963518282626,1000.01338518283,996.09375
0.819,999.982970924984,0.210731127742804,0.0105365563871402,5.23589859195471,104.717971839094,5.67904419653717,0,1000,996.09375,3.90625,5.67904419653717,5.65481155315338,-670.598907481004,0,5.67904419653717,0.473253683044764,5.67904419653717,-8.88178419700125e-16,73.6536844545583,48014,68,996.09375,-3.88922092498444,999.982970924984,996.09375
0.82,1000.00815977508,0.217564392526905,0.0108782196263452,5.23603048046539,104.720609609308,5.58850312369815,0,1000,1010.7421875,-10.7421875,5.58850312369815,5.65514289300356,1882.57382709916,0,5.58850312369815,0.465708593641513,5.58850312369815,-8.88178419700125e-16,73.7584034654123,48083,69,1010.7421875,10.7340277249208,1000.00815977508,1010.7421875
0.821,999.974365412659,0.191456256161064,0.0095728128080532,5.23585353359754,104.717070671951,5.67846435179935,0,1000,996.09375,3.90625,5.67846435179935,5.65423170841556,-872.594727417364,0,5.67846435179935,0.473205362649946,5.67846435179935,0,73.8631233755208,48151,68,996.09375,-3.88061541265949,999.974365412659,996.09375
0.822,999.941072208116,0.210368446606419,0.0105184223303209,5.2356792107862,104.713584215724,5.67879569164953,0,1000,996.09375,3.90625,5.67879569164953,5.65456304826574,-727.162272847803,0,5.67879569164953,0.473232974304128,5.67879569164953,0,73.9678379272952,48219,68,996.09375,-3.84732220811634,999.941072208116,996.09375
0.823,999.965185573208,0.217422939440424,0.0108711469720212,5.23580546807057,104.716109361411,5.67912703149971,0,1000,996.09375,3.90625,5.67912703149971,5.65489438811593,-605.968560706503,0,5.67912703149971,0.473260585958309,5.67912703149971,0,74.0725524851328,48287,68,996.09375,-3.8714355732078,999.965185573208,996.09375
0.824,1000.01069032137,0.220059584996171,0.0110029792498086,5.23604373037481,104.720874607496,5.5885859586607,0,1000,1010.7421875,-10.7421875,5.5885859586607,5.65522572796611,1936.43244941125,0,5.5885859586607,0.465715496555058,5.5885859586607,0,74.1772708695041,48356,69,1010.7421875,10.731497178626,1000.01069032137,1010.7421875
0.825,999.984465542135,0.192387907311554,0.00961939536557768,5.23590641775181,104.718128355036,5.67854718676189,0,1000,996.09375,3.90625,5.67854718676189,5.65431454337811,-827.712542157293,0,5.67854718676189,0.473212265563491,5.67854718676189,0,74.2819915051313,48424,68,996.09375,-3.89071554213547,999.984465542135,996.09375
0.826,999.953993002751,0.210717565847588,0.0105358782923794,5.23574686390871,104.714937278174,5.67887852661208,0,1000,996.09375,3.90625,5.67887852661208,5.65464588322829,-689.760451797745,0,5.67887852661208,0.473239877217673,5.67887852661208,0,74.3867072861894,48492,68,996.09375,-3.8602430027513,999.953993002751,996.09375
0.827,999.979157716017,0.217555022789247,0.0108777511394623,5.23587862603925,104.717572520785,5.67920986646226,0,1000,996.09375,3.90625,5.67920986646226,5.65497722307847,-574.80037649812,0,5.67920986646226,0.473267488871855,5.67920986646226,0,74.4914232610465,48560,68,996.09375,-3.88540771601743,999.979157716017,996.09375
0.828,1000.02505460944,0.220110805813494,0.0110055402906747,5.23611894161125,104.722378832225,5.58866879362324,0,1000,1010.7421875,-10.7421875,5.58866879362324,5.65530856292866,1962.40593625157,0,5.58866879362324,0.465722399468604,5.58866879362324,0,74.596143132429,48629,69,1010.7421875,10.7171328905595,1000.02505460944,1010.7421875
0.829,999.998976369321,0.192408999906303,0.00962044999531516,5.23598239626529,104.719647925306,5.67863002172444,0,1000,996.09375,3.90625,5.67863002172444,5.65439737834065,-806.067969790361,0,5.67863002172444,0.473219168477037,5.67863002172444,0,74.7008652811904,48697,68,996.09375,-3.90522636932064,999.998976369321,996.09375
0.83,999.96855885731,0.210727432385512,0.0105363716192756,5.23582313054483,104.716462610897,5.67896136157462,0,1000,996.09375,3.90625,5.67896136157462,5.65472871819084,-671.723308158634,0,5.67896136157462,0.473246780131219,5.67896136157462,-8.88178419700125e-16,74.8055825851608,48765,68,996.09375,-3.87480885731009,999.96855885731,996.09375
0.831,999.993744497441,0.217560705691305,0.0108780352845652,5.23595500224818,104.719100044964,5.67929270142481,0,1000,996.09375,3.90625,5.67929270142481,5.65506005804102,-559.769423465529,0,5.67929270142481,0.473274391785401,5.67929270142481,0,74.9103000866182,48833,68,996.09375,-3.8999944974405,999.993744497441,996.09375
0.832,1000.03964960708,0.220114928899303,0.0110057464449652,5.23619536084019,104.723907216804,5.58875162858579,0,1000,1010.7421875,-10.7421875,5.58875162858579,5.65539139789121,1974.93173044539,0,5.58875162858579,0.465729302382149,5.58875162858579,0,75.0150214860191,48902,69,1010.7421875,10.7025378929194,1000.03964960708,1010.7421875
0.833,1000.01357484186,0.192412540751002,0.00962062703755012,5.23605883368875,104.721176673775,5.67871285668699,0,1000,996.09375,3.90625,5.67871285668699,5.6544802133032,-795.629807962173,0,5.67871285668699,0.473226071390582,5.67871285668699,0,75.1197451633709,48970,68,996.09375,-3.91982484185814,1000.01357484186,996.09375
0.834,999.983159032646,0.210730755220503,0.0105365377610251,5.23589957688412,104.717991537682,5.67904419653717,0,1000,996.09375,3.90625,5.67904419653717,5.65481155315338,-663.024839968477,0,5.67904419653717,0.473253683044764,5.67904419653717,0,75.2244639961879,49038,68,996.09375,-3.88940903264574,999.983159032646,996.09375
0.835,1000.0083457098,0.217563946233486,0.0108781973116743,5.23603145401731,104.720629080346,5.67937553638736,0,1000,996.09375,3.90625,5.67937553638736,5.65514289300357,-552.520699973731,0,5.67937553638736,0.473281294698946,5.67937553638736,0,75.3291830266297,49106,68,996.09375,-3.91459570979828,1000.0083457098,996.09375
0.836,1000.05425160294,0.220118137727416,0.0110059068863708,5.23627181671175,104.725436334235,5.58883446354834,0,1000,1010.7421875,-10.7421875,5.58883446354834,5.65547423285375,1980.97233335522,0,5.58883446354834,0.465736205295695,5.58883446354834,0,75.4339059551083,49175,69,1010.7421875,10.6879358970559,1000.05425160294,1010.7421875
0.837,1000.02817752138,0.19241573672355,0.00962078683617749,5.23613529313993,104.722705862799,5.67879569164954,0,1000,996.09375,3.90625,5.67879569164954,5.65456304826575,-790.59597220398,0,5.67879569164954,0.473232974304128,5.67879569164954,0,75.5386311616139,49243,68,996.09375,-3.93442752138048,1000.02817752138,996.09375
0.838,999.997762353307,0.210733945377748,0.0105366972688874,5.2359760396923,104.719520793846,5.67912703149972,0,1000,996.09375,3.90625,5.67912703149972,5.65489438811593,-658.82997683665,0,5.67912703149972,0.47326058595831,5.67912703149972,0,75.6433515236538,49311,68,996.09375,-3.90401235330739,999.997762353307,996.09375
0.839,1000.02294965051,0.217567133212356,0.0108783566606178,5.23610792007206,104.722158401441,5.5885859586607,0,1000,1010.7421875,-10.7421875,5.5885859586607,5.65522572796612,1892.38126930279,0,5.5885859586607,0.465715496555059,5.5885859586607,0,75.7480720833843,49380,69,1010.7421875,10.7192378494899,1000.02294965051,1010.7421875
0.84,999.989153512245,0.19145897135527,0.00957294856776348,5.23593096390591,104.718619278118,5.6785471867619,0,1000,996.09375,3.90625,5.6785471867619,5.65431454337811,-864.42185891434,0,5.6785471867619,0.473212265563491,5.6785471867619,0,75.852793542193,49448,68,996.09375,-3.89540351224503,999.989153512245,996.09375
0.841,999.955858465049,0.210371155438092,0.0105185577719046,5.23575663144645,104.715132628929,5.67887852661208,0,1000,996.09375,3.90625,5.67887852661208,5.6546458832283,-720.351549095284,0,5.67887852661208,0.473239877217673,5.67887852661208,-8.88178419700125e-16,75.9575096424773,49516,68,996.09375,-3.86210846504889,999.955858465049,996.09375
0.842,999.979969978636,0.217425648993803,0.0108712824496901,5.23588287903637,104.717657580727,5.67920986646227,0,1000,996.09375,3.90625,5.67920986646227,5.65497722307848,-600.292957579403,0,5.67920986646227,0.473267488871855,5.67920986646227,0,76.0622257486311,49584,68,996.09375,-3.88621997863595,999.979969978636,996.09375
0.843,1000.02547288782,0.220062297868648,0.0110031148934324,5.23612113171173,104.722422634235,5.58866879362325,0,1000,1010.7421875,-10.7421875,5.58866879362325,5.65530856292866,1941.16211868383,0,5.58866879362325,0.465722399468604,5.58866879362325,0,76.1669456811253,49653,69,1010.7421875,10.7167146121793,1000.02547288782,1010.7421875
0.844,999.999246289872,0.192390624429419,0.00961953122147096,5.23598380956599,104.71967619132,5.67863002172445,0,1000,996.09375,3.90625,5.67863002172445,5.65439737834066,-823.771151096808,0,5.67863002172445,0.473219168477037,5.67863002172445,0,76.2716678646839,49721,68,996.09375,-3.90549628987219,999.999246289872,996.09375
0.845,999.968771954725,0.210720287515091,0.0105360143757546,5.23582424632029,104.716484926406,5.67896136157463,0,1000,996.09375,3.90625,5.67896136157463,5.65472871819084,-686.47595924734,0,5.67896136157463,0.473246780131219,5.67896136157463,0,76.3763851934841,49789,68,996.09375,-3.87502195472496,999.968771954725,996.09375
0.846,999.993934895962,0.217557749079438,0.0108778874539719,5.23595599917251,104.71911998345,5.67929270142481,0,1000,996.09375,3.90625,5.67929270142481,5.65506005804103,-572.063299372783,0,5.67929270142481,0.473274391785401,5.67929270142481,0,76.4811027158965,49857,68,996.09375,-3.9001848959623,999.993934895962,996.09375
0.847,1000.03983004118,0.220113536713831,0.0110056768356916,5.23619630559091,104.723926111818,5.5887516285858,0,1000,1010.7421875,-10.7421875,5.5887516285858,5.65539139789121,1964.68683385601,0,5.5887516285858,0.46572930238215,5.5887516285858,0,76.5858241346499,49926,69,1010.7421875,10.7023574588226,1000.03983004118,1010.7421875
0.848,1000.0137500765,0.192411735372896,0.0096205867686448,5.23605975121519,104.721195024304,5.67871285668699,0,1000,996.09375,3.90625,5.67871285668699,5.65448021330321,-804.167221786655,0,5.67871285668699,0.473226071390583,5.67871285668699,0,76.6905478306004,49994,68,996.09375,-3.92000007650029,1000.0137500765,996.09375
0.849,999.983330863318,0.210730172363323,0.0105365086181662,5.23590047658742,104.718009531748,5.67904419653718,0,1000,996.09375,3.90625,5.67904419653718,5.65481155315339,-670.139351488879,0,5.67904419653718,0.473253683044765,5.67904419653718,0,76.7952666815805,50062,68,996.09375,-3.88958086331809,999.983330863318,996.09375
0.85,1000.00851482537,0.217563450121669,0.0108781725060835,5.23603233950436,104.720646790087,5.67937553638736,0,1000,996.09375,3.90625,5.67937553638736,5.65514289300357,-558.449459574066,0,5.67937553638736,0.473281294698947,5.67937553638736,0,76.8999857298706,50130,68,996.09375,-3.91476482536746,1000.00851482537,996.09375
0.851,1000.05441827971,0.220117677722721,0.0110058838861361,5.23627268942925,104.725453788585,5.58883446354834,0,1000,1010.7421875,-10.7421875,5.58883446354834,5.65547423285376,1976.03170035494,0,5.58883446354834,0.465736205295695,5.58883446354834,0,77.0047086759298,50199,69,1010.7421875,10.6877692202899,1000.05441827971,1010.7421875
0.852,1000.02834188167,0.192415293908174,0.00962076469540872,5.23613615372838,104.722723074568,5.67879569164954,0,1000,996.09375,3.90625,5.67879569164954,5.65456304826575,-794.713166370879,0,5.67879569164954,0.473232974304128,5.67879569164954,-8.88178419700125e-16,77.1094338997678,50267,68,996.09375,-3.93459188166798,1000.02834188167,996.09375
0.853,999.997924461809,0.210733512652712,0.0105366756326356,5.23597688849043,104.719537769809,5.67912703149972,0,1000,996.09375,3.90625,5.67912703149972,5.65489438811594,-662.260971975733,0,5.67912703149972,0.47326058595831,5.67912703149972,0,77.214154278901,50335,68,996.09375,-3.90417446180925,999.997924461809,996.09375
0.854,1000.02310955019,0.217566707882727,0.0108783353941364,5.23610875730482,104.722175146096,5.58858595866071,0,1000,1010.7421875,-10.7421875,5.58858595866071,5.65522572796612,1889.52210668689,0,5.58858595866071,0.465715496555059,5.58858595866071,0,77.3188748554915,50404,69,1010.7421875,10.7190779498117,1000.02310955019,1010.7421875
0.855,999.989311237709,0.191458552367614,0.00957292761838072,5.23593178975451,104.71863579509,5.6785471867619,0,1000,996.09375,3.90625,5.6785471867619,5.65431454337812,-866.804494427592,0,5.6785471867619,0.473212265563492,5.6785471867619,0,77.4235963309308,50472,68,996.09375,-3.89556123770944,999.989311237709,996.09375
0.856,999.956014047545,0.210370742351223,0.0105185371175611,5.2357574460745,104.71514892149,5.67887852661209,0,1000,996.09375,3.90625,5.67887852661209,5.6546458832283,-722.33707868966,0,5.67887852661209,0.473239877217674,5.67887852661209,0,77.5283124476196,50540,68,996.09375,-3.86226404754495,999.956014047545,996.09375
0.857,999.980123447906,0.217425241595301,0.010871262079765,5.23588368259959,104.717673651992,5.67920986646227,0,1000,996.09375,3.90625,5.67920986646227,5.65497722307848,-601.947565574717,0,5.67920986646227,0.473267488871856,5.67920986646227,0,77.6330285699551,50608,68,996.09375,-3.88637344790561,999.980123447906,996.09375
0.858,1000.0256242728,0.220061896031977,0.0110030948015989,5.23612192436163,104.722438487233,5.58866879362325,0,1000,1010.7421875,-10.7421875,5.58866879362325,5.65530856292867,1939.78327868774,0,5.58866879362325,0.465722399468604,5.58866879362325,0,77.7377485184111,50677,69,1010.7421875,10.7165632271995,1000.0256242728,1010.7421875
0.859,999.999395618956,0.192390228060687,0.00961951140303435,5.23598459145124,104.719691829025,5.67863002172445,0,1000,996.09375,3.90625,5.67863002172445,5.65439737834066,-824.920184426887,0,5.67863002172445,0.473219168477037,5.67863002172445,0,77.8424707177148,50745,68,996.09375,-3.90564561895644,999.999395618956,996.09375
0.86,999.968919255866,0.2107198965332,0.01053599482666,5.23582501758726,104.716500351745,5.67896136157463,0,1000,996.09375,3.90625,5.67896136157463,5.65472871819085,-687.433487022406,0,5.67896136157463,0.473246780131219,5.67896136157463,0,77.9471880620463,50813,68,996.09375,-3.87516925586613,999.968919255866,996.09375
0.861,999.994080196713,0.217557363408685,0.0108778681704342,5.23595675996546,104.719135199309,5.67929270142482,0,1000,996.09375,3.90625,5.67929270142482,5.65506005804103,-572.861239185338,0,5.67929270142482,0.473274391785401,5.67929270142482,0,78.051905599779,50881,68,996.09375,-3.9003301967125,999.994080196713,996.09375
0.862,1000.03997336871,0.220113156281139,0.011005657814057,5.23619705605211,104.723941121042,5.5887516285858,0,1000,1010.7421875,-10.7421875,5.5887516285858,5.65539139789121,1964.02188401222,0,5.5887516285858,0.46572930238215,5.5887516285858,0,78.1566270336447,50950,69,1010.7421875,10.7022141312922,1000.03997336871,1010.7421875
0.863,1000.01389145761,0.192411360106777,0.00962056800533886,5.23606049148494,104.721209829699,5.678712856687,0,1000,996.09375,3.90625,5.678712856687,5.65448021330321,-804.721346656485,0,5.678712856687,0.473226071390583,5.678712856687,-8.88178419700125e-16,78.2613507445023,51018,68,996.09375,-3.92014145760902,1000.01389145761,996.09375
0.864,999.983470324439,0.210729802193482,0.0105364901096741,5.23590120680414,104.718024136083,5.67904419653718,0,1000,996.09375,3.90625,5.67904419653718,5.65481155315339,-670.601122213737,0,5.67904419653718,0.473253683044765,5.67904419653718,0,78.3660696101871,51086,68,996.09375,-3.88972032443871,999.983470324439,996.09375
0.865,1000.00865239257,0.217563084978849,0.0108781542489425,5.23603305980456,104.720661196091,5.58850312369816,0,1000,1010.7421875,-10.7421875,5.58850312369816,5.65514289300358,1882.57198148855,0,5.58850312369816,0.465708593641514,5.58850312369816,0,78.4707886729822,51155,69,1010.7421875,10.7335351074265,1000.00865239257,1010.7421875
0.866,999.974851340294,0.191454966369813,0.00957274831849064,5.23585607790869,104.717121558174,5.67846435179936,0,1000,996.09375,3.90625,5.67846435179936,5.65423170841557,-872.596265426206,0,5.67846435179936,0.473205362649947,5.67846435179936,0,78.5755086343264,51223,68,996.09375,-3.88110134029444,999.974851340294,996.09375
0.867,999.941551536742,0.210367174330831,0.0105183587165415,5.23568172054501,104.7136344109,5.67879569164954,0,1000,996.09375,3.90625,5.67879569164954,5.65456304826576,-727.163554521839,0,5.67879569164954,0.473232974304129,5.67879569164954,0,78.6802232366406,51291,68,996.09375,-3.84780153674171,999.941551536742,996.09375
0.868,999.96565839244,0.217421684442632,0.0108710842221316,5.23580794374628,104.716158874926,5.67912703149973,0,1000,996.09375,3.90625,5.67912703149973,5.65489438811594,-605.969628768199,0,5.67912703149973,0.473260585958311,5.67912703149973,0,78.7849378443318,51359,68,996.09375,-3.87190839243988,999.96565839244,996.09375
0.869,1000.01115671961,0.220058347041539,0.011002917352077,5.23604617243027,104.720923448605,5.58858595866071,0,1000,1010.7421875,-10.7421875,5.58858595866071,5.65522572796612,1936.43155935983,0,5.58858595866071,0.465715496555059,5.58858595866071,0,78.8896562778797,51428,69,1010.7421875,10.7310307803882,1000.01115671961,1010.7421875
0.87,999.984925606578,0.192386686168631,0.00961933430843157,5.2359088266436,104.718176532872,5.67854718676191,0,1000,996.09375,3.90625,5.67854718676191,5.65431454337812,-827.713283866805,0,5.67854718676191,0.473212265563492,5.67854718676191,0,78.9943769620157,51496,68,996.09375,-3.89117560657758,999.984925606578,996.09375
0.871,999.954446819412,0.210716361288068,0.0105358180644034,5.23574924008719,104.714984801744,5.67887852661209,0,1000,996.09375,3.90625,5.67887852661209,5.6546458832283,-689.761069889004,0,5.67887852661209,0.473239877217674,5.67887852661209,0,79.0990927909237,51564,68,996.09375,-3.8606968194124,999.954446819412,996.09375
0.872,999.979605369743,0.217553834587923,0.0108776917293961,5.23588096994868,104.717619398974,5.67920986646227,0,1000,996.09375,3.90625,5.67920986646227,5.65497722307849,-574.80089157417,0,5.67920986646227,0.473267488871856,5.67920986646227,0,79.203808812981,51632,68,996.09375,-3.88585536974347,999.979605369743,996.09375
0.873,1000.02549618393,0.220109633748219,0.0110054816874109,5.23612125368985,104.722425073797,5.58866879362326,0,1000,1010.7421875,-10.7421875,5.58866879362326,5.65530856292867,1962.40550702152,0,5.58866879362326,0.465722399468605,5.58866879362326,0,79.3085287309227,51701,69,1010.7421875,10.7166913160745,1000.02549618393,1010.7421875
0.874,999.999411947122,0.192407843757945,0.00962039218789725,5.23598467694532,104.719693538906,5.67863002172445,0,1000,996.09375,3.90625,5.67863002172445,5.65439737834067,-806.068327482062,0,5.67863002172445,0.473219168477038,5.67863002172445,-8.88178419700125e-16,79.4132509256109,51769,68,996.09375,-3.90566194712244,999.999411947122,996.09375
0.875,999.968988519865,0.210726291937915,0.0105363145968957,5.23582538025271,104.716507605054,5.67896136157464,0,1000,996.09375,3.90625,5.67896136157464,5.65472871819085,-671.723606235052,0,5.67896136157464,0.47324678013122,5.67896136157464,0,79.5179682748846,51837,68,996.09375,-3.87523851986509,999.968988519865,996.09375
0.876,999.994168325079,0.217559580731249,0.0108779790365625,5.23595722140451,104.71914442809,5.67929270142482,0,1000,996.09375,3.90625,5.67929270142482,5.65506005804103,-559.769671862543,0,5.67929270142482,0.473274391785402,5.67929270142482,-8.88178419700125e-16,79.6226858210298,51905,68,996.09375,-3.90041832507904,999.994168325079,996.09375
0.877,1000.04006767904,0.220113819216464,0.0110056909608232,5.23619754985986,104.723950997197,5.5887516285858,0,1000,1010.7421875,-10.7421875,5.5887516285858,5.65539139789122,1974.93152344788,0,5.5887516285858,0.46572930238215,5.5887516285858,-8.88178419700125e-16,79.7274072645118,51974,69,1010.7421875,10.7021198209579,1000.04006767904,1010.7421875
0.878,1000.01398723631,0.19241144613791,0.00962057230689552,5.23606099298103,104.721219859621,5.678712856687,0,1000,996.09375,3.90625,5.678712856687,5.65448021330321,-795.629980460099,0,5.678712856687,0.473226071390583,5.678712856687,0,79.8321309853461,52042,68,996.09375,-3.92023723630575,1000.01398723631,996.09375
0.879,999.983565826682,0.21072967547251,0.0105364837736255,5.23590170685271,104.718034137054,5.67904419653718,0,1000,996.09375,3.90625,5.67904419653718,5.6548115531534,-663.02498371675,0,5.67904419653718,0.473253683044765,5.67904419653718,0,79.936849861055,52110,68,996.09375,-3.88981582668168,999.983565826682,996.09375
0.88,1000.00874697948,0.217562881148721,0.0108781440574361,5.23603355506044,104.720671101209,5.67937553638737,0,1000,996.09375,3.90625,5.67937553638737,5.65514289300358,-552.520819763958,0,5.67937553638737,0.473281294698947,5.67937553638737,0,80.0415689338063,52178,68,996.09375,-3.91499697947791,1000.00874697948,996.09375
0.881,1000.05464742329,0.220117087106747,0.0110058543553373,5.23627388922223,104.725477784444,5.58883446354835,0,1000,1010.7421875,-10.7421875,5.58883446354835,5.65547423285377,1980.97223353004,0,5.58883446354835,0.465736205295696,5.58883446354835,0,80.1462919040198,52247,69,1010.7421875,10.6875400767111,1000.05464742329,1010.7421875
0.882,1000.02856796639,0.192414700370552,0.00962073501852758,5.23613733750524,104.722746750105,5.67879569164955,0,1000,996.09375,3.90625,5.67879569164955,5.65456304826576,-790.596055391637,0,5.67879569164955,0.473232974304129,5.67879569164955,0,80.2510171516935,52315,68,996.09375,-3.93481796639412,1000.02856796639,996.09375
0.883,999.998147495988,0.210732923098661,0.0105366461549331,5.23597805629466,104.719561125893,5.67912703149973,0,1000,996.09375,3.90625,5.67912703149973,5.65489438811595,-658.830046159698,0,5.67912703149973,0.473260585958311,5.67912703149973,0,80.3557375543424,52383,68,996.09375,-3.90439749598784,999.998147495988,996.09375
0.884,1000.02332956286,0.217566124816055,0.0108783062408027,5.2361099092885,104.72219818577,5.58858595866072,0,1000,1010.7421875,-10.7421875,5.58858595866072,5.65522572796613,1892.38121153358,0,5.58858595866072,0.46571549655506,5.58858595866072,0,80.4604581541305,52452,69,1010.7421875,10.7188579371358,1000.02332956286,1010.7421875
0.885,999.989528265302,0.191457976653223,0.00957289883266114,5.23593292610833,104.718658522166,5.67854718676191,0,1000,996.09375,3.90625,5.67854718676191,5.65431454337813,-864.421907055346,0,5.67854718676191,0.473212265563493,5.67854718676191,-8.88178419700125e-16,80.5651796524528,52520,68,996.09375,-3.89577826530183,999.989528265302,996.09375
0.886,999.956228128873,0.210370174244328,0.0105185087122164,5.23575856700171,104.715171340034,5.6788785266121,0,1000,996.09375,3.90625,5.6788785266121,5.65464588322831,-720.351589212788,0,5.6788785266121,0.473239877217675,5.6788785266121,0,80.6698957917141,52588,68,996.09375,-3.86247812887291,999.956228128873,996.09375
0.887,999.98033462234,0.217424681124877,0.0108712340562438,5.23588478830634,104.717695766127,5.67920986646228,0,1000,996.09375,3.90625,5.67920986646228,5.65497722307849,-600.292991010657,0,5.67920986646228,0.473267488871857,5.67920986646228,-8.88178419700125e-16,80.7746119363155,52656,68,996.09375,-3.8865846223398,999.98033462234,996.09375
0.888,1000.02583257958,0.220061343143605,0.0110030671571803,5.23612301505337,104.722460301067,5.58866879362326,0,1000,1010.7421875,-10.7421875,5.58866879362326,5.65530856292868,1941.16209082445,0,5.58866879362326,0.465722399468605,5.58866879362326,-8.88178419700125e-16,80.8793319067352,52725,69,1010.7421875,10.7163549204211,1000.02583257958,1010.7421875
0.889,999.999601096933,0.192389682669763,0.00961948413348814,5.23598566733142,104.719713346628,5.67863002172446,0,1000,996.09375,3.90625,5.67863002172446,5.65439737834067,-823.771174312956,0,5.67863002172446,0.473219168477038,5.67863002172446,0,80.9840541277042,52793,68,996.09375,-3.90585109693336,999.999601096933,996.09375
0.89,999.969121943425,0.210719358544749,0.0105359679272374,5.23582607885683,104.716521577137,5.67896136157464,0,1000,996.09375,3.90625,5.67896136157464,5.65472871819086,-686.47597859413,0,5.67896136157464,0.47324678013122,5.67896136157464,0,81.0887714934069,52861,68,996.09375,-3.87537194342451,999.969121943425,996.09375
0.891,999.994280131734,0.217556832724727,0.0108778416362363,5.23595780682278,104.719156136456,5.67929270142483,0,1000,996.09375,3.90625,5.67929270142483,5.65506005804104,-572.063315495108,0,5.67929270142483,0.473274391785402,5.67929270142483,0,81.1934890522205,52929,68,996.09375,-3.90053013173429,999.994280131734,996.09375
0.892,1000.04017058857,0.220112632803428,0.0110056316401714,5.23619808869288,104.723961773858,5.58875162858581,0,1000,1010.7421875,-10.7421875,5.58875162858581,5.65539139789122,1964.68682042074,0,5.58875162858581,0.465729302382151,5.58875162858581,0,81.2982105068809,52998,69,1010.7421875,10.7020169114315,1000.04017058857,1010.7421875
0.893,1000.01408599918,0.192410843737805,0.00962054218689025,5.23606151010222,104.721230202044,5.67871285668701,0,1000,996.09375,3.90625,5.67871285668701,5.65448021330322,-804.167232982714,0,5.67871285668701,0.473226071390584,5.67871285668701,0,81.4029342382507,53066,68,996.09375,-3.9203359991792,1000.01408599918,996.09375
0.894,999.98366222409,0.210729292836842,0.0105364646418421,5.23590221158836,104.718044231767,5.67904419653719,0,1000,996.09375,3.90625,5.67904419653719,5.6548115531534,-670.139360818928,0,5.67904419653719,0.473253683044766,5.67904419653719,0,81.5076531241692,53134,68,996.09375,-3.88991222408981,999.98366222409,996.09375
0.895,1000.00884168618,0.21756258253936,0.010878129126968,5.23603405094359,104.720681018872,5.67937553638737,0,1000,996.09375,3.90625,5.67937553638737,5.65514289300359,-558.449467349107,0,5.67937553638737,0.473281294698948,5.67937553638737,0,81.6123722069232,53202,68,996.09375,-3.91509168618336,1000.00884168618,996.09375
0.896,1000.05474070168,0.22011682192238,0.011005841096119,5.23627437762674,104.725487552535,5.58883446354836,0,1000,1010.7421875,-10.7421875,5.58883446354836,5.65547423285377,1976.03169387574,0,5.58883446354836,0.465736205295696,5.58883446354836,0,81.7170951869783,53271,69,1010.7421875,10.6874467983193,1000.05474070168,1010.7421875
0.897,1000.02865992507,0.1924144497298,0.00962072248648999,5.23613781899976,104.722756379995,5.67879569164955,0,1000,996.09375,3.90625,5.67879569164955,5.65456304826577,-794.713171770213,0,5.67879569164955,0.473232974304129,5.67879569164955,0,81.8218204443504,53339,68,996.09375,-3.93490992507373,1000.02865992507,996.09375
0.898,999.998238186112,0.210732679938475,0.0105366339969237,5.23597853114704,104.719570622941,5.67912703149974,0,1000,996.09375,3.90625,5.67912703149974,5.65489438811595,-662.260976475178,0,5.67912703149974,0.473260585958311,5.67912703149974,-8.88178419700125e-16,81.9265408565624,53407,68,996.09375,-3.90448818611242,999.998238186112,996.09375
0.899,1000.02341901404,0.21756588647694,0.010878294323847,5.23611037765378,104.722207553076,5.58858595866072,0,1000,1010.7421875,-10.7421875,5.58858595866072,5.65522572796613,1889.52210293735,0,5.58858595866072,0.46571549655506,5.58858595866072,-8.88178419700125e-16,82.0312614657825,53476,69,1010.7421875,10.7187684859567,1000.02341901404,1010.7421875
0.9,999.989616498973,0.191457742116708,0.0095728871058354,5.23593338809875,104.718667761975,5.67854718676192,0,1000,996.09375,3.90625,5.67854718676192,5.65431454337813,-866.804497552207,0,5.67854718676192,0.473212265563493,5.67854718676192,0,82.1359829734082,53544,68,996.09375,-3.89586649897319,999.989616498973,996.09375
0.901,999.95631516329,0.210369943103712,0.0105184971551856,5.23575902271285,104.715180454257,5.6788785266121,0,1000,996.09375,3.90625,5.6788785266121,5.65464588322831,-722.337081293506,0,5.6788785266121,0.473239877217675,5.6788785266121,0,82.2406991218463,53612,68,996.09375,-3.86256516329001,999.95631516329,996.09375
0.902,999.98042047443,0.217424453201756,0.0108712226600878,5.23588523782683,104.717704756537,5.67920986646228,0,1000,996.09375,3.90625,5.67920986646228,5.6549772230785,-601.947567744588,0,5.67920986646228,0.473267488871857,5.67920986646228,0,82.3454152755,53680,68,996.09375,-3.88667047442959,999.98042047443,996.09375
0.903,1000.02591726564,0.220061118344999,0.0110030559172499,5.23612345846853,104.722469169371,5.58866879362327,0,1000,1010.7421875,-10.7421875,5.58866879362327,5.65530856292868,1939.78327687951,0,5.58866879362327,0.465722399468606,5.58866879362327,0,82.4501352548489,53749,69,1010.7421875,10.7162702343641,1000.02591726564,1010.7421875
0.904,999.999684632881,0.192389460934877,0.00961947304674386,5.23598610472462,104.719722094492,5.67863002172446,0,1000,996.09375,3.90625,5.67863002172446,5.65439737834068,-824.920185933742,0,5.67863002172446,0.473219168477039,5.67863002172446,0,82.5548574846259,53817,68,996.09375,-3.90593463288121,999.999684632881,996.09375
0.905,999.969204344915,0.210719139825136,0.0105359569912568,5.23582651031003,104.716530206201,5.67896136157465,0,1000,996.09375,3.90625,5.67896136157465,5.65472871819086,-687.433488278118,0,5.67896136157465,0.473246780131221,5.67896136157465,0,82.6595748590168,53885,68,996.09375,-3.87545434491506,999.969204344915,996.09375
0.906,999.994361414186,0.217556616976891,0.0108778308488446,5.23595823241671,104.719164648334,5.67929270142483,0,1000,996.09375,3.90625,5.67929270142483,5.65506005804104,-572.861240231765,0,5.67929270142483,0.473274391785403,5.67929270142483,0,82.7642924264008,53953,68,996.09375,-3.90061141418596,999.994361414186,996.09375
0.907,1000.04025076718,0.220112419986063,0.0110056209993031,5.23619850850713,104.723970170143,5.58875162858581,0,1000,1010.7421875,-10.7421875,5.58875162858581,5.65539139789123,1964.0218831402,0,5.58875162858581,0.465729302382151,5.58875162858581,0,82.8690138895151,54022,69,1010.7421875,10.7019367328173,1000.04025076718,1010.7421875
0.908,1000.01416508895,0.192410633810759,0.00962053169053794,5.23606192421529,104.721238484306,5.67871285668701,0,1000,996.09375,3.90625,5.67871285668701,5.65448021330322,-804.72134738317,0,5.67871285668701,0.473226071390584,5.67871285668701,0,82.9737376292241,54090,68,996.09375,-3.92041508894852,1000.01416508895,996.09375
0.909,999.983740239802,0.210729085760732,0.0105364542880366,5.23590262007767,104.718052401553,5.67904419653719,0,1000,996.09375,3.90625,5.67904419653719,5.65481155315341,-670.601122819308,0,5.67904419653719,0.473253683044766,5.67904419653719,-8.88178419700125e-16,83.0784565233685,54158,68,996.09375,-3.8899902398017,999.983740239802,996.09375
0.91,1000.00891864242,0.21756237827542,0.010878118913771,5.23603445388552,104.72068907771,5.67937553638738,0,1000,996.09375,3.90625,5.67937553638738,5.65514289300359,-558.83426901609,0,5.67937553638738,0.473281294698948,5.67937553638738,0,83.1831756142367,54226,68,996.09375,-3.91516864242362,1000.00891864242,996.09375
0.911,1000.05481661284,0.220116620432402,0.0110058310216201,5.23627477509663,104.725495501933,5.58883446354836,0,1000,1010.7421875,-10.7421875,5.58883446354836,5.65547423285377,1975.71102581992,0,5.58883446354836,0.465736205295697,5.58883446354836,0,83.2878986022957,54295,69,1010.7421875,10.6873708871625,1000.05481661284,1010.7421875
0.912,1000.02873480534,0.192414250976106,0.0096207125488053,5.23613821107192,104.722764221438,5.67879569164956,0,1000,996.09375,3.90625,5.67879569164956,5.65456304826577,-794.980395150063,0,5.67879569164956,0.47323297430413,5.67879569164956,0,83.392623867563,54363,68,996.09375,-3.93498480533958,1000.02873480534,996.09375
0.913,999.998312049487,0.210732483883903,0.0105366241941952,5.23597891789477,104.719578357895,5.67912703149974,0,1000,996.09375,3.90625,5.67912703149974,5.65489438811595,-662.483662625052,0,5.67912703149974,0.473260585958312,5.67912703149974,0,83.4973442875631,54431,68,996.09375,-3.90456204948703,999.998312049487,996.09375
0.914,1000.02349187434,0.217565693084836,0.0108782846542418,5.23611075914938,104.722215182988,5.58858595866072,0,1000,1010.7421875,-10.7421875,5.58858595866072,5.65522572796614,1889.33653114579,0,5.58858595866072,0.46571549655506,5.58858595866072,0,83.6020649044655,54500,69,1010.7421875,10.7186956256636,1000.02349187434,1010.7421875
0.915,999.989688369807,0.191457551350913,0.00957287756754566,5.23593376441355,104.718675288271,5.67854718676192,0,1000,996.09375,3.90625,5.67854718676192,5.65431454337813,-866.959140711842,0,5.67854718676192,0.473212265563493,5.67854718676192,0,83.7067864196691,54568,68,996.09375,-3.8959383698068,999.989688369807,996.09375
0.916,999.956386058101,0.21036975492856,0.010518487746428,5.23575939391722,104.715187878344,5.6788785266121,0,1000,996.09375,3.90625,5.6788785266121,5.65464588322832,-722.465950593202,0,5.6788785266121,0.473239877217675,5.6788785266121,0,83.8115025755823,54636,68,996.09375,-3.86263605810109,999.956386058101,996.09375
0.917,999.980490406472,0.217424267582066,0.0108712133791033,5.23588560399015,104.717712079803,5.67920986646229,0,1000,996.09375,3.90625,5.67920986646229,5.6549772230785,-602.054958827668,0,5.67920986646229,0.473267488871857,5.67920986646229,0,83.9162187366096,54704,68,996.09375,-3.88674040647243,999.980490406472,996.09375
0.918,1000.02598624799,0.220060935246067,0.0110030467623034,5.23612381965927,104.722476393185,5.58866879362327,0,1000,1010.7421875,-10.7421875,5.58866879362327,5.65530856292868,1939.69378431028,0,5.58866879362327,0.465722399468606,5.58866879362327,0,84.0209387232319,54773,69,1010.7421875,10.716201252014,1000.02598624799,1010.7421875
0.919,999.999752678435,0.192389280322471,0.00961946401612355,5.2359864610103,104.719729220206,5.67863002172447,0,1000,996.09375,3.90625,5.67863002172447,5.65439737834068,-824.994763074769,0,5.67863002172447,0.473219168477039,5.67863002172447,0,84.1256609601835,54841,68,996.09375,-3.90600267843502,999.999752678435,996.09375
0.92,999.969271466395,0.210718961665488,0.0105359480832744,5.23582686175727,104.716537235145,5.67896136157465,0,1000,996.09375,3.90625,5.67896136157465,5.65472871819086,-687.495635895641,0,5.67896136157465,0.473246780131221,5.67896136157465,-8.88178419700125e-16,84.2303783416517,54909,68,996.09375,-3.87552146639462,999.969271466395,996.09375
0.921,999.994427624141,0.217556441236692,0.0108778220618346,5.23595857909122,104.719171581824,5.67929270142483,0,1000,996.09375,3.90625,5.67929270142483,5.65506005804105,-572.913029913034,0,5.67929270142483,0.473274391785403,5.67929270142483,0,84.3350959160168,54977,68,996.09375,-3.90067762414071,999.994427624141,996.09375
0.922,1000.04031607799,0.220112246632456,0.0110056123316228,5.23619885047372,104.723977009474,5.58875162858582,0,1000,1010.7421875,-10.7421875,5.58875162858582,5.65539139789123,1963.97872507247,0,5.58875162858582,0.465729302382151,5.58875162858582,0,84.4398173860174,55046,69,1010.7421875,10.7018714220088,1000.04031607799,1010.7421875
0.923,1000.01422951282,0.192410462811333,0.00962052314056666,5.23606226153789,104.721245230758,5.67871285668701,0,1000,996.09375,3.90625,5.67871285668701,5.65448021330323,-804.757312439607,0,5.67871285668701,0.473226071390585,5.67871285668701,0,84.5445411325192,55114,68,996.09375,-3.92047951282109,1000.01422951282,996.09375
0.924,999.983803788783,0.210728917083518,0.0105364458541759,5.23590295281936,104.718059056387,5.6790441965372,0,1000,996.09375,3.90625,5.6790441965372,5.65481155315341,-670.631093699673,0,5.6790441965372,0.473253683044767,5.6790441965372,0,84.6492600333641,55182,68,996.09375,-3.89005378878323,999.983803788783,996.09375
0.925,1000.0089813284,0.217562211888882,0.0108781105944441,5.2360347821085,104.72069564217,5.58850312369818,0,1000,1010.7421875,-10.7421875,5.58850312369818,5.6551428930036,1882.54700525027,0,5.58850312369818,0.465708593641515,5.58850312369818,0,84.7539791308418,55251,69,1010.7421875,10.7332061716047,1000.0089813284,1010.7421875
0.926,999.975175809092,0.191454105136609,0.00957270525683043,5.23585777682334,104.717155536467,5.67846435179938,0,1000,996.09375,3.90625,5.67846435179938,5.65423170841559,-872.617078958106,0,5.67846435179938,0.473205362649948,5.67846435179938,0,84.8586991263977,55319,68,996.09375,-3.88142580909209,999.975175809092,996.09375
0.927,999.941871599178,0.210366324793373,0.0105183162396686,5.23568339638801,104.71366792776,5.67879569164956,0,1000,996.09375,3.90625,5.67879569164956,5.65456304826577,-727.180899131755,0,5.67879569164956,0.47323297430413,5.67879569164956,0,84.9634137624591,55387,68,996.09375,-3.84812159917806,999.941871599178,996.09375
0.928,999.965974108355,0.217420846442089,0.0108710423221044,5.23580959683095,104.716191936619,5.67912703149975,0,1000,996.09375,3.90625,5.67912703149975,5.65489438811596,-605.984082609796,0,5.67912703149975,0.473260585958312,5.67912703149975,0,85.0681284034391,55455,68,996.09375,-3.87222410835454,999.965974108355,996.09375
0.929,1000.01146814803,0.220057520421236,0.0110028760210618,5.23604780306567,104.720956061313,5.58858595866073,0,1000,1010.7421875,-10.7421875,5.58858595866073,5.65522572796614,1936.41951449184,0,5.58858595866073,0.465715496555061,5.58858595866073,0,85.1728468698236,55524,69,1010.7421875,10.7307193519683,1000.01146814803,1010.7421875
0.93,999.985232805728,0.192385870774023,0.00961929353870113,5.23591043513459,104.718208702692,5.67854718676193,0,1000,996.09375,3.90625,5.67854718676193,5.65431454337814,-827.723321256803,0,5.67854718676193,0.473212265563494,5.67854718676193,0,85.2775675863503,55592,68,996.09375,-3.89148280572772,999.985232805728,996.09375
0.931,999.954749846727,0.210715556966706,0.0105357778483353,5.2357508267345,104.71501653469,5.67887852661211,0,1000,996.09375,3.90625,5.67887852661211,5.65464588322832,-689.769434380669,0,5.67887852661211,0.473239877217676,5.67887852661211,-8.88178419700125e-16,85.3822834472093,55660,68,996.09375,-3.86099984672717,999.954749846727,996.09375
0.932,999.979904281878,0.21755304118943,0.0108776520594715,5.23588253504895,104.717650700979,5.67920986646229,0,1000,996.09375,3.90625,5.67920986646229,5.65497722307851,-574.807861983891,0,5.67920986646229,0.473267488871858,5.67920986646229,0,85.4869995007836,55728,68,996.09375,-3.88615428187768,999.979904281878,996.09375
0.933,1000.02579103676,0.220108851124261,0.011005442556213,5.2361227975357,104.722455950714,5.58866879362328,0,1000,1010.7421875,-10.7421875,5.58866879362328,5.65530856292869,1962.39969834676,0,5.58866879362328,0.465722399468606,5.58866879362328,0,85.5917194498142,55797,69,1010.7421875,10.7163964632358,1000.02579103676,1010.7421875
0.934,999.999702795792,0.1924070717622,0.00962035358811002,5.23598619982539,104.719723996508,5.67863002172447,0,1000,996.09375,3.90625,5.67863002172447,5.65439737834069,-806.073168044368,0,5.67863002172447,0.473219168477039,5.67863002172447,0,85.6964416751692,55865,68,996.09375,-3.90595279579168,999.999702795792,996.09375
0.935,999.969275418742,0.210725530426051,0.0105362765213025,5.23582688245171,104.716537649034,5.67896136157466,0,1000,996.09375,3.90625,5.67896136157466,5.65472871819087,-671.727640036974,0,5.67896136157466,0.473246780131221,5.67896136157466,0,85.8011590546931,55933,68,996.09375,-3.87552541874197,999.969275418742,996.09375
0.936,999.994451327804,0.217558829560892,0.0108779414780446,5.23595870320331,104.719174064066,5.67929270142484,0,1000,996.09375,3.90625,5.67929270142484,5.65506005804105,-559.773033364145,0,5.67929270142484,0.473274391785403,5.67929270142484,0,85.9058766306779,56001,68,996.09375,-3.90070132780352,999.994451327804,996.09375
0.937,1000.04034683852,0.220113078247173,0.0110056539123587,5.23619901153549,104.72398023071,5.58875162858582,0,1000,1010.7421875,-10.7421875,5.58875162858582,5.65539139789124,1974.92872219655,0,5.58875162858582,0.465729302382152,5.58875162858582,0,86.0105981035942,56070,69,1010.7421875,10.7018406614759,1000.04034683852,1010.7421875
0.938,1000.01426260474,0.192410715231153,0.00962053576155767,5.23606243480677,104.721248696135,5.67871285668702,0,1000,996.09375,3.90625,5.67871285668702,5.65448021330323,-795.632314836212,0,5.67871285668702,0.473226071390585,5.67871285668702,0,86.115321853463,56138,68,996.09375,-3.92051260473795,1000.01426260474,996.09375
0.939,999.983837455547,0.210728954491636,0.0105364477245818,5.23590312909813,104.718062581963,5.6790441965372,0,1000,996.09375,3.90625,5.6790441965372,5.65481155315342,-663.026929030176,0,5.6790441965372,0.473253683044767,5.6790441965372,0,86.2200407578122,56206,68,996.09375,-3.8900874555469,999.983837455547,996.09375
0.94,1000.00901491956,0.217562169958933,0.0108781084979466,5.23603495799143,104.720699159829,5.67937553638739,0,1000,996.09375,3.90625,5.67937553638739,5.6551428930036,-552.52244085848,0,5.67937553638739,0.473281294698949,5.67937553638739,0,86.3247598588148,56274,68,996.09375,-3.9152649195604,1000.00901491956,996.09375
0.941,1000.05491172468,0.22011638557508,0.011005819278754,5.23627527310109,104.725505462022,5.58883446354837,0,1000,1010.7421875,-10.7421875,5.58883446354837,5.65547423285378,1980.97088261793,0,5.58883446354837,0.465736205295697,5.58883446354837,0,86.4294828568959,56343,69,1010.7421875,10.6872757753168,1000.05491172468,1010.7421875
0.942,1000.02882867851,0.192414008365847,0.00962070041829235,5.23613870259071,104.722774051814,5.67879569164957,0,1000,996.09375,3.90625,5.67879569164957,5.65456304826578,-790.597181151722,0,5.67879569164957,0.47323297430413,5.67879569164957,-8.88178419700125e-16,86.5342081320589,56411,68,996.09375,-3.93507867851463,1000.02882867851,996.09375
0.943,999.998404667578,0.21073224049154,0.010536612024577,5.23597940284196,104.719588056839,5.67912703149975,0,1000,996.09375,3.90625,5.67912703149975,5.65489438811596,-658.830984293102,0,5.67912703149975,0.473260585958312,5.67912703149975,0,86.6389285618237,56479,68,996.09375,-3.90465466757803,999.998404667578,996.09375
0.944,1000.02358324201,0.217565451478895,0.0108782725739447,5.23611123754937,104.722224750987,5.58858595866073,0,1000,1010.7421875,-10.7421875,5.58858595866073,5.65522572796615,1892.38042975575,0,5.58858595866073,0.465715496555061,5.58858595866073,0,86.7436491883595,56548,69,1010.7421875,10.7186042579948,1000.02358324201,1010.7421875
0.945,999.989778499421,0.191457312460137,0.00957286562300685,5.23593423633111,104.718684726622,5.67854718676193,0,1000,996.09375,3.90625,5.67854718676193,5.65431454337814,-864.422558536877,0,5.67854718676193,0.473212265563494,5.67854718676193,0,86.8483707130661,56616,68,996.09375,-3.89602849942105,999.989778499421,996.09375
0.946,999.956474964755,0.210369519071138,0.0105184759535569,5.23575985943137,104.715197188627,5.67887852661211,0,1000,996.09375,3.90625,5.67887852661211,5.65464588322833,-720.352132114064,0,5.67887852661211,0.473239877217676,5.67887852661211,0,86.9530868783535,56684,68,996.09375,-3.8627249647551,999.956474964755,996.09375
0.947,999.980578106134,0.21742403484909,0.0108712017424545,5.23588606318451,104.71772126369,5.6792098664623,0,1000,996.09375,3.90625,5.6792098664623,5.65497722307851,-600.293443428387,0,5.6792098664623,0.473267488871858,5.6792098664623,0,87.0578030486277,56752,68,996.09375,-3.88682810613386,999.980578106134,996.09375
0.948,1000.02607275681,0.220060705644393,0.0110030352822196,5.2361242726184,104.722485452368,5.58866879362328,0,1000,1010.7421875,-10.7421875,5.58866879362328,5.65530856292869,1941.16171380968,0,5.58866879362328,0.465722399468607,5.58866879362328,0,87.1625230443714,56821,69,1010.7421875,10.7161147431927,1000.02607275681,1010.7421875
0.949,999.9998380125,0.192389053827936,0.00961945269139681,5.23598690781842,104.719738156368,5.67863002172448,0,1000,996.09375,3.90625,5.67863002172448,5.65439737834069,-823.771488491935,0,5.67863002172448,0.47321916847704,5.67863002172448,0,87.2672452903206,56889,68,996.09375,-3.90608801249994,999.9998380125,996.09375
0.95,999.969355641623,0.210718738242739,0.0105359369121369,5.23582730249774,104.716546049955,5.67896136157466,0,1000,996.09375,3.90625,5.67896136157466,5.65472871819087,-686.476240409946,0,5.67896136157466,0.473246780131222,5.67896136157466,0,87.3719626806642,56957,68,996.09375,-3.87560564162277,999.969355641623,996.09375
0.951,999.994510656257,0.217556220846561,0.0108778110423281,5.23595901384636,104.719180276927,5.67929270142484,0,1000,996.09375,3.90625,5.67929270142484,5.65506005804106,-572.063533674955,0,5.67929270142484,0.473274391785404,5.67929270142484,0,87.4766802637841,57025,68,996.09375,-3.90076065625715,999.994510656257,996.09375
0.952,1000.04039798251,0.22011202923471,0.0110056014617355,5.2361992793248,104.723985586496,5.58875162858583,0,1000,1010.7421875,-10.7421875,5.58875162858583,5.65539139789124,1964.6866386042,0,5.58875162858583,0.465729302382152,5.58875162858583,0,87.5814017424207,57094,69,1010.7421875,10.7017895174851,1000.04039798251,1010.7421875
0.953,1000.01431030506,0.192410248365689,0.00962051241828443,5.23606268456509,104.721253691302,5.67871285668702,0,1000,996.09375,3.90625,5.67871285668702,5.65448021330324,-804.167384496497,0,5.67871285668702,0.473226071390585,5.67871285668702,-8.88178419700125e-16,87.6861254974411,57162,68,996.09375,-3.92056030506365,1000.01431030506,996.09375
0.954,999.983883483849,0.210728705550016,0.0105364352775008,5.23590337010175,104.718067402035,5.67904419653721,0,1000,996.09375,3.90625,5.67904419653721,5.65481155315342,-670.139487080414,0,5.67904419653721,0.473253683044767,5.67904419653721,0,87.7908444066889,57230,68,996.09375,-3.89013348384901,999.983883483849,996.09375
0.955,1000.00905994118,0.217562003228025,0.0108781001614013,5.2360351937241,104.720703874482,5.67937553638739,0,1000,996.09375,3.90625,5.67937553638739,5.6551428930036,-558.449572567012,0,5.67937553638739,0.473281294698949,5.67937553638739,-8.88178419700125e-16,87.8955635124555,57298,68,996.09375,-3.91530994118364,1000.00905994118,996.09375
0.956,1000.05495599273,0.220116250478226,0.0110058125239113,5.23627550488803,104.725510097761,5.58883446354837,0,1000,1010.7421875,-10.7421875,5.58883446354837,5.65547423285379,1976.03160619416,0,5.58883446354837,0.465736205295698,5.58883446354837,-8.88178419700125e-16,88.0002865152105,57367,69,1010.7421875,10.6872315072718,1000.05495599273,1010.7421875
0.957,1000.02887229242,0.192413886045988,0.00962069430229942,5.23613893095258,104.722778619052,5.67879569164957,0,1000,996.09375,3.90625,5.67879569164957,5.65456304826578,-794.713244838203,0,5.67879569164957,0.473232974304131,5.67879569164957,0,88.1050117949744,57435,68,996.09375,-3.93512229241924,1000.02887229242,996.09375
0.958,999.99844766946,0.21073212390962,0.010536606195481,5.23597962799929,104.719592559986,5.67912703149975,0,1000,996.09375,3.90625,5.67912703149975,5.65489438811597,-662.261037365169,0,5.67912703149975,0.473260585958313,5.67912703149975,0,88.2097322292742,57503,68,996.09375,-3.90469766946035,999.99844766946,996.09375
0.959,1000.02362565256,0.217565337999086,0.0108782668999543,5.23611145961051,104.72222919221,5.58858595866074,0,1000,1010.7421875,-10.7421875,5.58858595866074,5.65522572796615,1889.52205219569,0,5.58858595866074,0.465715496555061,5.58858595866074,0,88.314452860282,57572,69,1010.7421875,10.718561847441,1000.02362565256,1010.7421875
0.96,999.989820331291,0.191457201087311,0.00957286005436553,5.23593445536227,104.718689107245,5.67854718676193,0,1000,996.09375,3.90625,5.67854718676193,5.65431454337815,-866.804539836923,0,5.67854718676193,0.473212265563494,5.67854718676193,0,88.4191743893995,57640,68,996.09375,-3.89607033129073,999.989820331291,996.09375
0.961,999.956516227518,0.210369409421617,0.0105184704710808,5.23576007548269,104.715201509654,5.67887852661212,0,1000,996.09375,3.90625,5.67887852661212,5.65464588322833,-722.337116530769,0,5.67887852661212,0.473239877217676,5.67887852661212,0,88.5238905590377,57708,68,996.09375,-3.86276622751768,999.956516227518,996.09375
0.962,999.980618808159,0.217423926767186,0.0108711963383593,5.23588627629981,104.717725525996,5.6792098664623,0,1000,996.09375,3.90625,5.6792098664623,5.65497722307851,-601.947597108974,0,5.6792098664623,0.473267488871858,5.6792098664623,0,88.6286067336034,57776,68,996.09375,-3.88686880815851,999.980618808159,996.09375
0.963,1000.02611290595,0.220060599059532,0.0110030299529766,5.2361244828388,104.722489656776,5.58866879362328,0,1000,1010.7421875,-10.7421875,5.58866879362328,5.6553085629287,1939.78325240919,0,5.58866879362328,0.465722399468607,5.58866879362328,0,88.7333267335805,57845,69,1010.7421875,10.7160745940533,1000.02611290595,1010.7421875
0.964,999.999877616351,0.192388948701428,0.0096194474350714,5.2359871151837,104.719742303674,5.67863002172448,0,1000,996.09375,3.90625,5.67863002172448,5.65439737834069,-824.920206325676,0,5.67863002172448,0.47321916847704,5.67863002172448,-8.88178419700125e-16,88.8380489837055,57913,68,996.09375,-3.90612761635145,999.999877616351,996.09375
0.965,999.969394707625,0.210718634547936,0.0105359317273968,5.23582750704685,104.716550140937,5.67896136157466,0,1000,996.09375,3.90625,5.67896136157466,5.65472871819088,-687.433505271397,0,5.67896136157466,0.473246780131222,5.67896136157466,0,88.9427663781681,57981,68,996.09375,-3.87564470762527,999.969394707625,996.09375
0.966,999.994549191727,0.217556118561471,0.0108778059280736,5.23595921561761,104.719184312352,5.67929270142485,0,1000,996.09375,3.90625,5.67929270142485,5.65506005804106,-572.861254392831,0,5.67929270142485,0.473274391785404,5.67929270142485,-8.88178419700125e-16,89.0474839653512,58049,68,996.09375,-3.90079919172695,999.994549191727,996.09375
0.967,1000.04043599466,0.220111928339239,0.0110055964169619,5.23619947835594,104.723989567119,5.58875162858583,0,1000,1010.7421875,-10.7421875,5.58875162858583,5.65539139789125,1964.02187133931,0,5.58875162858583,0.465729302382153,5.58875162858583,-8.88178419700125e-16,89.1522054479957,58118,69,1010.7421875,10.7017515053383,1000.04043599466,1010.7421875
0.968,1000.014347801,0.192410148840611,0.00962050744203057,5.23606288089333,104.721257617867,5.67871285668703,0,1000,996.09375,3.90625,5.67871285668703,5.65448021330324,-804.721357217244,0,5.67871285668703,0.473226071390586,5.67871285668703,0,89.2569292069696,58186,68,996.09375,-3.92059780099555,1000.014347801,996.09375
0.969,999.983920470577,0.210728607376591,0.0105364303688295,5.23590356376381,104.718071275276,5.67904419653721,0,1000,996.09375,3.90625,5.67904419653721,5.65481155315342,-670.60113101437,0,5.67904419653721,0.473253683044768,5.67904419653721,0,89.3616481201173,58254,68,996.09375,-3.89017047057723,999.983920470577,996.09375
0.97,1000.00909642562,0.217561906387846,0.0108780953193923,5.23603538475618,104.720707695124,5.5885031236982,0,1000,1010.7421875,-10.7421875,5.5885031236982,5.65514289300361,1882.57197415469,0,5.5885031236982,0.465708593641516,5.5885031236982,0,89.4663672297307,58323,69,1010.7421875,10.7330910743763,1000.00909642562,1010.7421875
0.971,999.975289343274,0.191453803784347,0.00957269018921737,5.23585837128693,104.717167425739,5.67846435179939,0,1000,996.09375,3.90625,5.67846435179939,5.6542317084156,-872.596271537757,0,5.67846435179939,0.473205362649949,5.67846435179939,0,89.5710872372575,58391,68,996.09375,-3.88153934327397,999.975289343274,996.09375
0.972,999.941983591539,0.210366027533544,0.0105183013766772,5.23568398277864,104.713679655573,5.67879569164957,0,1000,996.09375,3.90625,5.67879569164957,5.65456304826579,-727.163559614797,0,5.67879569164957,0.473232974304131,5.67879569164957,0,89.6758018851272,58459,68,996.09375,-3.8482335915395,999.941983591539,996.09375
0.973,999.966084579834,0.217420553219117,0.0108710276609559,5.23581017525826,104.716203505165,5.67912703149976,0,1000,996.09375,3.90625,5.67912703149976,5.65489438811597,-605.969633012331,0,5.67912703149976,0.473260585958313,5.67912703149976,0,89.7805165377552,58527,68,996.09375,-3.87233457983382,999.966084579834,996.09375
0.974,1000.01157711928,0.220057231180301,0.0110028615590151,5.2360483736378,104.720967472756,5.58858595866074,0,1000,1010.7421875,-10.7421875,5.58858595866074,5.65522572796616,1936.43155582306,0,5.58858595866074,0.465715496555062,5.58858595866074,0,89.8852350156295,58596,69,1010.7421875,10.7306103807175,1000.01157711928,1010.7421875
0.975,999.985340297124,0.192385585461046,0.00961927927305232,5.23591099795822,104.718219959164,5.67854718676194,0,1000,996.09375,3.90625,5.67854718676194,5.65431454337815,-827.713286814119,0,5.67854718676194,0.473212265563495,5.67854718676194,-8.88178419700125e-16,89.98995574349,58664,68,996.09375,-3.8915902971238,999.985340297124,996.09375
0.976,999.954855878365,0.210715275528346,0.0105357637764173,5.23575138191486,104.715027638297,5.67887852661212,0,1000,996.09375,3.90625,5.67887852661212,5.65464588322834,-689.761072345099,0,5.67887852661212,0.473239877217677,5.67887852661212,0,90.0946716155289,58732,68,996.09375,-3.86110587836549,999.954855878365,996.09375
0.977,999.980008873582,0.217552763573068,0.0108776381786534,5.23588308268983,104.717661653797,5.67920986646231,0,1000,996.09375,3.90625,5.67920986646231,5.65497722307852,-574.800893620916,0,5.67920986646231,0.473267488871859,5.6792098664623,-8.88178419700125e-16,90.1993876801312,58800,68,996.09375,-3.8862588735816,999.980008873582,996.09375
0.978,1000.02589420809,0.220108577277992,0.0110054288638996,5.23612333773949,104.72246675479,5.58866879362329,0,1000,1010.7421875,-10.7421875,5.58866879362329,5.6553085629287,1962.4055053159,0,5.58866879362329,0.465722399468607,5.58866879362329,-8.88178419700125e-16,90.3041076400401,58869,69,1010.7421875,10.716293291911,1000.02589420809,1010.7421875
0.979,999.999804566026,0.192406801634827,0.00962034008174137,5.2359867326931,104.719734653862,5.67863002172449,0,1000,996.09375,3.90625,5.67863002172449,5.6543973783407,-806.068328903414,0,5.67863002172449,0.47321916847704,5.67863002172449,0,90.4088298761257,58937,68,996.09375,-3.90605456602623,999.999804566026,996.09375
0.98,999.969375806913,0.21072526396707,0.0105362631983535,5.23582740808295,104.716548161659,5.67896136157467,0,1000,996.09375,3.90625,5.67896136157467,5.65472871819088,-671.723607419512,0,5.67896136157467,0.473246780131222,5.67896136157467,0,90.5135472662344,59005,68,996.09375,-3.87562580691304,999.969375806913,996.09375
0.981,999.99455035268,0.217558566720486,0.0108779283360243,5.23595922169635,104.719184433927,5.67929270142485,0,1000,996.09375,3.90625,5.67929270142485,5.65506005804107,-559.769672849593,0,5.67929270142485,0.473274391785404,5.67929270142485,0,90.6182648526603,59073,68,996.09375,-3.90080035267977,999.99455035268,996.09375
0.982,1000.04044451862,0.220112818976201,0.0110056409488101,5.23619952298728,104.723990459746,5.58875162858584,0,1000,1010.7421875,-10.7421875,5.58875162858584,5.65539139789125,1974.93152262534,0,5.58875162858584,0.465729302382153,5.58875162858584,0,90.7229863358758,59142,69,1010.7421875,10.7017429813802,1000.04044451862,1010.7421875
0.983,1000.01435895831,0.192410459481142,0.00962052297405709,5.23606293931291,104.721258786258,5.67871285668703,0,1000,996.09375,3.90625,5.67871285668703,5.65448021330325,-795.629981145551,0,5.67871285668703,0.473226071390586,5.67871285668703,0,90.8277100959041,59210,68,996.09375,-3.92060895831492,1000.01435895831,996.09375
0.984,999.983932500621,0.210728702214768,0.0105364351107384,5.23590362675297,104.718072535059,5.67904419653722,0,1000,996.09375,3.90625,5.67904419653722,5.65481155315343,-663.024984287959,0,5.67904419653722,0.473253683044768,5.67904419653722,0,90.9324290102748,59278,68,996.09375,-3.89018250062065,999.983932500621,996.09375
0.985,1000.0091086739,0.217561921108043,0.0108780960554022,5.236035448888,104.72070897776,5.6793755363874,0,1000,996.09375,3.90625,5.6793755363874,5.65514289300361,-552.520820239966,0,5.6793755363874,0.47328129469895,5.6793755363874,0,91.0371481211627,59346,68,996.09375,-3.91535867390007,1000.0091086739,996.09375
0.986,1000.05500420582,0.220116140103643,0.0110058070051822,5.23627575733117,104.725515146623,5.58883446354838,0,1000,1010.7421875,-10.7421875,5.58883446354838,5.6554742328538,1980.97223313336,0,5.58883446354838,0.465736205295699,5.58883446354838,0,91.141871128995,59415,69,1010.7421875,10.6871832941828,1000.05500420582,1010.7421875
0.987,1000.02891990373,0.192413766227969,0.00962068831139843,5.23613918024484,104.722783604897,5.67879569164958,0,1000,996.09375,3.90625,5.67879569164958,5.65456304826579,-790.596055722198,0,5.67879569164958,0.473232974304132,5.67879569164958,0,91.2465964137766,59483,68,996.09375,-3.93516990373359,1000.02891990373,996.09375
0.988,999.998494653937,0.21073200164195,0.0105366000820975,5.23597987400944,104.719597480189,5.67912703149976,0,1000,996.09375,3.90625,5.67912703149976,5.65489438811598,-658.830046435165,0,5.67912703149976,0.473260585958314,5.67912703149976,-8.88178419700125e-16,91.3513168530295,59551,68,996.09375,-3.90474465393731,999.998494653937,996.09375
0.989,1000.02367200633,0.217565215872938,0.0108782607936469,5.23611170231829,104.722234046366,5.58858595866075,0,1000,1010.7421875,-10.7421875,5.58858595866075,5.65522572796616,1892.38121130403,0,5.58858595866075,0.465715496555062,5.58858595866075,-8.88178419700125e-16,91.4560374889245,59620,69,1010.7421875,10.7185154936711,1000.02367200633,1010.7421875
0.99,999.989866058305,0.191457080053763,0.00957285400268816,5.23593469478835,104.718693895767,5.67854718676194,0,1000,996.09375,3.90625,5.67854718676194,5.65431454337816,-864.421907246642,0,5.67854718676194,0.473212265563495,5.67854718676194,0,91.5607590228633,59688,68,996.09375,-3.8961160583051,999.989866058305,996.09375
0.991,999.95656133457,0.210369289820896,0.0105184644910448,5.23576031166266,104.715206233253,5.67887852661213,0,1000,996.09375,3.90625,5.67887852661213,5.65464588322834,-720.351589372202,0,5.67887852661213,0.473239877217677,5.67887852661213,0,91.6654751972575,59756,68,996.09375,-3.86281133456953,999.95656133457,996.09375
0.992,999.980663303026,0.217423808712119,0.0108711904356059,5.23588650927439,104.717730185488,5.67920986646231,0,1000,996.09375,3.90625,5.67920986646231,5.65497722307852,-600.292991143502,0,5.67920986646231,0.473267488871859,5.67920986646231,0,91.7701913765147,59824,68,996.09375,-3.88691330302629,999.980663303026,996.09375
0.993,1000.02615679671,0.220060482578414,0.0110030241289207,5.23612471265028,104.722494253006,5.58866879362329,0,1000,1010.7421875,-10.7421875,5.58866879362329,5.65530856292871,1941.16209071375,0,5.58866879362329,0.465722399468608,5.58866879362329,0,91.8749113811195,59893,69,1010.7421875,10.716030703294,1000.02615679671,1010.7421875
0.994,999.999920911117,0.192388833791245,0.00961944168956226,5.23598734187457,104.719746837491,5.67863002172449,0,1000,996.09375,3.90625,5.67863002172449,5.6543973783407,-823.771174405209,0,5.67863002172449,0.473219168477041,5.67863002172449,0,91.9796336358095,59961,68,996.09375,-3.90617091111721,999.999920911117,996.09375
0.995,999.969437414458,0.210718521194197,0.0105359260597098,5.2358277306593,104.716554613186,5.67896136157467,0,1000,996.09375,3.90625,5.67896136157467,5.65472871819089,-686.475978671008,0,5.67896136157467,0.473246780131223,5.67896136157467,0,92.084351034775,60029,68,996.09375,-3.87568741445796,999.969437414458,996.09375
0.996,999.994591318598,0.217556006745588,0.0108778003372794,5.23595943619339,104.719188723868,5.67929270142486,0,1000,996.09375,3.90625,5.67929270142486,5.65506005804107,-572.063315559173,0,5.67929270142486,0.473274391785405,5.67929270142486,0,92.1890686263999,60097,68,996.09375,-3.9008413185984,999.994591318598,996.09375
0.997,1000.04047754944,0.220111818041277,0.0110055909020639,5.23619969593626,104.723993918725,5.58875162858584,0,1000,1010.7421875,-10.7421875,5.58875162858584,5.65539139789125,1964.68682036736,0,5.58875162858584,0.465729302382153,5.58875162858584,0,92.2937901134259,60166,69,1010.7421875,10.701709950557,1000.04047754944,1010.7421875
0.998,1000.01438879145,0.192410040040312,0.0096205020020156,5.23606309551887,104.721261910377,5.67871285668704,0,1000,996.09375,3.90625,5.67871285668704,5.65448021330325,-804.167233027204,0,5.67871285668704,0.473226071390586,5.67871285668704,0,92.3985138767218,60234,68,996.09375,-3.92063879145485,1000.01438879145,996.09375
0.999,999.983960904377,0.210728500053746,0.0105364250026873,5.23590377547469,104.718075509494,5.67904419653722,0,1000,996.09375,3.90625,5.67904419653722,5.65481155315343,-670.139360856003,0,5.67904419653722,0.473253683044768,5.67904419653722,-8.88178419700125e-16,92.5032327941329,60302,68,996.09375,-3.89021090437666,999.983960904377,996.09375
1,1000.00913631032,0.217561800522441,0.0108780900261221,5.23603559359198,104.72071187184,5.6793755363874,0,1000,996.09375,3.90625,5.6793755363874,5.65514289300362,-558.449467380002,0,5.6793755363874,0.47328129469895,5.6793755363874,0,92.6079519079517,60370,68,996.09375,-3.91538631032324,1000.00913631032,996.09375
