time_s,rpm,current_A,torque_Nm,back_emf_V,omega_rad_s,voltage_V,load_Nm,reference_rpm,measured_rpm,error_rpm,raw_voltage_V,integrator_V,derivative_rpm_s,aw_error_V,voltage_command_sat_V,duty_cycle,voltage_avg_V,pwm_error_V,shaft_angle_rad,encoder_count,encoder_delta_count,encoder_rpm,encoder_rpm_error,true_rpm,feedback_rpm
0,0,0,0,0,0,0,0,0,0,0,0,0,0,0,0,0,0,0,0,0,0,0,0,0,0
0.001,0,0,0,0,0,0,0,0,0,0,0,0,0,0,0,0,0,0,0,0,0,0,0,0,0
0.002,0,0,0,0,0,0,0,0,0,0,0,0,0,0,0,0,0,0,0,0,0,0,0,0,0
0.003,0,0,0,0,0,0,0,0,0,0,0,0,0,0,0,0,0,0,0,0,0,0,0,0,0
0.004,0,0,0,0,0,0,0,0,0,0,0,0,0,0,0,0,0,0,0,0,0,0,0,0,0
0.005,0,0,0,0,0,0,0,0,0,0,0,0,0,0,0,0,0,0,0,0,0,0,0,0,0
0.006,0,0,0,0,0,0,0,0,0,0,0,0,0,0,0,0,0,0,0,0,0,0,0,0,0
0.007,0,0,0,0,0,0,0,0,0,0,0,0,0,0,0,0,0,0,0,0,0,0,0,0,0
0.008,0,0,0,0,0,0,0,0,0,0,0,0,0,0,0,0,0,0,0,0,0,0,0,0,0
0.009,0,0,0,0,0,0,0,0,0,0,0,0,0,0,0,0,0,0,0,0,0,0,0,0,0
0.01,0,0,0,0,0,0,0,0,0,0,0,0,0,0,0,0,0,0,0,0,0,0,0,0,0
0.011,0,0,0,0,0,0,0,0,0,0,0,0,0,0,0,0,0,0,0,0,0,0,0,0,0
0.012,0,0,0,0,0,0,0,0,0,0,0,0,0,0,0,0,0,0,0,0,0,0,0,0,0
0.013,0,0,0,0,0,0,0,0,0,0,0,0,0,0,0,0,0,0,0,0,0,0,0,0,0
0.014,0,0,0,0,0,0,0,0,0,0,0,0,0,0,0,0,0,0,0,0,0,0,0,0,0
0.015,0,0,0,0,0,0,0,0,0,0,0,0,0,0,0,0,0,0,0,0,0,0,0,0,0
0.016,0,0,0,0,0,0,0,0,0,0,0,0,0,0,0,0,0,0,0,0,0,0,0,0,0
0.017,0,0,0,0,0,0,0,0,0,0,0,0,0,0,0,0,0,0,0,0,0,0,0,0,0
0.018,0,0,0,0,0,0,0,0,0,0,0,0,0,0,0,0,0,0,0,0,0,0,0,0,0
0.019,0,0,0,0,0,0,0,0,0,0,0,0,0,0,0,0,0,0,0,0,0,0,0,0,0
0.02,0,0,0,0,0,0,0,0,0,0,0,0,0,0,0,0,0,0,0,0,0,0,0,0,0
0.021,0,0,0,0,0,0,0,0,0,0,0,0,0,0,0,0,0,0,0,0,0,0,0,0,0
0.022,0,0,0,0,0,0,0,0,0,0,0,0,0,0,0,0,0,0,0,0,0,0,0,0,0
0.023,0,0,0,0,0,0,0,0,0,0,0,0,0,0,0,0,0,0,0,0,0,0,0,0,0
0.024,0,0,0,0,0,0,0,0,0,0,0,0,0,0,0,0,0,0,0,0,0,0,0,0,0
0.025,0,0,0,0,0,0,0,0,0,0,0,0,0,0,0,0,0,0,0,0,0,0,0,0,0
0.026,0,0,0,0,0,0,0,0,0,0,0,0,0,0,0,0,0,0,0,0,0,0,0,0,0
0.027,0,0,0,0,0,0,0,0,0,0,0,0,0,0,0,0,0,0,0,0,0,0,0,0,0
0.028,0,0,0,0,0,0,0,0,0,0,0,0,0,0,0,0,0,0,0,0,0,0,0,0,0
0.029,0,0,0,0,0,0,0,0,0,0,0,0,0,0,0,0,0,0,0,0,0,0,0,0,0
0.03,0,0,0,0,0,0,0,0,0,0,0,0,0,0,0,0,0,0,0,0,0,0,0,0,0
0.031,0,0,0,0,0,0,0,0,0,0,0,0,0,0,0,0,0,0,0,0,0,0,0,0,0
0.032,0,0,0,0,0,0,0,0,0,0,0,0,0,0,0,0,0,0,0,0,0,0,0,0,0
0.033,0,0,0,0,0,0,0,0,0,0,0,0,0,0,0,0,0,0,0,0,0,0,0,0,0
0.034,0,0,0,0,0,0,0,0,0,0,0,0,0,0,0,0,0,0,0,0,0,0,0,0,0
0.035,0,0,0,0,0,0,0,0,0,0,0,0,0,0,0,0,0,0,0,0,0,0,0,0,0
0.036,0,0,0,0,0,0,0,0,0,0,0,0,0,0,0,0,0,0,0,0,0,0,0,0,0
0.037,0,0,0,0,0,0,0,0,0,0,0,0,0,0,0,0,0,0,0,0,0,0,0,0,0
0.038,0,0,0,0,0,0,0,0,0,0,0,0,0,0,0,0,0,0,0,0,0,0,0,0,0
0.039,0,0,0,0,0,0,0,0,0,0,0,0,0,0,0,0,0,0,0,0,0,0,0,0,0
0.04,0,0,0,0,0,0,0,0,0,0,0,0,0,0,0,0,0,0,0,0,0,0,0,0,0
0.041,0,0,0,0,0,0,0,0,0,0,0,0,0,0,0,0,0,0,0,0,0,0,0,0,0
0.042,0,0,0,0,0,0,0,0,0,0,0,0,0,0,0,0,0,0,0,0,0,0,0,0,0
0.043,0,0,0,0,0,0,0,0,0,0,0,0,0,0,0,0,0,0,0,0,0,0,0,0,0
0.044,0,0,0,0,0,0,0,0,0,0,0,0,0,0,0,0,0,0,0,0,0,0,0,0,0
0.045,0,0,0,0,0,0,0,0,0,0,0,0,0,0,0,0,0,0,0,0,0,0,0,0,0
0.046,0,0,0,0,0,0,0,0,0,0,0,0,0,0,0,0,0,0,0,0,0,0,0,0,0
0.047,0,0,0,0,0,0,0,0,0,0,0,0,0,0,0,0,0,0,0,0,0,0,0,0,0
0.048,0,0,0,0,0,0,0,0,0,0,0,0,0,0,0,0,0,0,0,0,0,0,0,0,0
0.049,0,0,0,0,0,0,0,0,0,0,0,0,0,0,0,0,0,0,0,0,0,0,0,0,0
0.05,0,0,0,0,0,12,0,2000,0,2000,12.4071134124988,0,0,-0.407113412498752,12,1,12,0,0,0,0,0,0,0,0
0.051,10.5249946910858,3.78495743480747,0.189247871740373,0.055108743334311,1.10217486668622,12,0,2000,0,2000,12.5686171475426,0.161503735043874,0,-0.568617147542627,12,1,12,0,0.00039603080814611,0,0,0,-10.5249946910858,10.5249946910858,0
0.052,32.3847038436429,5.14751048767093,0.257375524383547,0.169565912806449,3.39131825612899,12,0,2000,14.6484375,1985.3515625,12.6360183951964,0.31977739538687,2441.40625,-0.636018395196423,12,1,12,0,0.00258714815077003,1,1,14.6484375,-17.7362663436429,32.3847038436429,14.6484375
0.053,58.2237952924567,5.60819167279459,0.280409583639729,0.304859079258164,6.09718158516327,12,0,2000,43.9453125,1956.0546875,12.6099566807698,0.475460506338603,6917.31770833333,-0.609956680769757,12,1,12,0,0.00731278358808755,4,3,43.9453125,-14.2784827924567,58.2237952924567,43.9453125
0.054,85.3051912463182,5.73349906146974,0.286674953073487,0.44665693688751,8.93313873775019,12,0,2000,73.2421875,1926.7578125,12.5819311517552,0.629179802702495,10647.2439236111,-0.581931151755249,12,1,12,0,0.0148230912233041,9,5,73.2421875,-12.0630037463182,85.3051912463182,73.2421875
0.055,112.612398256409,5.73448494340115,0.286724247170057,0.589637138442438,11.7927427688488,12,0,2000,102.5390625,1897.4609375,12.5519810844447,0.780974560770302,13755.5157696759,-0.551981084444655,12,1,12,0,0.0251862784777966,16,7,102.5390625,-10.0733357564091,112.612398256409,102.5390625
0.056,139.76991898941,5.68977281103745,0.284488640551872,0.731833584483286,14.6366716896657,12,0,2000,131.8359375,1868.1640625,12.5201449696039,0.930883271307946,16345.7423080633,-0.520144969603901,12,1,12,0,0.0384031040603754,25,9,131.8359375,-7.9339814894102,139.76991898941,131.8359375
0.057,166.641029185624,5.62864709701637,0.281432354850819,0.872530388460333,17.4506077692067,12,0,2000,146.484375,1853.515625,12.5773329408728,1.07894365526603,16062.8581733861,-0.577332940872784,12,1,12,0,0.0544495320210805,35,10,146.484375,-20.1566541856243,166.641029185624,146.484375
0.058,193.177921470708,5.56201002828405,0.278100501414203,1.01147723154687,20.2295446309374,12,0,2000,175.78125,1824.21875,12.5412622155889,1.22461775536055,18268.5276444884,-0.541262215588905,12,1,12,0,0.0732926188829599,47,12,175.78125,-17.3966714707075,193.177921470708,175.78125
0.059,219.365873818816,5.49391526148797,0.274695763074399,1.14859702939583,22.9719405879166,12,0,2000,205.078125,1794.921875,12.5034278559343,1.36852822108437,20106.5855370737,-0.503427855934326,12,1,12,0,0.094896428247307,61,14,205.078125,-14.2877488188164,219.365873818816,205.078125
0.06,245.202448899163,5.4258649835586,0.27129324917793,1.28387702017306,25.6775404034612,12,0,2000,234.375,1765.625,12.4638651345965,1.51071032512491,21638.3004475614,-0.463865134596467,12,1,12,0,0.119224229982123,77,16,234.375,-10.8274488991627,245.202448899163,234.375
0.061,270.689744918267,5.35841088676405,0.267920544338203,1.41732819006221,28.3465638012441,12,0,2000,263.671875,1736.328125,12.422608618809,1.65119863471583,22914.7295396345,-0.422608618808988,12,1,12,0,0.14623931521281,95,18,263.671875,-7.01786991826737,270.689744918267,263.671875
0.062,295.831509067851,5.29175064465648,0.264587532232824,1.54897015931324,30.9794031862648,12,0,2000,278.3203125,1721.6796875,12.4705645971501,1.79002702574613,21537.0141996954,-0.470564597150085,12,1,12,0,0.175905295659702,114,19,278.3203125,-17.5111965678514,295.831509067851,278.3203125
0.063,320.632062632649,5.22595014044937,0.261297507022468,1.67882555412012,33.5765110824024,12,0,2000,307.6171875,1692.3828125,12.425446518797,1.92665377277142,22830.3243330795,-0.425446518796972,12,1,12,0,0.208186210916448,135,21,307.6171875,-13.0148751326489,320.632062632649,307.6171875
0.064,345.095901063267,5.16102626149258,0.258051313074629,1.80691791260718,36.1383582521436,12,0,2000,336.9140625,1663.0859375,12.3787457531345,2.06169783248739,23908.0827775663,-0.378745753134549,12,1,12,0,0.243046564230334,158,23,336.9140625,-8.18183856326687,345.095901063267,336.9140625
0.065,369.227545514263,5.09697774468983,0.254848887234491,1.93327090748433,38.6654181496867,12,0,2000,351.5625,1648.4375,12.4213663665982,2.19519085864024,22364.8085646385,-0.421366366598196,12,1,12,0,0.280451331701346,182,24,351.5625,-17.6650455142633,369.227545514263,351.5625
0.066,393.031488063635,5.03379666720503,0.251689833360251,2.05790805921697,41.1581611843394,12,0,2000,380.859375,1619.140625,12.3710196306652,2.32658894808563,23520.1529705321,-0.371019630665185,12,1,12,0,0.32036596163394,208,26,380.859375,-12.1721130636353,393.031488063635,380.859375
0.067,416.512171828087,4.97147272617704,0.248573636308852,2.18085263190974,43.6170526381949,12,0,2000,410.15625,1589.84375,12.3191947805745,2.4565089233733,24482.9399754434,-0.319194780574458,12,1,12,0,0.362756370275332,236,28,410.15625,-6.35592182808665,416.512171828087,410.15625
0.068,439.673984072336,4.90999483184436,0.245499741592218,2.30212759722701,46.0425519445402,12,0,2000,424.8046875,1575.1953125,12.3567937912984,2.58498034678641,22843.8562295362,-0.356793791298372,12,1,12,0,0.407588936262097,265,29,424.8046875,-14.8692965723362,439.673984072336,424.8046875
0.069,462.5212541526,4.8493516997421,0.242467584987105,2.42175562362491,48.4351124724982,12,0,2000,454.1015625,1545.8984375,12.3015258846804,2.71145726554686,23919.3593579468,-0.301525884680419,12,1,12,0,0.45483049463939,296,31,454.1015625,-8.41969165260031,462.5212541526,454.1015625
0.07,485.058253254217,4.78953207000025,0.239476603500012,2.53975907497758,50.7951814995515,12,0,2000,468.75,1531.25,12.3357507000077,2.83655449356329,22374.2057149557,-0.335750700007653,12,1,12,0,0.50444833077405,328,32,468.75,-16.308253254217,485.058253254217,468.75
0.071,507.289194790872,4.73052478772888,0.236526239386444,2.65616001266747,53.1232002533495,12,0,2000,498.046875,1501.953125,12.277176081901,2.95972470083499,23527.9839291297,-0.277176081900951,12,1,12,0,0.556410174280572,362,34,498.046875,-9.24231979087182,507.289194790872,498.046875
0.072,529.218235043567,4.67231883166611,0.233615941583306,2.77098019893104,55.4196039786209,12,0,2000,527.34375,1472.65625,12.21728790728,3.08158135159245,24489.4657742748,-0.217287907280012,12,1,12,0,0.610684193003558,398,36,527.34375,-1.87448504356701,529.218235043567,527.34375
0.073,550.849473882257,4.61490332356797,0.230745166178399,2.88424110063717,57.6848220127434,12,0,2000,527.34375,1472.65625,12.3378572726535,3.20215071696596,20407.888145229,-0.337857272653515,12,1,12,0,0.667238987072211,434,36,527.34375,-23.5057238822574,550.849473882257,527.34375
0.074,572.186955511719,4.55826753044072,0.227913376522036,2.99596389319254,59.9192778638509,12,0,2000,571.2890625,1428.7109375,12.1833980126519,3.32030869503199,24330.7922043575,-0.183398012651949,12,1,12,0,0.726043583031949,473,39,571.2890625,-0.897893011719134,572.186955511719,571.2890625
0.075,593.234669219964,4.5024008641236,0.22512004320618,3.10616946446035,62.123389289207,12,0,2000,585.9375,1414.0625,12.2100451899143,3.43782828498349,22717.0664202979,-0.210045189914251,12,1,12,0,0.787067428054374,513,40,585.9375,-7.29716921996442,593.234669219964,585.9375
0.076,613.996550121219,4.44729287990141,0.22236464399507,3.2148784186505,64.29756837301,12,0,2000,600.5859375,1399.4140625,12.2349168991931,3.55357240695156,21372.2949335816,-0.23491689919312,12,1,12,0,0.85028038422537,554,41,600.5859375,-13.4106126212195,613.996550121219,600.5859375
0.077,634.476479890573,4.3929332747724,0.21964666373862,3.32211108016623,66.4422216033245,12,0,2000,615.234375,1384.765625,12.2580486498482,3.66757657029587,20251.6520279847,-0.258048649848226,12,1,12,0,0.915652722910579,596,42,615.234375,-19.2421048905727,634.476479890573,615.234375
0.078,654.6782874893,4.33931188560422,0.216965594280211,3.42788749740189,68.5577499480377,12,0,2000,644.53125,1355.46875,12.1886028283628,3.77987557418888,21759.1891899872,-0.188602828362839,12,1,12,0,0.983155119197334,640,44,644.53125,-10.1470374893003,654.6782874893,644.53125
0.079,674.605749880587,4.2864186872644,0.21432093436322,3.53222744649048,70.6445489298095,12,0,2000,673.828125,1326.171875,12.1180608744308,3.89107844563523,23015.4701583227,-0.118060874430789,12,1,12,0,1.05275864641203,686,46,673.828125,-0.777624880587041,674.605749880587,673.828125
0.08,694.262592735619,4.23424379075743,0.211712189537871,3.6351504350007,72.7030087000141,12,0,2000,688.4765625,1311.5234375,12.1373171233902,4.00120710728384,21620.9647152689,-0.137317123390201,12,1,12,0,1.12443477071198,733,47,688.4765625,-5.78603023561868,694.262592735619,688.4765625
0.081,713.652491130119,4.18277744138018,0.209138872069009,3.73667570558406,74.7335141116812,12,0,2000,703.125,1296.875,12.1549457229322,4.10970811951508,20458.8768460574,-0.15494572293224,12,1,12,0,1.19815534575064,781,48,703.125,-10.5274911301188,713.652491130119,703.125
0.082,732.779070231439,4.13201001689974,0.206600500844987,3.83682223957241,76.7364447914482,12,0,2000,717.7734375,1282.2265625,12.1709792260453,4.21661403531729,19490.4702883812,-0.170979226045251,12,1,12,0,1.27389260741534,830,49,717.7734375,-15.0056327314387,732.779070231439,717.7734375
0.083,751.645905976323,4.08193202575497,0.204096601287749,3.93560876052677,78.7121752105354,12,0,2000,747.0703125,1252.9296875,12.0945771219686,4.32195675661905,21124.871073651,-0.094577121968614,12,1,12,0,1.35161916863649,881,51,747.0703125,-4.57559347632321,751.645905976323,747.0703125
0.084,770.256525739472,4.03253410528221,0.20162670526411,4.03305373773787,80.6610747547574,12,0,2000,761.71875,1238.28125,12.1080904237863,4.42634247112597,20045.4654780425,-0.108090423786336,12,1,12,0,1.43130801426721,933,52,761.71875,-8.53777573947161,770.256525739472,761.71875
0.085,788.614408993021,3.98380701996488,0.199190350998244,4.12917538967922,82.5835077935844,12,0,2000,776.3671875,1223.6328125,12.1200909351295,4.52921539515835,19145.9608150354,-0.120090935129515,12,1,12,0,1.51293249603254,986,53,776.3671875,-12.2472214930215,788.614408993021,776.3671875
0.086,806.722987957076,3.93574165970682,0.196787082985341,4.22399168741326,84.4798337482652,12,0,2000,791.015625,1208.984375,12.1306089118076,4.63060578452568,18396.3735958628,-0.130608911807643,12,1,12,0,1.59646632754724,1040,54,791.015625,-15.7073629570756,806.722987957076,791.015625
0.087,824.585648241397,3.88832903812908,0.194416451906454,4.31752035795125,86.350407159025,12,0,2000,820.3125,1179.6875,12.0488015918248,4.73054328992126,20213.1238298857,-0.0488015918248212,12,1,12,0,1.68188357940127,1096,56,820.3125,-4.27314824139694,824.585648241397,820.3125
0.088,842.205729478386,3.84156029088981,0.192078014544491,4.40977888756755,88.195577751351,12,0,2000,834.9609375,1165.0390625,12.0570177820545,4.82963189284012,19285.6761082381,-0.0570177820544817,12,1,12,0,1.76915867431194,1153,57,834.9609375,-7.24479197838559,842.205729478386,834.9609375
0.089,859.586525947465,3.79542667402696,0.189771333701348,4.50078452506888,90.0156905013776,12,0,2000,849.609375,1150.390625,12.0638271240414,4.9273136475162,18512.8030068651,-0.0638271240413602,12,1,12,0,1.85826638234195,1211,58,849.609375,-9.97715094746468,859.586525947465,849.609375
0.09,876.731287190982,3.7499195623235,0.187495978116175,4.59055428501919,91.8110857003837,12,0,2000,864.2578125,1135.7421875,12.0692577547503,5.02361669091435,17868.7420890542,-0.0692577547503159,12,1,12,0,1.94918181618238,1270,59,864.2578125,-12.4734746909819,876.731287190982,864.2578125
0.091,893.643218621751,3.70503044769484,0.185251522384742,4.67910495092072,93.5820990184143,11.9824648357177,0,2000,893.5546875,1106.4453125,11.9824648357177,5.11856859726014,19773.4309075452,0,11.9824648357177,0.998538736309809,11.9824648357177,0,2.04188042649972,1331,61,893.5546875,-0.0885311217508615,893.643218621751,893.5546875
0.092,910.310102329757,3.65522011672976,0.182761005836488,4.76637254994623,95.3274509989246,12,0,2000,893.5546875,1106.4453125,12.0763168482821,5.21242060982456,16477.859089621,-0.0763168482821222,12,1,12,0,2.13633741864062,1392,61,893.5546875,-16.7554148297569,910.310102329757,893.5546875
0.093,926.749253836956,3.61508170416112,0.180754085208056,4.85244774595667,97.0489549191334,11.9868976985025,0,2000,922.8515625,1077.1484375,11.9868976985025,5.30474628542334,18614.3617413508,0,11.9868976985025,0.998908141541875,11.9868976985025,0,2.23252743983142,1455,63,922.8515625,-3.89769133695586,926.749253836956,922.8515625
0.094,942.964189220295,3.56918191466744,0.178459095733372,4.93734894908789,98.7469789817578,11.9873922495013,0,2000,937.5,1062.5,11.9873922495013,5.39611324911138,17953.3743677924,0,11.9873922495013,0.998949354125112,11.9873922495013,0,2.33042745884982,1519,64,937.5,-5.46418922029488,942.964189220295,937.5
0.095,958.950744461919,3.52584033726771,0.176292016863386,5.02105435659338,100.421087131868,11.986644276062,0,2000,952.1484375,1047.8515625,11.986644276062,5.48623768836124,17402.5515564936,0,11.986644276062,0.998887023005167,11.986644276062,0,2.43001343669913,1584,65,952.1484375,-6.8023069619187,958.950744461919,952.1484375
0.096,974.716807245334,3.48341647778352,0.174170823889176,5.1036052682874,102.072105365748,11.9846537781845,0,2000,966.796875,1033.203125,11.9846537781845,5.57511960317291,16943.532547078,0,11.9846537781845,0.998721148182039,11.9846537781845,0,2.53126193780117,1650,66,966.796875,-7.9199322453336,974.716807245334,966.796875
0.097,990.265282912784,3.44129922369038,0.172064961184519,5.18501689650637,103.700337930127,11.9814207558688,0,2000,981.4453125,1018.5546875,11.9814207558688,5.66275899354639,16561.0167058984,0,11.9814207558688,0.998451729655729,11.9814207558688,0,2.63415004944662,1717,67,981.4453125,-8.81997041278441,990.265282912784,981.4453125
0.098,1005.59722098225,3.39926097937355,0.169963048968678,5.26529473651357,105.305894730271,11.9769452091148,0,2000,996.09375,1003.90625,11.9769452091148,5.74915585948169,16242.2535049153,0,11.9769452091148,0.998078767426237,11.9769452091148,0,2.7386550502601,1785,68,996.09375,-9.50347098224813,1005.59722098225,996.09375
0.099,1020.71297999193,3.35721703544435,0.167860851772217,5.34444066561068,106.888813312214,11.9712271379228,0,2000,1010.7421875,989.2578125,11.9712271379228,5.83431020097879,15976.6175040961,0,11.9712271379228,0.997602261493563,11.9712271379228,0,2.84475428672687,1854,69,1010.7421875,-9.97079249193496,1020.71297999193,1010.7421875
0.1,1035.61266148191,3.31513591665741,0.165756795832871,5.42245521546021,108.449104309204,11.9642665422925,0,2000,1025.390625,974.609375,11.9642665422925,5.91822201803771,15755.2541700801,0,11.9642665422925,0.997022211857706,11.9642665422925,0,2.95242512723678,1924,70,1025.390625,-10.2220364819057,1035.61266148191,1025.390625
0.101,1050.2962716772,3.27300598012917,0.163650299006458,5.49933841865638,109.986768373128,11.956063422224,0,2000,1040.0390625,959.9609375,11.956063422224,6.00089131065845,15570.7847250667,0,11.956063422224,0.996338618518668,11.956063422224,0,3.06164494500821,1995,71,1040.0390625,-10.2572091771963,1050.2962716772,1040.0390625
0.102,1064.76378172041,3.23082297080655,0.161541148540327,5.57509012410222,111.501802482044,11.8557453650282,0,2000,1069.3359375,930.6640625,11.8557453650282,6.08231807884099,17858.4664375556,0,11.8557453650282,0.987978780419013,11.8557453650282,0,3.17239111177123,2068,73,1069.3359375,4.57215577958777,1064.76378172041,1069.3359375
0.103,1078.93544746841,3.15992303383788,0.157996151691894,5.64929279244061,112.985855848812,11.9346870843343,0,2000,1069.3359375,930.6640625,11.9346870843343,6.16125979814716,14882.0553646297,0,11.9346870843343,0.994557257027861,11.9346870843343,0,3.28463799643596,2141,73,1069.3359375,-9.59950996840826,1078.93544746841,1069.3359375
0.104,1092.88370419781,3.13558262756653,0.156779131378326,5.72232569389309,114.446513877862,11.9227563909513,0,2000,1083.984375,916.015625,11.9227563909513,6.24020151745333,14843.1190538581,0,11.9227563909513,0.993563032579275,11.9227563909513,0,3.39835532570782,2215,74,1083.984375,-8.89932919781359,1092.88370419781,1083.984375
0.105,1106.67025257755,3.09992335235055,0.154996167617527,5.79451189240668,115.890237848134,11.9095831731301,0,2000,1098.6328125,901.3671875,11.9095831731301,6.31790071232132,14810.672128215,0,11.9095831731301,0.992465264427507,11.9095831731301,0,3.51352530830591,2290,75,1098.6328125,-8.03744007755472,1106.67025257755,1098.6328125
0.106,1120.26083452282,3.06001242560814,0.153000621280407,5.86567201306878,117.313440261376,11.8951674308707,0,2000,1113.28125,886.71875,11.8951674308707,6.39435738275111,14783.6330235125,0,11.8951674308707,0.991263952572557,11.8951674308707,0,3.63012892633642,2366,76,1113.28125,-6.97958452282273,1120.26083452282,1113.28125
0.107,1133.64265733391,3.01848296736688,0.150924148368344,5.93573907346035,118.714781469207,11.8795091641731,0,2000,1127.9296875,872.0703125,11.8795091641731,6.46957152874272,14761.1004362605,0,11.8795091641731,0.989959097014424,11.8795091641731,0,3.74814488033696,2443,77,1127.9296875,-5.71296983390585,1133.64265733391,1127.9296875
0.108,1146.81092609405,2.97631607895155,0.148815803947577,6.00468796745596,120.093759349119,11.8626083730373,0,2000,1142.578125,857.421875,11.8626083730373,6.54354315029614,14742.323280217,0,11.8626083730373,0.988550697753109,11.8626083730373,0,3.86755101776948,2521,78,1142.578125,-4.23280109405027,1146.81092609405,1142.578125
0.109,1159.76382602137,2.93387736581236,0.146693868290618,6.07250919287987,121.450183857597,11.9353374701525,0,2000,1142.578125,857.421875,11.9353374701525,6.61627224741138,12285.2694001809,0,11.9353374701525,0.994611455846045,11.9353374701525,0,3.98832486527697,2599,78,1142.578125,-17.1857010213675,1159.76382602137,1142.578125
0.11,1172.58035567004,2.91996546741782,0.145998273370891,6.13961638519452,122.79232770389,11.8263217418894,0,2000,1171.875,828.125,11.8263217418894,6.68900134452661,15120.5370001507,0,11.8263217418894,0.985526811824115,11.8263217418894,0,4.11044682605051,2679,80,1171.875,-0.705355670041854,1172.58035567004,1171.875
0.111,1185.18774407376,2.85935429600674,0.142967714800337,6.20562851651129,124.112570330226,11.805693377439,0,2000,1186.5234375,813.4765625,11.805693377439,6.75924539276547,15041.8537501256,0,11.805693377439,0.983807781453253,11.805693377439,0,4.23390189233515,2760,81,1186.5234375,1.33569342624332,1185.18774407376,1186.5234375
0.112,1197.52410837698,2.80994116946504,0.140497058473252,6.27022156895633,125.404431379127,11.8746949012397,0,2000,1186.5234375,813.4765625,11.8746949012397,6.82824691656614,12534.8781251047,0,11.8746949012397,0.989557908436642,11.8746949012397,0,4.35866254853738,2841,81,1186.5234375,-11.000670876984,1197.52410837698,1186.5234375
0.113,1209.70328508289,2.79332841948838,0.139666420974419,6.33399158906641,126.679831781328,11.8528240123512,0,2000,1201.171875,798.828125,11.8528240123512,6.89724844036682,12887.1380209206,0,11.8528240123512,0.987735334362598,11.8528240123512,0,4.48470548913716,2923,82,1201.171875,-8.53141008288935,1209.70328508289,1201.171875
0.114,1221.74518659561,2.76027116843152,0.138013558421576,6.39704283794577,127.940856758915,11.8297105990245,0,2000,1215.8203125,784.1796875,11.8297105990245,6.9650074397293,13180.6879341005,0,11.8297105990245,0.985809216585372,11.8297105990245,0,4.61201731513933,3006,83,1215.8203125,-5.92487409561136,1221.74518659561,1215.8203125
0.115,1233.59998896642,2.72105322804608,0.136052661402304,6.45911443800891,129.182288760178,11.8053546612596,0,2000,1230.46875,769.53125,11.8053546612596,7.0315239146536,13425.3128617504,0,11.8053546612596,0.983779555104964,11.8053546612596,0,4.74058062022721,3090,84,1230.46875,-3.13123896641787,1233.59998896642,1230.46875
0.116,1245.24910330289,2.67950612075489,0.133975306037744,6.52010905804274,130.402181160855,11.8706286117457,0,2000,1230.46875,769.53125,11.8706286117457,7.09679786513971,11187.7607181253,0,11.8706286117457,0.989219050978806,11.8706286117457,0,4.87037468084086,3174,84,1230.46875,-14.7803533028928,1245.24910330289,1230.46875
0.117,1256.76528099012,2.66571978106619,0.13328598905331,6.58040762340877,131.608152468175,11.7541577368534,0,2000,1259.765625,740.234375,11.7541577368534,7.16207181562582,14205.9464317711,0,11.7541577368534,0.979513144737782,11.7541577368534,0,5.00138053383793,3260,86,1259.765625,3.00034400988261,1256.76528099012,1259.765625
0.118,1268.07342589708,2.604949214514,0.1302474607257,6.63961693168453,132.792338633691,11.8169466384631,0,2000,1259.765625,740.234375,11.8169466384631,7.22486071723555,11838.2886931426,0,11.8169466384631,0.98474555320526,11.8169466384631,0,5.13358338953976,3346,86,1259.765625,-8.30780089708355,1268.07342589708,1259.765625
0.119,1279.19049383654,2.58393332557492,0.129196666278746,6.69782576329796,133.956515265959,11.7888631273837,0,2000,1274.4140625,725.5859375,11.7888631273837,7.28764961884529,12306.6468276188,0,11.7888631273837,0.982405260615304,11.7888631273837,0,5.26695879485955,3433,87,1274.4140625,-4.77643133653987,1279.19049383654,1274.4140625
0.12,1290.15752063349,2.54906427980152,0.127453213990076,6.75524898132631,135.104979626526,11.759537091866,0,2000,1289.0625,710.9375,11.759537091866,7.34919599601684,12696.9452730157,0,11.759537091866,0.979961424322167,11.759537091866,0,5.40149108701997,3521,88,1289.0625,-1.09502063348737,1290.15752063349,1289.0625
0.121,1300.93255421835,2.50900037120027,0.125450018560013,6.81166692524694,136.233338504939,11.8198409445994,0,2000,1289.0625,710.9375,11.8198409445994,7.4094998487502,10580.7877275131,0,11.8198409445994,0.98498674538328,11.8198409445994,0,5.53716200174997,3609,88,1289.0625,-11.870054218346,1300.93255421835,1289.0625
0.122,1311.57964304572,2.49562984705252,0.124781492352626,6.86741495198391,137.348299039678,11.7892723846435,0,2000,1303.7109375,696.2890625,11.7892723846435,7.46980370148356,11258.7293562609,0,11.7892723846435,0.98243936538696,11.7892723846435,0,5.6739534805266,3698,89,1303.7109375,-7.86870554571715,1311.57964304572,1303.7109375
0.123,1322.1001526598,2.46354005989997,0.123177002994999,6.92250021150997,138.450004230199,11.7574613002495,0,2000,1318.359375,681.640625,11.7574613002495,7.52886502977873,11823.6807135507,0,11.7574613002495,0.979788441687458,11.7574613002495,0,5.81185405824632,3788,90,1318.359375,-3.7407776598036,1322.1001526598,1318.359375
0.124,1332.43735178656,2.42444259349511,0.121222129674756,6.97662565956883,139.532513191377,11.7244076914173,0,2000,1333.0078125,666.9921875,11.7244076914173,7.58668383363571,12294.4735112923,0,11.7244076914173,0.977033974284773,11.7244076914173,0,5.95084702840099,3879,91,1333.0078125,0.570460713439616,1332.43735178656,1333.0078125
0.125,1342.57008072868,2.38270091012536,0.119135045506268,7.02968050424446,140.593610084889,11.7809839708361,0,2000,1333.0078125,666.9921875,11.7809839708361,7.64326011305451,10245.3945927436,0,11.7809839708361,0.98174866423634,11.7809839708361,0,6.09091190773632,3970,91,1333.0078125,-9.5622682286803,1342.57008072868,1333.0078125
0.126,1352.57013569341,2.36860312287083,0.118430156143542,7.08204066959894,141.640813391979,11.7466878375657,0,2000,1347.65625,652.34375,11.7466878375657,7.69983639247331,10979.2350772863,0,11.7466878375657,0.978890653130473,11.7466878375657,0,6.23202980249536,4062,92,1347.65625,-4.91388569340938,1352.57013569341,1347.65625
0.127,1362.44176991096,2.33614041720548,0.116807020860274,7.13372842549359,142.674568509872,11.7111491798571,0,2000,1362.3046875,637.6953125,11.7111491798571,7.75517014745392,11590.7688144053,0,11.7111491798571,0.975929098321424,11.7111491798571,0,6.37418892800139,4155,93,1362.3046875,-0.137082410962421,1362.44176991096,1362.3046875
0.128,1372.12932905684,2.29680225924435,0.114840112962217,7.18445236656678,143.689047331336,11.7652404103995,0,2000,1362.3046875,637.6953125,11.7652404103995,7.80926137799635,9658.97401200438,0,11.7652404103995,0.980436700866626,11.7652404103995,-1.77635683940025e-15,6.5173724504074,4248,93,1362.3046875,-9.82464155684329,1372.12932905684,1362.3046875
0.129,1381.69175837852,2.28353170494657,0.114176585247329,7.23452112941253,144.69042258825,11.7284592282527,0,2000,1376.953125,623.046875,11.7284592282527,7.86335260853877,10490.5512600037,0,11.7284592282527,0.977371602354395,11.7284592282527,0,6.66156282987661,4342,94,1376.953125,-4.73863337851776,1381.69175837852,1376.953125
0.13,1391.12852394663,2.25130909347631,0.112565454673815,7.28393191838326,145.678638367665,11.6904355216678,0,2000,1391.6015625,608.3984375,11.6904355216678,7.91620131464301,11183.532300003,0,11.6904355216678,0.974202960138981,11.6904355216678,0,6.80674878049763,4437,95,1391.6015625,0.473038553366223,1391.12852394663,1391.6015625
0.131,1400.38218860801,2.21199241933765,0.110599620966882,7.33238399324822,146.647679864964,11.7420417033338,0,2000,1391.6015625,608.3984375,11.7420417033338,7.96780749630905,9319.61025000254,0,11.7420417033338,0.978503475277818,11.7420417033338,0,6.95291364865967,4532,95,1391.6015625,-8.78062610801385,1400.38218860801,1391.6015625
0.132,1409.51103409915,2.19866203969851,0.109933101984926,7.38018251646606,147.603650329321,11.7027754723107,0,2000,1406.25,593.75,11.7027754723107,8.0194136779751,10207.7481250021,0,11.7027754723107,0.975231289359223,11.7027754723107,-1.77635683940025e-15,7.10003995616312,4628,96,1406.25,-3.26103409914776,1409.51103409915,1406.25
0.133,1418.51427999564,2.16634944633491,0.108317472316746,7.4273234017442,148.546468034884,11.6622667168493,0,2000,1420.8984375,579.1015625,11.6622667168493,8.06977733520296,10947.8630208351,0,11.6622667168493,0.971855559737444,11.6622667168493,0,7.24811643462215,4725,97,1420.8984375,2.38415750435934,1418.51427999564,1420.8984375
0.134,1427.33439800782,2.12693168988932,0.106346584494466,7.47350543166228,149.470108633246,11.711387849639,0,2000,1420.8984375,579.1015625,11.711387849639,8.11889846799264,9123.21918402925,0,11.711387849639,0.975948987469917,11.711387849639,0,7.39712643159059,4822,97,1420.8984375,-6.43596050781753,1427.33439800782,1420.8984375
0.135,1436.0296366083,2.11349622546682,0.105674811273341,7.51903359450976,150.380671890195,11.7605089824287,0,2000,1420.8984375,579.1015625,11.7605089824287,8.16801960078231,7602.68265335771,0,11.7605089824287,0.98004241520239,11.7605089824287,0,7.54705246401072,4919,97,1420.8984375,-15.1311991083001,1436.0296366083,1420.8984375
0.136,1444.67890629955,2.10973953869112,0.105486976934556,7.56432106471136,151.286421294227,11.62788528984,0,2000,1450.1953125,549.8046875,11.62788528984,8.21714073357199,11218.3813777981,0,11.62788528984,0.968990440819996,11.62788528984,-1.77635683940025e-15,7.69788625548949,5018,99,1450.1953125,5.51640620044691,1444.67890629955,1450.1953125
0.137,1453.15219402511,2.05226272495354,0.102613136247677,7.60868709549528,152.173741909906,11.6745213737533,0,2000,1450.1953125,549.8046875,11.6745213737533,8.26377681748528,9348.65114816507,0,11.6745213737533,0.972876781146104,11.6745213737533,-1.77635683940025e-15,7.84961878242656,5117,99,1450.1953125,-2.95688152510797,1453.15219402511,1450.1953125
0.138,1461.44599988958,2.03203190410449,0.101601595205225,7.65211336145213,153.042267229043,11.7211574576666,0,2000,1450.1953125,549.8046875,11.7211574576666,8.31041290139858,7790.5426234709,0,11.7211574576666,0.976763121472213,11.7211574576665,-1.77635683940025e-15,8.00222770351738,5216,99,1450.1953125,-11.2506873895752,1461.44599988958,1450.1953125
0.139,1469.67344584581,2.02567651973038,0.101283825986519,7.69519216774201,153.90384335484,11.6769211288907,0,2000,1464.84375,535.15625,11.6769211288907,8.35704898531188,8933.52510289241,0,11.6769211288907,0.973076760740888,11.6769211288907,0,8.15570110579934,5316,100,1464.84375,-4.82969584581406,1469.67344584581,1464.84375
0.14,1477.79696832971,1.99582703927623,0.0997913519638117,7.73772683200313,154.754536640063,11.6314422756766,0,2000,1479.4921875,520.5078125,11.6314422756766,8.40244254478699,9886.01050241034,0,11.6314422756766,0.96928685630638,11.6314422756766,0,8.31003160485324,5417,101,1479.4921875,1.69521917029147,1477.79696832971,1479.4921875
0.141,1485.74533612157,1.95719167025891,0.0978595835129457,7.77934438844135,155.586887768827,11.6755933107135,0,2000,1479.4921875,520.5078125,11.6755933107135,8.44659357982392,8238.34208534195,0,11.6755933107135,0.972966109226124,11.6755933107135,0,8.46520398445795,5518,101,1479.4921875,-6.25314862156665,1485.74533612157,1479.4921875
0.142,1493.57169376969,1.94391267202149,0.0971956336010744,7.82032310126088,156.406462025218,11.6288719330612,0,2000,1494.140625,505.859375,11.6288719330612,8.49074461486084,9306.69132111829,0,11.6288719330612,0.969072661088434,11.6288719330612,-1.77635683940025e-15,8.62120128596956,5620,102,1494.140625,0.568931230307271,1493.57169376969,1494.140625
0.143,1501.27334893803,1.91141716520635,0.0955708582603176,7.86064887342311,157.212977468462,11.6717804436599,0,2000,1494.140625,505.859375,11.6717804436599,8.53365312545958,7755.57610093191,0,11.6717804436599,0.972648370304996,11.6717804436599,0,8.77801241881614,5722,102,1494.140625,-7.13272393803095,1501.27334893803,1494.140625
0.144,1508.87176568136,1.90039194621888,0.0950195973109441,7.90043409045604,158.008681809121,11.6238165415695,0,2000,1508.7890625,491.2109375,11.6238165415695,8.57656163605832,8904.38633410993,0,11.6238165415695,0.968651378464124,11.6238165415695,0,8.93562378027913,5825,103,1508.7890625,-0.0827031813603298,1508.87176568136,1508.7890625
0.145,1516.35244876335,1.86870244180031,0.0934351220900156,7.93960285547975,158.792057109595,11.66548252773,0,2000,1508.7890625,491.2109375,11.66548252773,8.61822762221887,7420.32194509161,0,11.66548252773,0.972123543977503,11.66548252773,0,9.09402552747377,5928,103,1508.7890625,-7.56338626335491,1516.35244876335,1508.7890625
0.146,1523.73246515562,1.85794389045162,0.0928971945225809,7.97824453094859,159.564890618972,11.6162761012014,0,2000,1523.4375,476.5625,11.6162761012014,8.65989360837942,8625.00787090967,0,11.6162761012014,0.968023008433449,11.6162761012014,0,9.25320451993527,6032,104,1523.4375,-0.294965155618229,1523.73246515562,1523.4375
0.147,1530.99568172932,1.82632017752405,0.0913160088762026,8.01627464399753,160.325492879951,11.6566995629237,0,2000,1523.4375,476.5625,11.6566995629237,8.70031707010178,7187.50655909139,0,11.6566995629237,0.971391630243646,11.6566995629237,0,9.41315108443791,6136,104,1523.4375,-7.55818172931663,1530.99568172932,1523.4375
0.148,1538.15855555439,1.81555264062367,0.0907776320311836,8.05377936364328,161.075587272866,11.6062506119569,0,2000,1538.0859375,461.9140625,11.6062506119569,8.74074053182414,8430.99504924283,0,11.6062506119569,0.967187550996409,11.6062506119569,-1.77635683940025e-15,9.57385214119837,6241,105,1538.0859375,-0.0726180543936152,1538.15855555439,1538.0859375
0.149,1545.20472659581,1.78389214515116,0.0891946072575581,8.09067302894271,161.813460578854,11.6454315492411,0,2000,1538.0859375,461.9140625,11.6454315492411,8.77992146910832,7025.82920770236,0,11.6454315492411,0.970452629103424,11.6454315492411,0,9.73529803710483,6346,105,1538.0859375,-7.11878909581219,1545.20472659581,1538.0859375
0.15,1552.15056770602,1.77307753128034,0.0886538765640168,8.12704136795077,162.540827359015,11.5937400738361,0,2000,1552.734375,447.265625,11.5937400738361,8.81910240639249,8296.2639230853,0,11.5937400738361,0.966145006153005,11.5937400738361,0,9.89747569740741,6452,106,1552.734375,0.583807293979135,1552.15056770602,1552.734375
0.151,1558.97968778985,1.74136618452606,0.0870683092263028,8.16279855709386,163.255971141877,11.6316784866821,0,2000,1552.734375,447.265625,11.6316784866821,8.85704081923848,6913.55326923775,0,11.6316784866821,0.969306540556838,11.6316784866821,0,10.0603754684426,6558,106,1552.734375,-6.24531278985364,1558.97968778985,1552.734375
0.152,1565.70844844024,1.73049937344017,0.0865249686720085,8.19803026547219,163.960605309444,11.5787444868388,0,2000,1567.3828125,432.6171875,11.5787444868388,8.89497923208447,8202.70064103146,0,11.5787444868388,0.964895373903236,11.5787444868388,0,10.2239842728609,6665,107,1567.3828125,1.67436405976468,1565.70844844024,1567.3828125
0.153,1572.32045467537,1.69873538746318,0.0849367693731592,8.23265064916184,164.653012983237,11.6154403752466,0,2000,1567.3828125,432.6171875,11.6154403752466,8.93167512049227,6835.58386752621,0,11.6154403752466,0.967953364603886,11.6154403752466,0,10.3882924536687,6772,107,1567.3828125,-4.93764217536886,1572.32045467537,1567.3828125
0.154,1578.83206694429,1.68781583111643,0.0843907915558213,8.26674537127364,165.334907425473,11.6521362636544,0,2000,1567.3828125,432.6171875,11.6521362636544,8.96837100890007,5696.31988960518,0,11.6521362636544,0.971011355304536,11.6521362636544,0,10.5532869299464,6879,107,1567.3828125,-11.4492544442937,1578.83206694429,1567.3828125
0.155,1585.30659277749,1.68466146938546,0.084233073469273,8.30064590926203,166.012918185241,11.597959739373,0,2000,1582.03125,417.96875,11.597959739373,9.00506689730787,7188.33949133765,0,11.597959739373,0.966496644947753,11.597959739373,0,10.7189610400954,6987,108,1582.03125,-3.27534277748714,1585.30659277749,1582.03125
0.156,1591.6879117972,1.65573701429209,0.0827868507146044,8.33405841751628,166.681168350326,11.5425406906535,0,2000,1596.6796875,403.3203125,11.5425406906535,9.04052026127748,8431.68915944804,0,11.5425406906535,0.961878390887788,11.5425406906535,0,10.8853093361921,7096,109,1596.6796875,4.99177570279858,1591.6879117972,1596.6796875
0.157,1597.89788162413,1.61717919619197,0.0808589598095984,8.36657374349512,167.331474869902,11.6676239428741,0,2000,1582.03125,417.96875,11.6676239428741,9.07473110080891,4585.00138287337,0,11.6676239428741,0.972301995239506,11.6676239428741,0,11.0523173037578,7204,108,1582.03125,-15.8666316241338,1597.89788162413,1582.03125
0.158,1604.06677708745,1.63232484553177,0.0816162422765884,8.39887400460896,167.977480092179,11.5213324814653,0,2000,1611.328125,388.671875,11.5213324814653,9.11018446477852,8703.64698572781,0,11.5213324814653,0.960111040122107,11.5213324814653,0,11.2199712251483,7314,110,1611.328125,7.26134791255345,1604.06677708745,1611.328125
0.159,1610.11846889658,1.58152242814388,0.0790761214071941,8.43056058882459,168.611211776492,11.6451732092477,0,2000,1596.6796875,403.3203125,11.6451732092477,9.14315277987176,4811.63290477317,0,11.6451732092477,0.970431100770644,11.6451732092477,0,11.3882677173519,7423,109,1596.6796875,-13.4387813965839,1610.11846889658,1596.6796875
0.16,1616.09202242959,1.59207326003353,0.0796036630016764,8.4618380419831,169.236760839662,11.4976392234008,0,2000,1625.9765625,374.0234375,11.4976392234008,9.17736361940318,8892.50658731098,0,11.4976392234008,0.958136601950063,11.4976392234008,0,11.557191333885,7534,111,1625.9765625,9.88454007041423,1616.09202242959,1625.9765625
0.161,1621.9345431129,1.53952616847822,0.0769763084239109,8.49242940874499,169.8485881749,11.620237426745,0,2000,1611.328125,388.671875,11.620237426745,9.20908941005824,4969.01590609248,0,11.620237426745,0.968353118895417,11.620237426745,0,11.726736223988,7644,110,1611.328125,-10.6064181128972,1621.9345431129,1611.328125
0.162,1627.69375318936,1.54939426093504,0.0774697130467518,8.5225845621895,170.45169124379,11.562333329149,0,2000,1625.9765625,374.0234375,11.562333329149,9.24205772515147,6582.2528384104,0,11.562333329149,0.963527777429087,11.562333329149,0,11.8968860196597,7755,111,1625.9765625,-1.71719068936272,1627.69375318936,1625.9765625
0.163,1633.39968629484,1.52522247985672,0.0762611239928362,8.55246075806626,171.049215161325,11.5940591198041,0,2000,1625.9765625,374.0234375,11.5940591198041,9.27378351580652,5485.21069867534,0,11.5940591198041,0.966171593317008,11.5940591198041,0,12.0676375237554,7866,111,1625.9765625,-7.42312379484451,1633.39968629484,1625.9765625
0.164,1639.02878561928,1.51699877349345,0.0758499386746727,8.58193465320624,171.638693064125,11.5349124977699,0,2000,1640.625,359.375,11.5349124977699,9.30550930646158,7012.41516556278,0,11.5349124977699,0.961242708147495,11.5349124977699,0,12.2389818741504,7978,112,1640.625,1.59621438071622,1639.02878561928,1640.625
0.165,1644.54978524564,1.48605390384893,0.0743026951924463,8.61084253965061,172.216850793012,11.5653957639868,0,2000,1640.625,359.375,11.5653957639868,9.33599257267844,5843.67930463565,0,11.5653957639868,0.963782980332234,11.5653957639868,-1.77635683940025e-15,12.4109109726969,8090,112,1640.625,-3.92478524563671,1644.54978524564,1640.625
0.166,1649.97350663596,1.47527418672213,0.0737637093361065,8.63924107844223,172.784821568845,11.5050066175145,0,2000,1655.2734375,344.7265625,11.5050066175145,9.3664758388953,7311.13900386304,0,11.5050066175145,0.958750551459539,11.5050066175145,-1.77635683940025e-15,12.5834123077879,8203,113,1655.2734375,5.29993086403556,1649.97350663596,1655.2734375
0.167,1655.28149249157,1.44334451863581,0.0721672259317906,8.66703362739112,173.340672547822,11.6251197719823,0,2000,1640.625,359.375,11.6251197719823,9.39571658067398,3651.20958655254,0,11.6251197719823,0.968759980998529,11.6251197719823,0,12.7564764195986,8315,112,1640.625,-14.6564924915731,1655.28149249157,1640.625
0.168,1660.56903929275,1.46082779220391,0.0730413896101953,8.69471915770126,173.894383154025,11.4738582128208,0,2000,1669.921875,330.078125,11.4738582128208,9.42619984689084,7925.48715546045,0,11.4738582128208,0.956154851068401,11.4738582128208,0,12.9300932862659,8429,114,1669.921875,9.35283570725346,1660.56903929275,1669.921875
0.169,1665.74698696913,1.4107646939447,0.070538234697235,8.7218308283359,174.436616566718,11.5927288428505,0,2000,1655.2734375,344.7265625,11.5927288428505,9.45419806423133,4163.16637955037,0,11.5927288428505,0.966060736904208,11.5927288428505,0,13.1042608929061,8542,113,1655.2734375,-10.4735494691258,1665.74698696913,1655.2734375
0.17,1670.84954713877,1.42145958114701,0.0710729790573504,8.7485477709083,174.970955418166,11.53109717194,0,2000,1669.921875,330.078125,11.53109717194,9.48343880601001,5910.71156629198,0,11.53109717194,0.960924764328331,11.53109717194,0,13.2789642940664,8656,114,1669.921875,-0.927672138766866,1670.84954713877,1669.921875
0.171,1675.90172061446,1.39749733373047,0.0698748666865236,8.77500088936814,175.500017787363,11.5590953892805,0,2000,1669.921875,330.078125,11.5590953892805,9.5114370233505,4925.59297190998,0,11.5590953892805,0.963257949106705,11.5590953892805,0,13.4542008161032,8770,114,1669.921875,-5.97984561446128,1675.90172061446,1669.921875
0.172,1680.87807633759,1.3892533486298,0.0694626674314898,8.80105702700386,176.021140540077,11.4962211939318,0,2000,1684.5703125,315.4296875,11.4962211939318,9.53943524069098,6546.06705992498,0,11.4962211939318,0.958018432827646,11.4962211939318,0,13.6299617855222,8885,115,1684.5703125,3.69223616241106,1680.87807633759,1684.5703125
0.173,1685.74665092555,1.35820273793654,0.0679101368968269,8.82654882393549,176.53097647871,11.5229768868341,0,2000,1684.5703125,315.4296875,11.5229768868341,9.56619093359329,5455.05588327082,0,11.5229768868341,0.960248073902838,11.5229768868341,0,13.8062391681293,9000,115,1684.5703125,-1.17633842554756,1685.74665092555,1684.5703125
0.174,1690.51800679926,1.34728559599483,0.0673642797997416,8.85153158486967,177.030631697393,11.5497325797364,0,2000,1684.5703125,315.4296875,11.5497325797364,9.59294662649559,4545.87990272568,0,11.5497325797364,0.96247771497803,11.5497325797364,0,13.9830204699068,9115,115,1684.5703125,-5.94769429925668,1690.51800679926,1684.5703125
0.175,1695.25329359063,1.34386920470877,0.0671934602354386,8.87632548853035,177.526509770607,11.4856158599495,0,2000,1699.21875,300.78125,11.4856158599495,9.61970231939789,6229.6395022714,0,11.4856158599495,0.957134654995788,11.4856158599495,-1.77635683940025e-15,14.1602992304523,9231,116,1699.21875,3.96545640937438,1695.25329359063,1699.21875
0.176,1699.89558920035,1.31458462954036,0.0657292314770182,8.90063249150252,178.01264983005,11.6020014411028,0,2000,1684.5703125,315.4296875,11.6020014411028,9.645215487862,2749.96000189284,0,11.6020014411028,0.966833453425231,11.6020014411028,-1.77635683940025e-15,14.3380700595729,9346,115,1684.5703125,-15.3252767003489,1699.89558920035,1684.5703125
0.177,1704.52586004657,1.33295527581874,0.066647763790937,8.92487653296022,178.497530659204,11.4470123086267,0,2000,1713.8671875,286.1328125,11.4470123086267,9.6719711807643,7174.4458349107,0,11.4470123086267,0.953917692385556,11.4470123086267,0,14.5163244453494,9463,117,1713.8671875,9.34132745342913,1704.52586004657,1713.8671875
0.178,1709.04960789775,1.28312483013429,0.0641562415067145,8.94856282132016,178.971256426403,11.5621553653418,0,2000,1699.21875,300.78125,11.5621553653418,9.69624182479023,3537.29861242558,0,11.5621553653418,0.963512947111816,11.5621553653418,0,14.6950609292606,9579,116,1699.21875,-9.83085789775373,1709.04960789775,1699.21875
0.179,1713.49905632447,1.29380859388304,0.0646904296941521,8.97186007880335,179.437201576067,11.4967961211167,0,2000,1713.8671875,286.1328125,11.4967961211167,9.72175499325434,5389.15509368798,0,11.4967961211167,0.958066343426393,11.4967961211167,0,14.8742647670234,9696,117,1713.8671875,0.368131175526969,1713.49905632447,1713.8671875
0.18,1717.89846623758,1.26974455089516,0.0634872275447581,8.99489533524191,179.897906704838,11.5210667651426,0,2000,1713.8671875,286.1328125,11.5210667651426,9.74602563728027,4490.96257807332,0,11.5210667651426,0.96008889709522,11.5210667651426,0,15.0539333539124,9813,117,1713.8671875,-4.03127873757694,1717.89846623758,1713.8671875
0.181,1722.22213168908,1.26136513817396,0.0630682569086979,9.01753399460692,180.350679892138,11.4544649964794,0,2000,1728.515625,271.484375,11.4544649964794,9.7702962813062,6183.8750650611,0,11.4544649964794,0.954538749706614,11.4544649964794,0,15.2340580361603,9931,118,1728.515625,6.29349331092476,1722.22213168908,1728.515625
0.182,1726.43798764681,1.23016671727228,0.0615083358636141,9.0396081647826,180.792163295652,11.5683655287563,0,2000,1713.8671875,286.1328125,11.5683655287563,9.79332440089394,2711.82297088425,0,11.5683655287563,0.964030460729692,11.5683655287563,0,15.4146307810534,10048,117,1713.8671875,-12.5708001468086,1726.43798764681,1713.8671875
0.183,1730.63626205435,1.2477596486371,0.062387982431855,9.06159027817676,181.231805563535,11.501763760093,0,2000,1728.515625,271.484375,11.501763760093,9.81759504491986,4701.25872573688,0,11.501763760093,0.958480313341086,11.501763760093,-1.77635683940025e-15,15.5956420883589,10166,118,1728.515625,-2.1206370543523,1730.63626205435,1728.515625
0.184,1734.80561038527,1.22623722301792,0.0613118611508961,9.08342093498789,181.668418699758,11.4339194669916,0,2000,1743.1640625,256.8359375,11.4339194669916,9.8406231645076,6359.12185478073,0,11.4339194669916,0.952826622249298,11.4339194669916,0,15.7770931266263,10285,119,1743.1640625,8.35845211472611,1734.80561038527,1743.1640625
0.185,1738.82735874557,1.19010990219621,0.0595054951098104,9.10447876016006,182.089575203201,11.5465774748303,0,2000,1728.515625,271.484375,11.5465774748303,9.86240875965715,2857.86196231728,0,11.5465774748303,0.962214789569194,11.5465774748303,0,15.9589736469016,10403,118,1728.515625,-10.3117337455733,1738.82735874557,1728.515625
0.186,1742.81668379846,1.20583432183793,0.0602917160918966,9.1253668172916,182.507336345832,11.4787331817289,0,2000,1743.1640625,256.8359375,11.4787331817289,9.88543687924489,4822.9578852644,0,11.4787331817289,0.956561098477405,11.4787331817289,0,16.1412714999576,10522,119,1743.1640625,0.347378701542311,1742.81668379846,1743.1640625
0.187,1746.77153642606,1.18358364187916,0.0591791820939582,9.14607437722644,182.921487544529,11.5005187768784,0,2000,1743.1640625,256.8359375,11.5005187768784,9.90722247439444,4019.13157105366,0,11.5005187768784,0.958376564739868,11.5005187768784,0,16.3239868656402,10641,119,1743.1640625,-3.60747392606004,1746.77153642606,1743.1640625
0.188,1750.65640880299,1.1758152889366,0.0587907644468298,9.16641552142563,183.328310428513,11.522304372028,0,2000,1743.1640625,256.8359375,11.522304372028,9.929008069544,3349.27630921139,0,11.522304372028,0.960192031002331,11.522304372028,0,16.5071121239148,10760,119,1743.1640625,-7.49234630299406,1750.65640880299,1743.1640625
0.189,1754.51528711577,1.17344242757571,0.0586721213787857,9.18662056102316,183.732411220463,11.4532175544883,0,2000,1757.8125,242.1875,11.4532175544883,9.95079366469355,5232.46984100949,0,11.4532175544883,0.95443479620736,11.4532175544883,0,16.690642622562,10880,120,1757.8125,3.29721288422797,1754.51528711577,1757.8125
0.19,1758.28485565185,1.14441721491003,0.0572208607455017,9.2063579757234,184.127159514468,11.4737606251997,0,2000,1757.8125,242.1875,11.4737606251997,9.97133673540491,4360.39153417458,0,11.4737606251997,0.95614671876664,11.4737606251997,0,16.8745736374472,11000,120,1757.8125,-0.472355651848602,1758.28485565185,1757.8125
0.191,1761.96399709511,1.13409290339603,0.0567046451698014,9.22562191527282,184.512438305456,11.494303695911,0,2000,1757.8125,242.1875,11.494303695911,9.99187980611628,3633.65961181215,0,11.494303695911,0.957858641325921,11.494303695911,0,17.0588938982672,11120,120,1757.8125,-4.15149709510501,1761.96399709511,1757.8125
0.192,1765.60951076804,1.13073584526061,0.0565367922630303,9.24470978022855,184.894195604571,11.4239743539332,0,2000,1772.4609375,227.5390625,11.4239743539332,10.0124228768276,5469.45592651012,0,11.4239743539332,0.951997862827768,11.4239743539332,0,17.2435973911509,11241,121,1772.4609375,6.85142673196378,1765.60951076804,1772.4609375
0.193,1769.16285498003,1.10131207060024,0.0550656035300118,9.26331504701532,185.266300940306,11.5341473128956,0,2000,1757.8125,242.1875,11.5341473128956,10.0317234231008,2116.47368875843,0,11.5341473128956,0.961178942741299,11.5341473128956,0,17.4286788830086,11361,120,1757.8125,-11.350354980025,1769.16285498003,1757.8125
0.194,1772.70439392881,1.11946977980394,0.055973488990197,9.28185850158849,185.63717003177,11.4638179709178,0,2000,1772.4609375,227.5390625,11.4638179709178,10.0522664938122,4205.13432396536,0,11.4638179709178,0.955318164243146,11.4638179709178,0,17.6141299113167,11482,121,1772.4609375,-0.24345642880894,1772.70439392881,1772.4609375
0.195,1776.21910882793,1.09806150257159,0.0549030751285795,9.30026150576604,186.005230115321,11.4831185171909,0,2000,1772.4609375,227.5390625,11.4831185171909,10.0715670400854,3504.27860330447,0,11.4831185171909,0.956926543099244,11.4831185171909,0,17.7999520259682,11603,121,1772.4609375,-3.7581713279269,1776.21910882793,1772.4609375
0.196,1779.6666601775,1.09054292073041,0.0545271460365203,9.31831284242053,186.366256848411,11.4115466507749,0,2000,1787.109375,212.890625,11.4115466507749,10.0908675863585,5361.63841942039,0,11.4115466507749,0.950962220897909,11.4115466507749,0,17.9861381139036,11725,122,1787.109375,7.44271482249906,1779.6666601775,1787.109375
0.197,1783.00953182843,1.05953676778438,0.052976838389219,9.33581607745463,186.716321549093,11.5204770852991,0,2000,1772.4609375,227.5390625,11.5204770852991,10.1089256081935,2026.62576618366,0,11.5204770852991,0.960039757108258,11.5204770852991,0,18.1726807093469,11846,121,1772.4609375,-10.5485943284327,1783.00953182843,1772.4609375
0.198,1786.33592170698,1.07707305567699,0.0538536527838493,9.35323301413034,187.064660282607,11.4489052188831,0,2000,1787.109375,212.890625,11.4489052188831,10.1282261544667,4130.26105515305,0,11.4489052188831,0.954075434906923,11.4489052188831,0,18.3595705162999,11968,122,1787.109375,0.773453293018974,1786.33592170698,1787.109375
0.199,1789.63372986071,1.05540142289291,0.0527700711446456,9.37050029724486,187.410005944897,11.4669632407181,0,2000,1787.109375,212.890625,11.4669632407181,10.1462841763017,3441.88421262754,0,11.4669632407181,0.955580270059839,11.4669632407181,0,18.546808772509,12090,122,1787.109375,-2.52435486071249,1789.63372986071,1787.109375
0.2,1792.86370447203,1.04775293071211,0.0523876465356053,9.38741240476186,187.748248095237,11.4850212625531,0,2000,1787.109375,212.890625,11.4850212625531,10.1643421981367,2868.23684385628,0,11.4850212625531,0.957085105212755,11.4850212625531,0,18.7343882470223,12212,122,1787.109375,-5.75432947203058,1792.86370447203,1787.109375
0.201,1796.06843747504,1.04532897608123,0.0522664488040615,9.40419234752679,188.083846950536,11.4122068716988,0,2000,1801.7578125,198.2421875,11.4122068716988,10.1824002199717,4831.60361988024,0,11.4122068716988,0.951017239308237,11.4122068716988,-1.77635683940025e-15,18.9223044275894,12335,123,1801.7578125,5.68937502496328,1796.06843747504,1801.7578125
0.202,1799.18409434165,1.01618910153469,0.0508094550767346,9.42050588873224,188.410117774645,11.4290223690956,0,2000,1801.7578125,198.2421875,11.4290223690956,10.1992157173685,4026.3363499002,0,11.4290223690956,0.952418530757971,11.4290223690956,0,19.1105526372997,12458,123,1801.7578125,2.57371815834631,1799.18409434165,1801.7578125
0.203,1802.2093650942,1.0057265665768,0.0502863283288398,9.4363461693511,188.726923387022,11.4458378664925,0,2000,1801.7578125,198.2421875,11.4458378664925,10.2160312147653,3355.2802915835,0,11.4458378664925,0.953819822207704,11.4458378664925,0,19.2991216185868,12581,123,1801.7578125,-0.451552594198347,1802.2093650942,1801.7578125
0.204,1805.20097790062,1.0022226272537,0.050111131362685,9.45201021737614,189.040204347523,11.4626533638893,0,2000,1801.7578125,198.2421875,11.4626533638893,10.2328467121621,2796.06690965292,0,11.4626533638893,0.955221113657438,11.4626533638893,-1.77635683940025e-15,19.4880053575338,12704,123,1801.7578125,-3.44316540061527,1805.20097790062,1801.7578125
0.205,1808.1800678157,1.00131121592872,0.050065560796436,9.46760869569547,189.352173913909,11.4794688612861,0,2000,1801.7578125,198.2421875,11.4794688612861,10.2496622095589,2330.0557580441,0,11.4794688612861,0.956622405107171,11.4794688612861,0,19.67720161533,12827,123,1801.7578125,-6.42225531569602,1808.1800678157,1801.7578125
0.206,1811.15450892319,1.00136566150217,0.0500682830751085,9.48318283291521,189.663656658304,11.4054119459937,0,2000,1816.40625,183.59375,11.4054119459937,10.2664777069557,4383.11938170341,0,11.4054119459937,0.950450995499472,11.4054119459937,0,19.8667095596367,12951,124,1816.40625,5.25174107680868,1811.15450892319,1816.40625
0.207,1814.04753201369,0.973117562364587,0.0486558781182294,9.49833066639484,189.966613327897,11.5118573316415,0,2000,1801.7578125,198.2421875,11.5118573316415,10.2820506799143,1211.19323475285,0,11.5118573316415,0.959321444303456,11.5118573316415,-1.77635683940025e-15,20.0565258830793,13074,123,1801.7578125,-12.28971951369,1814.04753201369,1801.7578125
0.208,1816.93271084865,0.991618060137402,0.0495809030068701,9.5134374274485,190.26874854897,11.4378004163491,0,2000,1816.40625,183.59375,11.4378004163491,10.2988661773111,3450.73394562737,0,11.4378004163491,0.953150034695756,11.4378004163491,0,20.2466428358904,13198,124,1816.40625,-0.526460848648867,1816.93271084865,1816.40625
0.209,1819.79249732625,0.970242378619906,0.0485121189309953,9.52841123442995,190.568224688599,11.4533733893077,0,2000,1816.40625,183.59375,11.4533733893077,10.3144391502697,2875.61162135614,0,11.4533733893077,0.954447782442308,11.4533733893077,0,20.4370622288695,13322,124,1816.40625,-3.38624732625067,1819.79249732625,1816.40625
0.21,1822.5856101946,0.962640938897469,0.0481320469448734,9.54303593920972,190.860718784194,11.3780739495771,0,2000,1831.0546875,168.9453125,11.3780739495771,10.3300121232283,4837.74926779679,0,11.3780739495771,0.948172829131426,11.3780739495771,0,20.6277770415801,13447,125,1831.0546875,8.46907730539783,1822.5856101946,1831.0546875
0.211,1825.27418302508,0.931509027175677,0.0465754513587839,9.55711327363116,191.142265472623,11.4832768107867,0,2000,1816.40625,183.59375,11.4832768107867,10.3443425717488,1590.05147316399,0,11.4832768107867,0.956939734232228,11.4832768107867,0,20.8187798382339,13571,124,1816.40625,-8.8679330250784,1825.27418302508,1816.40625
0.212,1827.9462838221,0.948903684910492,0.0474451842455246,9.57110436068714,191.422087213743,11.4079773710562,0,2000,1831.0546875,168.9453125,11.4079773710562,10.3599155447074,3766.44914430332,0,11.4079773710562,0.950664780921346,11.4079773710561,-1.77635683940025e-15,21.0100613295458,13696,125,1831.0546875,3.1084036778966,1827.9462838221,1831.0546875
0.213,1830.58976480246,0.927084619484023,0.0463542309742012,9.58494559473345,191.698911894669,11.4223078195766,0,2000,1831.0546875,168.9453125,11.4223078195766,10.3742459932278,3138.70762025277,0,11.4223078195766,0.951858984964715,11.4223078195766,0,21.2016227513644,13821,125,1831.0546875,0.464922697540942,1830.58976480246,1831.0546875
0.214,1833.16535689474,0.919286642055089,0.0459643321027544,9.59843136339305,191.968627267861,11.436638268097,0,2000,1831.0546875,168.9453125,11.436638268097,10.3885764417482,2615.58968354398,0,11.436638268097,0.953053189008084,11.436638268097,0,21.3934568676916,13946,125,1831.0546875,-2.11066939474199,1833.16535689474,1831.0546875
0.215,1835.71564616365,0.916712545184363,0.0458356272592182,9.6117846467793,192.235692935586,11.4509687166174,0,2000,1831.0546875,168.9453125,11.4509687166174,10.4029068902687,2179.65806961998,0,11.4509687166174,0.954247393051453,11.4509687166174,0,21.5855591601164,14071,125,1831.0546875,-4.66095866365481,1835.71564616365,1831.0546875
0.216,1838.25649908407,0.916084741077602,0.0458042370538801,9.62508852156033,192.501770431206,11.3744267524487,0,2000,1845.703125,154.296875,11.3744267524487,10.4172373387891,4257.78797468332,0,11.3744267524487,0.947868896037388,11.3744267524487,0,21.777927944234,14197,126,1845.703125,7.44662591593374,1838.25649908407,1845.703125
0.217,1840.71412453702,0.887519742921892,0.0443759871460946,9.63795661834078,192.759132366816,11.4783870892201,0,2000,1831.0546875,168.9453125,11.4783870892201,10.4303252628713,1106.75039556943,0,11.4783870892201,0.956532257435008,11.4783870892201,0,21.9705595924992,14322,125,1831.0546875,-9.65943703701964,1840.71412453702,1831.0546875
0.218,1843.16320618485,0.905839528285544,0.0452919764142772,9.6507799798622,193.015599597244,11.4018451250513,0,2000,1845.703125,154.296875,11.4018451250513,10.4446557113918,3363.69824630786,0,11.4018451250513,0.950153760420944,11.4018451250513,0,22.1634462331804,14448,126,1845.703125,2.53991881515458,1843.16320618485,1845.703125
0.219,1845.58660978793,0.884333940091517,0.0442166970045758,9.66346889145577,193.269377829115,11.4149330491336,0,2000,1845.703125,154.296875,11.4149330491336,10.457743635474,2803.08187192322,0,11.4149330491336,0.951244420761131,11.4149330491336,-1.77635683940025e-15,22.3565896289943,14574,126,1845.703125,0.116515212066588,1845.58660978793,1845.703125
0.22,1847.94320862785,0.87662158805364,0.043831079402682,9.67580801412732,193.516160282546,11.4280209732158,0,2000,1845.703125,154.296875,11.4280209732158,10.4708315595562,2335.90155993601,0,11.4280209732158,0.952335081101317,11.4280209732158,0,22.5499827389848,14700,126,1845.703125,-2.24008362784662,1847.94320862785,1845.703125
0.221,1850.27489682476,0.874048256649795,0.0437024128324897,9.68801670497714,193.760334099543,11.441108897298,0,2000,1845.703125,154.296875,11.441108897298,10.4839194836385,1946.58463328001,0,11.441108897298,0.953425741441504,11.441108897298,0,22.7436211161708,14826,126,1845.703125,-4.57177182476221,1850.27489682476,1845.703125
0.222,1852.59728321419,0.873389632354499,0.043669481617725,9.70017669167683,194.003533833537,11.4541968213803,0,2000,1845.703125,154.296875,11.4541968213803,10.4970074077207,1622.15386106668,0,11.4541968213803,0.954516401781691,11.4541968213803,0,22.9375031015396,14952,126,1845.703125,-6.89415821418629,1852.59728321419,1845.703125
0.223,1854.91618348373,0.873444427572723,0.0436722213786362,9.71231842509548,194.24636850191,11.3764123327733,0,2000,1860.3515625,139.6484375,11.3764123327733,10.510095331803,3793.20113422223,0,11.3764123327733,0.948034361064444,11.3764123327733,0,23.1316280748257,15079,127,1860.3515625,5.43537901627496,1854.91618348373,1860.3515625
0.224,1857.15406203238,0.845102725053866,0.0422551362526933,9.7240359297756,194.480718595512,11.3882577324174,0,2000,1860.3515625,139.6484375,11.3882577324174,10.521940731447,3161.00094518519,0,11.3882577324174,0.949021477701449,11.3882577324174,0,23.3259928037776,15206,127,1860.3515625,3.19750046762351,1857.15406203238,1860.3515625
0.225,1859.30450494857,0.834812360652491,0.0417406180326245,9.73529562255472,194.705912451094,11.4001031320614,0,2000,1860.3515625,139.6484375,11.4001031320614,10.5337861310911,2634.16745432099,0,11.4001031320614,0.950008594338453,11.4001031320614,0,23.5205865637571,15333,127,1860.3515625,1.04705755142982,1859.30450494857,1860.3515625
0.226,1861.42233950465,0.831247493534439,0.041562374676722,9.74638457835955,194.927691567191,11.4119485317055,0,2000,1860.3515625,139.6484375,11.4119485317055,10.5456315307351,2195.13954526749,0,11.4119485317055,0.950995710975457,11.4119485317055,0,23.7154035341629,15460,127,1860.3515625,-1.07077700464765,1861.42233950465,1860.3515625
0.227,1863.52799321081,0.830188438718235,0.0415094219359118,9.75740975538335,195.148195107667,11.4237939313495,0,2000,1860.3515625,139.6484375,11.4237939313495,10.5574769303792,1829.28295438958,0,11.4237939313495,0.951982827612462,11.4237939313495,0,23.9104415430413,15587,127,1860.3515625,-3.17643071081034,1863.52799321081,1860.3515625
0.228,1865.62907720545,0.830063061321336,0.0415031530660668,9.7684110054536,195.368220109072,11.4356393309936,0,2000,1860.3515625,139.6484375,11.4356393309936,10.5693223300232,1524.40246199132,0,11.4356393309936,0.952969944249466,11.4356393309936,0,24.1056997778658,15714,127,1860.3515625,-5.27751470545491,1865.62907720545,1860.3515625
0.229,1867.72842760814,0.830285627792768,0.0415142813896384,9.7794031784576,195.588063569152,11.4474847306376,0,2000,1860.3515625,139.6484375,11.4474847306376,10.5811677296673,1270.33538499276,0,11.4474847306376,0.95395706088647,11.4474847306376,0,24.3011779326387,15841,127,1860.3515625,-7.37686510814274,1867.72842760814,1860.3515625
0.23,1869.82710149741,0.830637909473231,0.0415318954736616,9.79039180924561,195.807836184912,11.3684577175925,0,2000,1875,125,11.3684577175925,10.5930131293113,3500.0190708273,0,11.3684577175925,0.947371476466041,11.3684577175925,0,24.4968758901245,15969,128,1875,5.17289850258771,1869.82710149741,1875
0.231,1871.84579048793,0.80237624834362,0.040118812417181,9.80096164008311,196.019232801662,11.3790605927984,0,2000,1875,125,11.3790605927984,10.6036160045172,2916.68255902275,0,11.3790605927984,0.948255049399863,11.3790605927984,0,24.6927906044366,16097,128,1875,3.15420951206738,1871.84579048793,1875
0.232,1873.7774203147,0.79208493759612,0.039604246879806,9.81107563020514,196.221512604103,11.3896634680042,0,2000,1875,125,11.3896634680042,10.6142188797231,2430.56879918563,0,11.3896634680042,0.949138622333686,11.3896634680042,0,24.8889114193354,16225,128,1875,1.22257968530448,1873.7774203147,1875
0.233,1875.67657235465,0.788488976137115,0.0394244488068558,9.82101956703309,196.420391340662,11.4002663432101,0,2000,1875,125,11.4002663432101,10.6248217549289,2025.47399932136,0,11.4002663432101,0.950022195267508,11.4002663432101,0,25.0852325386814,16353,128,1875,-0.676572354649579,1875.67657235465,1875
0.234,1877.56358263598,0.787387620066706,0.0393693810033353,9.83089992976157,196.617998595231,11.410869218416,0,2000,1875,125,11.410869218416,10.6354246301348,1687.89499943446,0,11.410869218416,0.95090576820133,11.410869218416,0,25.2817517986272,16481,128,1875,-2.56358263598418,1877.56358263598,1875
0.235,1879.4460283433,0.787215791062219,0.039360789553111,9.84075639243638,196.815127848728,11.4214720936218,0,2000,1875,125,11.4214720936218,10.6460275053407,1406.57916619539,0,11.4214720936218,0.951789341135152,11.4214720936218,0,25.4784683886725,16609,128,1875,-4.44602834330044,1879.4460283433,1875
0.236,1881.32673307396,0.787390384304926,0.0393695192152463,9.85060373937876,197.012074787575,11.4320749688277,0,2000,1875,125,11.4320749688277,10.6566303805465,1172.14930516282,0,11.4320749688277,0.952672914068974,11.4320749688277,0,25.6753820025937,16737,128,1875,-6.32673307396453,1881.32673307396,1875
0.237,1883.20674936739,0.787694150190665,0.0393847075095332,9.86044748167216,197.208949633443,11.3518054313444,0,2000,1889.6484375,110.3515625,11.3518054313444,10.6672332557524,3418.19733763569,0,11.3518054313444,0.945983785945363,11.3518054313444,-1.77635683940025e-15,25.8724925221045,16866,129,1889.6484375,6.44168813261422,1883.20674936739,1889.6484375
0.238,1885.00676727165,0.759383795137595,0.0379691897568797,9.86987235337942,197.397447067588,11.4520381948012,0,2000,1875,125,11.4520381948012,10.6765936065201,407.091531363071,0,11.4520381948012,0.954336516233436,11.4520381948012,0,26.0697968999725,16994,128,1875,-10.0067672716473,1885.00676727165,1875
0.239,1886.79941469938,0.777706098959471,0.0388853049479735,9.8792586333618,197.585172667236,11.3717686573179,0,2000,1889.6484375,110.3515625,11.3717686573179,10.6871964817259,2780.64919280256,0,11.3717686573179,0.947647388109825,11.3717686573179,-1.77635683940025e-15,26.2672874775386,17123,129,1889.6484375,2.84902280062397,1886.79941469938,1889.6484375
0.24,1888.56679190131,0.756109172653774,0.0378054586326887,9.88851259875132,197.770251975026,11.3811290080856,0,2000,1889.6484375,110.3515625,11.3811290080856,10.6965568324936,2317.2076606688,0,11.3811290080856,0.948427417340465,11.3811290080856,-1.77635683940025e-15,26.4649660938121,17252,129,1889.6484375,1.08164559869306,1888.56679190131,1889.6484375
0.241,1890.26748735034,0.748270591027391,0.0374135295513696,9.89741741929912,197.948348385982,11.3904893588533,0,2000,1889.6484375,110.3515625,11.3904893588533,10.7059171832613,1931.00638389067,0,11.3904893588533,0.949207446571105,11.3904893588533,-1.77635683940025e-15,26.6628257332105,17381,129,1889.6484375,-0.619049850341298,1890.26748735034,1889.6484375
0.242,1891.943289448,0.745558106219702,0.0372779053109851,9.90619189856392,198.123837971278,11.3998497096209,0,2000,1889.6484375,110.3515625,11.3998497096209,10.715277534029,1609.17198657556,0,11.3998497096209,0.949987475801745,11.3998497096209,-1.77635683940025e-15,26.8608619551973,17510,129,1889.6484375,-2.29485194800282,1891.943289448,1889.6484375
0.243,1893.60976802962,0.744755588197847,0.0372377794098923,9.91491756001285,198.298351200257,11.4092100603886,0,2000,1889.6484375,110.3515625,11.4092100603886,10.7246378847966,1340.97665547963,0,11.4092100603886,0.950767505032384,11.4092100603886,-1.77635683940025e-15,27.0590731001927,17639,129,1889.6484375,-3.96133052961522,1893.60976802962,1889.6484375
0.244,1895.27272463473,0.744664797286968,0.0372332398643484,9.92362478043596,198.472495608719,11.3276979984671,0,2000,1904.296875,95.703125,11.3276979984671,10.7339982355643,3558.88679623302,0,11.3276979984671,0.943974833205591,11.3276979984671,0,27.257458544792,17769,130,1904.296875,9.02415036527168,1895.27272463473,1904.296875
0.245,1896.85461876829,0.716176950803259,0.035808847540163,9.93190755875053,198.638151175011,11.4266882374858,0,2000,1889.6484375,110.3515625,11.4266882374858,10.7421160618938,524.332746860854,0,11.4266882374858,0.952224019790482,11.4266882374858,0,27.4560150526859,17898,129,1889.6484375,-7.20618126828731,1896.85461876829,1889.6484375
0.246,1898.42873770575,0.734402657489837,0.0367201328744918,9.94014962623353,198.802992524671,11.3451761755643,0,2000,1904.296875,95.703125,11.3451761755643,10.7514764126615,2878.35020571738,0,11.3451761755643,0.945431347963689,11.3451761755643,0,27.6547348938984,18028,130,1904.296875,5.86813729425398,1898.42873770575,1904.296875
0.247,1899.97742746989,0.71273929460629,0.0356369647303145,9.94825854687638,198.965170937528,11.444166414583,0,2000,1889.6484375,110.3515625,11.444166414583,10.759594238991,-42.7810785688512,0,11.444166414583,0.953680534548579,11.444166414583,0,27.8536198800077,18157,129,1889.6484375,-10.3289899698864,1899.97742746989,1889.6484375
0.248,1901.53907085048,0.733507885896929,0.0366753942948464,9.95643529249641,199.128705849928,11.3626543526614,0,2000,1904.296875,95.703125,11.3626543526614,10.7689545897587,2405.75535119262,0,11.3626543526614,0.946887862721786,11.3626543526614,0,28.0526659833855,18287,130,1904.296875,2.7578041495151,1901.53907085048,1904.296875
0.249,1903.0830094394,0.712792202728091,0.0356396101364045,9.96451933604398,199.29038672088,11.3707721789909,0,2000,1904.296875,95.703125,11.3707721789909,10.7770724160882,2004.79612599385,0,11.3707721789909,0.947564348249244,11.3707721789909,0,28.2518763951484,18417,130,1904.296875,1.21386556059588,1903.0830094394,1904.296875
0.25,1904.56307829032,0.705251791206849,0.0352625895603424,9.97226895842538,199.445379168508,11.3788900053204,0,2000,1904.296875,95.703125,11.3788900053204,10.7851902424176,1670.66343832821,0,11.3788900053204,0.948240833776701,11.3788900053204,0,28.4512446027692,18547,130,1904.296875,-0.266203290319254,1904.56307829032,1904.296875
0.251,1906.01929490723,0.7026202576064,0.03513101288032,9.97989369080159,199.597873816032,11.3870078316499,0,2000,1904.296875,95.703125,11.3870078316499,10.7933080687471,1392.21953194018,0,11.3870078316499,0.948917319304159,11.3870078316499,-1.77635683940025e-15,28.6507663524437,18677,130,1904.296875,-1.72241990723091,1906.01929490723,1904.296875
0.252,1907.46656942885,0.701817778426197,0.0350908889213098,9.98747160247633,199.749432049527,11.3951256579794,0,2000,1904.296875,95.703125,11.3951256579794,10.8014258950766,1160.18294328348,0,11.3951256579794,0.949593804831616,11.3951256579794,0,28.8504400534813,18807,130,1904.296875,-3.16969442884965,1907.46656942885,1904.296875
0.253,1908.91045769853,0.701696897667006,0.0350848448833503,9.99503178377739,199.900635675548,11.4032434843089,0,2000,1904.296875,95.703125,11.4032434843089,10.8095437214061,966.8191194029,0,11.4032434843089,0.950270290359074,11.4032434843089,0,29.0502651074705,18937,130,1904.296875,-4.61358269853008,1908.91045769853,1904.296875
0.254,1910.35303040695,0.701830104126414,0.0350915052063207,10.0025850768158,200.051701536315,11.3204888979492,0,2000,1918.9453125,81.0546875,11.3204888979492,10.8176615477356,3247.08884950242,0,11.3204888979492,0.943374074829098,11.3204888979492,0,29.2502412857727,19068,131,1918.9453125,8.59228209305411,1910.35303040695,1918.9453125
0.255,1911.71535712822,0.673395766265206,0.0336697883132603,10.009718202848,200.19436405696,11.4182366125297,0,2000,1904.296875,95.703125,11.4182366125297,10.8245368496269,264.501124585347,0,11.4182366125297,0.951519717710807,11.4182366125297,0,29.4503654985708,19198,130,1904.296875,-7.41848212822151,1911.71535712822,1904.296875
0.256,1913.07020736495,0.691611476915738,0.0345805738457869,10.0168121820987,200.336243641974,11.33548202617,0,2000,1918.9453125,81.0546875,11.33548202617,10.8326546759564,2661.82385382112,0,11.33548202617,0.944623502180831,11.33548202617,0,29.6506300698888,19329,131,1918.9453125,5.87510513505094,1913.07020736495,1918.9453125
0.257,1914.39973430709,0.669914472346421,0.033495723617321,10.023773568889,200.475471377781,11.4332297407505,0,2000,1904.296875,95.703125,11.4332297407505,10.8395299778477,-223.219705149064,0,11.4332297407505,0.95276914506254,11.4332297407505,-1.77635683940025e-15,29.8510368308533,19459,130,1904.296875,-10.1028593070935,1914.39973430709,1904.296875
0.258,1915.74224897395,0.69064062643121,0.0345320313215605,10.0308029592469,200.616059184938,11.3504751543908,0,2000,1918.9453125,81.0546875,11.3504751543908,10.8476478041772,2255.38982904245,0,11.3504751543908,0.945872929532564,11.3504751543908,0,30.0515817605561,19590,131,1918.9453125,3.20306352604848,1915.74224897395,1918.9453125
0.259,1917.06706629027,0.669879243076848,0.0334939621538424,10.0377396864941,200.754793729882,11.3573504562821,0,2000,1918.9453125,81.0546875,11.3573504562821,10.8545231060685,1879.49152420204,0,11.3573504562821,0.946445871356839,11.3573504562821,0,30.2522680520622,19721,131,1918.9453125,1.87824620972924,1917.06706629027,1918.9453125
0.26,1918.32801144584,0.662291929466617,0.0331145964733309,10.0443419798896,200.886839597793,11.3642257581734,0,2000,1918.9453125,81.0546875,11.3642257581734,10.8613984079598,1566.24293683503,0,11.3642257581734,0.947018813181114,11.3642257581734,0,30.4530891930226,19852,131,1918.9453125,0.617301054156314,1918.32801144584,1918.9453125
0.261,1919.56509834022,0.6596130595844,0.03298065297922,10.0508193517217,201.016387034434,11.3711010600647,0,2000,1918.9453125,81.0546875,11.3711010600647,10.8682737098511,1305.20244736253,0,11.3711010600647,0.94759175500539,11.3711010600647,-1.77635683940025e-15,30.6540409291591,19983,131,1918.9453125,-0.619785840220857,1919.56509834022,1918.9453125
0.262,1920.79323583879,0.658763095771936,0.0329381547885968,10.0572498646269,201.144997292537,11.377976361956,0,2000,1918.9453125,81.0546875,11.377976361956,10.8751490117424,1087.66870613544,0,11.377976361956,0.948164696829665,11.377976361956,0,30.8551216690716,20114,131,1918.9453125,-1.8479233387925,1920.79323583879,1918.9453125
0.263,1922.01797937916,0.658594688344432,0.0329297344172216,10.0636626068084,201.273252136168,11.3848516638473,0,2000,1918.9453125,81.0546875,11.3848516638473,10.8820243136337,906.390588446199,0,11.3848516638473,0.94873763865394,11.3848516638473,0,31.0563308135584,20245,131,1918.9453125,-3.07266687915512,1922.01797937916,1918.9453125
0.264,1923.24139956853,0.65868036552945,0.0329340182764725,10.0700684199404,201.401368398808,11.3917269657386,0,2000,1918.9453125,81.0546875,11.3917269657386,10.888899615525,755.325490371833,0,11.3917269657386,0.949310580478216,11.3917269657386,0,31.2576681331681,20376,131,1918.9453125,-4.29608706852628,1923.24139956853,1918.9453125
0.265,1924.46426865516,0.658860861469786,0.0329430430734893,10.0764713475052,201.529426950103,11.3077298549407,0,2000,1933.59375,66.40625,11.3077298549407,10.8957749174163,3070.84415864319,0,11.3077298549407,0.942310821245058,11.3077298549407,0,31.4591335362917,20508,132,1933.59375,9.12948134484259,1924.46426865516,1933.59375
0.266,1925.60717250666,0.630414485008282,0.0315207242504141,10.0824555780779,201.649111561558,11.404235045083,0,2000,1918.9453125,81.0546875,11.404235045083,10.9014076948694,117.630548869328,0,11.404235045083,0.950352920423584,11.404235045083,-1.77635683940025e-15,31.660723983737,20639,131,1918.9453125,-6.66186000666471,1925.60717250666,1918.9453125
0.267,1926.74270046564,0.648596063753941,0.032429803187697,10.0884011885677,201.768023771353,11.3202379342851,0,2000,1933.59375,66.40625,11.3202379342851,10.9082829967607,2539.43170739111,0,11.3202379342851,0.943353161190426,11.3202379342851,0,31.8624318179669,20771,132,1933.59375,6.85104953436348,1926.74270046564,1933.59375
0.268,1927.85293865401,0.62685670644172,0.031342835322086,10.0942143821282,201.884287642565,11.4167431244274,0,2000,1918.9453125,81.0546875,11.4167431244274,10.9139157742139,-325.213160507411,0,11.4167431244274,0.951395260368952,11.4167431244274,0,32.0642588765607,20902,131,1918.9453125,-8.90762615401241,1927.85293865401,1918.9453125
0.269,1928.97617315716,0.647537455286656,0.0323768727643328,10.1000956242338,202.001912484676,11.3327460136295,0,2000,1933.59375,66.40625,11.3327460136295,10.9207910761052,2170.39528291049,0,11.3327460136295,0.944395501135794,11.3327460136295,0,32.2662011406032,21034,132,1933.59375,4.61757684284385,1928.97617315716,1933.59375
0.27,1930.08170966311,0.626729539630726,0.0313364769815363,10.1058841998428,202.117683996855,11.3383787910826,0,2000,1933.59375,66.40625,11.3383787910826,10.9264238535583,1808.66273575874,0,11.3383787910826,0.944864899256887,11.3383787910826,0,32.4682618034962,21166,132,1933.59375,3.5120403368901,1930.08170966311,1933.59375
0.271,1931.12336997258,0.619095283880551,0.0309547641940275,10.111338320469,202.226766409381,11.434883981225,0,2000,1918.9453125,81.0546875,11.434883981225,10.9320566310114,-934.187303534381,0,11.434883981225,0.952906998435413,11.434883981225,0,32.6704343526163,21297,131,1918.9453125,-12.178057472579,1931.12336997258,1918.9453125
0.272,1932.2208694124,0.645031680268914,0.0322515840134457,10.1170848140981,202.341696281962,11.3508868704271,0,2000,1933.59375,66.40625,11.3508868704271,10.9389319329027,1662.91683038802,0,11.3508868704271,0.945907239202256,11.3508868704271,0,32.8727175322111,21429,132,1933.59375,1.37288058760168,1932.2208694124,1933.59375
0.273,1933.31663537181,0.626182352456014,0.0313091176228007,10.122822231245,202.456444624901,11.3565196478802,0,2000,1933.59375,66.40625,11.3565196478802,10.9445647103558,1385.76402532335,0,11.3565196478802,0.946376637323348,11.3565196478802,-1.77635683940025e-15,33.0751173869204,21561,132,1933.59375,0.277114628186155,1933.31663537181,1933.59375
0.274,1934.35447553335,0.619278287988786,0.0309639143994393,10.1282563496235,202.56512699247,11.3621524253333,0,2000,1933.59375,66.40625,11.3621524253333,10.9501974878089,1154.80335443612,0,11.3621524253333,0.946846035444441,11.3621524253333,0,33.2776284666711,21693,132,1933.59375,-0.76072553334734,1934.35447553335,1933.59375
0.275,1935.37067157823,0.61682485264046,0.030841242632023,10.1335771396722,202.671542793444,11.3677852027864,0,2000,1933.59375,66.40625,11.3677852027864,10.955830265262,962.336128696768,0,11.3677852027864,0.947315433565534,11.3677852027864,0,33.4802469128218,21825,132,1933.59375,-1.77692157823299,1935.37067157823,1933.59375
0.276,1936.37874187189,0.616029758158117,0.0308014879079059,10.138855383387,202.77710766774,11.3734179802395,0,2000,1933.59375,66.40625,11.3734179802395,10.9614630427152,801.946773913974,0,11.3734179802395,0.947784831686627,11.3734179802395,-1.77635683940025e-15,33.6829712812397,21957,132,1933.59375,-2.78499187189436,1936.37874187189,1933.59375
0.277,1937.38372380889,0.615852675709632,0.0307926337854816,10.1441174565041,202.882349130082,11.2881783450034,0,2000,1948.2421875,51.7578125,11.2881783450034,10.9670958201683,3109.69522826164,0,11.2881783450034,0.940681528750287,11.2881783450034,0,33.8858010274577,22090,133,1948.2421875,10.8584636911089,1937.38372380889,1948.2421875
0.278,1938.3077923672,0.587243655211769,0.0293621827605884,10.1489558681611,202.979117363221,11.3834410107076,0,2000,1933.59375,66.40625,11.3834410107076,10.9714860731832,150.006440218037,0,11.3834410107076,0.948620084225631,11.3834410107076,0,34.0887329432622,22222,132,1933.59375,-4.71404236719627,1938.3077923672,1933.59375
0.279,1939.2241289849,0.605335224299911,0.0302667612149955,10.1537537954717,203.075075909434,11.3890737881607,0,2000,1933.59375,66.40625,11.3890737881607,10.9771188506363,125.005366848364,0,11.3890737881607,0.949089482346724,11.3890737881607,-1.77635683940025e-15,34.2917593078489,22354,132,1933.59375,-5.6303789848962,1939.2241289849,1933.59375
0.28,1940.19474305816,0.612195277310679,0.0306097638655339,10.1588359188751,203.176718377502,11.3038341529246,0,2000,1948.2421875,51.7578125,11.3038341529246,10.9827516280894,2545.5773890403,0,11.3038341529246,0.941986179410384,11.3038341529246,0,34.4948849339576,22487,133,1948.2421875,8.04744444184007,1940.19474305816,1948.2421875
0.281,1941.10581919823,0.586208590712944,0.0293104295356472,10.1636063023893,203.272126047785,11.3990968186287,0,2000,1933.59375,66.40625,11.3990968186287,10.9871418811044,-320.09175913308,0,11.3990968186287,0.949924734885728,11.3990968186287,0,34.698110431087,22619,132,1933.59375,-7.51206919822971,1941.10581919823,1933.59375
0.282,1942.01712982852,0.605277658347681,0.030263882917384,10.1683779136913,203.367558273827,11.3138571833926,0,2000,1948.2421875,51.7578125,11.3138571833926,10.9927746585575,2174.6631173891,0,11.3138571833926,0.942821431949387,11.3138571833926,0,34.901429501072,22752,133,1948.2421875,6.22505767148255,1942.01712982852,1948.2421875
0.283,1942.9059858574,0.583840033524816,0.0291920016762408,10.1730319529754,203.460639059508,11.4091198490968,0,2000,1933.59375,66.40625,11.4091198490968,10.9971649115724,-629.186985509083,0,11.4091198490968,0.950759987424731,11.4091198490968,0,35.1048444879297,22884,132,1933.59375,-9.31223585739849,1942.9059858574,1933.59375
0.284,1943.80889426575,0.604604279438204,0.0302302139719102,10.1777595703463,203.555191406926,11.3238802138607,0,2000,1948.2421875,51.7578125,11.3238802138607,11.0027976890255,1917.08376207576,0,11.3238802138607,0.943656684488391,11.3238802138607,0,35.3083515614038,23017,133,1948.2421875,4.43329323425201,1943.80889426575,1948.2421875
0.285,1944.69449790148,0.583798553208667,0.0291899276604334,10.1823965801396,203.647931602793,11.3282704668756,0,2000,1948.2421875,51.7578125,11.3282704668756,11.0071879420404,1597.5698017298,0,11.3282704668756,0.944022538906302,11.3282704668756,0,35.5119539851604,23150,133,1948.2421875,3.54768959852117,1944.69449790148,1948.2421875
0.286,1945.51637161324,0.576136194601846,0.0288068097300923,10.1866999008314,203.733998016628,11.4235331325798,0,2000,1933.59375,66.40625,11.4235331325798,11.0115781950554,-1110.09808189183,0,11.4235331325798,0.951961094381646,11.4235331325798,0,35.7156452727298,23282,132,1933.59375,-11.9226216132447,1945.51637161324,1933.59375
0.287,1946.39413872377,0.602033202703381,0.0301016601351691,10.1912958786747,203.825917573494,11.3382934973437,0,2000,1948.2421875,51.7578125,11.3382934973437,11.0172109725085,1516.32451509014,0,11.3382934973437,0.944857791445306,11.3382934973437,0,35.91942417808,23415,133,1948.2421875,1.8480487762331,1946.39413872377,1948.2421875
0.288,1947.2701923473,0.583140282574071,0.0291570141287036,10.1958828847211,203.917657694422,11.3426837503586,0,2000,1948.2421875,51.7578125,11.3426837503586,11.0216012255234,1263.60376257512,0,11.3426837503586,0.945223645863216,11.3426837503586,0,36.1232967494484,23548,133,1948.2421875,0.971995152700629,1947.2701923473,1948.2421875
0.289,1948.08832739954,0.576191060079712,0.0288095530039856,10.2001666298374,204.003332596748,11.3470740033735,0,2000,1948.2421875,51.7578125,11.3470740033735,11.0259914785384,1053.00313547926,0,11.3470740033735,0.945589500281127,11.3470740033735,0,36.3272575380789,23681,133,1948.2421875,0.153860100455859,1948.08832739954,1948.2421875
0.29,1948.8848208082,0.573691883947535,0.0286845941973768,10.2043370595729,204.086741191457,11.3514642563885,0,2000,1948.2421875,51.7578125,11.3514642563885,11.0303817315533,877.502612899387,0,11.3514642563885,0.945955354699038,11.3514642563885,0,36.5313026857974,23814,133,1948.2421875,-0.642633308204267,1948.8848208082,1948.2421875
0.291,1949.67318917065,0.572850832137219,0.028642541606861,10.2084649466658,204.169298933317,11.3558545094034,0,2000,1948.2421875,51.7578125,11.3558545094034,11.0347719845682,731.252177416156,0,11.3558545094034,0.946321209116949,11.3558545094034,0,36.7354307486228,23947,133,1948.2421875,-1.4310016706529,1949.67318917065,1948.2421875
0.292,1950.45846922566,0.572627712249159,0.0286313856124579,10.2125766634189,204.251533268378,11.3602447624183,0,2000,1948.2421875,51.7578125,11.3602447624183,11.0391622375831,609.376814513464,0,11.3602447624183,0.946687063534859,11.3602447624183,0,36.9396411821216,24080,133,1948.2421875,-2.21628172566443,1950.45846922566,1948.2421875
0.293,1951.24253834821,0.572634976192092,0.0286317488096046,10.2166820397444,204.333640794888,11.273762602744,0,2000,1962.890625,37.109375,11.273762602744,11.0435524905981,2949.22026209455,0,11.273762602744,0.939480216895337,11.273762602744,0,37.1439337770937,24214,134,1962.890625,11.6480866517898,1951.24253834821,1962.890625
0.294,1951.94639417512,0.544065881307243,0.0272032940653622,10.2203674202361,204.407348404721,11.36778274401,0,2000,1948.2421875,51.7578125,11.36778274401,11.0467002191748,16.277301745461,0,11.36778274401,0.947315228667498,11.36778274401,0,37.3483054503008,24347,133,1948.2421875,-3.7042066751178,1951.94639417512,1948.2421875
0.295,1952.64277949263,0.562143567370528,0.0281071783685264,10.224013685232,204.48027370464,11.3721729970249,0,2000,1948.2421875,51.7578125,11.3721729970249,11.0510904721897,13.5644181212175,0,11.3721729970249,0.947681083085409,11.3721729970249,0,37.552748527564,24480,133,1948.2421875,-4.4005919926276,1952.64277949263,1948.2421875
0.296,1953.39354025965,0.568969688227775,0.0284484844113888,10.2279446594158,204.558893188315,11.3765632500398,0,2000,1948.2421875,51.7578125,11.3765632500398,11.0554807252047,11.3036817676813,0,11.3765632500398,0.94804693750332,11.3765632500398,-1.77635683940025e-15,37.7572678390567,24613,133,1948.2421875,-5.15135275964622,1953.39354025965,1948.2421875
0.297,1954.16450282576,0.571603949363962,0.0285801974681981,10.2319814099723,204.639628199445,11.2900810903656,0,2000,1962.890625,37.109375,11.2900810903656,11.0598709782196,2450.8259848064,0,11.2900810903656,0.940840090863797,11.2900810903656,0,37.9618669998577,24747,134,1962.890625,8.72612217423898,1954.16450282576,1962.890625
0.298,1954.86323320266,0.544014241564846,0.0272007120782423,10.2356399536704,204.712799073408,11.3841012316315,0,2000,1948.2421875,51.7578125,11.3841012316315,11.0630187067963,-399.051262661332,0,11.3841012316315,0.948675102635959,11.3841012316315,0,38.1665443518968,24880,133,1948.2421875,-6.62104570265615,1954.86323320266,1948.2421875
0.299,1955.55746989255,0.562457453656239,0.028122872682812,10.2392749684784,204.785499369569,11.2976190719572,0,2000,1962.890625,37.109375,11.2976190719572,11.0674089598113,2108.86353111556,0,11.2976190719572,0.941468255996436,11.2976190719572,0,38.3712927523191,25014,134,1962.890625,7.33315510745274,1955.55746989255,1962.890625
0.3,1956.22749171837,0.540758033713401,0.02703790168567,10.2427831945547,204.855663891094,11.3916392132232,0,2000,1948.2421875,51.7578125,11.3916392132232,11.070556688388,-684.019974070369,0,11.3916392132232,0.949303267768598,11.3916392132232,0,38.5761142305737,25147,133,1948.2421875,-7.98530421836631,1956.22749171837,1948.2421875
0.301,1956.91091140299,0.56139611953249,0.0280698059766245,10.2463615716556,204.927231433111,11.3051570535489,0,2000,1962.890625,37.109375,11.3051570535489,11.0749469414029,1871.38960494136,0,11.3051570535489,0.942096421129075,11.3051570535489,0,38.7810048393425,25281,134,1962.890625,5.97971359701069,1956.91091140299,1962.890625
0.302,1957.57678374443,0.540514763522376,0.0270257381761188,10.2498480710824,204.996961421647,11.3991771948148,0,2000,1948.2421875,51.7578125,11.3991771948148,11.0780946699797,-881.914912548868,0,11.3991771948148,0.949931432901237,11.3991771948148,0,38.9859677988133,25414,133,1948.2421875,-9.33459624442548,1957.57678374443,1948.2421875
0.303,1958.25853969311,0.561457949086375,0.0280728974543188,10.2534177368822,205.068354737645,11.3126950351406,0,2000,1962.890625,37.109375,11.3126950351406,11.0824849229946,1706.47715620928,0,11.3126950351406,0.942724586261715,11.3126950351406,0,39.1909996054744,25548,134,1962.890625,4.63208530689076,1958.25853969311,1962.890625
0.304,1958.92367601643,0.540690572816297,0.0270345286408149,10.2569003825272,205.138007650544,11.3158427637173,0,2000,1962.890625,37.109375,11.3158427637173,11.0856326515713,1422.06429684106,0,11.3158427637173,0.942986896976443,11.3158427637173,0,39.3961036450316,25682,134,1962.890625,3.96694898357214,1958.92367601643,1962.890625
0.305,1959.5253405271,0.53301417692618,0.026650708846309,10.2600506905383,205.201013810765,11.3189904922941,0,2000,1962.890625,37.109375,11.3189904922941,11.0887803801481,1185.05358070089,0,11.3189904922941,0.943249207691171,11.3189904922941,0,39.6012734767836,25816,134,1962.890625,3.36528447290357,1959.5253405271,1962.890625
0.306,1960.10329476942,0.530215271140712,0.0265107635570356,10.2630768518746,205.261537037492,11.41301063356,0,2000,1948.2421875,51.7578125,11.41301063356,11.0919281087248,-1453.86159941593,0,11.41301063356,0.951084219463333,11.41301063356,0,39.8065048730236,25949,133,1948.2421875,-11.861107269418,1960.10329476942,1948.2421875
0.307,1960.7520562427,0.557896093211814,0.0278948046605907,10.2664737590052,205.329475180105,11.3265284738857,0,2000,1962.890625,37.109375,11.3265284738857,11.0963183617398,1229.85491715339,0,11.3265284738857,0.94387737282381,11.3265284738857,-1.77635683940025e-15,40.0117992511527,26083,134,1962.890625,2.13856875730085,1960.7520562427,1962.890625
0.308,1961.40466430102,0.539639592276089,0.0269819796138044,10.2698908068081,205.397816136161,11.3296762024625,0,2000,1962.890625,37.109375,11.3296762024625,11.0994660903165,1024.87909762783,0,11.3296762024625,0.944139683538539,11.3296762024625,0,40.2171636521069,26217,134,1962.890625,1.48596069897917,1961.40466430102,1962.890625
0.309,1962.00142886806,0.532899293114166,0.0266449646557083,10.2730154587743,205.460309175486,11.3328239310392,0,2000,1962.890625,37.109375,11.3328239310392,11.1026138188932,854.065914689857,0,11.3328239310392,0.944401994253267,11.3328239310392,-1.77635683940025e-15,40.4225929973567,26351,134,1962.890625,0.88919613193525,1962.00142886806,1962.890625
0.31,1962.57732841505,0.530449758292413,0.0265224879146207,10.276030861751,205.52061723502,11.3359716596159,0,2000,1962.890625,37.109375,11.3359716596159,11.10576154747,711.72159557488,0,11.3359716596159,0.944664304967995,11.3359716596159,0,40.6280835670335,26485,134,1962.890625,0.313296584949967,1962.57732841505,1962.890625
0.311,1963.14539572402,0.529598994689246,0.0264799497344623,10.2790052552254,205.580105104507,11.3391193881927,0,2000,1962.890625,37.109375,11.3391193881927,11.1089092760467,593.101329645734,0,11.3391193881927,0.944926615682724,11.3391193881927,-1.77635683940025e-15,40.8336339690497,26619,134,1962.890625,-0.254770724023501,1963.14539572402,1962.890625
0.312,1963.71048723103,0.529344040682003,0.0264672020341002,10.2819640674371,205.639281348742,11.3422671167694,0,2000,1962.890625,37.109375,11.3422671167694,11.1120570046235,494.251108038111,0,11.3422671167694,0.945188926397452,11.3422671167694,0,41.0392436786659,26753,134,1962.890625,-0.819862231034449,1963.71048723103,1962.890625
0.313,1964.27441308907,0.529311219423319,0.0264655609711659,10.284916776325,205.698335526501,11.3454148453462,0,2000,1962.890625,37.109375,11.3454148453462,11.1152047332002,411.875923365093,0,11.3454148453462,0.945451237112181,11.3454148453462,-1.77635683940025e-15,41.2449124943742,26887,134,1962.890625,-1.38378808906828,1964.27441308907,1962.890625
0.314,1964.83784848267,0.529361307572679,0.026468065378634,10.2878669171472,205.757338342944,11.3485625739229,0,2000,1962.890625,37.109375,11.3485625739229,11.1183524617769,343.229936137577,0,11.3485625739229,0.945713547826909,11.3485625739229,0,41.4506403351756,27021,134,1962.890625,-1.9472234826676,1964.83784848267,1962.890625
0.315,1965.40104572915,0.529442432477141,0.0264721216238571,10.290815811034,205.816316220679,11.3517103024996,0,2000,1962.890625,37.109375,11.3517103024996,11.1215001903537,286.024946781314,0,11.3517103024996,0.945975858541637,11.3517103024996,-1.77635683940025e-15,41.6564271650492,27155,134,1962.890625,-2.51042072914561,1965.40104572915,1962.890625
0.316,1965.96409958724,0.529535265874892,0.0264767632937446,10.2937639541409,205.875279082818,11.3548580310764,0,2000,1962.890625,37.109375,11.3548580310764,11.1246479189304,238.354122317762,0,11.3548580310764,0.946238169256366,11.3548580310764,0,41.8622729648112,27289,134,1962.890625,-3.0734745872403,1965.96409958724,1962.890625
0.317,1966.52704610366,0.529632604639005,0.0264816302319503,10.2967115352082,205.934230704163,11.2671333469639,0,2000,1977.5390625,22.4609375,11.2671333469639,11.1277956475072,2640.0346852648,0,11.2671333469639,0.938927778913661,11.2671333469639,0,42.0681777216292,27424,135,1977.5390625,11.0120163963388,1966.52704610366,1977.5390625
0.318,1967.01019680219,0.501069411978363,0.0250534705989181,10.2992413063499,205.984826126999,11.3599109637917,0,2000,1962.890625,37.109375,11.3599109637917,11.1297008516457,-241.377345612665,0,11.3599109637917,0.94665924698264,11.3599109637917,0,42.2741384260911,27558,134,1962.890625,-4.1195718021886,1967.01019680219,1962.890625
0.319,1967.48603875729,0.519121623442871,0.0259560811721436,10.3017328090006,206.034656180012,11.3630586923684,0,2000,1962.890625,37.109375,11.3630586923684,11.1328485802225,-201.147788010554,0,11.3630586923684,0.946921557697369,11.3630586923684,-1.77635683940025e-15,42.4801474321802,27692,134,1962.890625,-4.59541375728645,1967.48603875729,1962.890625
0.32,1968.01632257243,0.525910563295589,0.0262955281647795,10.3045093685639,206.090187371279,11.275334008256,0,2000,1977.5390625,22.4609375,11.275334008256,11.1359963087992,2273.78309332454,0,11.275334008256,0.939611167354664,11.275334008256,0,42.6862095812098,27827,135,1977.5390625,9.52273992756682,1968.01632257243,1977.5390625
0.321,1968.48713634869,0.499840914707951,0.0249920457353976,10.3069745437318,206.139490874635,11.3681116250837,0,2000,1962.890625,37.109375,11.3681116250837,11.1379015129377,-546.587005562885,0,11.3681116250837,0.947342635423643,11.3681116250837,-1.77635683940025e-15,42.8923254940247,27961,134,1962.890625,-5.59651134868932,1968.48713634869,1962.890625
0.322,1968.95821646234,0.5188225884274,0.02594112942137,10.3094411134389,206.188822268778,11.3712593536605,0,2000,1962.890625,37.109375,11.3712593536605,11.1410492415145,-455.489171302404,0,11.3712593536605,0.947604946138372,11.3712593536605,0,43.098488877378,28095,134,1962.890625,-6.0675914623373,1968.95821646234,1962.890625
0.323,1969.48656294108,0.52595825249571,0.0262979126247855,10.3122075291325,206.24415058265,11.283534669548,0,2000,1977.5390625,22.4609375,11.283534669548,11.1441969700912,2061.83194058133,0,11.283534669548,0.940294555795667,11.283534669548,0,43.3047050768231,28230,135,1977.5390625,8.05249955892054,1969.48656294108,1977.5390625
0.324,1969.95649392703,0.500018210742274,0.0250009105371137,10.3146680820211,206.293361640422,11.3763122863758,0,2000,1962.890625,37.109375,11.3763122863758,11.1461021742298,-723.212966182225,0,11.3763122863758,0.948026023864646,11.3763122863758,0,43.510974901304,28364,134,1962.890625,-7.06586892702808,1969.95649392703,1962.890625
0.325,1970.42708633037,0.519048593776747,0.0259524296888373,10.3171320980831,206.342641961661,11.2885876022633,0,2000,1977.5390625,22.4609375,11.2885876022633,11.1492499028065,1838.72877818148,0,11.2885876022633,0.940715633521941,11.2885876022633,0,43.7172921278845,28499,135,1977.5390625,7.11197616962704,1970.42708633037,1977.5390625
0.326,1970.87539181252,0.497540470168919,0.024877023508446,10.3194794200985,206.389588401971,11.381365219091,0,2000,1962.890625,37.109375,11.381365219091,11.1511551069451,-909.132268182101,0,11.381365219091,0.948447101590921,11.381365219091,0,43.9236591295186,28633,134,1962.890625,-7.98476681252373,1970.87539181252,1962.890625
0.327,1971.33782064931,0.518222341675979,0.025911117083799,10.321900691826,206.43801383652,11.2936405349786,0,2000,1977.5390625,22.4609375,11.2936405349786,11.1543028355218,1683.79602651492,0,11.2936405349786,0.941136711248216,11.2936405349786,0,44.1300720876276,28768,135,1977.5390625,6.20124185068948,1971.33782064931,1977.5390625
0.328,1971.78297954365,0.49732979426269,0.0248664897131345,10.3242315383462,206.484630766924,11.3864181518063,0,2000,1962.890625,37.109375,11.3864181518063,11.1562080396604,-1038.2428945709,0,11.3864181518063,0.948868179317195,11.3864181518063,0,44.3365342711126,28902,134,1962.890625,-8.89235454365348,1971.78297954365,1962.890625
0.329,1972.24413240215,0.518241286940248,0.0259120643470124,10.3266461290669,206.532922581339,11.2986934676939,0,2000,1977.5390625,22.4609375,11.2986934676939,11.1593557682371,1576.20383785758,0,11.2986934676939,0.94155778897449,11.2986934676939,0,44.5430421953495,29037,135,1977.5390625,5.29493009785119,1972.24413240215,1977.5390625
0.33,1972.6887136613,0.497434561176763,0.0248717280588381,10.3289739510964,206.579479021928,11.3005986718324,0,2000,1977.5390625,22.4609375,11.3005986718324,11.1612609723757,1313.50319821465,0,11.3005986718324,0.941716555986036,11.3005986718324,0,44.74959925381,29172,135,1977.5390625,4.85034883869753,1972.6887136613,1977.5390625
0.331,1973.06984781729,0.489715945068265,0.0244857972534132,10.3309695648705,206.619391297411,11.3933762886602,0,2000,1962.890625,37.109375,11.3933762886602,11.1631661765142,-1346.82025148779,0,11.3933762886602,0.949448024055016,11.3933762886602,-1.77635683940025e-15,44.9561990094048,29306,134,1962.890625,-10.1792228172876,1973.06984781729,1962.890625
0.332,1973.50699027319,0.515536082836487,0.0257768041418244,10.3332584374173,206.665168748345,11.3056516045477,0,2000,1977.5390625,22.4609375,11.3056516045477,11.166313905091,1319.05604042684,0,11.3056516045477,0.942137633712311,11.3056516045477,0,45.1628402355046,29441,135,1977.5390625,4.03207222681158,1973.50699027319,1977.5390625
0.333,1973.94247145179,0.496558587670898,0.0248279293835449,10.3355386115364,206.710772230727,11.3075568086863,0,2000,1977.5390625,22.4609375,11.3075568086863,11.1682191092295,1099.21336702237,0,11.3075568086863,0.942296400723857,11.3075568086863,0,45.3695289885666,29576,135,1977.5390625,3.59659104820958,1973.94247145179,1977.5390625
0.334,1974.32006278409,0.48952189497508,0.024476094748754,10.337515675129,206.750313502581,11.3094620128248,0,2000,1977.5390625,22.4609375,11.3094620128248,11.1701243133681,916.011139185306,0,11.3094620128248,0.942455167735403,11.3094620128248,0,45.5762598238752,29711,135,1977.5390625,3.21899971591324,1974.32006278409,1977.5390625
0.335,1974.67603232212,0.486934145706513,0.0243467072853257,10.3393795272717,206.787590545434,11.4022396296526,0,2000,1962.890625,37.109375,11.4022396296526,11.1720295175066,-1678.06363401224,0,11.4022396296526,0.950186635804383,11.4022396296526,-1.77635683940025e-15,45.7830288857262,29845,134,1962.890625,-11.7854073221188,1974.67603232212,1962.890625
0.336,1975.10359587065,0.514666437057062,0.0257333218528531,10.3416182447767,206.832364895534,11.3145149455401,0,2000,1977.5390625,22.4609375,11.3145149455401,11.1751772460834,1043.01988832313,0,11.3145149455401,0.942876245461678,11.3145149455401,0,45.9898377310327,29980,135,1977.5390625,2.43546662935319,1975.10359587065,1977.5390625
0.337,1975.53530769186,0.496401887800633,0.0248200943900316,10.3438786825867,206.877573651734,11.3164201496787,0,2000,1977.5390625,22.4609375,11.3164201496787,11.1770824502219,869.183240269275,0,11.3164201496787,0.943035012473224,11.3164201496787,0,46.1966934536115,30115,135,1977.5390625,2.00375480813682,1975.53530769186,1977.5390625
0.338,1975.91129686192,0.489631343363319,0.024481567168166,10.3458473572775,206.916947145549,11.3183253538172,0,2000,1977.5390625,22.4609375,11.3183253538172,11.1789876543605,724.319366891062,0,11.3183253538172,0.94319377948477,11.3183253538172,0,46.4035909955243,30250,135,1977.5390625,1.62776563808416,1975.91129686192,1977.5390625
0.339,1976.2664743588,0.487143271218996,0.0243571635609498,10.3477070623023,206.954141246047,11.3202305579558,0,2000,1977.5390625,22.4609375,11.3202305579558,11.180892858499,603.599472409218,0,11.3202305579558,0.943352546496316,11.3202305579558,0,46.6105266454524,30385,135,1977.5390625,1.27258814120205,1976.2664743588,1977.5390625
0.34,1976.61384770545,0.486250859116341,0.024312542955817,10.3495259048922,206.990518097843,11.3221357620943,0,2000,1977.5390625,22.4609375,11.3221357620943,11.1827980626376,502.999560341015,0,11.3221357620943,0.943511313507862,11.3221357620943,0,46.8174990153593,30520,135,1977.5390625,0.925214794548083,1976.61384770545,1977.5390625
0.341,1976.95826381559,0.485953075972542,0.0242976537986271,10.3513292634278,207.026585268556,11.3240409662329,0,2000,1977.5390625,22.4609375,11.3240409662329,11.1847032667761,419.166300284179,0,11.3240409662329,0.943670080519409,11.3240409662329,0,47.0245075828692,30655,135,1977.5390625,0.580798684412684,1976.95826381559,1977.5390625
0.342,1977.30152918443,0.485876964496068,0.0242938482248034,10.3531265966961,207.062531933922,11.3259461703715,0,2000,1977.5390625,22.4609375,11.3259461703715,11.1866084709147,349.305250236816,0,11.3259461703715,0.943828847530955,11.3259461703715,0,47.2315521481974,30790,135,1977.5390625,0.237533315573955,1977.30152918443,1977.5390625
0.343,1977.64431752522,0.485883569720329,0.0242941784860165,10.3549214322514,207.098428645027,11.32785137451,0,2000,1977.5390625,22.4609375,11.32785137451,11.1885136750532,291.08770853068,0,11.32785137451,0.943987614542501,11.32785137451,0,47.4386326318178,30925,135,1977.5390625,-0.10525502521773,1977.64431752522,1977.5390625
0.344,1977.98688050007,0.485921119264936,0.0242960559632468,10.3567150877934,207.134301755867,11.3297565786486,0,2000,1977.5390625,22.4609375,11.3297565786486,11.1904188791918,242.573090442234,0,11.3297565786486,0.944146381554047,11.3297565786486,0,47.6457489990782,31060,135,1977.5390625,-0.447818000072175,1977.98688050007,1977.5390625
0.345,1978.32931251803,0.485970322507021,0.0242985161253511,10.3585080576466,207.170161152933,11.3316617827871,0,2000,1977.5390625,22.4609375,11.3316617827871,11.1923240833303,202.144242035195,0,11.3316617827871,0.944305148565593,11.3316617827871,0,47.8529012321135,31195,135,1977.5390625,-0.790250018029155,1978.32931251803,1977.5390625
0.346,1978.67164939135,0.486023990619305,0.0243011995309652,10.3603005293238,207.206010586476,11.3335669869257,0,2000,1977.5390625,22.4609375,11.3335669869257,11.1942292874689,168.453535029329,0,11.3335669869257,0.944463915577139,11.3335669869257,0,48.06008931938,31330,135,1977.5390625,-1.13258689135455,1978.67164939135,1977.5390625
0.347,1979.01390509217,0.486079443579835,0.0243039721789918,10.3620925759827,207.241851519653,11.3354721910642,0,2000,1977.5390625,22.4609375,11.3354721910642,11.1961344916075,140.377945857774,0,11.3354721910642,0.944622682588686,11.3354721910642,0,48.2673132517558,31465,135,1977.5390625,-1.47484259216753,1979.01390509217,1977.5390625
0.348,1979.35608544703,0.486135681241044,0.0243067840620522,10.3638842281311,207.277684562621,11.3373773952028,0,2000,1977.5390625,22.4609375,11.3373773952028,11.198039695746,116.981621548145,0,11.3373773952028,0.944781449600232,11.3373773952028,0,48.4745730210868,31600,135,1977.5390625,-1.81702294702859,1979.35608544703,1977.5390625
0.349,1979.69819323926,0.486192329350811,0.0243096164675405,10.3656755003424,207.313510006848,11.3392825993413,0,2000,1977.5390625,22.4609375,11.3392825993413,11.1999448998846,97.4846846234542,0,11.3392825993413,0.944940216611778,11.3392825993413,0,48.6818686196438,31735,135,1977.5390625,-2.15913073926026,1979.69819323926,1977.5390625
0.35,1980.04023011005,0.486249246869806,0.0243124623434903,10.3674664012099,207.349328024199,11.3411878034799,0,2000,1977.5390625,22.4609375,11.3411878034799,11.2018501040231,81.2372371862118,0,11.3411878034799,0.945098983623324,11.3411878034799,0,48.8892000399197,31870,135,1977.5390625,-2.50116761004642,1980.04023011005,1977.5390625
0.351,1980.38219726684,0.486306379668885,0.0243153189834442,10.3692569370558,207.385138741117,11.3430930076184,0,2000,1977.5390625,22.4609375,11.3430930076184,11.2037553081617,67.6976976551765,0,11.3430930076184,0.94525775063487,11.3430930076184,0,49.0965672745533,32005,135,1977.5390625,-2.84313476683519,1980.38219726684,1977.5390625
0.352,1980.72409574739,0.486363706020631,0.0243181853010315,10.3710471133138,207.420942266276,11.2541257990678,0,2000,1992.1875,7.8125,11.2541257990678,11.2056605123002,2497.82099804598,0,11.2541257990678,0.937843816588983,11.2541257990678,0,49.3039703162992,32141,136,1992.1875,11.4634042526141,1980.72409574739,1992.1875
0.353,1980.98622387982,0.457758865121949,0.0228879432560975,10.3724196130057,207.448392260115,11.3456608914574,0,2000,1977.5390625,22.4609375,11.3456608914574,11.2063231920006,-359.888751628349,0,11.3456608914574,0.94547174095478,11.3456608914574,0,49.5114061589938,32276,135,1977.5390625,-3.44716137982414,1980.98622387982,1977.5390625
0.354,1981.24106367204,0.475768789918034,0.0237884394959017,10.3737539510375,207.47507902075,11.3475660955959,0,2000,1977.5390625,22.4609375,11.3475660955959,11.2082283961391,-299.907293023625,0,11.3475660955959,0.945630507966326,11.3475660955959,0,49.7188671589813,32411,135,1977.5390625,-3.70200117203854,1981.24106367204,1977.5390625
0.355,1981.55036369163,0.482515176666253,0.0241257588333127,10.375373442153,207.507468843061,11.3494712997345,0,2000,1977.5390625,22.4609375,11.3494712997345,11.2101336002777,-249.922744186354,0,11.3494712997345,0.945789274977873,11.3494712997345,0,49.9263581595898,32546,135,1977.5390625,-4.01130119163395,1981.55036369163,1977.5390625
0.356,1981.87991377339,0.485065198689342,0.0242532599344671,10.3770989623461,207.541979246921,11.2605040911838,0,2000,1992.1875,7.8125,11.2605040911838,11.2120388044163,2233.13729651137,0,11.2605040911838,0.938375340931985,11.2605040911838,0,50.1338827825573,32682,136,1992.1875,10.307586226613,1981.87991377339,1992.1875
0.357,1982.13726609813,0.457389529676601,0.0228694764838301,10.3784464559674,207.568929119348,11.3520391835734,0,2000,1977.5390625,22.4609375,11.3520391835734,11.2127014841166,-580.45850290719,0,11.3520391835734,0.946003265297783,11.3520391835734,0,50.3414393740296,32817,135,1977.5390625,-4.59820359813102,1982.13726609813,1977.5390625
0.358,1982.3901537917,0.475746095876959,0.023787304793848,10.3797705728346,207.595411456691,11.3539443877119,0,2000,1977.5390625,22.4609375,11.3539443877119,11.2146066882552,-483.715419089325,0,11.3539443877119,0.946162032309329,11.3539443877119,0,50.5490207944333,32952,135,1977.5390625,-4.85109129169609,1982.3901537917,1977.5390625
0.359,1982.69855609198,0.482622083633553,0.0241311041816777,10.3813853635028,207.627707270056,11.2649771791613,0,2000,1992.1875,7.8125,11.2649771791613,11.2165118923937,2038.31006742556,0,11.2649771791613,0.938748098263442,11.2649771791613,0,50.7566320751508,33088,136,1992.1875,9.48894390801524,1982.69855609198,1992.1875
0.36,1982.94790096193,0.456558486319726,0.0228279243159863,10.3826909301888,207.653818603776,11.3565122715509,0,2000,1977.5390625,22.4609375,11.3565122715509,11.2171745720941,-742.814527145365,0,11.3565122715509,0.946376022629239,11.3565122715509,0,50.9642739092046,33223,135,1977.5390625,-5.40883846192833,1982.94790096193,1977.5390625
0.361,1983.19767865361,0.475516000425155,0.0237758000212577,10.3839987631242,207.679975262484,11.3584174756894,0,2000,1977.5390625,22.4609375,11.3584174756894,11.2190797762326,-619.01210595447,0,11.3584174756894,0.946534789640785,11.3584174756894,0,51.1719400315845,33358,135,1977.5390625,-5.65861615360973,1983.19767865361,1977.5390625
0.362,1983.50479732265,0.48261621576406,0.024130810788203,10.3856068327149,207.712136654298,11.2694502671388,0,2000,1992.1875,7.8125,11.2694502671388,11.2209849803712,1925.56282837127,0,11.2694502671388,0.939120855594898,11.2694502671388,0,51.3796357996911,33494,136,1992.1875,8.68270267735261,1983.50479732265,1992.1875
0.363,1983.75354071134,0.456636486329788,0.0228318243164894,10.3869092500525,207.73818500105,11.3609853595283,0,2000,1977.5390625,22.4609375,11.3609853595283,11.2216476600716,-836.770559690605,0,11.3609853595283,0.946748779960695,11.3609853595283,0,51.5873620281911,33629,135,1977.5390625,-6.21447821134007,1983.75354071134,1977.5390625
0.364,1984.00297274491,0.475625569868574,0.0237812784934287,10.3882152731262,207.764305462524,11.2720181509777,0,2000,1992.1875,7.8125,11.2720181509777,11.2235528642101,1744.09745025783,0,11.2720181509777,0.939334845914808,11.2720181509777,0,51.7951124975718,33765,136,1992.1875,8.18452725509428,1984.00297274491,1992.1875
0.365,1984.23014008063,0.454075514187431,0.0227037757093716,10.3894047185146,207.788094370292,11.3635532433673,0,2000,1977.5390625,22.4609375,11.3635532433673,11.2242155439105,-987.991708118475,0,11.3635532433673,0.946962770280605,11.3635532433673,0,52.002889583336,33900,135,1977.5390625,-6.69107758063001,1984.23014008063,1977.5390625
0.366,1984.47145096591,0.474715186314684,0.0237357593157342,10.3906682193553,207.813364387106,11.2745860348166,0,2000,1992.1875,7.8125,11.2745860348166,11.226120748049,1618.07982656794,0,11.2745860348166,0.939548836234718,11.2745860348166,0,52.2106894691111,34036,136,1992.1875,7.71604903408797,1984.47145096591,1992.1875
0.367,1984.69551118613,0.45378030873415,0.0226890154367075,10.391841395925,207.836827918499,11.3661211272062,0,2000,1977.5390625,22.4609375,11.3661211272062,11.2267834277494,-1093.00639452672,0,11.3661211272062,0.947176760600515,11.3661211272062,0,52.4185154258594,34171,135,1977.5390625,-7.15644868612662,1984.69551118613,1977.5390625
0.368,1984.93558414641,0.474649391743767,0.0237324695871884,10.3930984150055,207.86196830011,11.2771539186555,0,2000,1992.1875,7.8125,11.2771539186555,11.228688631888,1530.5675878944,0,11.2771539186555,0.939762826554628,11.2771539186555,0,52.6263639709473,34307,136,1992.1875,7.25191585359448,1984.93558414641,1992.1875
0.369,1985.15910393898,0.453800196337526,0.0226900098168763,10.3942687619027,207.885375238053,11.3686890110451,0,2000,1977.5390625,22.4609375,11.3686890110451,11.2293513115883,-1165.933260088,0,11.3686890110451,0.947390750920425,11.3686890110451,0,52.8342384997935,34442,135,1977.5390625,-7.62004143897843,1985.15910393898,1977.5390625
0.37,1985.39889741487,0.474701409467291,0.0237350704733646,10.3955243176064,207.910486352128,11.2797218024945,0,2000,1992.1875,7.8125,11.2797218024945,11.2312565157269,1469.79519992667,0,11.2797218024945,0.939976816874538,11.2797218024945,0,53.042135576247,34578,136,1992.1875,6.78860258512964,1985.39889741487,1992.1875
0.371,1985.62223600415,0.453864389403565,0.0226932194701782,10.3966937157253,207.933874314506,11.371256894884,0,2000,1977.5390625,22.4609375,11.371256894884,11.2319191954273,-1216.57691672778,0,11.371256894884,0.947604741240336,11.371256894884,0,53.2500586131565,34713,135,1977.5390625,-8.08317350414768,1985.62223600415,1977.5390625
0.372,1985.86188594017,0.474770340519146,0.0237385170259573,10.397948519856,207.95897039712,11.2822896863334,0,2000,1992.1875,7.8125,11.2822896863334,11.2338243995658,1427.59215272685,0,11.2822896863334,0.940190807194448,11.2822896863334,0,53.458004180975,34849,136,1992.1875,6.32561405983415,1985.86188594017,1992.1875
0.373,1986.08509605437,0.45393528475469,0.0226967642377345,10.399117245281,207.98234490562,11.3738247787229,0,2000,1977.5390625,22.4609375,11.3738247787229,11.2344870792662,-1251.74612272762,0,11.3738247787229,0.947818731560246,11.3738247787229,0,53.6659756951206,34984,135,1977.5390625,-8.54603355436961,1986.08509605437,1977.5390625
0.374,1986.32462414649,0.474842164070096,0.0237421082035048,10.4003714114385,208.007428228771,11.2848575701723,0,2000,1992.1875,7.8125,11.2848575701723,11.2363922834047,1398.28448106031,0,11.2848575701723,0.940404797514359,11.2848575701723,0,53.8739697271111,35120,136,1992.1875,5.86287585350738,1986.32462414649,1992.1875
0.375,1986.54771589202,0.454007647817906,0.0227003823908953,10.4015395170866,208.030790341732,11.3763926625619,0,2000,1977.5390625,22.4609375,11.3763926625619,11.2370549631051,-1276.16918244974,0,11.3763926625619,0.948032721880156,11.3763926625619,0,54.0819896928673,35255,135,1977.5390625,-9.00865339202278,1986.54771589202,1977.5390625
0.376,1986.78712790123,0.474914919201355,0.0237457459600677,10.4027930754355,208.055861508709,11.2874254540112,0,2000,1992.1875,7.8125,11.2874254540112,11.2389601672437,1377.93193129188,0,11.2874254540112,0.940618787834269,11.2874254540112,0,54.2900321641985,35391,136,1992.1875,5.40037209876778,1986.78712790123,1992.1875
0.377,1987.01010539299,0.454080737489056,0.0227040368744528,10.4039605828522,208.079211657044,11.2880881337116,0,2000,1992.1875,7.8125,11.2880881337116,11.239622846944,1148.2766094099,0,11.2880881337116,0.940674011142633,11.2880881337116,0,54.4981005572374,35527,136,1992.1875,5.17739460700614,1987.01010539299,1992.1875
0.378,1987.16970215575,0.44632596825081,0.0223162984125405,10.4047962295479,208.095924590958,11.3796232261012,0,2000,1977.5390625,22.4609375,11.3796232261012,11.2402855266444,-1484.50907549175,0,11.3796232261012,0.94830193550843,11.3796232261012,0,54.706188444951,35662,135,1977.5390625,-9.6306396557527,1987.16970215575,1977.5390625
0.379,1987.38534704112,0.472106672506141,0.023605333625307,10.4059253435273,208.118506870547,11.2906560175505,0,2000,1992.1875,7.8125,11.2906560175505,11.2421907307829,1204.31535375688,0,11.2906560175505,0.940888001462543,11.2906560175505,0,54.914294606048,35798,136,1992.1875,4.80215295887592,1987.38534704112,1992.1875
0.38,1987.5993603746,0.453088482132241,0.022654424106612,10.407045914721,208.140918294421,11.2913186972509,0,2000,1992.1875,7.8125,11.2913186972509,11.2428534104833,1003.59612813073,0,11.2913186972509,0.940943224770907,11.2913186972509,0,55.1224251005443,35934,136,1992.1875,4.58813962539807,1987.5993603746,1992.1875
0.381,1987.75550962303,0.446010585174583,0.0223005292587291,10.4078635102739,208.157270205478,11.3828537896404,0,2000,1977.5390625,22.4609375,11.3828537896404,11.2435160901837,-1605.07614322439,0,11.3828537896404,0.948571149136704,11.3828537896404,0,55.3305744865987,36069,135,1977.5390625,-10.2164471230269,1987.75550962303,1977.5390625
0.382,1987.96976380049,0.472043754701654,0.0236021877350827,10.4089853425238,208.179706850475,11.2938865810898,0,2000,1992.1875,7.8125,11.2938865810898,11.2454212943222,1103.84279731301,0,11.2938865810898,0.941157215090817,11.2938865810898,0,55.5387419101283,36205,136,1992.1875,4.21773619950682,1987.96976380049,1992.1875
0.383,1988.18315417629,0.453119903876703,0.0226559951938352,10.4101026519187,208.202053038374,11.2945492607902,0,2000,1992.1875,7.8125,11.2945492607902,11.2460839740226,919.86899776084,0,11.2945492607902,0.941212438399181,11.2945492607902,0,55.7469335681125,36341,136,1992.1875,4.00434582371122,1988.18315417629,1992.1875
0.384,1988.33896793225,0.446077429575585,0.0223038714787793,10.4109184908371,208.218369816742,11.2952119404905,0,2000,1992.1875,7.8125,11.2952119404905,11.246746653723,766.557498134033,0,11.2952119404905,0.941267661707545,11.2952119404905,0,55.9551440698889,36477,136,1992.1875,3.84853206775438,1988.33896793225,1992.1875
0.385,1988.47329248426,0.443461716117196,0.0221730858058598,10.4116218125468,208.232436250936,11.3867470328801,0,2000,1977.5390625,22.4609375,11.3867470328801,11.2474093334233,-1802.60833488831,0,11.3867470328801,0.948895586073342,11.3867470328801,0,56.1633695815672,36612,135,1977.5390625,-10.9342299842642,1988.47329248426,1977.5390625
0.386,1988.67927612145,0.471157737075671,0.0235578868537836,10.412700340349,208.254006806981,11.2977798243295,0,2000,1992.1875,7.8125,11.2977798243295,11.2493145375619,939.232637593079,0,11.2977798243295,0.941481652027455,11.2977798243295,0,56.371611669841,36748,136,1992.1875,3.50822387854851,1988.67927612145,1992.1875
0.387,1988.88944773873,0.452853781732429,0.0226426890866214,10.4138007963637,208.276015927275,11.2984425040298,0,2000,1992.1875,7.8125,11.2984425040298,11.2499772172623,782.693864660899,0,11.2984425040298,0.941536875335819,11.2984425040298,0,56.579877433801,36884,136,1992.1875,3.29805226127451,1988.88944773873,1992.1875
0.388,1989.04392675113,0.446042622453886,0.0223021311226943,10.4146096465812,208.292192931625,11.2991051837302,0,2000,1992.1875,7.8125,11.2991051837302,11.2506398969626,652.244887217416,0,11.2991051837302,0.941592098644183,11.2991051837302,0,56.7881618190823,37020,136,1992.1875,3.14357324887033,1989.04392675113,1992.1875
0.389,1989.17762033008,0.443513445186467,0.0221756722593233,10.4153096645237,208.306193290473,11.3906402761198,0,2000,1977.5390625,22.4609375,11.3906402761198,11.251302576663,-1897.86884398549,0,11.3906402761198,0.94922002300998,11.3906402761198,0,56.9964611172836,37155,135,1977.5390625,-11.6385578300765,1989.17762033008,1977.5390625
0.39,1989.3832370144,0.471242057072273,0.0235621028536137,10.4163862709652,208.327725419304,11.3016730675691,0,2000,1992.1875,7.8125,11.3016730675691,11.2532077808015,859.848880012094,0,11.3016730675691,0.941806088964093,11.3016730675691,0,57.2047769420434,37291,136,1992.1875,2.80426298560474,1989.3832370144,1992.1875
0.391,1989.59314183599,0.452950589443258,0.0226475294721629,10.417485330041,208.34970660082,11.3023357472695,0,2000,1992.1875,7.8125,11.3023357472695,11.2538704605019,716.540733343412,0,11.3023357472695,0.941861312272457,11.3023357472695,0,57.4131164101316,37427,136,1992.1875,2.59435816400583,1989.59314183599,1992.1875
0.392,1989.74739313494,0.446144423308861,0.0223072211654431,10.4182929879536,208.365859759072,11.3029984269698,0,2000,1992.1875,7.8125,11.3029984269698,11.2545331402023,597.117277786177,0,11.3029984269698,0.941916535580821,11.3029984269698,0,57.6214744739562,37563,136,1992.1875,2.44010686506499,1989.74739313494,1992.1875
0.393,1989.88087530385,0.443617442298342,0.0221808721149171,10.4189918989557,208.379837979114,11.3036611066702,0,2000,1992.1875,7.8125,11.3036611066702,11.2551958199026,497.597731488481,0,11.3036611066702,0.941971758889184,11.3036611066702,0,57.8298474278234,37699,136,1992.1875,2.30662469614867,1989.88087530385,1992.1875
0.394,1990.00658573276,0.44268485266983,0.0221342426334915,10.4196501172222,208.393002344445,11.3043237863706,0,2000,1992.1875,7.8125,11.3043237863706,11.255858499603,414.6647762404,0,11.3043237863706,0.942026982197548,11.3043237863706,0,58.0382338875382,37835,136,1992.1875,2.18091426723959,1990.00658573276,1992.1875
0.395,1990.12936733525,0.442346375976223,0.0221173187988112,10.4202930001895,208.40586000379,11.3958588787601,0,2000,1977.5390625,22.4609375,11.3958588787601,11.2565211793034,-2095.85226979967,0,11.3958588787601,0.949654906563346,11.3958588787601,0,58.2466333338786,37970,135,1977.5390625,-12.5903048352454,1990.12936733525,1977.5390625
0.396,1990.33072753279,0.470891687094121,0.0235445843547061,10.4213473197184,208.426946394368,11.3068916702095,0,2000,1992.1875,7.8125,11.3068916702095,11.2584263834419,694.862691833611,0,11.3068916702095,0.942240972517459,11.3068916702095,0,58.4550485689566,38106,136,1992.1875,1.85677246720888,1990.33072753279,1992.1875
0.397,1990.53885810618,0.452904998277041,0.0226452499138521,10.4224370888523,208.448741777047,11.3075543499099,0,2000,1992.1875,7.8125,11.3075543499099,11.2590890631423,579.052243194676,0,11.3075543499099,0.942296195825822,11.3075543499099,0,58.6634871526072,38242,136,1992.1875,1.64864189381683,1990.53885810618,1992.1875
0.398,1990.69226252645,0.446212877281131,0.0223106438640566,10.4232403125186,208.464806250371,11.3082170296102,0,2000,1992.1875,7.8125,11.3082170296102,11.2597517428427,482.543535995563,0,11.3082170296102,0.942351419134186,11.3082170296102,0,58.8719442025813,38378,136,1992.1875,1.4952374735492,1990.69226252645,1992.1875
0.399,1990.82524585183,0.443728872807866,0.0221864436403933,10.423936611582,208.47873223164,11.3088797093106,0,2000,1992.1875,7.8125,11.3088797093106,11.260414422543,402.119613329636,0,11.3088797093106,0.94240664244255,11.3088797093106,0,59.0804160750533,38514,136,1992.1875,1.36225414817477,1990.82524585183,1992.1875
0.4,1990.95058959465,0.442812774983918,0.0221406387491959,10.4245929098847,208.491858197694,11.309542389011,0,2000,1992.1875,7.8125,11.309542389011,11.2610771022434,335.099677774697,0,11.309542389011,0.942461865750914,11.309542389011,0,59.2889014091411,38650,136,1992.1875,1.23691040534914,1990.95058959465,1992.1875
0.401,1991.07305620486,0.442480916124038,0.0221240458062019,10.4252341435563,208.504682871126,11.3102050687113,0,2000,1992.1875,7.8125,11.3102050687113,11.2617397819438,279.249731478914,0,11.3102050687113,0.942517089059278,11.3102050687113,0,59.4973996945671,38786,136,1992.1875,1.11444379513523,1991.07305620486,1992.1875
0.402,1991.19442045373,0.442366808718495,0.0221183404359248,10.4258696052774,208.517392105547,11.3108677484117,0,2000,1992.1875,7.8125,11.3108677484117,11.2624024616441,232.708109565762,0,11.3108677484117,0.942572312367642,11.3108677484117,0,59.7059107380085,38922,136,1992.1875,0.993079546272384,1991.19442045373,1992.1875
0.403,1991.31534398333,0.442333908924176,0.0221166954462088,10.4265027593978,208.530055187956,11.3115304281121,0,2000,1992.1875,7.8125,11.3115304281121,11.2630651413445,193.923424638135,0,11.3115304281121,0.942627535676006,11.3115304281121,0,59.9144344642746,39058,136,1992.1875,0.872156016667986,1991.31534398333,1992.1875
0.404,1991.43607371012,0.442331343335275,0.0221165671667637,10.427134898769,208.542697975381,11.3121931078124,0,2000,1992.1875,7.8125,11.3121931078124,11.2637278210449,161.602853865112,0,11.3121931078124,0.94268275898437,11.3121931078124,0,60.12297084223,39194,136,1992.1875,0.751426289878509,1991.43607371012,1992.1875
0.405,1991.55670203011,0.442340156911202,0.0221170078455601,10.4277665071755,208.555330143511,11.3128557875128,0,2000,1992.1875,7.8125,11.3128557875128,11.2643905007452,134.669044887594,0,11.3128557875128,0.942737982292734,11.3128557875128,0,60.3315198571956,39330,136,1992.1875,0.630797969888135,1991.55670203011,1992.1875
0.406,1991.67726376397,0.442353286494296,0.0221176643247148,10.4283977669379,208.567955338757,11.4043908799024,0,2000,1977.5390625,22.4609375,11.4043908799024,11.2650531804456,-2329.18204592701,0,11.4043908799024,0.950365906658531,11.4043908799024,0,60.5400815006653,39465,135,1977.5390625,-14.1382012639738,1991.67726376397,1977.5390625
0.407,1991.87747491449,0.471030450684897,0.0235515225342449,10.4294460700706,208.588921401412,11.3154236713517,0,2000,1992.1875,7.8125,11.3154236713517,11.2669583845842,500.421211727496,0,11.3154236713517,0.942951972612644,11.3154236713517,0,60.7486587654968,39601,136,1992.1875,0.310025085506823,1991.87747491449,1992.1875
0.408,1992.08485977097,0.453093729586216,0.0226546864793108,10.4305319346399,208.610638692798,11.3160863510521,0,2000,1992.1875,7.8125,11.3160863510521,11.2676210642845,417.01767643958,0,11.3160863510521,0.943007195921008,11.3160863510521,0,60.9572592830525,39737,136,1992.1875,0.102640229027202,1992.08485977097,1992.1875
0.409,1992.23767305686,0.44642105672297,0.0223210528361485,10.4313320631337,208.626641262675,11.3167490307525,0,2000,1992.1875,7.8125,11.3167490307525,11.2682837439849,347.514730366316,0,11.3167490307525,0.943062419229372,11.3167490307525,0,61.1658781981872,39873,136,1992.1875,-0.0501730568569201,1992.23767305686,1992.1875
0.41,1992.37012709558,0.44394511836588,0.022197255918294,10.4320255908587,208.640511817174,11.3174117104528,0,2000,1992.1875,7.8125,11.3174117104528,11.2689464236853,289.595608638597,0,11.3174117104528,0.943117642537736,11.3174117104528,0,61.3745118776218,40009,136,1992.1875,-0.182627095578709,1992.37012709558,1992.1875
0.411,1992.49496879137,0.443032834905,0.02215164174525,10.4326792604493,208.653585208987,11.3180743901532,0,2000,1992.1875,7.8125,11.3180743901532,11.2696091033856,241.329673865498,0,11.3180743901532,0.9431728658461,11.3180743901532,0,61.5831589648463,40145,136,1992.1875,-0.307468791371548,1992.49496879137,1992.1875
0.412,1992.61694764319,0.44270319533822,0.022135159766911,10.4333179402239,208.666358804479,11.2278646571644,0,2000,2006.8359375,-6.8359375,11.2278646571644,11.270271783086,2642.51431155458,0,11.2278646571644,0.93565538809703,11.2278646571644,-1.77635683940025e-15,61.7918189516486,40282,137,2006.8359375,14.2189898568113,1992.61694764319,2006.8359375
0.413,1992.65813090248,0.413928350940242,0.0206964175470121,10.4335335752653,208.670671505306,11.3181572251157,0,2000,1992.1875,7.8125,11.3181572251157,11.2696919383482,-239.310990371182,0,11.3181572251157,0.943179768759645,11.3181572251157,0,62.0004886468828,40418,136,1992.1875,-0.470630902475932,1992.65813090248,1992.1875
0.414,1992.69165941294,0.431849064896372,0.0215924532448186,10.4337091301356,208.674182602712,11.3188199048161,0,2000,1992.1875,7.8125,11.3188199048161,11.2703546180485,-199.425825309319,0,11.3188199048161,0.943234992068009,11.3188199048161,-1.77635683940025e-15,62.2091603396159,40554,136,1992.1875,-0.504159412942954,1992.69165941294,1992.1875
0.415,1992.77952699413,0.438536301073805,0.0219268150536902,10.4341692037148,208.683384074296,11.3194825845165,0,2000,1992.1875,7.8125,11.3194825845165,11.2710172977489,-166.188187757766,0,11.3194825845165,0.943290215376373,11.3194825845165,0,62.4178388497293,40690,136,1992.1875,-0.5920269941264,1992.77952699413,1992.1875
0.416,1992.8876146461,0.441038331913694,0.0220519165956847,10.4347351493371,208.694702986743,11.3201452642168,0,2000,1992.1875,7.8125,11.3201452642168,11.2716799774493,-138.490156464805,0,11.3201452642168,0.943345438684737,11.3201452642168,-1.77635683940025e-15,62.6265277918228,40826,136,1992.1875,-0.70011464610252,1992.8876146461,1992.1875
0.417,1993.00321094799,0.441981140893212,0.0220990570446606,10.4353404101585,208.706808203169,11.3208079439172,0,2000,1992.1875,7.8125,11.3208079439172,11.2723426571496,-115.408463720671,0,11.3208079439172,0.943400661993101,11.3208079439172,0,62.8352285099812,40962,136,1992.1875,-0.815710947992102,1993.00321094799,1992.1875
0.418,1993.12158032492,0.442343093330093,0.0221171546665046,10.4359601907668,208.719203815335,11.3214706236176,0,2000,1992.1875,7.8125,11.3214706236176,11.27300533685,-96.1737197672255,0,11.3214706236176,0.943455885301465,11.3214706236176,-1.77635683940025e-15,63.0439415023957,41098,136,1992.1875,-0.934080324922434,1993.12158032492,1992.1875
0.419,1993.24095876917,0.442488699231367,0.0221244349615684,10.4365852548392,208.731705096783,11.3221333033179,0,2000,1992.1875,7.8125,11.3221333033179,11.2736680165504,-80.1447664726879,0,11.3221333033179,0.943511108609829,11.3221333033179,0,63.2526669521369,41234,136,1992.1875,-1.05345876917158,1993.24095876917,1992.1875
0.42,1993.3606893893,0.442553763713901,0.022127688185695,10.4372121629002,208.744243258003,11.3227959830183,0,2000,1992.1875,7.8125,11.3227959830183,11.2743306962507,-66.7873053939066,0,11.3227959830183,0.943566331918193,11.3227959830183,-1.77635683940025e-15,63.4614049249049,41370,136,1992.1875,-1.17318938929611,1993.3606893893,1992.1875
0.421,1993.48052776921,0.442588883016548,0.0221294441508274,10.4378396351901,208.756792703802,11.3234586627187,0,2000,1992.1875,7.8125,11.3234586627187,11.2749933759511,-55.6560878282555,0,11.3234586627187,0.943621555226557,11.3234586627187,0,63.6701554427053,41506,136,1992.1875,-1.29302776921463,1993.48052776921,1992.1875
0.422,1993.60038316497,0.442612907003049,0.0221306453501524,10.4384671965748,208.769343931495,11.324121342419,0,2000,1992.1875,7.8125,11.324121342419,11.2756560556515,-46.3800731902129,0,11.324121342419,0.943676778534921,11.324121342419,-1.77635683940025e-15,63.8789185112974,41642,136,1992.1875,-1.41288316496889,1993.60038316497,1992.1875
0.423,1993.7202220821,0.442632857758762,0.0221316428879381,10.4390946716776,208.781893433551,11.3247840221194,0,2000,1992.1875,7.8125,11.3247840221194,11.2763187353518,-38.6500609918441,0,11.3247840221194,0.943732001843285,11.3247840221194,0,64.0876941304212,41778,136,1992.1875,-1.53272208210137,1993.7202220821,1992.1875
0.424,1993.84003235141,0.442651350689017,0.0221325675344508,10.4397219967807,208.794439935614,11.3254467018198,0,2000,1992.1875,7.8125,11.3254467018198,11.2769814150522,-32.2083841598701,0,11.3254467018198,0.943787225151649,11.3254467018198,-1.77635683940025e-15,64.2964822976065,41914,136,1992.1875,-1.6525323514129,1993.84003235141,1992.1875
0.425,1993.95980974468,0.442669359407574,0.0221334679703787,10.4403491497453,208.806982994906,11.3261093815202,0,2000,1992.1875,7.8125,11.3261093815202,11.2776440947526,-26.8403201332251,0,11.3261093815202,0.943842448460013,11.3261093815202,0,64.505283009592,42050,136,1992.1875,-1.77230974467784,1993.95980974468,1992.1875
0.426,1994.0795529881,0.442687245854713,0.0221343622927356,10.4409761239017,208.819522478034,11.2358996485313,0,2000,2006.8359375,-6.8359375,11.2358996485313,11.2783067744529,2419.03931655565,0,11.2358996485313,0.936324970710943,11.2358996485313,0,64.7140962628534,42187,137,2006.8359375,12.7563845119009,1994.0795529881,2006.8359375
0.427,1994.11955926609,0.414042792920744,0.0207021396460372,10.4411855962834,208.823711925669,11.3261922164827,0,2000,1992.1875,7.8125,11.3261922164827,11.2777269297151,-425.540152870295,0,11.3261922164827,0.943849351373558,11.3261922164827,0,64.9229190547768,42323,136,1992.1875,-1.93205926609016,1994.11955926609,1992.1875
0.428,1994.15230988177,0.432012987826536,0.0216006493913268,10.4413570781062,208.827141562123,11.3268548961831,0,2000,1992.1875,7.8125,11.3268548961831,11.2783896094155,-354.616794058579,0,11.3268548961831,0.943904574681922,11.3268548961831,0,65.131743745163,42459,136,1992.1875,-1.96480988177314,1994.15230988177,1992.1875
0.429,1994.2395528653,0.438719547780603,0.0219359773890302,10.4418138812997,208.836277625994,11.3275175758834,0,2000,1992.1875,7.8125,11.3275175758834,11.2790522891159,-295.513995048816,0,11.3275175758834,0.943959797990286,11.3275175758834,0,65.3405751807332,42595,136,1992.1875,-2.05205286530281,1994.2395528653,1992.1875
0.43,1994.34707758008,0.441229654631156,0.0220614827315578,10.4423768793898,208.847537587795,11.3281802555838,0,2000,1992.1875,7.8125,11.3281802555838,11.2797149688162,-246.26166254068,0,11.3281802555838,0.94401502129865,11.3281802555838,0,65.5494169865661,42731,136,1992.1875,-2.15957758008335,1994.34707758008,1992.1875
0.431,1994.4621384023,0.442176337122569,0.0221088168561284,10.4429793364461,208.859586728922,11.3288429352842,0,2000,1992.1875,7.8125,11.3288429352842,11.2803776485166,-205.218052117234,0,11.3288429352842,0.944070244607014,11.3288429352842,0,65.7582705111235,42867,136,1992.1875,-2.27463840229757,1994.4621384023,1992.1875
0.432,1994.57998695314,0.442540585598936,0.0221270292799468,10.4435963900153,208.871927800307,11.3295056149845,0,2000,1992.1875,7.8125,11.3295056149845,11.281040328217,-171.015043431028,0,11.3295056149845,0.944125467915378,11.3295056149845,0,65.9671362546937,43003,136,1992.1875,-2.39248695313631,1994.57998695314,1992.1875
0.433,1994.69885439442,0.442687888236369,0.0221343944118184,10.4442187784825,208.88437556965,11.2392958819957,0,2000,2006.8359375,-6.8359375,11.2392958819957,11.2817030079173,2298.89371380748,0,11.2392958819957,0.936607990166308,11.2392958819957,0,66.1760144015889,43140,137,2006.8359375,12.1370831055788,1994.69885439442,2006.8359375
0.434,1994.73837933733,0.41409206357797,0.0207046031788985,10.4444257305996,208.888514611993,11.3295884499471,0,2000,1992.1875,7.8125,11.3295884499471,11.2811231631795,-525.661488493769,0,11.3295884499471,0.944132370828923,11.3295884499471,0,66.3849020194026,43276,136,1992.1875,-2.55087933733398,1994.73837933733,1992.1875
0.435,1994.77079769049,0.432080781908426,0.0216040390954213,10.4445954726998,208.891909453997,11.3302511296474,0,2000,1992.1875,7.8125,11.3302511296474,11.2817858428799,-438.051240411475,0,11.3302511296474,0.944187594137287,11.3302511296474,0,66.593791494315,43412,136,1992.1875,-2.58329769049124,1994.77079769049,1992.1875
0.436,1994.85776602849,0.438794643569679,0.0219397321784839,10.4450508378528,208.901016757055,11.3309138093478,0,2000,1992.1875,7.8125,11.3309138093478,11.2824485225802,-365.042700342895,0,11.3309138093478,0.944242817445651,11.3309138093478,0,66.8026876830945,43548,136,1992.1875,-2.67026602849432,1994.85776602849,1992.1875
0.437,1994.96503961282,0.441307865799322,0.0220653932899661,10.4456125210269,208.912250420537,11.3315764890482,0,2000,1992.1875,7.8125,11.3315764890482,11.2831112022806,-304.202250285746,0,11.3315764890482,0.944298040754015,11.3315764890482,0,67.011594214779,43684,136,1992.1875,-2.77753961282451,1994.96503961282,1992.1875
0.438,1995.07986008644,0.442256098600099,0.022112804930005,10.4462137196209,208.924274392417,11.3322391687485,0,2000,1992.1875,7.8125,11.3322391687485,11.283773881981,-253.501875238122,0,11.3322391687485,0.944353264062379,11.3322391687485,0,67.2205124395184,43820,136,1992.1875,-2.89236008644298,1995.07986008644,1992.1875
0.439,1995.19747429906,0.442621308994719,0.022131065449736,10.4468295461981,208.936590923962,11.2420294357597,0,2000,2006.8359375,-6.8359375,11.2420294357597,11.2844365616813,2230.15468730156,0,11.2420294357597,0.93683578631331,11.2420294357597,-1.77635683940025e-15,67.4294428584403,43957,137,2006.8359375,11.6384632009353,1995.19747429906,2006.8359375
0.44,1995.2364089693,0.414106997944791,0.0207053498972396,10.4470334076547,208.940668153094,11.3323220037111,0,2000,1992.1875,7.8125,11.3323220037111,11.2838567169435,-582.944010582029,0,11.3323220037111,0.944360166975925,11.3323220037111,0,67.6383826573538,44093,136,1992.1875,-3.04890896929828,1995.2364089693,1992.1875
0.441,1995.26848572338,0.432126408885072,0.0216063204442536,10.4472013611463,208.944027222927,11.3329846834115,0,2000,1992.1875,7.8125,11.3329846834115,11.2845193966439,-485.786675485024,0,11.3329846834115,0.944415390284288,11.3329846834115,-1.77635683940025e-15,67.8473242666593,44229,136,1992.1875,-3.08098572338008,1995.26848572338,1992.1875
0.442,1995.35520676342,0.43885202432198,0.021942601216099,10.4476554314501,208.953108629003,11.3336473631118,0,2000,1992.1875,7.8125,11.3336473631118,11.2851820763443,-404.822229570853,0,11.3336473631118,0.944470613592652,11.3336473631118,0,68.0562725597748,44365,136,1992.1875,-3.16770676341525,1995.35520676342,1992.1875
0.443,1995.46226981368,0.441369939933749,0.0220684969966875,10.4482160122704,208.964320245409,11.243437630123,0,2000,2006.8359375,-6.8359375,11.243437630123,11.2858447560446,2104.05439202429,0,11.243437630123,0.936953135843583,11.243437630123,0,68.2652311721131,44502,137,2006.8359375,11.3736676863241,1995.46226981368,2006.8359375
0.444,1995.49719241984,0.413657880179724,0.0206828940089862,10.4483988666087,208.967977332175,11.3337301980744,0,2000,1992.1875,7.8125,11.3337301980744,11.2852649113068,-688.027589979759,0,11.3337301980744,0.944477516506198,11.3337301980744,0,68.4741984573458,44638,136,1992.1875,-3.30969241984462,1995.49719241984,1992.1875
0.445,1995.52769449059,0.431976399054813,0.0215988199527407,10.4485585750777,208.971171501554,11.3343928777747,0,2000,1992.1875,7.8125,11.3343928777747,11.2859275910072,-573.356324983133,0,11.3343928777747,0.944532739814562,11.3343928777747,0,68.6831672811015,44774,136,1992.1875,-3.34019449058769,1995.52769449059,1992.1875
0.446,1995.61375003062,0.438813662744801,0.0219406831372401,10.4490091608316,208.980183216632,11.3350555574751,0,2000,1992.1875,7.8125,11.3350555574751,11.2865902707075,-477.796937485944,0,11.3350555574751,0.944587963122926,11.3350555574751,0,68.892142679066,44910,136,1992.1875,-3.42625003061721,1995.61375003062,1992.1875
0.447,1995.7204873869,0.441373381661794,0.0220686690830897,10.4495680363222,208.991360726444,11.3357182371755,0,2000,1992.1875,7.8125,11.3357182371755,11.2872529504079,-398.16411457162,0,11.3357182371755,0.94464318643129,11.3357182371755,0,69.1011283472214,45046,136,1992.1875,-3.53298738690251,1995.7204873869,1992.1875
0.448,1995.83491459535,0.442339451352784,0.0221169725676392,10.4501671757846,209.003343515692,11.2455085041866,0,2000,2006.8359375,-6.8359375,11.2455085041866,11.2879156301083,2109.60282119032,0,11.2455085041866,0.93712570868222,11.2455085041866,0,69.31012566094,45183,137,2006.8359375,11.0010229046527,1995.83491459535,2006.8359375
0.449,1995.87248879577,0.414049462675253,0.0207024731337626,10.4503639138379,209.007278276759,11.335801072138,0,2000,1992.1875,7.8125,11.335801072138,11.2873357853705,-683.403899008069,0,11.335801072138,0.944650089344835,11.335801072138,0,69.5191321320007,45319,136,1992.1875,-3.68498879576691,1995.87248879577,1992.1875
0.45,1995.90388794492,0.432152902878708,0.0216076451439354,10.4505283193984,209.010566387969,11.3364637518384,0,2000,1992.1875,7.8125,11.3364637518384,11.2879984650708,-569.503249173391,0,11.3364637518384,0.944705312653199,11.3364637518384,0,69.7281403124987,45455,136,1992.1875,-3.71638794491992,1995.90388794492,1992.1875
0.451,1995.99018811451,0.438910272231413,0.0219455136115706,10.4509801860298,209.019603720595,11.3371264315388,0,2000,1992.1875,7.8125,11.3371264315388,11.2886611447712,-474.586040977826,0,11.3371264315388,0.944760535961563,11.3371264315388,0,69.9371551214362,45591,136,1992.1875,-3.80268811451219,1995.99018811451,1992.1875
0.452,1996.09692823335,0.441440459391574,0.0220720229695787,10.4515390759851,209.030781519701,11.2469166985499,0,2000,2006.8359375,-6.8359375,11.2469166985499,11.2893238244716,2045.91788251848,0,11.2469166985499,0.937243058212494,11.2469166985499,-1.77635683940025e-15,70.146180211451,45728,137,2006.8359375,10.7390092666526,1996.09692823335,2006.8359375
0.453,1996.13156665341,0.413733406625816,0.0206866703312908,10.4517204423284,209.034408846568,11.3372092665013,0,2000,1992.1875,7.8125,11.3372092665013,11.2887439797337,-736.474681234601,0,11.3372092665013,0.944767438875109,11.3372092665013,0,70.3552139428698,45864,136,1992.1875,-3.94406665340762,1996.13156665341,1992.1875
0.454,1996.16180119885,0.432054220015327,0.0216027110007663,10.4518787500381,209.037575000762,11.3378719462017,0,2000,1992.1875,7.8125,11.3378719462017,11.2894066594341,-613.728901028834,0,11.3378719462017,0.944822662183473,11.3378719462017,-1.77635683940025e-15,70.5642491840355,46000,136,1992.1875,-3.97430119884507,1996.16180119885,1992.1875
0.455,1996.24759761609,0.438892761803038,0.0219446380901519,10.4523279790283,209.046559580566,11.2476622132128,0,2000,2006.8359375,-6.8359375,11.2476622132128,11.2900693391345,1929.96549914264,0,11.2476622132128,0.937305184434403,11.2476622132128,0,70.7732909718764,46137,137,2006.8359375,10.5883398839069,1996.24759761609,2006.8359375
0.456,1996.27437850708,0.412791023213666,0.0206395511606833,10.4524682034456,209.049364068913,11.3379547811642,0,2000,1992.1875,7.8125,11.3379547811642,11.2894894943966,-833.101667381135,0,11.3379547811642,0.944829565097018,11.3379547811642,0,70.9823400040432,46273,136,1992.1875,-4.08687850708338,1996.27437850708,1992.1875
0.457,1996.30163179662,0.431710073383429,0.0215855036691714,10.452610901336,209.052218026719,11.3386174608646,0,2000,1992.1875,7.8125,11.3386174608646,11.290152174097,-694.251389484279,0,11.3386174608646,0.944884788405382,11.3386174608646,0,71.1913900197765,46409,136,1992.1875,-4.11413179662145,1996.30163179662,1992.1875
0.458,1996.3862644478,0.438771641827801,0.02193858209139,10.4530540368613,209.061080737226,11.339280140565,0,2000,1992.1875,7.8125,11.339280140565,11.2908148537974,-578.542824570233,0,11.339280140565,0.944940011713746,11.339280140565,0,71.4004463805534,46545,136,1992.1875,-4.19876444780152,1996.3862644478,1992.1875
0.459,1996.49226207603,0.441415486609723,0.0220707743304861,10.4536090391449,209.072180782897,11.2490704075761,0,2000,2006.8359375,-6.8359375,11.2490704075761,11.2914775334977,1959.28722952481,0,11.2490704075761,0.937422533964677,11.2490704075761,0,71.6095129040407,46682,137,2006.8359375,10.3436754239733,1996.49226207603,2006.8359375
0.46,1996.52650429054,0.413751096803439,0.020687554840172,10.4537883309608,209.075766619216,11.3393629755275,0,2000,1992.1875,7.8125,11.3393629755275,11.2908976887599,-808.666892062662,0,11.3393629755275,0.944946914627292,11.3393629755275,0,71.8185880122243,46818,136,1992.1875,-4.33900429054438,1996.52650429054,1992.1875
0.461,1996.55647327019,0.432088118265043,0.0216044059132521,10.4539452481713,209.078904963426,11.3400256552279,0,2000,1992.1875,7.8125,11.3400256552279,11.2915603684603,-673.889076718885,0,11.3400256552279,0.945002137935655,11.3400256552279,0,72.0276645965904,46954,136,1992.1875,-4.36897327018755,1996.55647327019,1992.1875
0.462,1996.64205439607,0.438933007540088,0.0219466503770044,10.4543933498985,209.087866997971,11.249815922239,0,2000,2006.8359375,-6.8359375,11.249815922239,11.2922230481607,1879.83201940093,0,11.249815922239,0.937484660186586,11.249815922239,0,72.2367477028589,47091,137,2006.8359375,10.1938831039297,1996.64205439607,2006.8359375
0.463,1996.66864030656,0.412833938472767,0.0206416969236383,10.4545325534003,209.090651068007,11.3401084901904,0,2000,1992.1875,7.8125,11.3401084901904,11.2916432034228,-874.879567165892,0,11.3401084901904,0.945009040849201,11.3401084901904,-1.77635683940025e-15,72.4458380321224,47227,136,1992.1875,-4.48114030655597,1996.66864030656,1992.1875
0.464,1996.69570774142,0.43175428372314,0.021587714186157,10.4546742781579,209.093485563158,11.3407711698908,0,2000,1992.1875,7.8125,11.3407711698908,11.2923058831232,-729.066305971577,0,11.3407711698908,0.945064264157565,11.3407711698908,0,72.6549293250685,47363,136,1992.1875,-4.50820774142448,1996.69570774142,1992.1875
0.465,1996.78015947538,0.438816631089854,0.0219408315544927,10.4551164664029,209.102329328057,11.3414338495911,0,2000,1992.1875,7.8125,11.3414338495911,11.2929685628236,-607.555254976314,0,11.3414338495911,0.945119487465929,11.3414338495911,-1.77635683940025e-15,72.8640269438751,47499,136,1992.1875,-4.59265947538415,1996.78015947538,1992.1875
0.466,1996.88597954249,0.441461058462985,0.0220730529231492,10.4556705389786,209.113410779571,11.2512241166023,0,2000,2006.8359375,-6.8359375,11.2512241166023,11.2936312425239,1935.1102041864,0,11.2512241166023,0.937602009716859,11.2512241166023,0,73.0731347066305,47636,137,2006.8359375,9.94995795751129,1996.88597954249,2006.8359375
0.467,1996.92004694222,0.413797174129872,0.0206898587064936,10.4558489154665,209.116978309329,11.3415166845537,0,2000,1992.1875,7.8125,11.3415166845537,11.2930513977861,-828.814413177996,0,11.3415166845537,0.945126390379474,11.3415166845537,0,73.2822510356349,47772,136,1992.1875,-4.73254694222237,1996.92004694222,1992.1875
0.468,1996.94984360592,0.432134668415914,0.0216067334207957,10.4560049304328,209.120098608655,11.3421793642541,0,2000,1992.1875,7.8125,11.3421793642541,11.2937140774865,-690.67867764833,0,11.3421793642541,0.945181613687838,11.3421793642541,0,73.4913688226474,47908,136,1992.1875,-4.76234360592434,1996.94984360592,1992.1875
0.469,1997.03525480246,0.438980014487844,0.0219490007243922,10.4564521424121,209.129042848241,11.2519696312652,0,2000,2006.8359375,-6.8359375,11.2519696312652,11.2943767571869,1865.84068529306,0,11.2519696312652,0.937664135938769,11.2519696312652,0,73.7004931136432,48045,137,2006.8359375,9.80068269753951,1997.03525480246,2006.8359375
0.47,1997.0616731086,0.412881392434897,0.0206440696217449,10.4565904683396,209.131809366791,11.3422621992166,0,2000,1992.1875,7.8125,11.3422621992166,11.293796912449,-886.539012255785,0,11.3422621992166,0.945188516601384,11.3422621992166,0,73.9096246099612,48181,136,1992.1875,-4.87417310860474,1997.0616731086,1992.1875
0.471,1997.08857522169,0.431802177295616,0.0215901088647808,10.4567313274743,209.134626549486,11.342924878917,0,2000,1992.1875,7.8125,11.342924878917,11.2944595921494,-738.782510213154,0,11.342924878917,0.945243739909748,11.342924878917,0,74.11875705253,48317,136,1992.1875,-4.90107522169296,1997.08857522169,1992.1875
0.472,1997.17286388139,0.438864957805852,0.0219432478902926,10.4571726618644,209.143453237288,11.2527151459281,0,2000,2006.8359375,-6.8359375,11.2527151459281,11.2951222718498,1825.7541581557,0,11.2527151459281,0.937726262160678,11.2527151459281,-1.77635683940025e-15,74.327895803765,48454,137,2006.8359375,9.66307361861436,1997.17286388139,2006.8359375
0.473,1997.19882045128,0.412847461086394,0.0206423730543197,10.4573085701466,209.146171402931,11.3430077138795,0,2000,1992.1875,7.8125,11.3430077138795,11.2945424271119,-919.944451536913,0,11.3430077138795,0.945250642823293,11.3430077138795,0,74.537041682965,48590,136,1992.1875,-5.01132045127747,1997.19882045128,1992.1875
0.474,1997.22550761437,0.431798584844937,0.0215899292422468,10.4574483038058,209.148966076115,11.3436703935799,0,2000,1992.1875,7.8125,11.3436703935799,11.2952051068123,-766.620376280761,0,11.3436703935799,0.945305866131657,11.3436703935799,-1.77635683940025e-15,74.7461884750692,48726,136,1992.1875,-5.0380076143731,1997.22550761437,1992.1875
0.475,1997.30967385243,0.438872781134974,0.0219436390567487,10.4578889971977,209.157779943954,11.2534606605911,0,2000,2006.8359375,-6.8359375,11.2534606605911,11.2958677865127,1802.5559364327,0,11.2534606605911,0.937788388382588,11.2534606605911,0,74.9553415589515,48863,137,2006.8359375,9.52626364756907,1997.30967385243,2006.8359375
0.476,1997.33554304906,0.412859648457593,0.0206429824228797,10.4580244479945,209.16048895989,11.3437532285424,0,2000,1992.1875,7.8125,11.3437532285424,11.2952879417749,-939.27630297275,0,11.3437532285424,0.945312769045203,11.3437532285424,0,75.1645017601034,48999,136,1992.1875,-5.1480430490551,1997.33554304906,1992.1875
0.477,1997.36215646405,0.431812507477402,0.0215906253738701,10.4581637955095,209.16327591019,11.3444159082428,0,2000,1992.1875,7.8125,11.3444159082428,11.2959506214752,-782.730252477292,0,11.3444159082428,0.945367992353567,11.3444159082428,0,75.3736628658312,49135,136,1992.1875,-5.17465646404503,1997.36215646405,1992.1875
0.478,1997.44625458979,0.438887458135367,0.0219443729067683,10.4586041322662,209.172082645324,11.254206175254,0,2000,2006.8359375,-6.8359375,11.254206175254,11.2966133011756,1789.13103960226,0,11.254206175254,0.937850514604497,11.254206175254,0,75.5828302559497,49272,137,2006.8359375,9.38968291021479,1997.44625458979,2006.8359375
0.479,1997.47205832567,0.412874712908405,0.0206437356454202,10.4587392403113,209.174784806227,11.3444987432053,0,2000,1992.1875,7.8125,11.3444987432053,11.2960334564378,-950.463716998119,0,11.3444987432053,0.945374895267112,11.3444987432053,0,75.7920047563589,49408,136,1992.1875,-5.28455832566806,1997.47205832567,1992.1875
0.48,1997.49860781217,0.431827821230817,0.0215913910615409,10.4588782530976,209.177565061952,11.2542890102165,0,2000,2006.8359375,-6.8359375,11.2542890102165,11.2966961361381,1649.35315250157,0,11.2542890102165,0.937857417518043,11.2542890102165,0,76.0011801545748,49545,137,2006.8359375,9.33732968783079,1997.49860781217,2006.8359375
0.481,1997.50294047882,0.410240617127406,0.0205120308563703,10.4589009388871,209.178018777743,11.3445815781679,0,2000,1992.1875,7.8125,11.3445815781679,11.2961162914003,-1066.94528958203,0,11.3445815781679,0.945381798180658,11.3445815781679,-1.77635683940025e-15,76.2103588315241,49681,136,1992.1875,-5.31544047882403,1997.50294047882,1992.1875
0.482,1997.52146077378,0.43084263407896,0.021542131703948,10.4589979109247,209.179958218495,11.3452442578683,0,2000,1992.1875,7.8125,11.3452442578683,11.2967789711007,-889.121074651689,0,11.3452442578683,0.945437021489022,11.3452442578683,0,76.4195369756214,49817,136,1992.1875,-5.3339607737762,1997.52146077378,1992.1875
0.483,1997.60247534898,0.438532194985085,0.0219266097492543,10.4594221022485,209.188442044971,11.2550345248794,0,2000,2006.8359375,-6.8359375,11.2550345248794,11.2974416508011,1700.47202112359,0,11.2550345248794,0.937919543739952,11.2550345248794,0,76.628720861365,49954,137,2006.8359375,9.23346215102424,1997.60247534898,2006.8359375
0.484,1997.62706288373,0.412748614717204,0.0206374307358602,10.4595508422795,209.191016845589,11.3453270928308,0,2000,1992.1875,7.8125,11.3453270928308,11.2968618060632,-1024.34623239701,0,11.3453270928308,0.945443924402567,11.3453270928308,0,76.8379116480862,50090,136,1992.1875,-5.43956288373079,1997.62706288373,1992.1875
0.485,1997.65309280474,0.431787279698794,0.0215893639849397,10.4596871346272,209.193742692543,11.3459897725312,0,2000,1992.1875,7.8125,11.3459897725312,11.2975244857636,-853.621860330839,0,11.3459897725312,0.945499147710931,11.3459897725312,0,77.0471032476242,50226,136,1992.1875,-5.46559280474048,1997.65309280474,1992.1875
0.486,1997.73686899313,0.438894476690121,0.021944723834506,10.4601257857238,209.202515714477,11.2557800395423,0,2000,2006.8359375,-6.8359375,11.2557800395423,11.298187165464,1730.0546997243,0,11.2557800395423,0.937981669961862,11.2557800395423,0,77.256301086343,50363,137,2006.8359375,9.09906850686707,1997.73686899313,2006.8359375
0.487,1997.76244965991,0.412894019245043,0.0206447009622522,10.4602597257819,209.205194515638,11.3460726074937,0,2000,1992.1875,7.8125,11.3460726074937,11.2976073207261,-999.694000229749,0,11.3460726074937,0.945506050624477,11.3460726074937,0,77.4655060076355,50499,136,1992.1875,-5.57494965991259,1997.76244965991,1992.1875
0.488,1997.78881431324,0.431851975647654,0.0215925987823827,10.4603977707839,209.207955415678,11.2558628745049,0,2000,2006.8359375,-6.8359375,11.2558628745049,11.2982700004265,1608.32791647521,0,11.2558628745049,0.937988572875407,11.2558628745049,-1.77635683940025e-15,77.6747118056823,50636,137,2006.8359375,9.04712318676138,1997.78881431324,2006.8359375
0.489,1997.79297777377,0.410266844138011,0.0205133422069005,10.4604195706122,209.208391412245,11.3461554424563,0,2000,1992.1875,7.8125,11.3461554424563,11.2976901556887,-1101.13298627066,0,11.3461554424563,0.945512953538022,11.3461554424563,0,77.883920864039,50772,136,1992.1875,-5.60547777376564,1997.79297777377,1992.1875
0.49,1997.81133604746,0.430869895999675,0.0215434947999837,10.4605156943085,209.21031388617,11.3468181221566,0,2000,1992.1875,7.8125,11.3468181221566,11.2983528353891,-917.610821892216,0,11.3468181221566,0.945568176846386,11.3468181221566,-1.77635683940025e-15,78.0931293722433,50908,136,1992.1875,-5.6238360474556,1997.81133604746,1992.1875
0.491,1997.89219262244,0.438560101636893,0.0219280050818446,10.4609390583451,209.218781166902,11.2566083891678,0,2000,2006.8359375,-6.8359375,11.2566083891678,11.2990155150894,1676.73056508982,0,11.2566083891678,0.938050699097317,11.2566083891678,0,78.3023436053536,51045,137,2006.8359375,8.94374487756158,1997.89219262244,2006.8359375
0.492,1997.91662498102,0.412777017211221,0.0206388508605611,10.4610669858755,209.221339717509,11.3469009571192,0,2000,1992.1875,7.8125,11.3469009571192,11.2984356703516,-1044.13077909182,0,11.3469009571192,0.945575079759931,11.3469009571192,0,78.5115647230498,51181,136,1992.1875,-5.72912498101823,1997.91662498102,1992.1875
0.493,1997.94250208592,0.431816119091723,0.0215908059545862,10.4612024780799,209.224049561598,11.3475636368195,0,2000,1992.1875,7.8125,11.3475636368195,11.299098350052,-870.108982576514,0,11.3475636368195,0.945630303068295,11.3475636368195,0,78.7207866374387,51317,136,1992.1875,-5.75500208591961,1997.94250208592,1992.1875
0.494,1998.02612762764,0.438923727596955,0.0219461863798477,10.4616403403925,209.232806807849,11.2573539038307,0,2000,2006.8359375,-6.8359375,11.2573539038307,11.2997610297523,1716.31543118624,0,11.2573539038307,0.938112825319226,11.2573539038307,0,78.9300147751203,51454,137,2006.8359375,8.80980987235534,1998.02612762764,2006.8359375
0.495,1998.05155972866,0.412923668830138,0.0206461834415069,10.461773502562,209.235470051239,11.3476464717821,0,2000,1992.1875,7.8125,11.3476464717821,11.2991811850145,-1011.14339067813,0,11.3476464717821,0.945637205981841,11.3476464717821,0,79.1392499797093,51590,136,1992.1875,-5.86405972865555,1998.05155972866,1992.1875
0.496,1998.07777784684,0.431882015796772,0.0215941007898386,10.4619107803078,209.238215606155,11.2574367387933,0,2000,2006.8359375,-6.8359375,11.2574367387933,11.2998438647149,1598.78675776822,0,11.2574367387933,0.938119728232772,11.2574367387933,0,79.3484860456016,51727,137,2006.8359375,8.75815965315905,1998.07777784684,2006.8359375
0.497,1998.08179676708,0.410297268541223,0.0205148634270612,10.4619318233249,209.238636466498,11.3477293067446,0,2000,1992.1875,7.8125,11.3477293067446,11.2992640199771,-1109.08395185982,0,11.3477293067446,0.945644108895386,11.3477293067446,-1.77635683940025e-15,79.5577253565634,51863,136,1992.1875,-5.89429676707891,1998.08179676708,1992.1875
0.498,1998.10001246518,0.430900699063924,0.0215450349531962,10.4620272004972,209.240544009943,11.348391986445,0,2000,1992.1875,7.8125,11.348391986445,11.2999266996774,-924.236626549847,0,11.348391986445,0.94569933220375,11.348391986445,0,79.7669641023397,51999,136,1992.1875,-5.91251246518323,1998.10001246518,1992.1875
0.499,1998.18072840147,0.438591278080237,0.0219295639040119,10.4624498281512,209.248996563025,11.2581822534562,0,2000,2006.8359375,-6.8359375,11.2581822534562,11.3005893793778,1671.20906120846,0,11.2581822534562,0.938181854454681,11.2581822534562,0,79.9762085581932,52136,137,2006.8359375,8.65520909853353,1998.18072840147,2006.8359375
0.5,1998.20502203151,0.412808561911059,0.0206404280955529,10.4625770293007,209.251540586014,11.3484748214076,0,2000,1992.1875,7.8125,11.3484748214076,11.30000953464,-1048.73203232628,0,11.3484748214076,0.945706235117296,11.3484748214076,0,80.185459884005,52272,136,1992.1875,-6.01752203150545,1998.20502203151,1992.1875
0.501,1998.23076229192,0.431848027027662,0.0215924013513831,10.4627118049891,209.254236099781,11.2582650884187,0,2000,2006.8359375,-6.8359375,11.2582650884187,11.3006722143403,1567.4628897281,0,11.2582650884187,0.938188757368227,11.2582650884187,0,80.394711992081,52409,137,2006.8359375,8.60517520807525,1998.23076229192,2006.8359375
0.502,1998.23455020916,0.41029364266012,0.020514682133006,10.4627316384773,209.254632769546,11.3485576563701,0,2000,1992.1875,7.8125,11.3485576563701,11.3000923696025,-1135.18717522658,0,11.3485576563701,0.945713138030841,11.3485576563701,0,80.603967310194,52545,136,1992.1875,-6.04705020915594,1998.23455020916,1992.1875
0.503,1998.25262759457,0.430908524205096,0.0215454262102548,10.462826291446,209.25652582892,11.2583479233813,0,2000,2006.8359375,-6.8359375,11.2583479233813,11.3007550493029,1495.41693731118,0,11.2583479233813,0.938195660281772,11.2583479233813,0,80.8132220445604,52682,137,2006.8359375,8.58330990543254,1998.25262759457,2006.8359375
0.504,1998.25353782302,0.409941155172197,0.0204970577586099,10.462831057391,209.25662114782,11.3486404913326,0,2000,1992.1875,7.8125,11.3486404913326,11.3001752045651,-1195.22546890735,0,11.3486404913326,0.945720040944387,11.3486404913326,-1.77635683940025e-15,81.0224794776316,52818,136,1992.1875,-6.06603782302045,1998.25353782302,1992.1875
0.505,1998.27052065151,0.430774801302462,0.0215387400651231,10.462919979273,209.258399585461,11.349303171033,0,2000,1992.1875,7.8125,11.349303171033,11.3008378842654,-996.021224089459,0,11.349303171033,0.945775264252751,11.349303171033,0,81.2317361340856,52954,136,1992.1875,-6.08302065150792,1998.27052065151,1992.1875
0.506,1998.35070360967,0.438551347536777,0.0219275673768389,10.4633398162602,209.266796325205,11.2590934380442,0,2000,2006.8359375,-6.8359375,11.2590934380442,11.3015005639658,1611.38856325878,0,11.2590934380442,0.938257786503682,11.2590934380442,0,81.440998414078,53091,137,2006.8359375,8.48523389032607,1998.35070360967,2006.8359375
0.507,1998.37472602125,0.412800853113651,0.0206400426556826,10.4634655973131,209.269311946262,11.3493860059956,0,2000,1992.1875,7.8125,11.3493860059956,11.300920719228,-1098.58244728435,0,11.3493860059956,0.945782167166296,11.3493860059956,0,81.6502675241273,53227,136,1992.1875,-6.18722602124967,1998.37472602125,1992.1875
0.508,1998.4002935739,0.43185251333465,0.0215926256667325,10.4635994687058,209.271989374115,11.2591762730067,0,2000,2006.8359375,-6.8359375,11.2591762730067,11.3015833989284,1525.92087726304,0,11.2591762730067,0.938264689417227,11.2591762730067,0,81.8595373940188,53364,137,2006.8359375,8.43564392609574,1998.4002935739,2006.8359375
0.509,1998.40394645879,0.410302860135549,0.0205151430067774,10.4636185951663,209.272371903326,11.3494688409581,0,2000,1992.1875,7.8125,11.3494688409581,11.3010035541905,-1169.80551894746,0,11.3494688409581,0.945789070079842,11.3494688409581,0,82.0688104581404,53500,136,1992.1875,-6.21644645878678,1998.40394645879,1992.1875
0.51,1998.42190380857,0.430919689452317,0.0215459844726158,10.4637126196299,209.274252392598,11.3501315206585,0,2000,1992.1875,7.8125,11.3501315206585,11.3016662338909,-974.837932456219,0,11.3501315206585,0.945844293388206,11.3501315206585,0,82.2780829252745,53636,136,1992.1875,-6.23440380856846,1998.42190380857,1992.1875
0.511,1998.50240317407,0.438615579832837,0.0219307789916419,10.464134113322,209.28268226644,11.2599217876696,0,2000,2006.8359375,-6.8359375,11.2599217876696,11.3023289135913,1629.04130628648,0,11.2599217876696,0.938326815639136,11.2599217876696,-1.77635683940025e-15,82.487361077951,53773,137,2006.8359375,8.33353432593185,1998.50240317407,2006.8359375
0.512,1998.52649743238,0.412835157546254,0.0206417578773127,10.4642602705635,209.28520541127,11.350214355621,0,2000,1992.1875,7.8125,11.350214355621,11.3017490688534,-1083.8718280946,0,11.350214355621,0.945851196301751,11.350214355621,0,82.696646078931,53909,136,1992.1875,-6.33899743237748,1998.52649743238,1992.1875
0.513,1998.55204634069,0.431875788040204,0.0215937894020102,10.4643940443346,209.287880886692,11.2600046226322,0,2000,2006.8359375,-6.8359375,11.2600046226322,11.3024117485538,1538.17972658784,0,11.2600046226322,0.938333718552682,11.2600046226322,0,82.9059318417634,54046,137,2006.8359375,8.28389115930645,1998.55204634069,2006.8359375
0.514,1998.55564748357,0.41032214438133,0.0205161072190665,10.4644128998746,209.288257997492,11.3502971905836,0,2000,1992.1875,7.8125,11.3502971905836,11.301831903816,-1159.5898111768,0,11.3502971905836,0.945858099215297,11.3502971905836,0,83.1152207948514,54182,136,1992.1875,-6.36814748356778,1998.55564748357,1992.1875
0.515,1998.57354136843,0.430937604252945,0.0215468802126472,10.4645065920367,209.290131840734,11.2600874575947,0,2000,2006.8359375,-6.8359375,11.2600874575947,11.3024945835164,1475.08140735266,0,11.2600874575947,0.938340621466228,11.2600874575947,0,83.324509144812,54319,137,2006.8359375,8.26239613156622,1998.57354136843,2006.8359375
0.516,1998.57427086304,0.409970748941678,0.0204985374470839,10.4645104116615,209.29020823323,11.3503800255461,0,2000,1992.1875,7.8125,11.3503800255461,11.3019147387785,-1212.17174387278,0,11.3503800255461,0.945865002128842,11.3503800255461,0,83.5338001744089,54455,136,1992.1875,-6.38677086304324,1998.57427086304,1992.1875
0.517,1998.59107551445,0.430804880673244,0.0215402440336622,10.4645984006105,209.291968012211,11.2601702925573,0,2000,2006.8359375,-6.8359375,11.2601702925573,11.3025774184789,1431.26313010602,0,11.2601702925573,0.938347524379773,11.2601702925573,0,83.7430904085971,54592,137,2006.8359375,8.24486198555087,1998.59107551445,2006.8359375
0.518,1998.59138011493,0.409919546867859,0.0204959773433929,10.4645999954949,209.291999909898,11.3504628605087,0,2000,1992.1875,7.8125,11.3504628605087,11.3019975737411,-1248.68697491165,0,11.3504628605087,0.945871905042388,11.3504628605087,-1.77635683940025e-15,83.9523832487716,54728,136,1992.1875,-6.40388011492746,1998.59138011493,1992.1875
0.519,1998.60800764507,0.430784101125022,0.0215392050562511,10.4646870570391,209.293741140783,11.351125540209,0,2000,1992.1875,7.8125,11.351125540209,11.3026602534414,-1040.57247909304,0,11.351125540209,0.945927128350752,11.351125540209,0,84.1616752641133,54864,136,1992.1875,-6.42050764507007,1998.60800764507,1992.1875
0.52,1998.68793033134,0.438572502319656,0.0219286251159828,10.4651055312459,209.302110624917,11.2609158072202,0,2000,2006.8359375,-6.8359375,11.2609158072202,11.3033229331418,1574.26251742246,0,11.2609158072202,0.938409650601682,11.2609158072202,0,84.3709728715445,55001,137,2006.8359375,8.14800716866398,1998.68793033134,2006.8359375
0.521,1998.71172961202,0.412826759582659,0.020641337979133,10.4652301439881,209.304602879763,11.3512083751716,0,2000,1992.1875,7.8125,11.3512083751716,11.302743088404,-1129.52081881461,0,11.3512083751716,0.945934031264297,11.3512083751716,0,84.5802772840132,55137,136,1992.1875,-6.52422961202456,1998.71172961202,1992.1875
0.522,1998.73708958477,0.43188052046575,0.0215940260232875,10.4653629284949,209.307258569898,11.2609986421827,0,2000,2006.8359375,-6.8359375,11.2609986421827,11.3034057681044,1500.13890098782,0,11.2609986421827,0.938416553515228,11.2609986421827,0,84.7895824338811,55274,137,2006.8359375,8.09884791523405,1998.73708958477,2006.8359375
0.523,1998.74054237361,0.410331975747313,0.0205165987873657,10.465381007255,209.307620145101,11.3512912101341,0,2000,1992.1875,7.8125,11.3512912101341,11.3028259233665,-1191.29049917682,0,11.3512912101341,0.945940934177843,11.3512912101341,0,84.9988907566739,55410,136,1992.1875,-6.55304237361202,1998.74054237361,1992.1875
0.524,1998.75830408271,0.430949539461468,0.0215474769730734,10.4654740073464,209.309480146928,11.2610814771453,0,2000,2006.8359375,-6.8359375,11.2610814771453,11.3034886030669,1448.66416735265,0,11.2610814771453,0.938423456428773,11.2610814771453,0,85.2081984617738,55547,137,2006.8359375,8.07763341728651,1998.75830408271,2006.8359375
0.525,1998.75890847348,0.40998366933303,0.0204991834666515,10.4654771719291,209.309543438581,11.3513740450967,0,2000,1992.1875,7.8125,11.3513740450967,11.3029087583291,-1234.18611053945,0,11.3513740450967,0.945947837091388,11.3513740450967,-1.77635683940025e-15,85.4175088330848,55683,136,1992.1875,-6.57140847348114,1998.75890847348,1992.1875
0.526,1998.77559168602,0.430818366732467,0.0215409183366234,10.4655645250257,209.311290500513,11.2611643121078,0,2000,2006.8359375,-6.8359375,11.2611643121078,11.3035714380295,1412.91782455045,0,11.2611643121078,0.938430359342319,11.2611643121078,0,85.6268183960953,55820,137,2006.8359375,8.06034581397739,1998.77559168602,2006.8359375
0.527,1998.77577722929,0.409933439598437,0.0204966719799218,10.465565496528,209.311309930559,11.3514568800592,0,2000,1992.1875,7.8125,11.3514568800592,11.3029915932916,-1263.97472954129,0,11.3514568800592,0.945954740004934,11.3514568800592,0,85.8361305525063,55956,136,1992.1875,-6.58827722929254,1998.77577722929,1992.1875
0.528,1998.79228759196,0.430798338628773,0.0215399169314386,10.4656519445847,209.313038891694,11.3521195597596,0,2000,1992.1875,7.8125,11.3521195597596,11.303654272992,-1053.31227461774,0,11.3521195597596,0.946009963313298,11.3521195597596,0,86.0454418717186,56092,136,1992.1875,-6.60478759195712,1998.79228759196,1992.1875
0.529,1998.87209480358,0.438587058910586,0.0219293529455293,10.4660698141676,209.321396283352,11.2619098267707,0,2000,2006.8359375,-6.8359375,11.2619098267707,11.3043169526924,1563.64602115188,0,11.2619098267707,0.938492485564228,11.2619098267707,0,86.2547587708401,56229,137,2006.8359375,7.96384269641771,1998.87209480358,2006.8359375
0.53,1998.89578021568,0.412841623102041,0.0206420811551021,10.4661938306954,209.323876613908,11.3522023947221,0,2000,1992.1875,7.8125,11.3522023947221,11.3037371079545,-1138.3678990401,0,11.3522023947221,0.946016866226843,11.3522023947221,0,86.4640824629914,56365,136,1992.1875,-6.70828021568491,1998.89578021568,1992.1875
0.531,1998.92102788032,0.431895683829887,0.0215947841914944,10.4663260271583,209.326520543165,11.2619926617333,0,2000,2006.8359375,-6.8359375,11.2619926617333,11.3043997876549,1492.76633413325,0,11.2619926617333,0.938499388477774,11.2619926617333,0,86.6734068806995,56502,137,2006.8359375,7.91490961968475,1998.92102788032,2006.8359375
0.532,1998.92436989148,0.410347433797999,0.0205173716899,10.4663435258878,209.326870517756,11.3522852296847,0,2000,1992.1875,7.8125,11.3522852296847,11.3038199429171,-1197.43430488896,0,11.3522852296847,0.946023769140389,11.3522852296847,-1.77635683940025e-15,86.8827344596521,56638,136,1992.1875,-6.73686989147814,1998.92436989148,1992.1875
0.533,1998.94202232924,0.430965287792087,0.0215482643896044,10.4664359538358,209.328719076716,11.2620754966958,0,2000,2006.8359375,-6.8359375,11.2620754966958,11.3044826226175,1443.5443292592,0,11.2620754966958,0.938506291391319,11.2620754966958,0,87.0920614093902,56775,137,2006.8359375,7.89391517075751,1998.94202232924,2006.8359375
0.534,1998.94251893333,0.409999703850732,0.0204999851925366,10.4664385540487,209.328771080975,11.3523680646472,0,2000,1992.1875,7.8125,11.3523680646472,11.3039027778796,-1238.452642284,0,11.3523680646472,0.946030672053934,11.3523680646472,0,87.3013910139743,56911,136,1992.1875,-6.75501893333353,1998.94251893333,1992.1875
0.535,1998.95909582324,0.43083468349459,0.0215417341747295,10.4665253504413,209.330507008826,11.2621583316584,0,2000,2006.8359375,-6.8359375,11.2621583316584,11.30456545758,1409.36238143,0,11.2621583316584,0.938513194304865,11.2621583316584,0,87.5107197990476,57048,137,2006.8359375,7.87684167676207,1998.95909582324,2006.8359375
0.536,1998.95917648786,0.409950034751104,0.0204975017375552,10.4665257728003,209.330515456005,11.3524508996098,0,2000,1992.1875,7.8125,11.3524508996098,11.3039856128422,-1266.93759880833,0,11.3524508996098,0.94603757496748,11.3524508996098,0,87.7200511664629,57184,136,1992.1875,-6.77167648785803,1998.95917648786,1992.1875
0.537,1998.97558339619,0.430815208383578,0.0215407604191789,10.4666116791714,209.332233583428,11.2622411666209,0,2000,2006.8359375,-6.8359375,11.2622411666209,11.3046482925426,1385.62491765972,0,11.2622411666209,0.93852009721841,11.2622411666209,-1.77635683940025e-15,87.9293816857713,57321,137,2006.8359375,7.86035410381305,1998.97558339619,2006.8359375
0.538,1998.97558592,0.409941848366643,0.0204970924183321,10.466611692386,209.33223384772,11.3525337345723,0,2000,1992.1875,7.8125,11.3525337345723,11.3040684478047,-1286.7188186169,0,11.3525337345723,0.946044477881025,11.3525337345723,0,88.1387147752063,57457,136,1992.1875,-6.78808591999655,1998.97558592,1992.1875
0.539,1998.99194910588,0.43081126663279,0.0215405633316395,10.466697369827,209.333947396539,11.3531964142727,0,2000,1992.1875,7.8125,11.3531964142727,11.3047311275051,-1072.26568218075,0,11.3531964142727,0.946099701189389,11.3531964142727,-1.77635683940025e-15,88.3480470104427,57593,136,1992.1875,-6.80444910588335,1998.99194910588,1992.1875
0.54,1999.07162356738,0.438601877464544,0.0219300938732272,10.4671145443318,209.342290886636,11.2629866812838,0,2000,2006.8359375,-6.8359375,11.2629866812838,11.3053938072055,1547.85151484938,0,11.2629866812838,0.93858222344032,11.2629866812838,0,88.5573848110394,57730,137,2006.8359375,7.76431393262487,1999.07162356738,2006.8359375
0.541,1999.09518266242,0.412857350024339,0.0206428675012169,10.467237899465,209.3447579893,11.3532792492352,0,2000,1992.1875,7.8125,11.3532792492352,11.3048139624676,-1151.52998762552,0,11.3532792492352,0.946106604102935,11.3532792492352,0,88.7667293911414,57866,136,1992.1875,-6.90768266242048,1999.09518266242,1992.1875
0.542,1999.12030745052,0.431911950417382,0.0215955975208691,10.4673694525479,209.347389050958,11.2630695162464,0,2000,2006.8359375,-6.8359375,11.2630695162464,11.305476642168,1481.79792697873,0,11.2630695162464,0.938589126353865,11.2630695162464,0,88.9760746837677,58003,137,2006.8359375,7.71563004947552,1999.12030745052,2006.8359375
0.543,1999.12352889658,0.410364099949671,0.0205182049974836,10.46738632,209.3477264,11.3533620841978,0,2000,1992.1875,7.8125,11.3533620841978,11.3048967974302,-1206.57464418439,0,11.3533620841978,0.94611350701648,11.3533620841978,0,89.1854231248976,58139,136,1992.1875,-6.936028896582,1999.12352889658,1992.1875
0.544,1999.141062646,0.43098229861463,0.0215491149307315,10.4674781264973,209.349562529946,11.2631523512089,0,2000,2006.8359375,-6.8359375,11.2631523512089,11.3055594771306,1435.92737984634,0,11.2631523512089,0.938596029267411,11.2631523512089,-1.77635683940025e-15,89.3947709242881,58276,137,2006.8359375,7.69487485399532,1999.141062646,2006.8359375
0.545,1999.14144226279,0.410017036233397,0.0205008518116699,10.4674801141661,209.349602283322,11.3534449191603,0,2000,1992.1875,7.8125,11.3534449191603,11.3049796323927,-1244.80010012805,0,11.3534449191603,0.946120409930026,11.3534449191603,0,89.6041213661856,58412,136,1992.1875,-6.95394226278586,1999.14144226279,1992.1875
0.546,1999.15790378733,0.430852326204014,0.0215426163102007,10.4675663065071,209.351326130142,11.2632351861715,0,2000,2006.8359375,-6.8359375,11.2632351861715,11.3056423120931,1404.07283322663,0,11.2632351861715,0.938602932180956,11.2632351861715,0,89.8134709764067,58549,137,2006.8359375,7.67803371266518,1999.15790378733,2006.8359375
0.547,1999.15787066567,0.409967981014716,0.0204983990507358,10.4675661330825,209.35132266165,11.3535277541229,0,2000,1992.1875,7.8125,11.3535277541229,11.3050624673553,-1271.34555564448,0,11.3535277541229,0.946127312843571,11.3535277541229,0,90.0228231569719,58685,136,1992.1875,-6.97037066567191,1999.15787066567,1992.1875
0.548,1999.17416533758,0.430833453125907,0.0215416726562954,10.4676514517851,209.353029035701,11.263318021134,0,2000,2006.8359375,-6.8359375,11.263318021134,11.3057251470557,1381.95162029627,0,11.263318021134,0.938609835094502,11.263318021134,0,90.2321744775959,58822,137,2006.8359375,7.66177216242409,1999.17416533758,2006.8359375
0.549,1999.17405715088,0.409960387179168,0.0204980193589584,10.4676508853208,209.353017706416,11.3536105890854,0,2000,1992.1875,7.8125,11.3536105890854,11.3051453023178,-1289.77989975311,0,11.3536105890854,0.946134215757117,11.3536105890854,0,90.4415283566731,58958,136,1992.1875,-6.9865571508758,1999.17405715088,1992.1875
0.55,1999.19031113037,0.430830095389665,0.0215415047694832,10.4677359909584,209.354719819169,11.2634008560966,0,2000,2006.8359375,-6.8359375,11.2634008560966,11.3058079820182,1366.58966687241,0,11.2634008560966,0.938616738008047,11.2634008560966,0,90.6508813700371,59095,137,2006.8359375,7.64562636963183,1999.19031113037,2006.8359375
0.551,1999.19017523032,0.409958641010142,0.0204979320505071,10.4677352793875,209.354705587749,11.3536934240479,0,2000,1992.1875,7.8125,11.3536934240479,11.3052281372804,-1302.58152760633,0,11.3536934240479,0.946141118670662,11.3536934240479,-1.77635683940025e-15,90.8602369383803,59231,136,1992.1875,-7.00267523032494,1999.19017523032,1992.1875
0.552,1999.20640650257,0.430828982509925,0.0215414491254963,10.4678202661302,209.356405322604,11.2634836910591,0,2000,2006.8359375,-6.8359375,11.2634836910591,11.3058908169807,1355.9216436614,0,11.2634836910591,0.938623640921593,11.2634836910591,0,91.0695916384105,59368,137,2006.8359375,7.62953099743072,1999.20640650257,2006.8359375
0.553,1999.20624992856,0.409957796495038,0.0204978898247519,10.4678194463106,209.356388926212,11.3537762590105,0,2000,1992.1875,7.8125,11.3537762590105,11.3053109722429,-1311.47154694884,0,11.3537762590105,0.946148021584208,11.3537762590105,0,91.2789488911635,59504,136,1992.1875,-7.01874992855642,1999.20624992856,1992.1875
0.554,1999.22246145024,0.430828269958727,0.0215414134979364,10.4679043296396,209.358086592793,11.2635665260217,0,2000,2006.8359375,-6.8359375,11.2635665260217,11.3059736519433,1348.5132942093,0,11.2635665260217,0.938630543835139,11.2635665260217,0,91.4883052734923,59641,137,2006.8359375,7.61347604976027,1999.22246145024,2006.8359375
0.555,1999.22228563332,0.40995716465446,0.020497858232723,10.4679034090644,209.358068181287,11.353859093973,0,2000,1992.1875,7.8125,11.353859093973,11.3053938072055,-1317.64517149225,0,11.353859093973,0.946154924497753,11.353859093973,0,91.6976642065044,59777,136,1992.1875,-7.03478563331669,1999.22228563332,1992.1875
0.556,1999.23847826262,0.43082769930488,0.021541384965244,10.4679881934731,209.359763869463,11.2636493609842,0,2000,2006.8359375,-6.8359375,11.2636493609842,11.3060564869058,1343.36860708979,0,11.2636493609842,0.938637446748684,11.2636493609842,-1.77635683940025e-15,91.9070222670965,59914,137,2006.8359375,7.59745923738001,1999.23847826262,2006.8359375
0.557,1999.23828384312,0.409956647490734,0.0204978323745367,10.467987175495,209.3597435099,11.3539419289356,0,2000,1992.1875,7.8125,11.3539419289356,11.305476642168,-1321.93241075851,0,11.3539419289356,0.946161827411299,11.3539419289356,0,92.1163828764088,60050,136,1992.1875,-7.0507838431156,1999.23828384312,1992.1875
0.558,1999.25445813485,0.430827232346912,0.0215413616173456,10.4680718638885,209.361437277769,11.2637321959468,0,2000,2006.8359375,-6.8359375,11.2637321959468,11.3061393218684,1339.79590770125,0,11.2637321959468,0.93864434966223,11.2637321959468,0,92.3257426113671,60187,137,2006.8359375,7.58147936515297,1999.25445813485,2006.8359375
0.559,1999.25424563141,0.409956229103699,0.020497811455185,10.4680707512231,209.361415024462,11.3540247638981,0,2000,1992.1875,7.8125,11.3540247638981,11.3055594771306,-1324.90966024896,0,11.3540247638981,0.946168730324844,11.3540247638981,0,92.5351048931387,60323,136,1992.1875,-7.06674563141223,1999.25424563141,1992.1875
0.56,1999.27040208652,0.430826861516138,0.0215413430758069,10.4681553462242,209.363106924484,11.3546874435985,0,2000,1992.1875,7.8125,11.3546874435985,11.3062221568309,-1104.0913835408,0,11.3546874435985,0.946223953633208,11.3546874435985,0,92.7444662986755,60459,136,1992.1875,-7.08290208651579,1999.27040208652,1992.1875
0.561,1999.34987462775,0.438618256219895,0.0219309128109947,10.468571463477,209.37142926954,11.2644777106097,0,2000,2006.8359375,-6.8359375,11.2644777106097,11.3068848365313,1521.33009704933,0,11.2644777106097,0.938706475884139,11.2644777106097,0,92.9538332481934,60596,137,2006.8359375,7.48606287225334,1999.34987462775,2006.8359375
0.562,1999.37323529094,0.412874347841759,0.020643717392088,10.4686937796235,209.373875592469,11.354770278561,0,2000,1992.1875,7.8125,11.354770278561,11.3063049917935,-1173.63116912556,0,11.354770278561,0.946230856546754,11.354770278561,0,93.163206956261,60732,136,1992.1875,-7.18573529094056,1999.37323529094,1992.1875
0.563,1999.39816461999,0.431929501452489,0.0215964750726244,10.4688243092851,209.376486185702,11.2645605455722,0,2000,2006.8359375,-6.8359375,11.2645605455722,11.3069676714938,1463.3802757287,0,11.2645605455722,0.938713378797684,11.2645605455722,-1.77635683940025e-15,93.3725813562316,60869,137,2006.8359375,7.43777288001093,1999.39816461999,2006.8359375
0.564,1999.40119336496,0.410382175290119,0.0205191087645059,10.4688401677567,209.376803355134,11.3548531135236,0,2000,1992.1875,7.8125,11.3548531135236,11.306387826756,-1221.92268689275,0,11.3548531135236,0.946237759460299,11.3548531135236,0,93.5819588843829,61005,136,1992.1875,-7.21369336496241,1999.40119336496,1992.1875
0.565,1999.41853706882,0.43100088316738,0.021550044158369,10.4689309791778,209.378619583555,11.2646433805348,0,2000,2006.8359375,-6.8359375,11.2646433805348,11.3070505064564,1423.13734425604,0,11.2646433805348,0.93872028171123,11.2646433805348,0,93.7913357507548,61142,137,2006.8359375,7.41740043117784,1999.41853706882,2006.8359375
0.566,1999.41872923528,0.410036120112776,0.0205018060056388,10.468931985359,209.37863970718,11.3549359484861,0,2000,1992.1875,7.8125,11.3549359484861,11.3064706617186,-1255.45846311996,0,11.3549359484861,0.946244662373845,11.3549359484861,0,94.0007152398687,61278,136,1992.1875,-7.23122923528217,1999.41872923528,1992.1875
0.567,1999.43500586048,0.430871901522344,0.0215435950761172,10.4690172095693,209.380344191385,11.2647262154973,0,2000,2006.8359375,-6.8359375,11.2647262154973,11.3071333414189,1395.1908640667,0,11.2647262154973,0.938727184624776,11.2647262154973,0,94.2100938778103,61415,137,2006.8359375,7.40093163951519,1999.43500586048,2006.8359375
0.568,1999.43479035245,0.409988040685816,0.0204994020342908,10.4690160811718,209.380321623437,11.3550187834487,0,2000,1992.1875,7.8125,11.3550187834487,11.3065534966811,-1278.74719661109,0,11.3550187834487,0.94625156528739,11.3550187834487,0,94.4194750668652,61551,136,1992.1875,-7.24729035244786,1999.43479035245,1992.1875
0.569,1999.45090511557,0.430853990418534,0.0215426995209267,10.4691004578742,209.382009157485,11.2648090504599,0,2000,2006.8359375,-6.8359375,11.2648090504599,11.3072161763815,1375.78358615743,0,11.2648090504599,0.938734087538321,11.2648090504599,0,94.6288553770095,61688,137,2006.8359375,7.38503238442922,1999.45090511557,2006.8359375
0.57,1999.45061946357,0.409981395549875,0.0204990697774938,10.4690989622039,209.381979244077,11.3551016184112,0,2000,1992.1875,7.8125,11.3551016184112,11.3066363316437,-1294.91992820214,0,11.3551016184112,0.946258468200936,11.3551016184112,-1.77635683940025e-15,94.8382382268952,61824,136,1992.1875,-7.26311946356941,1999.45061946357,1992.1875
0.571,1999.46669838788,0.43085156841978,0.021542578420989,10.4691831512547,209.383663025094,11.2648918854224,0,2000,2006.8359375,-6.8359375,11.2648918854224,11.307299011344,1362.30630983155,0,11.2648918854224,0.938740990451867,11.2648918854224,0,95.0476201926102,61961,137,2006.8359375,7.36923911211738,1999.46669838788,2006.8359375
0.572,1999.46638980999,0.409980572381539,0.020499028619077,10.4691815355446,209.383630710892,11.3551844533738,0,2000,1992.1875,7.8125,11.3551844533738,11.3067191666062,-1306.15099180704,0,11.3551844533738,0.946265371114481,11.3551844533738,0,95.2570046950974,62097,136,1992.1875,-7.27888980998887,1999.46638980999,1992.1875
0.573,1999.4824507494,0.430851365995264,0.0215425682997632,10.4692656304267,209.385312608535,11.2649747203849,0,2000,2006.8359375,-6.8359375,11.2649747203849,11.3073818463066,1352.9470901608,0,11.2649747203849,0.938747893365412,11.2649747203849,0,95.4663883113118,62234,137,2006.8359375,7.35348675059822,1999.4824507494,2006.8359375
0.574,1999.48212615572,0.409980625953404,0.0204990312976702,10.4692639308582,209.385278617164,11.3552672883363,0,2000,1992.1875,7.8125,11.3552672883363,11.3068020015687,-1313.95034153267,0,11.3552672883363,0.946272274028027,11.3552672883363,0,95.6757744625332,62370,136,1992.1875,-7.2946261557222,1999.48212615572,1992.1875
0.575,1999.49817193949,0.430851539333293,0.0215425769666647,10.4693479463855,209.38695892771,11.2650575553475,0,2000,2006.8359375,-6.8359375,11.2650575553475,11.3074646812691,1346.44763205611,0,11.2650575553475,0.938754796278958,11.2650575553475,-1.77635683940025e-15,95.8851597258552,62507,137,2006.8359375,7.33776556051407,1999.49817193949,2006.8359375
0.576,1999.4978326354,0.40998086797091,0.0204990433985455,10.4693461697935,209.38692339587,11.3553501232989,0,2000,1992.1875,7.8125,11.3553501232989,11.3068848365313,-1319.36655661991,0,11.3553501232989,0.946279176941572,11.3553501232989,0,96.0945475226225,62643,136,1992.1875,-7.31033263540439,1999.4978326354,1992.1875
0.577,1999.51386399774,0.430851830670124,0.0215425915335062,10.4694301098104,209.388602196208,11.26514039031,0,2000,2006.8359375,-6.8359375,11.26514039031,11.3075475162317,1341.93411948341,0,11.26514039031,0.938761699192503,11.26514039031,0,96.303934429966,62780,137,2006.8359375,7.32207350225895,1999.51386399774,2006.8359375
0.578,1999.51351050131,0.409981201091753,0.0204990600545877,10.4694282589074,209.388565178149,11.3554329582614,0,2000,1992.1875,7.8125,11.3554329582614,11.3069676714938,-1323.12781709716,0,11.3554329582614,0.946286079855118,11.3554329582614,0,96.5133238692568,62916,136,1992.1875,-7.32601050131416,1999.51351050131,1992.1875
0.579,1999.52952787642,0.430852202449638,0.0215426101224819,10.4695121256874,209.390242513748,11.2652232252726,0,2000,2006.8359375,-6.8359375,11.2652232252726,11.3076303511942,1338.79973575237,0,11.2652232252726,0.938768602106049,11.2652232252726,0,96.7227124176485,63053,137,2006.8359375,7.30640962357643,1999.52952787642,2006.8359375
0.58,1999.52916058733,0.409981610051939,0.020499080502597,10.4695102025662,209.390204051324,11.355515793224,0,2000,1992.1875,7.8125,11.355515793224,11.3070505064564,-1325.73980353969,0,11.355515793224,0.946292982768663,11.355515793224,0,96.932103496533,63189,136,1992.1875,-7.34166058733149,1999.52916058733,1992.1875
0.581,1999.5451643588,0.430852647730513,0.0215426323865257,10.4695939981177,209.391879962354,11.2653060602351,0,2000,2006.8359375,-6.8359375,11.2653060602351,11.3077131861568,1336.62308038359,0,11.2653060602351,0.938775505019594,11.2653060602351,0,97.141493683084,63326,137,2006.8359375,7.29077314119763,1999.5451643588,2006.8359375
0.582,1999.54478365145,0.409982091027975,0.0204991045513988,10.4695920047387,209.391840094773,11.3555986281865,0,2000,1992.1875,7.8125,11.3555986281865,11.3071333414189,-1327.55368301368,0,11.3555986281865,0.946299885682209,11.3555986281865,-1.77635683940025e-15,97.3508863987129,63462,136,1992.1875,-7.35728365145246,1999.54478365145,1992.1875
0.583,1999.56077418713,0.430853163867676,0.0215426581933838,10.4696757309877,209.393514619753,11.2653888951977,0,2000,2006.8359375,-6.8359375,11.2653888951977,11.3077960211193,1335.11151415527,0,11.2653888951977,0.93878240793314,11.2653888951977,0,97.5602782206127,63599,137,2006.8359375,7.27516331287279,1999.56077418713,2006.8359375
0.584,1999.56038042382,0.409982641830406,0.0204991320915203,10.4696736692478,209.393473384956,11.3556814631491,0,2000,1992.1875,7.8125,11.3556814631491,11.3072161763815,-1328.81332153728,0,11.3556814631491,0.946306788595754,11.3556814631491,0,97.7696725702139,63735,136,1992.1875,-7.37288042381556,1999.56038042382,1992.1875
0.585,1999.57635808086,0.430853748857772,0.0215426874428886,10.4697573280645,209.395146561289,11.2654717301602,0,2000,2006.8359375,-6.8359375,11.2654717301602,11.3078788560818,1334.0618153856,0,11.2654717301602,0.938789310846685,11.2654717301602,0,97.979066024728,63872,137,2006.8359375,7.25957941913543,1999.57635808086,2006.8359375
0.586,1999.57595161383,0.409983260541341,0.020499163027067,10.4697551998081,209.395103996161,11.3557642981116,0,2000,1992.1875,7.8125,11.3557642981116,11.307299011344,-1329.688070512,0,11.3557642981116,0.9463136915093,11.3557642981116,0,98.1884620056041,64008,136,1992.1875,-7.38845161383392,1999.57595161383,1992.1875
0.587,1999.59191673969,0.430854400830658,0.0215427200415329,10.4698387930116,209.396775860231,11.2655545651228,0,2000,2006.8359375,-6.8359375,11.2655545651228,11.3079616910444,1333.33285790667,0,11.2655545651228,0.938796213760231,11.2655545651228,-1.77635683940025e-15,98.3978570900717,64145,137,2006.8359375,7.2440207603122,1999.59191673969,2006.8359375
0.588,1999.59149791164,0.409983945324121,0.0204991972662061,10.469836600033,209.396732000661,11.3558471330741,0,2000,1992.1875,7.8125,11.3558471330741,11.3073818463066,-1330.29553507778,0,11.3558471330741,0.946320594422845,11.3558471330741,0,98.607254699598,64281,136,1992.1875,-7.40399791164077,1999.59149791164,1992.1875
0.589,1999.60745084434,0.430855117977635,0.0215427558988818,10.4699201293933,209.398402587867,11.2656374000853,0,2000,2006.8359375,-6.8359375,11.2656374000853,11.3080445260069,1332.82663743519,0,11.2656374000853,0.938803116673776,11.2656374000853,0,98.8166514114303,64418,137,2006.8359375,7.22848665565584,1999.60745084434,2006.8359375
0.59,1999.60701998873,0.409984694395733,0.0204992347197867,10.4699178734386,209.398357468773,11.3559299680367,0,2000,1992.1875,7.8125,11.3559299680367,11.3074646812691,-1330.71738547068,0,11.3559299680367,0.946327497336391,11.3559299680367,0,99.026050647053,64554,136,1992.1875,-7.41951998873219,1999.60701998873,1992.1875
0.591,1999.62296105721,0.430855898540319,0.021542794927016,10.470001340678,209.40002681356,11.2657202350479,0,2000,2006.8359375,-6.8359375,11.2657202350479,11.3081273609695,1332.4750954411,0,11.2657202350479,0.938810019587322,11.2657202350479,0,99.2354489837308,64691,137,2006.8359375,7.21297644279139,1999.62296105721,2006.8359375
0.592,1999.62251849849,0.409985506021825,0.0204992753010913,10.469999023446,209.399980468919,11.3560128029992,0,2000,1992.1875,7.8125,11.3560128029992,11.3075475162317,-1331.01033713241,0,11.3560128029992,0.946334400249937,11.3560128029992,0,99.444849842965,64827,136,1992.1875,-7.43501849848849,1999.62251849849,1992.1875
0.593,1999.63844802279,0.430856740807969,0.0215428370403985,10.4700824302401,209.401648604803,11.2658030700104,0,2000,2006.8359375,-6.8359375,11.2658030700104,11.308210195932,1332.23096905632,0,11.2658030700104,0.938816922500867,11.2658030700104,0,99.6542498020371,64964,137,2006.8359375,7.19748947721291,1999.63844802279,2006.8359375
0.594,1999.63799407666,0.409986378514913,0.0204993189257457,10.4700800533838,209.401601067676,11.3560956379618,0,2000,1992.1875,7.8125,11.3560956379618,11.3076303511942,-1331.2137757864,0,11.3560956379618,0.946341303163482,11.3560956379618,-1.77635683940025e-15,99.863652282465,65100,136,1992.1875,-7.45049407666238,1999.63799407666,1992.1875
0.595,1999.6539123682,0.430857643116025,0.0215428821558012,10.4701634013634,209.403268027268,11.265885904973,0,2000,2006.8359375,-6.8359375,11.265885904973,11.3082930308946,1332.06143684467,0,11.265885904973,0.938823825414413,11.265885904973,0,100.073053861546,65237,137,2006.8359375,7.18202513179972,1999.6539123682,2006.8359375
0.596,1999.65344734186,0.409987310233042,0.0204993655116521,10.4701609664911,209.403219329823,11.3561784729243,0,2000,1992.1875,7.8125,11.3561784729243,11.3077131861568,-1331.35505262944,0,11.3561784729243,0.946348206077028,11.3561784729243,0,100.282457960815,65373,136,1992.1875,-7.46594734185828,1999.65344734186,1992.1875
0.597,1999.66935470365,0.430858603844833,0.0215429301922417,10.4702442572427,209.404885144854,11.2659687399355,0,2000,2006.8359375,-6.8359375,11.2659687399355,11.3083758658571,1331.94370614213,0,11.2659687399355,0.938830728327958,11.2659687399355,0,100.491861157585,65510,137,2006.8359375,7.16658279634953,1999.66935470365,2006.8359375
0.598,1999.66887889599,0.409988299578557,0.0204994149789279,10.4702417659196,209.404835318393,11.2653888951977,0,2000,2006.8359375,-6.8359375,11.2653888951977,11.3077960211193,1109.95308845178,0,11.2653888951977,0.93878240793314,11.2653888951977,0,100.701266873406,65647,137,2006.8359375,7.16705860400884,1999.66887889599,2006.8359375
0.599,1999.60507298445,0.402197270249611,0.0201098635124805,10.4699076789481,209.398153578961,11.3556814631491,0,2000,1992.1875,7.8125,11.3556814631491,11.3072161763815,-1516.44534295685,0,11.3556814631491,0.946306788595755,11.3556814631491,-1.77635683940025e-15,100.910668686583,65783,136,1992.1875,-7.41757298445214,1999.60507298445,1992.1875
0.6,1999.59736512363,0.427941580712253,0.0213970790356126,10.4698673206832,209.397346413663,11.2654717301602,0,2000,2006.8359375,-6.8359375,11.2654717301602,11.3078788560818,1177.70179753595,0,11.2654717301602,0.938789310846685,11.2654717301602,0,101.120065381091,65920,137,2006.8359375,7.2385723763739,1999.59736512363,2006.8359375
0.601,1999.58807495742,0.408886865392215,0.0204443432696108,10.4698186774867,209.396373549733,11.3557642981116,0,2000,1992.1875,7.8125,11.3557642981116,11.307299011344,-1459.9880853867,0,11.3557642981116,0.9463136915093,11.3557642981116,0,101.329463022138,66056,136,1992.1875,-7.40057495742485,1999.58807495742,1992.1875
0.602,1999.60067192101,0.430434665557917,0.0215217332778959,10.4698846350338,209.397692700676,11.2655545651228,0,2000,2006.8359375,-6.8359375,11.2655545651228,11.3079616910444,1224.74951217775,0,11.2655545651228,0.938796213760231,11.2655545651228,0,101.538859172027,66193,137,2006.8359375,7.23526557898504,1999.60067192101,2006.8359375
0.603,1999.59894065415,0.409816466910949,0.0204908233455475,10.4698755701417,209.397511402834,11.3558471330741,0,2000,1992.1875,7.8125,11.3558471330741,11.3073818463066,-1420.78165651854,0,11.3558471330741,0.946320594422846,11.3558471330741,0,101.748257619319,66329,136,1992.1875,-7.41144065415051,1999.59894065415,1992.1875
0.604,1999.61434783335,0.430781773944161,0.021539088697208,10.4699562419433,209.399124838867,11.2656374000853,0,2000,2006.8359375,-6.8359375,11.2656374000853,11.3080445260069,1257.42153623455,0,11.2656374000853,0.938803116673776,11.2656374000853,-1.77635683940025e-15,101.957655078113,66466,137,2006.8359375,7.22158966665029,1999.61434783335,2006.8359375
0.605,1999.61365764025,0.409946570789529,0.0204973285394765,10.4699526281007,209.399052562014,11.3559299680367,0,2000,1992.1875,7.8125,11.3559299680367,11.3074646812691,-1393.55496980454,0,11.3559299680367,0.946327497336391,11.3559299680367,0,102.167055020961,66602,136,1992.1875,-7.42615764025186,1999.61365764025,1992.1875
0.606,1999.62944684221,0.430831043691806,0.0215415521845903,10.4700353001689,209.400706003377,11.2657202350479,0,2000,2006.8359375,-6.8359375,11.2657202350479,11.3081273609695,1280.11044182955,0,11.2657202350479,0.938810019587322,11.2657202350479,0,102.376454044235,66739,137,2006.8359375,7.20649065778821,1999.62944684221,2006.8359375
0.607,1999.62889320782,0.409965739376477,0.0204982869688238,10.4700324013459,209.400648026919,11.3560128029992,0,2000,1992.1875,7.8125,11.3560128029992,11.3075475162317,-1374.64754847538,0,11.3560128029992,0.946334400249937,11.3560128029992,0,102.585855576633,66875,136,1992.1875,-7.44139320781619,1999.62889320782,1992.1875
0.608,1999.64472759399,0.430839012561236,0.0215419506280618,10.4701153099981,209.402306199961,11.2658030700104,0,2000,2006.8359375,-6.8359375,11.2658030700104,11.308210195932,1295.86662627052,0,11.2658030700104,0.938816922500867,11.2658030700104,0,102.795256198198,67012,137,2006.8359375,7.19120990601323,1999.64472759399,2006.8359375
0.609,1999.64418517761,0.409969550459369,0.0204984775229685,10.4701124699125,209.402249398251,11.3560956379618,0,2000,1992.1875,7.8125,11.3560956379618,11.3076303511942,-1361.51739477457,0,11.3560956379618,0.946341303163482,11.3560956379618,0,103.00465933155,67148,136,1992.1875,-7.45668517760669,1999.64418517761,1992.1875
0.61,1999.66001820323,0.43084128927688,0.021542064463844,10.4701953714408,209.403907428817,11.265885904973,0,2000,2006.8359375,-6.8359375,11.265885904973,11.3082930308946,1306.80842102119,0,11.265885904973,0.938823825414413,11.265885904973,0,103.214061554477,67285,137,2006.8359375,7.17591929676746,1999.66001820323,2006.8359375
0.611,1999.65946981513,0.409971270018937,0.0204985635009469,10.4701925000875,209.403850001749,11.3561784729243,0,2000,1992.1875,7.8125,11.3561784729243,11.3077131861568,-1352.39923248234,0,11.3561784729243,0.946348206077028,11.3561784729243,-1.77635683940025e-15,103.423466288769,67421,136,1992.1875,-7.47196981513071,1999.65946981513,1992.1875
0.612,1999.67529522526,0.430842815564275,0.0215421407782137,10.4702753617411,209.405507234822,11.2659687399355,0,2000,2006.8359375,-6.8359375,11.2659687399355,11.3083758658571,1314.40688959805,0,11.2659687399355,0.938830728327958,11.2659687399355,0,103.632870111909,67558,137,2006.8359375,7.1606422747443,1999.67529522526,2006.8359375
0.613,1999.67473868243,0.409972738412569,0.0204986369206284,10.4702724476897,209.405448953794,11.3562613078869,0,2000,1992.1875,7.8125,11.3562613078869,11.3077960211193,-1346.06717533496,0,11.3562613078869,0.946355108990573,11.3562613078869,0,103.842276445582,67694,136,1992.1875,-7.48723868243428,1999.67473868243,1992.1875
0.614,1999.69055580915,0.430844276310589,0.0215422138155295,10.4703552659715,209.407105319431,11.266051574898,0,2000,2006.8359375,-6.8359375,11.266051574898,11.3084587008197,1319.68360388754,0,11.266051574898,0.938837631241504,11.266051574898,0,104.05168186724,67831,137,2006.8359375,7.14538169084585,1999.69055580915,2006.8359375
0.615,1999.68999100621,0.409974210042883,0.0204987105021441,10.4703523086703,209.407046173405,11.3563441428494,0,2000,1992.1875,7.8125,11.3563441428494,11.3078788560819,-1341.66991342705,0,11.3563441428494,0.946362011904119,11.3563441428494,0,104.261089798565,67967,136,1992.1875,-7.50249100621386,1999.68999100621,1992.1875
0.616,1999.70579995175,0.430845765542642,0.0215422882771321,10.4704350841156,209.408701682311,11.2661344098606,0,2000,2006.8359375,-6.8359375,11.2661344098606,11.3085415357822,1323.34798881079,0,11.2661344098606,0.938844534155049,11.2661344098606,-1.77635683940025e-15,104.470496817014,68104,137,2006.8359375,7.13013754824647,1999.70579995175,2006.8359375
0.617,1999.70522706635,0.409975719195545,0.0204987859597772,10.4704320844946,209.408641689892,11.356426977812,0,2000,1992.1875,7.8125,11.356426977812,11.3079616910444,-1338.61625932434,0,11.356426977812,0.946368914817664,11.356426977812,0,104.679906344277,68240,136,1992.1875,-7.51772706635325,1999.70522706635,1992.1875
0.618,1999.72102803458,0.43084729529839,0.0215423647649195,10.4705148181708,209.410296363416,11.2662172448231,0,2000,2006.8359375,-6.8359375,11.2662172448231,11.3086243707448,1325.89270056305,0,11.2662172448231,0.938851437068595,11.2662172448231,0,104.889314957824,68377,137,2006.8359375,7.11490946541858,1999.72102803458,2006.8359375
0.619,1999.72044727848,0.409977269629646,0.0204988634814823,10.470511777339,209.410235546779,11.3565098127745,0,2000,1992.1875,7.8125,11.3565098127745,11.3080445260069,-1336.49566619746,0,11.3565098127745,0.94637581773121,11.3565098127745,0,105.098726079356,68513,136,1992.1875,-7.5329472784847,1999.72044727848,1992.1875
0.62,1999.73624048226,0.430848866262312,0.0215424433131156,10.4705944703606,209.411889407211,11.2663000797857,0,2000,2006.8359375,-6.8359375,11.2663000797857,11.3087072057073,1327.65986150212,0,11.2663000797857,0.93885833998214,11.2663000797857,0,105.308136286351,68650,137,2006.8359375,7.09969701773844,1999.73624048226,2006.8359375
0.621,1999.73565206692,0.409978860893874,0.0204989430446937,10.470591389425,209.411827788501,11.3565926477371,0,2000,1992.1875,7.8125,11.3565926477371,11.3081273609695,-1335.02303208157,0,11.3565926477371,0.946382720644755,11.3565926477371,0,105.517549000525,68786,136,1992.1875,-7.54815206691842,1999.73565206692,1992.1875
0.622,1999.75143771537,0.430850477569527,0.0215425238784764,10.4706740428871,209.413480857742,11.2663829147482,0,2000,2006.8359375,-6.8359375,11.2663829147482,11.3087900406699,1328.88705659869,0,11.2663829147482,0.938865242895686,11.2663829147482,0,105.726960799366,68923,137,2006.8359375,7.08449978462568,1999.75143771537,2006.8359375
0.623,1999.75084184728,0.409980491978729,0.0204990245989364,10.470670922929,209.413418458581,11.3566754826996,0,2000,1992.1875,7.8125,11.3566754826996,11.308210195932,-1334.00036950109,0,11.3566754826996,0.946389623558301,11.3566754826996,-1.77635683940025e-15,105.936375104599,69059,136,1992.1875,-7.56334184727962,1999.75084184728,1992.1875
0.624,1999.76662014418,0.430852128165985,0.0215426064082993,10.4707535378984,209.415070757968,11.2664657497108,0,2000,2006.8359375,-6.8359375,11.2664657497108,11.3088728756324,1329.73927541576,0,11.2664657497108,0.938872145809231,11.2664657497108,0,106.145788493724,69196,137,2006.8359375,7.06931735581884,1999.76662014418,2006.8359375
0.625,1999.76601702436,0.409982161822771,0.0204991080911385,10.4707503799704,209.415007599409,11.3567583176622,0,2000,1992.1875,7.8125,11.3567583176622,11.3082930308946,-1333.29018715353,0,11.3567583176622,0.946396526471846,11.3567583176622,0,106.355204388477,69332,136,1992.1875,-7.57851702436324,1999.76601702436,1992.1875
0.626,1999.78178816802,0.430853816996576,0.0215426908498288,10.4708329574855,209.416659149711,11.2665485846733,0,2000,2006.8359375,-6.8359375,11.2665485846733,11.3089557105949,1330.33109403872,0,11.2665485846733,0.938879048722777,11.2665485846733,0,106.564619366368,69469,137,2006.8359375,7.05414933197858,1999.78178816802,2006.8359375
0.627,1999.7811779921,0.409983869382201,0.02049919346911,10.4708297626119,209.416595252238,11.3568411526247,0,2000,1992.1875,7.8125,11.3568411526247,11.3083758658571,-1332.79700496773,0,11.3568411526247,0.946403429385392,11.3568411526247,0,106.774036849142,69605,136,1992.1875,-7.59367799210099,1999.7811779921,1992.1875
0.628,1999.79694217548,0.430855543030553,0.0215427771515276,10.470912303683,209.418246073661,11.2666314196359,0,2000,2006.8359375,-6.8359375,11.2666314196359,11.3090385455575,1330.74207919356,0,11.2666314196359,0.938885951636322,11.2666314196359,-1.77635683940025e-15,106.98345341432,69742,137,2006.8359375,7.03899532451942,1999.79694217548,2006.8359375
0.629,1999.7963251338,0.409985613639851,0.0204992806819925,10.4709090728604,209.418181457207,11.3569239875872,0,2000,1992.1875,7.8125,11.3569239875872,11.3084587008197,-1332.4545173387,0,11.3569239875872,0.946410332298937,11.3569239875872,0,107.192872483658,69878,136,1992.1875,-7.60882513380398,1999.7963251338,1992.1875
0.63,1999.81208254466,0.430857305264404,0.0215428652632202,10.4709915784707,209.419831569414,11.2667142545984,0,2000,2006.8359375,-6.8359375,11.2667142545984,11.30912138052,1331.02748555108,0,11.2667142545984,0.938892854549868,11.2667142545984,0,107.402290634686,70015,137,2006.8359375,7.02385495533508,1999.81208254466,2006.8359375
0.631,1999.81145882244,0.409987393605785,0.0204993696802893,10.4709883126688,209.419766253376,11.3570068225498,0,2000,1992.1875,7.8125,11.3570068225498,11.3085415357822,-1332.21667870743,0,11.3570068225498,0.946417235212483,11.3570068225498,0,107.611711289169,70151,136,1992.1875,-7.62395882244346,1999.81145882244,1992.1875
0.632,1999.82720964348,0.430859102721614,0.0215429551360807,10.4710707837749,209.421415675498,11.266797089561,0,2000,2006.8359375,-6.8359375,11.266797089561,11.3092042154826,1331.22568441047,0,11.266797089561,0.938899757463413,11.266797089561,0,107.821131024647,70288,137,2006.8359375,7.00872785651723,1999.82720964348,2006.8359375
0.633,1999.82657942093,0.409989208316736,0.0204994604158368,10.4710674839373,209.421349678747,11.3570896575123,0,2000,1992.1875,7.8125,11.3570896575123,11.3086243707448,-1332.05151299127,0,11.3570896575123,0.946424138126028,11.3570896575123,0,108.030553262895,70424,136,1992.1875,-7.63907942092987,1999.82657942093,1992.1875
0.634,1999.84232382991,0.430860934451998,0.0215430467225999,10.47114992147,209.4229984294,11.2668799245235,0,2000,2006.8359375,-6.8359375,11.2668799245235,11.3092870504451,1331.36332250727,0,11.2668799245235,0.938906660376959,11.2668799245235,0,108.239974581462,70561,137,2006.8359375,6.99361367008601,1999.84232382991,2006.8359375
0.635,1999.84168728238,0.409991056835425,0.0204995528417713,10.4711465885149,209.422931770298,11.2663000797857,0,2000,2006.8359375,-6.8359375,11.2663000797857,11.3087072057073,1109.46943542273,0,11.2663000797857,0.938858339982141,11.2663000797857,0,108.449398402132,70698,137,2006.8359375,6.99425021761749,1999.84168728238,2006.8359375
0.636,1999.77772281386,0.40220044836218,0.020110022418109,10.4708116713409,209.416233426818,11.3565926477371,0,2000,1992.1875,7.8125,11.3565926477371,11.3081273609695,-1516.84838714773,0,11.3565926477371,0.946382720644755,11.3565926477371,0,108.65881830344,70834,136,1992.1875,-7.59022281385614,1999.77772281386,1992.1875
0.637,1999.76985854928,0.427945173965208,0.0213972586982604,10.4707704941479,209.415409882958,11.2663829147482,0,2000,2006.8359375,-6.8359375,11.2663829147482,11.3087900406699,1177.36592737689,0,11.2663829147482,0.938865242895686,11.2663829147482,0,108.868233069588,70971,137,2006.8359375,7.06607895071693,1999.76985854928,2006.8359375
0.638,1999.76041410333,0.408890868147852,0.0204445434073926,10.4707210431445,209.41442086289,11.3566754826996,0,2000,1992.1875,7.8125,11.3566754826996,11.308210195932,-1460.26797718592,0,11.3566754826996,0.946389623558301,11.3566754826996,0,109.077648766007,71107,136,1992.1875,-7.57291410333346,1999.76041410333,1992.1875
0.639,1999.77285888233,0.430439072255097,0.0215219536127548,10.470786203855,209.4157240771,11.2664657497108,0,2000,2006.8359375,-6.8359375,11.2664657497108,11.3088728756324,1224.51626901173,0,11.2664657497108,0.938872145809232,11.2664657497108,0,109.287062955223,71244,137,2006.8359375,7.06307861766959,1999.77285888233,2006.8359375
0.64,1999.77097749758,0.40982127206405,0.0204910636032025,10.4707763529474,209.415527058949,11.3567583176622,0,2000,1992.1875,7.8125,11.3567583176622,11.3082930308946,-1420.97602582356,0,11.3567583176622,0.946396526471846,11.3567583176622,-1.77635683940025e-15,109.496479426014,71380,136,1992.1875,-7.58347749757536,1999.77097749758,1992.1875
0.641,1999.78623659752,0.430786972142059,0.021539348607103,10.4708562494079,209.417124988158,11.2665485846733,0,2000,2006.8359375,-6.8359375,11.2665485846733,11.308955710595,1257.2595618137,0,11.2665485846733,0.938879048722777,11.2665485846733,0,109.705894892693,71517,137,2006.8359375,7.04970090248094,1999.78623659752,2006.8359375
0.642,1999.78540033612,0.409952156694587,0.0204976078347293,10.4708518707534,209.417037415069,11.3568411526247,0,2000,1992.1875,7.8125,11.3568411526247,11.3083758658571,-1393.68994848858,0,11.3568411526247,0.946403429385392,11.3568411526247,0,109.915312828025,71653,136,1992.1875,-7.59790033611716,1999.78540033612,1992.1875
0.643,1999.80104545341,0.430837012038869,0.0215418506019434,10.4709337883961,209.418675767921,11.2666314196359,0,2000,2006.8359375,-6.8359375,11.2666314196359,11.3090385455575,1279.99795959285,0,11.2666314196359,0.938885951636323,11.2666314196359,0,110.12472982859,71790,137,2006.8359375,7.03489204658695,1999.80104545341,2006.8359375
0.644,1999.80034969106,0.409972084971894,0.0204986042485947,10.4709301453929,209.418602907857,11.3569239875872,0,2000,1992.1875,7.8125,11.3569239875872,11.3084587008197,-1374.74128367263,0,11.3569239875872,0.946410332298937,11.3569239875872,0,110.334149323294,71926,136,1992.1875,-7.61284969105736,1999.80034969106,1992.1875
0.645,1999.8160438794,0.430845730281889,0.0215422865140945,10.4710123199709,209.420246399417,11.2667142545984,0,2000,2006.8359375,-6.8359375,11.2667142545984,11.30912138052,1295.78851360615,0,11.2667142545984,0.938892854549868,11.2667142545984,-1.77635683940025e-15,110.543567892382,72063,137,2006.8359375,7.01989362060249,1999.8160438794,2006.8359375
0.646,1999.81536316911,0.409976635251711,0.0204988317625856,10.4710087557801,209.420175115602,11.3570068225498,0,2000,1992.1875,7.8125,11.3570068225498,11.3085415357822,-1361.58248866155,0,11.3570068225498,0.946417235212483,11.3570068225498,0,110.752988958677,72199,136,1992.1875,-7.62786316910524,1999.81536316911,1992.1875
0.647,1999.83105977888,0.430848736155995,0.0215424368077998,10.4710909430367,209.421818860734,11.266797089561,0,2000,2006.8359375,-6.8359375,11.266797089561,11.3092042154826,1306.75417611538,0,11.266797089561,0.938899757463414,11.266797089561,0,110.962409100162,72336,137,2006.8359375,7.00487772111774,1999.83105977888,2006.8359375
0.648,1999.83037682749,0.409979074067603,0.0204989537033801,10.4710873671116,209.421747342232,11.3570896575123,0,2000,1992.1875,7.8125,11.3570896575123,11.3086243707448,-1352.44443657052,0,11.3570896575123,0.946424138126028,11.3570896575123,0,111.171831738824,72472,136,1992.1875,-7.64287682749091,1999.83037682749,1992.1875
0.649,1999.84606950173,0.430850971932045,0.0215425485966023,10.4711695337618,209.423390675235,11.2668799245235,0,2000,2006.8359375,-6.8359375,11.2668799245235,11.3092870504451,1314.36921952457,0,11.2668799245235,0.938906660376959,11.2668799245235,0,111.381253452339,72609,137,2006.8359375,6.98986799827208,1999.84606950173,2006.8359375
0.65,1999.8453820256,0.409981242314867,0.0204990621157434,10.4711659341452,209.423318682903,11.3571724924749,0,2000,1992.1875,7.8125,11.3571724924749,11.3087072057073,-1346.09856706286,0,11.3571724924749,0.946431041039574,11.3571724924749,0,111.590677662581,72745,136,1992.1875,-7.65788202560134,1999.8453820256,1992.1875
0.651,1999.86106999712,0.430853123027818,0.0215426561513909,10.471248076172,209.424961523439,11.2669627594861,0,2000,2006.8359375,-6.8359375,11.2669627594861,11.3093698854077,1319.65744411428,0,11.2669627594861,0.938913563290505,11.2669627594861,0,111.80010094719,72882,137,2006.8359375,6.97486750287953,1999.86106999712,2006.8359375
0.652,1999.86037779294,0.409983394919537,0.0204991697459769,10.4712444517993,209.424889035987,11.3572553274374,0,2000,1992.1875,7.8125,11.3572553274374,11.3087900406699,-1341.6917132381,0,11.3572553274374,0.946437943953119,11.3572553274374,-1.77635683940025e-15,112.009526728033,73018,136,1992.1875,-7.67287779293656,1999.86037779294,1992.1875
0.653,1999.87606106737,0.430855283986438,0.0215427641993219,10.4713265692322,209.426531384645,11.2670455944486,0,2000,2006.8359375,-6.8359375,11.2670455944486,11.3094527203702,1323.32982230159,0,11.2670455944486,0.93892046620405,11.2670455944486,0,112.218951582749,73155,137,2006.8359375,6.95987643262833,1999.87606106737,2006.8359375
0.654,1999.87536421751,0.409985566676565,0.0204992783338283,10.4713229205349,209.426458410698,11.3573381624,0,2000,1992.1875,7.8125,11.3573381624,11.3088728756324,-1338.63139808201,0,11.3573381624,0.946444846866665,11.3573381624,0,112.42837893321,73291,136,1992.1875,-7.68786421750906,1999.87536421751,1992.1875
0.655,1999.89104290474,0.430857467348232,0.0215428733674116,10.4714050139493,209.428100278985,11.2671284294111,0,2000,2006.8359375,-6.8359375,11.2671284294111,11.3095355553328,1325.88008493166,0,11.2671284294111,0.938927369117596,11.2671284294111,0,112.63780535706,73428,137,2006.8359375,6.9448945952588,1999.89104290474,2006.8359375
0.656,1999.89034152825,0.409987761840589,0.0204993880920295,10.4714013415506,209.428026831011,11.3574209973625,0,2000,1992.1875,7.8125,11.3574209973625,11.308955710595,-1336.50617922362,0,11.3574209973625,0.946451749780211,11.3574209973625,0,112.847234276177,73564,136,1992.1875,-7.70284152825207,1999.89034152825,1992.1875
0.657,1999.90601574969,0.430859674286496,0.0215429837143248,10.4714834115821,209.429668231642,11.2672112643737,0,2000,2006.8359375,-6.8359375,11.2672112643737,11.3096183902953,1327.65110064698,0,11.2672112643737,0.938934272031141,11.2672112643737,-1.77635683940025e-15,113.056662268213,73701,137,2006.8359375,6.9299217503094,1999.90601574969,2006.8359375
0.658,1999.90530996781,0.409989980442481,0.0204994990221241,10.4714797161168,209.429594322337,11.2666314196359,0,2000,2006.8359375,-6.8359375,11.2666314196359,11.3090385455575,1106.37591720582,0,11.2666314196359,0.938885951636323,11.2666314196359,0,113.266092755052,73838,137,2006.8359375,6.93062753218533,1999.90530996781,2006.8359375
0.659,1999.84127720518,0.402199553243163,0.0201099776621582,10.4711444413557,209.422888827114,11.3569239875873,0,2000,1992.1875,7.8125,11.3569239875873,11.3084587008197,-1519.42631899515,0,11.3569239875873,0.946410332298938,11.3569239875873,0,113.475519315328,73974,136,1992.1875,-7.65377720517608,1999.84127720518,1992.1875
0.66,1999.83334557395,0.427944457657272,0.0213972228828636,10.4711029114317,209.422058228634,11.2667142545984,0,2000,2006.8359375,-6.8359375,11.2667142545984,11.30912138052,1175.21765083738,0,11.2667142545984,0.938892854549868,11.2667142545984,0,113.684940733341,74111,137,2006.8359375,7.0025919260529,1999.83334557395,2006.8359375
0.661,1999.8238346762,0.408890328222291,0.0204445164111145,10.4710531124875,209.42106224975,11.3570068225498,0,2000,1992.1875,7.8125,11.3570068225498,11.3085415357822,-1462.05820763552,0,11.3570068225498,0.946417235212483,11.3570068225498,0,113.894363074618,74247,136,1992.1875,-7.63633467619798,1999.8238346762,1992.1875
0.662,1999.83621390583,0.430438706316444,0.0215219353158222,10.4711179299823,209.422358599646,11.266797089561,0,2000,2006.8359375,-6.8359375,11.266797089561,11.3092042154826,1223.02441030373,0,11.266797089561,0.938899757463414,11.266797089561,-1.77635683940025e-15,114.103783901781,74384,137,2006.8359375,6.99972359417416,1999.83621390583,2006.8359375
0.663,1999.83426786188,0.409821077749466,0.0204910538874733,10.47110774052,209.4221548104,11.3570896575123,0,2000,1992.1875,7.8125,11.3570896575123,11.3086243707448,-1422.21924141356,0,11.3570896575123,0.946424138126029,11.3570896575123,0,114.313207003701,74520,136,1992.1875,-7.64676786187806,1999.83426786188,1992.1875
0.664,1999.84946318072,0.430786947120829,0.0215393473560415,10.4711873030234,209.423746060468,11.2668799245235,0,2000,2006.8359375,-6.8359375,11.2668799245235,11.3092870504451,1256.22354882204,0,11.2668799245235,0.938906660376959,11.2668799245235,0,114.522629094784,74657,137,2006.8359375,6.9864743192843,1999.84946318072,2006.8359375
0.665,1999.84856400437,0.40995229866766,0.020497614933383,10.471182594947,209.423651898941,11.3571724924749,0,2000,1992.1875,7.8125,11.3571724924749,11.3087072057073,-1394.5532926483,0,11.3571724924749,0.946431041039574,11.3571724924749,0,114.732053647887,74793,136,1992.1875,-7.66106400437025,1999.84856400437,1992.1875
0.666,1999.86414706112,0.430837318738421,0.021541865936921,10.4712641876414,209.425283752828,11.2669627594861,0,2000,2006.8359375,-6.8359375,11.2669627594861,11.3093698854077,1279.27850612641,0,11.2669627594861,0.938913563290505,11.2669627594861,0,114.941477259679,74930,137,2006.8359375,6.97179043887809,1999.86414706112,2006.8359375
0.667,1999.86339008102,0.409972554160901,0.020498627708045,10.4712602241028,209.425204482057,11.3572553274374,0,2000,1992.1875,7.8125,11.3572553274374,11.3087900406699,-1375.34082822799,0,11.3572553274374,0.94643794395312,11.3572553274374,0,115.150903359156,75066,136,1992.1875,-7.67589008101822,1999.86339008102,1992.1875
0.668,1999.87902388296,0.430846359753704,0.0215423179876852,10.4713420824984,209.426841649968,11.2670455944486,0,2000,2006.8359375,-6.8359375,11.2670455944486,11.3094527203702,1295.28889314334,0,11.2670455944486,0.93892046620405,11.2670455944486,0,115.360328526649,75203,137,2006.8359375,6.95691361703734,1999.87902388296,2006.8359375
0.669,1999.87828360634,0.409977422829657,0.0204988711414829,10.471338206419,209.426764128381,11.3573381624,0,2000,1992.1875,7.8125,11.3573381624,11.3088728756324,-1361.99883904721,0,11.3573381624,0.946444846866665,11.3573381624,-1.77635683940025e-15,115.569756185068,75339,136,1992.1875,-7.69078360633534,1999.87828360634,1992.1875
0.67,1999.8939214587,0.430849679692953,0.0215424839846477,10.4714200860226,209.428401720451,11.2671284294111,0,2000,2006.8359375,-6.8359375,11.2671284294111,11.3095355553328,1306.40721746065,0,11.2671284294111,0.938927369117596,11.2671284294111,0,115.779182912483,75476,137,2006.8359375,6.9420160412983,1999.8939214587,2006.8359375
0.671,1999.89318054784,0.409980171445615,0.0204990085722808,10.4714162066224,209.428324132447,11.3574209973625,0,2000,1992.1875,7.8125,11.3574209973625,11.308955710595,-1352.73356878279,0,11.3574209973625,0.946451749780211,11.3574209973625,0,115.988612130963,75612,136,1992.1875,-7.70568054783871,1999.89318054784,1992.1875
0.672,1999.90881604971,0.430852221061915,0.0215426110530958,10.4714980739187,209.429961478374,11.2672112643737,0,2000,2006.8359375,-6.8359375,11.2672112643737,11.3096183902953,1314.12827601434,0,11.2672112643737,0.938934272031141,11.2672112643737,0,116.198040418267,75749,137,2006.8359375,6.92712145029304,1999.90881604971,2006.8359375
0.673,1999.90807217763,0.40998264113577,0.0204991320567885,10.4714941790136,209.429883580272,11.3575038323251,0,2000,1992.1875,7.8125,11.3575038323251,11.3090385455575,-1346.29935332138,0,11.3575038323251,0.946458652693756,11.3575038323251,0,116.407471196353,75885,136,1992.1875,-7.72057217762608,1999.90807217763,1992.1875
0.674,1999.92370451906,0.430854669506914,0.0215427334753457,10.4715760297619,209.431520595239,11.2672940993362,0,2000,2006.8359375,-6.8359375,11.2672940993362,11.3097012252579,1319.49012223218,0,11.2672940993362,0.938941174944687,11.2672940993362,-1.77635683940025e-15,116.61690104294,76022,137,2006.8359375,6.91223298093882,1999.92370451906,2006.8359375
0.675,1999.92295744026,0.409985087051591,0.0204992543525796,10.4715721180665,209.43144236133,11.3575866672876,0,2000,1992.1875,7.8125,11.3575866672876,11.30912138052,-1341.83114813985,0,11.3575866672876,0.946465555607302,11.3575866672876,0,116.826333379975,76158,136,1992.1875,-7.73545744026296,1999.92295744026,1992.1875
0.676,1999.93858658529,0.430857119793452,0.0215428559896726,10.4716539520785,209.43307904157,11.2673769342988,0,2000,2006.8359375,-6.8359375,11.2673769342988,11.3097840602204,1323.21362655013,0,11.2673769342988,0.938948077858232,11.2673769342988,0,117.035764785176,76295,137,2006.8359375,6.89735091470675,1999.93858658529,2006.8359375
0.677,1999.93783634111,0.409987544207399,0.02049937721037,10.4716500238092,209.433000476184,11.3576695022502,0,2000,1992.1875,7.8125,11.3576695022502,11.3092042154826,-1338.72822787489,0,11.3576695022502,0.946472458520847,11.3576695022502,0,117.245198680491,76431,136,1992.1875,-7.75033634111469,1999.93783634111,1992.1875
0.678,1999.95346235914,0.430859584678245,0.0215429792339123,10.4717318414482,209.434636828965,11.2674597692613,0,2000,2006.8359375,-6.8359375,11.2674597692613,11.309866895183,1325.79939343759,0,11.2674597692613,0.938954980771778,11.2674597692613,0,117.454631643642,76568,137,2006.8359375,6.88247514086152,1999.95346235914,2006.8359375
0.679,1999.9527090287,0.409990017071277,0.0204995008535639,10.4717278970193,209.434557940386,11.2668799245235,0,2000,2006.8359375,-6.8359375,11.2668799245235,11.3092870504451,1104.83282786466,0,11.2668799245235,0.938906660376959,11.2668799245235,-1.77635683940025e-15,117.664067096583,76705,137,2006.8359375,6.88322847129893,1999.9527090287,2006.8359375
0.68,1999.88862936331,0.402199714376312,0.0201099857188156,10.4713923766759,209.427847533518,11.3571724924749,0,2000,1992.1875,7.8125,11.3571724924749,11.3087072057073,-1520.71222677945,0,11.3571724924749,0.946431041039574,11.3571724924749,0,117.873498618016,76841,136,1992.1875,-7.7011293633102,1999.88862936331,1992.1875
0.681,1999.88065146631,0.427944741597136,0.0213972370798568,10.4713506045049,209.427012090098,11.2669627594861,0,2000,2006.8359375,-6.8359375,11.2669627594861,11.3093698854077,1174.14606101712,0,11.2669627594861,0.938913563290505,11.2669627594861,0,118.082924992307,76978,137,2006.8359375,6.95528603368871,1999.88065146631,2006.8359375
0.682,1999.8710949311,0.408890733298579,0.0204445366649289,10.4713005666036,209.426011332071,11.3572553274374,0,2000,1992.1875,7.8125,11.3572553274374,11.3087900406699,-1462.9511991524,0,11.3572553274374,0.94643794395312,11.3572553274374,0,118.292352285051,77114,136,1992.1875,-7.68359493110461,1999.8710949311,1992.1875
0.683,1999.88342914305,0.430439230883144,0.0215219615441572,10.4713651483863,209.427302967725,11.2670455944486,0,2000,2006.8359375,-6.8359375,11.2670455944486,11.3094527203702,1222.28025070634,0,11.2670455944486,0.93892046620405,11.2670455944486,0,118.501778058934,77251,137,2006.8359375,6.95250835695242,1999.88342914305,2006.8359375
0.684,1999.88143869277,0.409821720183518,0.0204910860091759,10.471354726413,209.427094528259,11.3573381624,0,2000,1992.1875,7.8125,11.3573381624,11.3088728756324,-1422.83937441139,0,11.3573381624,0.946444846866665,11.3573381624,0,118.711206102891,77387,136,1992.1875,-7.69393869276632,1999.88143869277,1992.1875
0.685,1999.89659020832,0.430787705821435,0.0215393852910718,10.4714340595629,209.428681191258,11.2671284294112,0,2000,2006.8359375,-6.8359375,11.2671284294112,11.3095355553328,1255.70677132384,0,11.2671284294112,0.938927369117596,11.2671284294112,0,118.920633131394,77524,137,2006.8359375,6.93934729168018,1999.89659020832,2006.8359375
0.686,1999.89564782355,0.409953172055843,0.0204976586027921,10.4714291252478,209.428582504955,11.3574209973625,0,2000,1992.1875,7.8125,11.3574209973625,11.308955710595,-1394.98394056346,0,11.3574209973625,0.946451749780211,11.3574209973625,-1.77635683940025e-15,119.13006261736,77660,136,1992.1875,-7.7081478235491,1999.89564782355,1992.1875
0.687,1999.91118825866,0.430838305256678,0.0215419152628339,10.4715104947757,209.430209895514,11.2672112643737,0,2000,2006.8359375,-6.8359375,11.2672112643737,11.3096183902953,1278.91963286378,0,11.2672112643737,0.938934272031141,11.2672112643737,0,119.339491157521,77797,137,2006.8359375,6.92474924134376,1999.91118825866,2006.8359375
0.688,1999.91038923572,0.409973652272895,0.0204986826136447,10.4715063111014,209.430126222028,11.3575038323251,0,2000,1992.1875,7.8125,11.3575038323251,11.3090385455575,-1375.63988928018,0,11.3575038323251,0.946458652693756,11.3575038323251,0,119.548922180934,77933,136,1992.1875,-7.72288923572,1999.91038923572,1992.1875
0.689,1999.92598156578,0.430847567943963,0.0215423783971981,10.4715879523507,209.431759047014,11.2672940993362,0,2000,2006.8359375,-6.8359375,11.2672940993362,11.3097012252579,1295.03967559985,0,11.2672940993362,0.938941174944687,11.2672940993362,0,119.75835226799,78070,137,2006.8359375,6.90995593421735,1999.92598156578,2006.8359375
0.69,1999.92520038047,0.409978739603292,0.0204989369801646,10.471583862074,209.431677241479,11.3575866672876,0,2000,1992.1875,7.8125,11.3575866672876,11.30912138052,-1362.20652033346,0,11.3575866672876,0.946465555607302,11.3575866672876,0,119.96778484166,78206,136,1992.1875,-7.73770038047155,1999.92520038047,1992.1875
0.691,1999.9407978797,0.430851103575377,0.0215425551787689,10.471665530389,209.433310607779,11.2673769342988,0,2000,2006.8359375,-6.8359375,11.2673769342988,11.3097840602204,1306.23414972212,0,11.2673769342988,0.938948077858232,11.2673769342988,-1.77635683940025e-15,120.17721648007,78343,137,2006.8359375,6.89513962029696,1999.9407978797,2006.8359375
0.692,1999.94001716371,0.409981700982265,0.0204990850491133,10.4716614425696,209.433228851392,11.3576695022502,0,2000,1992.1875,7.8125,11.3576695022502,11.3092042154826,-1352.87779189824,0,11.3576695022502,0.946472458520847,11.3576695022502,0,120.386650605348,78479,136,1992.1875,-7.75251716371008,1999.94001716371,1992.1875
0.693,1999.95561340101,0.430853854817983,0.0215426927408991,10.4717431042771,209.434862085543,11.2674597692613,0,2000,2006.8359375,-6.8359375,11.2674597692613,11.309866895183,1314.0080900848,0,11.2674597692613,0.938954980771778,11.2674597692613,0,120.596083795311,78616,137,2006.8359375,6.88032409898869,1999.95561340101,2006.8359375
0.694,1999.95483079759,0.409984377695932,0.0204992188847966,10.4717390065752,209.434780131504,11.3577523372127,0,2000,1992.1875,7.8125,11.3577523372127,11.3092870504451,-1346.39950826266,0,11.3577523372127,0.946479361434393,11.3577523372127,0,120.805519471971,78752,136,1992.1875,-7.76733079758537,1999.95483079759,1992.1875
0.695,1999.97042493366,0.430856507475066,0.0215428253737533,10.4718206572807,209.436413145614,11.2675426042239,0,2000,2006.8359375,-6.8359375,11.2675426042239,11.3099497301455,1319.40665978111,0,11.2675426042239,0.938961883685324,11.2675426042239,0,121.014954213105,78889,137,2006.8359375,6.86551256634357,1999.97042493366,2006.8359375
0.696,1999.96964016833,0.409987025050592,0.0204993512525296,10.4718165482591,209.436330965182,11.2669627594861,0,2000,2006.8359375,-6.8359375,11.2669627594861,11.3093698854077,1099.50554981759,0,11.2669627594861,0.938913563290505,11.2669627594861,-1.77635683940025e-15,121.224391440712,79026,137,2006.8359375,6.8662973316691,1999.96964016833,2006.8359375
0.697,1999.9055295002,0.402196805296034,0.0201098402648017,10.4714808655857,209.429617311714,11.3572553274374,0,2000,1992.1875,7.8125,11.3572553274374,11.3087900406699,-1525.151625152,0,11.3572553274374,0.94643794395312,11.3572553274374,0,121.433824733543,79162,136,1992.1875,-7.71802950019878,1999.9055295002,1992.1875
0.698,1999.89752102344,0.427941913926569,0.0213970956963284,10.4714389332995,209.428778665989,11.2670455944486,0,2000,2006.8359375,-6.8359375,11.2670455944486,11.3094527203702,1170.44656237333,0,11.2670455944486,0.938920466204051,11.2670455944486,0,121.643252876008,79299,137,2006.8359375,6.93841647655881,1999.89752102344,2006.8359375
0.699,1999.88793432449,0.408887985781511,0.0204443992890755,10.4713887374611,209.427774749222,11.3573381624,0,2000,1992.1875,7.8125,11.3573381624,11.3088728756324,-1466.03411468889,0,11.3573381624,0.946444846866665,11.3573381624,0,121.852681933745,79435,136,1992.1875,-7.70043432448506,1999.88793432449,1992.1875
0.7,1999.90023878258,0.430436562374945,0.0215218281187472,10.471453163453,209.429063269061,11.2671284294112,0,2000,2006.8359375,-6.8359375,11.2671284294112,11.3095355553328,1219.71115442592,0,11.2671284294112,0.938927369117596,11.2671284294112,0,122.062109469483,79572,137,2006.8359375,6.9356987174192,1999.90023878258,2006.8359375
0.701,1999.89821898262,0.409819129590319,0.0204909564795159,10.4714425878052,209.428851756103,11.3574209973625,0,2000,1992.1875,7.8125,11.3574209973625,11.308955710595,-1424.9802879784,0,11.3574209973625,0.946451749780211,11.3574209973625,0,122.271539272202,79708,136,1992.1875,-7.71071898261721,1999.89821898262,1992.1875
0.702,1999.9133415471,0.43078519207734,0.021539259603867,10.4715217693677,209.430435387353,11.2672112643737,0,2000,2006.8359375,-6.8359375,11.2672112643737,11.3096183902953,1253.92267668467,0,11.2672112643737,0.938934272031142,11.2672112643737,0,122.480968056413,79845,137,2006.8359375,6.92259595289761,1999.9133415471,2006.8359375
0.703,1999.91237060444,0.409950734114322,0.0204975367057161,10.4715166855238,209.430333710475,11.3575038323251,0,2000,1992.1875,7.8125,11.3575038323251,11.3090385455575,-1396.47068609611,0,11.3575038323251,0.946458652693756,11.3575038323251,-1.77635683940025e-15,122.690399295076,79981,136,1992.1875,-7.72487060443837,1999.91237060444,1992.1875
0.704,1999.92788286948,0.430835942087233,0.0215417971043617,10.4715979075536,209.431958151072,11.2672940993362,0,2000,2006.8359375,-6.8359375,11.2672940993362,11.3097012252579,1277.68067825324,0,11.2672940993362,0.938941174944687,11.2672940993362,0,122.899829584965,80118,137,2006.8359375,6.9080546305197,1999.92788286948,2006.8359375
0.705,1999.92705605904,0.409971362859702,0.0204985681429851,10.4715935783842,209.431871567684,11.3575866672876,0,2000,1992.1875,7.8125,11.3575866672876,11.3091213805201,-1376.67235145563,0,11.3575866672876,0.946465555607302,11.3575866672876,0,123.109262355175,80254,136,1992.1875,-7.73955605903711,1999.92705605904,1992.1875
0.706,1999.94262097895,0.430845351285245,0.0215422675642623,10.4716750761143,209.433501522287,11.2673769342988,0,2000,2006.8359375,-6.8359375,11.2673769342988,11.3097840602204,1294.17929045364,0,11.2673769342988,0.938948077858233,11.2673769342988,0,123.318694186138,80391,137,2006.8359375,6.89331652104579,1999.94262097895,2006.8359375
0.707,1999.94181275573,0.409976594710971,0.0204988297355486,10.4716708442674,209.433416885349,11.3576695022502,0,2000,1992.1875,7.8125,11.3576695022502,11.3092042154826,-1362.9235079553,0,11.3576695022502,0.946472458520847,11.3576695022502,0,123.528128500864,80527,136,1992.1875,-7.75431275573351,1999.94181275573,1992.1875
0.708,1999.95738358424,0.430849029474827,0.0215424514737414,10.4717523729348,209.435047458697,11.2674597692613,0,2000,2006.8359375,-6.8359375,11.2674597692613,11.309866895183,1305.63666003725,0,11.2674597692613,0.938954980771778,11.2674597692613,-1.77635683940025e-15,123.737561877518,80664,137,2006.8359375,6.87855391576204,1999.95738358424,2006.8359375
0.709,1999.95657655971,0.409979696712109,0.0204989848356054,10.4717481473643,209.434962947286,11.3577523372127,0,2000,1992.1875,7.8125,11.3577523372127,11.3092870504451,-1353.37569996896,0,11.3577523372127,0.946479361434393,11.3577523372127,0,123.946997738267,80800,136,1992.1875,-7.76907655971172,1999.95657655971,1992.1875
0.71,1999.97214684575,0.430851919429907,0.0215425959714953,10.4718296731914,209.436593463828,11.2675426042239,0,2000,2006.8359375,-6.8359375,11.2675426042239,11.3099497301455,1313.59316669253,0,11.2675426042239,0.938961883685324,11.2675426042239,0,124.156432660964,80937,137,2006.8359375,6.86379065424535,1999.97214684575,2006.8359375
0.711,1999.9713386435,0.409982510254499,0.0204991255127249,10.4718254414543,209.436508829085,11.3578351721753,0,2000,1992.1875,7.8125,11.3578351721753,11.3093698854077,-1346.74527775622,0,11.3578351721753,0.946486264347938,11.3578351721753,0,124.365870067659,81073,136,1992.1875,-7.78383864349598,1999.9713386435,1992.1875
0.712,1999.98690752837,0.430854707057545,0.0215427353528773,10.4719069599448,209.438139198897,11.2676254391864,0,2000,2006.8359375,-6.8359375,11.2676254391864,11.3100325651081,1319.11851853648,0,11.2676254391864,0.938968786598869,11.2676254391864,0,124.575306536165,81210,137,2006.8359375,6.84902997162885,1999.98690752837,2006.8359375
0.713,1999.98609785477,0.409985290746783,0.0204992645373391,10.4719027205038,209.438054410075,11.2670455944486,0,2000,2006.8359375,-6.8359375,11.2670455944486,11.3094527203702,1099.26543211374,0,11.2670455944486,0.938920466204051,11.2670455944486,-1.77635683940025e-15,124.784745488518,81347,137,2006.8359375,6.84983964523258,1999.98609785477,2006.8359375
0.714,1999.92196261662,0.402195136208098,0.0201097568104049,10.4715669091821,209.431338183642,11.3573381624,0,2000,1992.1875,7.8125,11.3573381624,11.3088728756324,-1525.35172323855,0,11.3573381624,0.946444846866666,11.3573381624,0,124.994180503505,81483,136,1992.1875,-7.73446261661729,1999.92196261662,1992.1875
0.715,1999.91392990351,0.427940309168858,0.0213970154584429,10.4715248499946,209.430496999892,11.2671284294112,0,2000,2006.8359375,-6.8359375,11.2671284294112,11.3095355553328,1170.27981396787,0,11.2671284294112,0.938927369117596,11.2671284294112,0,125.203610365569,81620,137,2006.8359375,6.92200759649222,1999.91392990351,2006.8359375
0.716,1999.90431929733,0.408886444480407,0.0204443222240203,10.4714745289783,209.429490579567,11.3574209973625,0,2000,1992.1875,7.8125,11.3574209973625,11.308955710595,-1466.17307169344,0,11.3574209973625,0.946451749780211,11.3574209973625,0,125.413041140386,81756,136,1992.1875,-7.71681929733495,1999.90431929733,1992.1875
0.717,1999.91660017288,0.430435083668692,0.0215217541834346,10.4715388314923,209.430776629846,11.2672112643737,0,2000,2006.8359375,-6.8359375,11.2672112643737,11.3096183902953,1219.59535692213,0,11.2672112643737,0.938934272031142,11.2672112643737,0,125.622470390717,81893,137,2006.8359375,6.91933732712005,1999.91660017288,2006.8359375
0.718,1999.91455711062,0.409817712628865,0.0204908856314432,10.4715281340434,209.430562680867,11.3575038323251,0,2000,1992.1875,7.8125,11.3575038323251,11.3090385455575,-1425.07678589822,0,11.3575038323251,0.946458652693757,11.3575038323251,0,125.831901905575,82029,136,1992.1875,-7.72705711062213,1999.91455711062,1992.1875
0.719,1999.92965672872,0.430783836022176,0.0215391918011088,10.4716071954588,209.432143909177,11.2672940993362,0,2000,2006.8359375,-6.8359375,11.2672940993362,11.3097012252579,1253.84226175148,0,11.2672940993362,0.938941174944687,11.2672940993362,0,126.041332399507,82166,137,2006.8359375,6.90628077127963,1999.92965672872,2006.8359375
0.72,1999.92866315129,0.409949438138326,0.0204974719069163,10.4716019930996,209.432039861991,11.3575866672876,0,2000,1992.1875,7.8125,11.3575866672876,11.3091213805201,-1396.53769854043,0,11.3575866672876,0.946465555607302,11.3575866672876,-1.77635683940025e-15,126.250765345504,82302,136,1992.1875,-7.74116315128663,1999.92866315129,1992.1875
0.721,1999.94415308894,0.430834705374518,0.0215417352687259,10.4716830982235,209.43366196447,11.2673769342988,0,2000,2006.8359375,-6.8359375,11.2673769342988,11.3097840602204,1277.62483454964,0,11.2673769342988,0.938948077858233,11.2673769342988,0,126.460197340373,82439,137,2006.8359375,6.8917844110556,1999.94415308894,2006.8359375
0.722,1999.94330425433,0.409970184605456,0.0204985092302728,10.4716786537358,209.433573074716,11.3576695022502,0,2000,1992.1875,7.8125,11.3576695022502,11.3092042154826,-1376.7188878753,0,11.3576695022502,0.946472458520848,11.3576695022502,0,126.66963181324,82575,136,1992.1875,-7.75580425432759,1999.94330425433,1992.1875
0.723,1999.95884744916,0.43084423069559,0.0215422115347795,10.4717600377137,209.435200754273,11.2674597692613,0,2000,2006.8359375,-6.8359375,11.2674597692613,11.309866895183,1294.14051010392,0,11.2674597692613,0.938954980771778,11.2674597692613,0,126.879065344571,82712,137,2006.8359375,6.87709005083548,1999.95884744916,2006.8359375
0.724,1999.9580177959,0.409975531002808,0.0204987765501404,10.4717556936593,209.435113873186,11.3577523372127,0,2000,1992.1875,7.8125,11.3577523372127,11.3092870504451,-1362.9558249134,0,11.3577523372127,0.946479361434393,11.3577523372127,0,127.088501357404,82848,136,1992.1875,-7.77051779589624,1999.9580177959,1992.1875
0.725,1999.97356748538,0.430848021875692,0.0215424010937846,10.471837111643,209.436742232861,11.2675426042239,0,2000,2006.8359375,-6.8359375,11.2675426042239,11.3099497301455,1305.60972923883,0,11.2675426042239,0.938961883685324,11.2675426042239,-1.77635683940025e-15,127.297936429937,82985,137,2006.8359375,6.86237001462337,1999.97356748538,2006.8359375
0.726,1999.9727396089,0.409978744460029,0.0204989372230014,10.471832776892,209.436655537839,11.3578351721753,0,2000,1992.1875,7.8125,11.3578351721753,11.3093698854077,-1353.39814230097,0,11.3578351721753,0.946486264347939,11.3578351721753,0,127.507373984365,83121,136,1992.1875,-7.78523960890061,1999.9727396089,1992.1875
0.727,1999.98828932617,0.430851021773254,0.0215425510886627,10.4719141950212,209.438283900424,11.2676254391864,0,2000,2006.8359375,-6.8359375,11.2676254391864,11.3100325651081,1313.57446474919,0,11.2676254391864,0.938968786598869,11.2676254391864,0,127.716810598573,83258,137,2006.8359375,6.84764817383189,1999.98828932617,2006.8359375
0.728,1999.98746083446,0.409981666451856,0.0204990833225928,10.4719098570487,209.438197140975,11.3579180071378,0,2000,1992.1875,7.8125,11.3579180071378,11.3094527203702,-1346.76086270901,0,11.3579180071378,0.946493167261484,11.3579180071378,0,127.92624969464,83394,136,1992.1875,-7.79996083446144,1999.98746083446,1992.1875
0.729,2000.00300970543,0.430853916377562,0.0215426958188781,10.4719912707467,209.439825414935,11.267708274149,0,2000,2006.8359375,-6.8359375,11.267708274149,11.3101154000706,1319.10553107582,0,11.267708274149,0.938975689512415,11.267708274149,0,128.135687850408,83531,137,2006.8359375,6.83292779457429,2000.00300970543,2006.8359375
0.73,2000.0021802897,0.409984552468041,0.020499227623402,10.4719869279362,209.439738558723,11.2671284294112,0,2000,2006.8359375,-6.8359375,11.2671284294112,11.3095355553328,1099.25460922985,0,11.2671284294112,0.938927369117596,11.2671284294112,-1.77635683940025e-15,128.345128487941,83668,137,2006.8359375,6.8337572102962,2000.0021802897,2006.8359375
0.731,1999.93802557754,0.402194449618977,0.0201097224809488,10.4716510146488,209.433020292976,11.3574209973625,0,2000,1992.1875,7.8125,11.3574209973625,11.308955710595,-1525.36074230845,0,11.3574209973625,0.946451749780211,11.3574209973625,0,128.554565186054,83804,136,1992.1875,-7.75052557753816,1999.93802557754,1992.1875
0.732,1999.92997365487,0.4279396735674,0.02139698367837,10.4716088548803,209.432177097606,11.2672112643737,0,2000,2006.8359375,-6.8359375,11.2672112643737,11.3096183902953,1170.27229807629,0,11.2672112643737,0.938934272031142,11.2672112643737,0,128.76399672922,83941,137,2006.8359375,6.90596384512537,1999.92997365487,2006.8359375
0.733,1999.92034410002,0.408885859174188,0.0204442929587094,10.471558434649,209.43116869298,11.3575038323251,0,2000,1992.1875,7.8125,11.3575038323251,11.3090385455575,-1466.17933493643,0,11.3575038323251,0.946458652693757,11.3575038323251,0,128.97342918314,84077,136,1992.1875,-7.73284410001816,1999.92034410002,1992.1875
0.734,1999.93260628421,0.430434547974692,0.0215217273987346,10.4716226392952,209.432452785905,11.2672940993362,0,2000,2006.8359375,-6.8359375,11.2672940993362,11.3097012252579,1219.59013755298,0,11.2672940993362,0.938941174944687,11.2672940993362,0,129.182860110603,84214,137,2006.8359375,6.90333121579397,1999.93260628421,2006.8359375
0.735,1999.93054478442,0.409817225873339,0.0204908612936669,10.4716118453076,209.432236906153,11.3575866672876,0,2000,1992.1875,7.8125,11.3575866672876,11.3091213805201,-1425.08113537252,0,11.3575866672876,0.946465555607302,11.3575866672876,0,129.39229330065,84350,136,1992.1875,-7.74304478442468,1999.93054478442,1992.1875
0.736,1999.94562621538,0.430783397540529,0.0215391698770264,10.4716908114955,209.43381622991,11.2673769342988,0,2000,2006.8359375,-6.8359375,11.2673769342988,11.3097840602204,1253.83863718957,0,11.2673769342988,0.938948077858233,11.2673769342988,0,129.601725467853,84487,137,2006.8359375,6.89031128461556,1999.94562621538,2006.8359375
0.737,1999.9446146978,0.409949047274987,0.0204974523637493,10.4716855152018,209.433710304036,11.3576695022502,0,2000,1992.1875,7.8125,11.3576695022502,11.3092042154826,-1396.54071900869,0,11.3576695022502,0.946472458520848,11.3576695022502,-1.77635683940025e-15,129.811160085229,84623,136,1992.1875,-7.75711469779799,1999.9446146978,1992.1875
0.738,1999.96008693894,0.430834361482819,0.021541718074141,10.4717665276669,209.435330553339,11.2674597692613,0,2000,2006.8359375,-6.8359375,11.2674597692613,11.309866895183,1277.62231749276,0,11.2674597692613,0.938954980771778,11.2674597692613,0,130.020593749611,84760,137,2006.8359375,6.87585056106491,1999.96008693894,2006.8359375
0.739,1999.95922064812,0.409969887047513,0.0204984943523756,10.4717619917788,209.435239835577,11.3577523372127,0,2000,1992.1875,7.8125,11.3577523372127,11.3092870504451,-1376.7209854227,0,11.3577523372127,0.946479361434393,11.3577523372127,0,130.230029890151,84896,136,1992.1875,-7.77172064811975,1999.95922064812,1992.1875
0.74,1999.97474662382,0.430843978842178,0.0215421989421089,10.4718432855975,209.43686571195,11.2675426042239,0,2000,2006.8359375,-6.8359375,11.2675426042239,11.3099497301455,1294.13876214775,0,11.2675426042239,0.938961883685324,11.2675426042239,0,130.439465087339,85033,137,2006.8359375,6.86119087618181,1999.97474662382,2006.8359375
0.741,1999.97389998525,0.409975324233249,0.0204987662116625,10.4718388526083,209.436777052166,11.3578351721753,0,2000,1992.1875,7.8125,11.3578351721753,11.3093698854077,-1362.95728154354,0,11.3578351721753,0.946486264347939,11.3578351721753,0,130.648902764238,85169,136,1992.1875,-7.78639998525023,1999.97389998525,1992.1875
0.742,1999.9894329201,0.430847859577738,0.0215423929788869,10.471920182865,209.4384036573,11.2676254391864,0,2000,2006.8359375,-6.8359375,11.2676254391864,11.3100325651081,1305.60851538038,0,11.2676254391864,0.938968786598869,11.2676254391864,-1.77635683940025e-15,130.858339499071,85306,137,2006.8359375,6.84650457990369,1999.9894329201,2006.8359375
0.743,1999.98858851652,0.409978626029744,0.0204989313014872,10.4719157615782,209.438315231564,11.3579180071378,0,2000,1992.1875,7.8125,11.3579180071378,11.3094527203702,-1353.39915384968,0,11.3579180071378,0.946493167261484,11.3579180071378,0,131.067778714057,85442,136,1992.1875,-7.80108851651653,1999.98858851652,1992.1875
0.744,2000.00412193112,0.430850946614907,0.0215425473307454,10.4719970943469,209.439941886937,11.267708274149,0,2000,2006.8359375,-6.8359375,11.267708274149,11.3101154000706,1313.57362179193,0,11.267708274149,0.938975689512415,11.267708274149,0,131.277216987102,85579,137,2006.8359375,6.83181556887689,2000.00412193112,2006.8359375
0.745,2000.00327735815,0.409981633977803,0.0204990816988901,10.4719926721731,209.439853443462,11.3580008421004,0,2000,1992.1875,7.8125,11.3580008421004,11.3095355553328,-1346.76156517339,0,11.3580008421004,0.94650007017503,11.3580008421004,0,131.486657740312,85715,136,1992.1875,-7.81577735814926,2000.00327735815,1992.1875
0.746,2000.01881036623,0.43085392600814,0.021542696300407,10.4720740028133,209.441480056265,11.2677911091115,0,2000,2006.8359375,-6.8359375,11.2677911091115,11.3101982350332,1319.10494568884,0,11.2677911091115,0.93898259242596,11.2677911091115,0,131.69609755155,85852,137,2006.8359375,6.81712713376692,2000.01881036623,2006.8359375
0.747,2000.01796530305,0.40998460363146,0.020499230181573,10.4720695780728,209.441391561456,11.2672112643737,0,2000,2006.8359375,-6.8359375,11.2672112643737,11.3096183902953,1099.25412140737,0,11.2672112643737,0.938934272031142,11.2672112643737,-1.77635683940025e-15,131.905539842903,85989,137,2006.8359375,6.81797219694727,2000.01796530305,2006.8359375
0.748,1999.95379515593,0.402194541751211,0.0201097270875606,10.4717335839681,209.434671679363,11.3575038323251,0,2000,1992.1875,7.8125,11.3575038323251,11.3090385455575,-1525.36114882719,0,11.3575038323251,0.946458652693757,11.3575038323251,0,132.114978193209,86125,136,1992.1875,-7.76629515592504,1999.95379515593,1992.1875
0.749,1999.94572800791,0.427939806112085,0.0213969903056042,10.4716913444799,209.433826889598,11.2672940993363,0,2000,2006.8359375,-6.8359375,11.2672940993363,11.3097012252579,1170.27195931067,0,11.2672940993363,0.938941174944688,11.2672940993363,0,132.324411386962,86262,137,2006.8359375,6.89020949209134,1999.94572800791,2006.8359375
0.75,1999.93608343446,0.408886031582512,0.0204443015791256,10.4716408456114,209.432816912229,11.3575866672876,0,2000,1992.1875,7.8125,11.3575866672876,11.3091213805201,-1466.17961724111,0,11.3575866672876,0.946465555607302,11.3575866672876,0,132.533845489886,86398,136,1992.1875,-7.74858343446385,1999.93608343446,1992.1875
0.751,1999.94833080402,0.430434759705298,0.0215217379852649,10.4717049726885,209.434099453769,11.2673769342988,0,2000,2006.8359375,-6.8359375,11.2673769342988,11.3097840602204,1219.58990229908,0,11.2673769342988,0.938948077858233,11.2673769342988,0,132.743278064791,86535,137,2006.8359375,6.88760669598014,1999.94833080402,2006.8359375
0.752,1999.94625469079,0.40981747639222,0.020490873819611,10.471694102185,209.433882043701,11.3576695022502,0,2000,1992.1875,7.8125,11.3576695022502,11.3092042154826,-1425.08133141744,0,11.3576695022502,0.946472458520848,11.3576695022502,0,132.952712900739,86671,136,1992.1875,-7.75875469079278,1999.94625469079,1992.1875
0.753,1999.96132170676,0.430783686320931,0.0215391843160465,10.4717729928962,209.435459857923,11.2674597692613,0,2000,2006.8359375,-6.8359375,11.2674597692613,11.309866895183,1253.8384738188,0,11.2674597692613,0.938954980771779,11.2674597692613,0,133.162146712322,86808,137,2006.8359375,6.8746157932394,1999.96132170676,2006.8359375
0.754,1999.96029596994,0.409949373797309,0.0204974686898654,10.4717676221507,209.435352443015,11.3577523372127,0,2000,1992.1875,7.8125,11.3577523372127,11.3092870504451,-1396.540855151,0,11.3577523372127,0.946479361434393,11.3577523372127,-1.77635683940025e-15,133.371582972581,86944,136,1992.1875,-7.77279596994208,1999.96029596994,1992.1875
0.755,1999.97575418495,0.430834725234517,0.0215417362617259,10.4718485611752,209.436971223504,11.2675426042239,0,2000,2006.8359375,-6.8359375,11.2675426042239,11.3099497301455,1277.62220404084,0,11.2675426042239,0.938961883685324,11.2675426042239,0,133.581018278365,87081,137,2006.8359375,6.86018331505306,1999.97575418495,2006.8359375
0.756,1999.97487405848,0.409970287523003,0.0204985143761502,10.4718439528438,209.436879056876,11.3578351721753,0,2000,1992.1875,7.8125,11.3578351721753,11.3093698854077,-1376.72107996597,0,11.3578351721753,0.946486264347939,11.3578351721753,0,133.79045605885,87217,136,1992.1875,-7.78737405847755,1999.97487405848,1992.1875
0.757,1999.99038638641,0.430844415542744,0.0215422207771372,10.4719251752029,209.438503504059,11.2676254391864,0,2000,2006.8359375,-6.8359375,11.2676254391864,11.3100325651081,1294.13868336169,0,11.2676254391864,0.93896878659887,11.2676254391864,0,133.999892894543,87354,137,2006.8359375,6.84555111358713,1999.99038638641,2006.8359375
0.758,1999.98952628542,0.409975796666946,0.0204987898333473,10.4719206717247,209.438413434494,11.3579180071378,0,2000,1992.1875,7.8125,11.3579180071378,11.3094527203702,-1362.95734719859,0,11.3579180071378,0.946493167261484,11.3579180071378,0,134.209332208528,87490,136,1992.1875,-7.80202628542247,1999.98952628542,1992.1875
0.759,2000.00504594067,0.4308483672593,0.021542418362965,10.4720019324495,209.440038648991,11.267708274149,0,2000,2006.8359375,-6.8359375,11.267708274149,11.3101154000706,1305.60846066784,0,11.267708274149,0.938975689512415,11.267708274149,-1.77635683940025e-15,134.418770579046,87627,137,2006.8359375,6.83089155933203,2000.00504594067,2006.8359375
0.76,2000.00418843783,0.409979168480499,0.020498958424025,10.4719974425752,209.439948851503,11.3580008421004,0,2000,1992.1875,7.8125,11.3580008421004,11.3095355553328,-1353.39919944347,0,11.3580008421004,0.94650007017503,11.3580008421004,0,134.628211428336,87763,136,1992.1875,-7.81668843782745,2000.00418843783,1992.1875
0.761,2000.01970893107,0.43085152336268,0.021542576168134,10.4720787076877,209.441574153754,11.2677911091115,0,2000,2006.8359375,-6.8359375,11.2677911091115,11.3101982350332,1313.57358379711,0,11.2677911091115,0.938982592425961,11.2677911091115,0,134.837651334323,87900,137,2006.8359375,6.81622856893478,2000.01970893107,2006.8359375
0.762,2000.0188516122,0.409982244556833,0.0204991122278416,10.4720742187766,209.441484375532,11.2672112643737,0,2000,2006.8359375,-6.8359375,11.2672112643737,11.3096183902953,1094.64465316426,0,11.2672112643737,0.938934272031142,11.2672112643737,0,135.047093719131,88037,137,2006.8359375,6.8170858878027,2000.0188516122,2006.8359375
0.763,1999.95466940905,0.40219221879017,0.0201096109395085,10.4717381615468,209.434763230936,11.3575038323251,0,2000,1992.1875,7.8125,11.3575038323251,11.3090385455575,-1529.20237236312,0,11.3575038323251,0.946458652693757,11.3575038323251,0,135.256532161618,88173,136,1992.1875,-7.76716940905112,1999.95466940905,1992.1875
0.764,1999.94659038112,0.427937516216292,0.0213968758108146,10.4716958598555,209.43391719711,11.2672940993363,0,2000,2006.8359375,-6.8359375,11.2672940993363,11.3097012252579,1167.0709396974,0,11.2672940993363,0.938941174944688,11.2672940993363,-1.77635683940025e-15,135.465965446299,88310,137,2006.8359375,6.88934711887691,1999.94659038112,2006.8359375
0.765,1999.93693409371,0.408883773349931,0.0204441886674966,10.4716452996528,209.432905993057,11.3575866672876,0,2000,1992.1875,7.8125,11.3575866672876,11.3091213805201,-1468.8471335855,0,11.3575866672876,0.946465555607303,11.3575866672876,0,135.675399638915,88446,136,1992.1875,-7.74943409371167,1999.93693409371,1992.1875
0.766,1999.9491699101,0.430432532350875,0.0215216266175438,10.4717093662376,209.434187324752,11.2673769342988,0,2000,2006.8359375,-6.8359375,11.2673769342988,11.3097840602204,1217.36697201209,0,11.2673769342988,0.938948077858233,11.2673769342988,0,135.884832302295,88583,137,2006.8359375,6.88676758990164,1999.9491699101,2006.8359375
0.767,1999.94708240124,0.409815279364336,0.0204907639682168,10.4716984360668,209.433968721335,11.3576695022502,0,2000,1992.1875,7.8125,11.3576695022502,11.3092042154826,-1426.93377332326,0,11.3576695022502,0.946472458520848,11.3576695022502,0,136.094267225516,88719,136,1992.1875,-7.75958240123623,1999.94708240124,1992.1875
0.768,1999.96213817656,0.430781519158459,0.0215390759579229,10.4717772679221,209.435545358441,11.2674597692613,0,2000,2006.8359375,-6.8359375,11.2674597692613,11.309866895183,1252.29477223061,0,11.2674597692613,0.938954980771779,11.2674597692613,0,136.303701123187,88856,137,2006.8359375,6.87379932343561,1999.96213817656,2006.8359375
0.769,1999.96110135184,0.409947236076307,0.0204973618038154,10.4717718391205,209.43543678241,11.3577523372127,0,2000,1992.1875,7.8125,11.3577523372127,11.3092870504451,-1397.82727314115,0,11.3577523372127,0.946479361434394,11.3577523372127,0,136.513137468364,88992,136,1992.1875,-7.77360135184449,1999.96110135184,1992.1875
0.77,1999.97654862956,0.430832616548323,0.0215416308274162,10.4718527208775,209.43705441755,11.2675426042239,0,2000,2006.8359375,-6.8359375,11.2675426042239,11.3099497301455,1276.55018904904,0,11.2675426042239,0.938961883685324,11.2675426042239,0,136.722572857914,89129,137,2006.8359375,6.8593888704429,1999.97654862956,2006.8359375
0.771,1999.97565771434,0.409968207474768,0.0204984103737384,10.4718480560563,209.436961121126,11.3578351721753,0,2000,1992.1875,7.8125,11.3578351721753,11.3093698854077,-1377.61442579247,0,11.3578351721753,0.946486264347939,11.3578351721753,-1.77635683940025e-15,136.932010721026,89265,136,1992.1875,-7.78815771433847,1999.97565771434,1992.1875
0.772,1999.99115940004,0.430842363742609,0.0215421181871304,10.4719292226928,209.438584453857,11.2676254391864,0,2000,2006.8359375,-6.8359375,11.2676254391864,11.3100325651081,1293.39422850628,0,11.2676254391864,0.93896878659887,11.2676254391864,0,137.141447638225,89402,137,2006.8359375,6.84477809995678,1999.99115940004,2006.8359375
0.773,1999.99028880135,0.409973772730941,0.0204986886365471,10.4719246642487,209.438493284975,11.3579180071378,0,2000,1992.1875,7.8125,11.3579180071378,11.3094527203702,-1363.57772624477,0,11.3579180071378,0.946493167261485,11.3579180071378,0,137.350887032609,89538,136,1992.1875,-7.80278880134779,1999.99028880135,1992.1875
0.774,2000.00579810145,0.430846370808893,0.0215423185404446,10.4720058707542,209.440117415084,11.267708274149,0,2000,2006.8359375,-6.8359375,11.267708274149,11.3101154000706,1305.09147812936,0,11.267708274149,0.938975689512415,11.267708274149,0,137.560325482434,89675,137,2006.8359375,6.83013939854891,2000.00579810145,2006.8359375
0.775,2000.00493038409,0.409977199142379,0.0204988599571189,10.4720013273967,209.440026547934,11.3580008421004,0,2000,1992.1875,7.8125,11.3580008421004,11.3095355553328,-1353.83001822553,0,11.3580008421004,0.94650007017503,11.3580008421004,0,137.769766409954,89811,136,1992.1875,-7.81743038409377,2000.00493038409,1992.1875
0.776,2000.02044080153,0.430849580768637,0.0215424790384319,10.4720825397525,209.44165079505,11.2677911091115,0,2000,2006.8359375,-6.8359375,11.2677911091115,11.3101982350332,1313.21456814539,0,11.2677911091115,0.938982592425961,11.2677911091115,-1.77635683940025e-15,137.979206393109,89948,137,2006.8359375,6.81549669847095,2000.02044080153,2006.8359375
0.777,2000.01957354369,0.409980328343669,0.0204990164171835,10.4720779988011,209.441559976022,11.3580836770629,0,2000,1992.1875,7.8125,11.3580836770629,11.3096183902953,-1347.06077654551,0,11.3580836770629,0.946506973088576,11.3580836770629,0,138.188648854037,90084,136,1992.1875,-7.83207354369165,2000.01957354369,1992.1875
0.778,2000.03508417498,0.430852679768447,0.0215426339884223,10.4721592122766,209.443184245532,11.2678739440741,0,2000,2006.8359375,-6.8359375,11.2678739440741,11.3102810699957,1318.85560287874,0,11.2678739440741,0.938989495339506,11.2678739440741,0,138.398090370632,90221,137,2006.8359375,6.80085332502358,2000.03508417498,2006.8359375
0.779,2000.03421703888,0.409983415979616,0.0204991707989808,10.4721546719626,209.443093439252,11.2672940993363,0,2000,2006.8359375,-6.8359375,11.2672940993363,11.3097012252579,1099.04633573228,0,11.2672940993363,0.938941174944688,11.2672940993363,0,138.607534365017,90358,137,2006.8359375,6.80172046111988,2000.03421703888,2006.8359375
0.78,1999.97002511859,0.402193411891579,0.0201096705945789,10.4718185638539,209.436371277079,11.3575866672876,0,2000,1992.1875,7.8125,11.3575866672876,11.3091213805201,-1525.53430355643,0,11.3575866672876,0.946465555607303,11.3575866672876,0,138.816974416058,90494,136,1992.1875,-7.78252511859137,1999.97002511859,1992.1875
0.781,1999.9619364931,0.427938733259831,0.0213969366629916,10.4717762119099,209.435524238198,11.2673769342988,0,2000,2006.8359375,-6.8359375,11.2673769342988,11.3097840602204,1170.12766370298,0,11.2673769342988,0.938948077858233,11.2673769342988,-1.77635683940025e-15,139.026409308282,90631,137,2006.8359375,6.87400100690024,1999.9619364931,2006.8359375
0.782,1999.95227073385,0.408885014963463,0.0204442507481732,10.4717256021128,209.434512042256,11.3576695022502,0,2000,1992.1875,7.8125,11.3576695022502,11.3092042154826,-1466.29986358085,0,11.3576695022502,0.946472458520848,11.3576695022502,0,139.235845107442,90767,136,1992.1875,-7.76477073384785,1999.95227073385,1992.1875
0.783,1999.9644972053,0.430433798555796,0.0215216899277898,10.4717896197676,209.435792395353,11.2674597692613,0,2000,2006.8359375,-6.8359375,11.2674597692613,11.309866895183,1219.48969701596,0,11.2674597692613,0.938954980771779,11.2674597692613,0,139.445279376381,90904,137,2006.8359375,6.87144029469596,1999.9644972053,2006.8359375
0.784,1999.96240047778,0.409816569958976,0.0204908284979488,10.471778641328,209.43557282656,11.3577523372127,0,2000,1992.1875,7.8125,11.3577523372127,11.3092870504452,-1425.16483582004,0,11.3577523372127,0.946479361434394,11.3577523372127,0,139.654715904188,91040,136,1992.1875,-7.7749004777786,1999.96240047778,1992.1875
0.785,1999.97744715939,0.430782833860886,0.0215391416930443,10.4718574255687,209.437148511374,11.2675426042239,0,2000,2006.8359375,-6.8359375,11.2675426042239,11.3099497301455,1253.76888681664,0,11.2675426042239,0.938961883685324,11.2675426042239,0,139.864151405488,91177,137,2006.8359375,6.85849034060561,1999.97744715939,2006.8359375
0.786,1999.97640136437,0.409948574577496,0.0204974287288748,10.4718519497988,209.437038995975,11.3578351721753,0,2000,1992.1875,7.8125,11.3578351721753,11.3093698854077,-1396.59884431947,0,11.3578351721753,0.946486264347939,11.3578351721753,0,140.073589353347,91313,136,1992.1875,-7.78890136436871,1999.97640136437,1992.1875
0.787,1999.99183979356,0.430833978531921,0.0215416989265961,10.471932785225,209.4386557045,11.2676254391864,0,2000,2006.8359375,-6.8359375,11.2676254391864,11.3100325651081,1277.57387973377,0,11.2676254391864,0.93896878659887,11.2676254391864,0,140.283026344646,91450,137,2006.8359375,6.84409770643742,1999.99183979356,2006.8359375
0.788,1999.99094014998,0.409969592624426,0.0204984796312213,10.4719280747022,209.438561494044,11.3579180071378,0,2000,1992.1875,7.8125,11.3579180071378,11.3094527203702,-1376.76135022185,0,11.3579180071378,0.946493167261485,11.3579180071378,-1.77635683940025e-15,140.492465808587,91586,136,1992.1875,-7.80344014997786,1999.99094014998,1992.1875
0.789,2000.00643322584,0.430843771744675,0.0215421885872338,10.4720091962577,209.440183925155,11.267708274149,0,2000,2006.8359375,-6.8359375,11.267708274149,11.3101154000706,1294.10512481512,0,11.267708274149,0.938975689512415,11.267708274149,0,140.701904325707,91723,137,2006.8359375,6.8295042741554,2000.00643322584,2006.8359375
0.79,2000.00555413423,0.40997520327543,0.0204987601637715,10.4720045933448,209.440091866896,11.3580008421004,0,2000,1992.1875,7.8125,11.3580008421004,11.3095355553328,-1362.98531265407,0,11.3580008421004,0.94650007017503,11.3580008421004,0,140.911345319116,91859,136,1992.1875,-7.81805413423308,2000.00555413423,1992.1875
0.791,2000.02105505675,0.430847823589804,0.0215423911794902,10.4720857559853,209.441715119707,11.2677911091115,0,2000,2006.8359375,-6.8359375,11.2677911091115,11.3101982350332,1305.58515612161,0,11.2677911091115,0.938982592425961,11.2677911091115,0,141.120785367084,91996,137,2006.8359375,6.8148824432451,2000.02105505675,2006.8359375
0.792,2000.02017907559,0.409978673857787,0.0204989336928894,10.4720811693587,209.441623387173,11.3580836770629,0,2000,1992.1875,7.8125,11.3580836770629,11.3096183902953,-1353.41861989866,0,11.3580836770629,0.946506973088576,11.3580836770629,0,141.330227891875,92132,136,1992.1875,-7.83267907558502,2000.02017907559,1992.1875
0.793,2000.03568134143,0.430851077120686,0.0215425538560343,10.4721623390328,209.443246780657,11.2678739440741,0,2000,2006.8359375,-6.8359375,11.2678739440741,11.3102810699957,1313.55740008445,0,11.2678739440741,0.938989495339506,11.2678739440741,-1.77635683940025e-15,141.539669471441,92269,137,2006.8359375,6.80025615856653,2000.03568134143,2006.8359375
0.794,2000.03480604271,0.409981846038533,0.0204990923019266,10.4721577559794,209.443155119589,11.2672940993363,0,2000,2006.8359375,-6.8359375,11.2672940993363,11.3097012252579,1094.63116673704,0,11.2672940993363,0.938941174944688,11.2672940993363,0,141.749113527932,92406,137,2006.8359375,6.80113145729115,2000.03480604271,2006.8359375
0.795,1999.97060610388,0.402191867347466,0.0201095933673733,10.4718216058858,209.436432117715,11.3575866672876,0,2000,1992.1875,7.8125,11.3575866672876,11.3091213805201,-1529.21361105246,0,11.3575866672876,0.946465555607303,11.3575866672876,0,141.958553640233,92542,136,1992.1875,-7.78310610387621,1999.97060610388,1992.1875
0.796,1999.96250958112,0.427937211209887,0.0213968605604943,10.4717792125917,209.435584251835,11.2673769342988,0,2000,2006.8359375,-6.8359375,11.2673769342988,11.3097840602204,1167.06157412295,0,11.2673769342988,0.938948077858234,11.2673769342988,0,142.167988592882,92679,137,2006.8359375,6.8734279188825,1999.96250958112,2006.8359375
0.797,1999.95283603646,0.408883514149208,0.0204441757074604,10.4717285620303,209.434571240607,11.3576695022502,0,2000,1992.1875,7.8125,11.3576695022502,11.3092042154826,-1468.85493823088,0,11.3576695022502,0.946472458520848,11.3576695022502,0,142.377424451648,92815,136,1992.1875,-7.76533603645839,1999.95283603646,1992.1875
0.798,1999.96505482995,0.430432318333783,0.0215216159166891,10.4717925394835,209.43585078967,11.2674597692613,0,2000,2006.8359375,-6.8359375,11.2674597692613,11.309866895183,1217.36046814094,0,11.2674597692613,0.938954980771779,11.2674597692613,-1.77635683940025e-15,142.586858779382,92952,137,2006.8359375,6.87088267004538,1999.96505482995,2006.8359375
0.799,1999.96295052938,0.409815109917271,0.0204907554958635,10.4717815213914,209.435630427829,11.3577523372127,0,2000,1992.1875,7.8125,11.3577523372127,11.3092870504452,-1426.93919321589,0,11.3577523372127,0.946479361434394,11.3577523372127,0,142.796295365186,93088,136,1992.1875,-7.77545052937717,1999.96295052938,1992.1875
0.8,1999.97798974102,0.43078139367615,0.0215390696838075,10.4718602665195,209.437205330389,11.2675426042239,0,2000,2006.8359375,-6.8359375,11.2675426042239,11.3099497301455,1252.29025565343,0,11.2675426042239,0.938961883685325,11.2675426042239,0,143.005730923695,93225,137,2006.8359375,6.85794775897602,1999.97798974102,2006.8359375
0.801,1999.97693657756,0.409947153961704,0.0204973576980852,10.4718547521685,209.43709504337,11.3578351721753,0,2000,1992.1875,7.8125,11.3578351721753,11.3093698854077,-1397.83103695548,0,11.3578351721753,0.946486264347939,11.3578351721753,0,143.215168927986,93361,136,1992.1875,-7.78943657756213,1999.97693657756,1992.1875
0.802,1999.99236773842,0.430832577212482,0.0215416288606241,10.4719355495378,209.438710990756,11.2676254391864,0,2000,2006.8359375,-6.8359375,11.2676254391864,11.3100325651081,1276.5470525371,0,11.2676254391864,0.93896878659887,11.2676254391864,0,143.424605974951,93498,137,2006.8359375,6.84356976158278,1999.99236773842,2006.8359375
0.803,1999.99146092521,0.409968210336743,0.0204984105168372,10.4719308014749,209.438616029499,11.3579180071378,0,2000,1992.1875,7.8125,11.3579180071378,11.3094527203702,-1377.61703955241,0,11.3579180071378,0.946493167261485,11.3579180071378,0,143.634045493803,93634,136,1992.1875,-7.80396092521164,1999.99146092521,1992.1875
0.804,2000.00694692883,0.430842408229342,0.0215421204114671,10.4720118860003,209.440237720005,11.267708274149,0,2000,2006.8359375,-6.8359375,11.267708274149,11.3101154000706,1293.39205037299,0,11.267708274149,0.938975689512416,11.267708274149,0,143.843484065086,93771,137,2006.8359375,6.82899057117152,2000.00694692883,2006.8359375
0.805,2000.00606086101,0.409973858277159,0.020498692913858,10.47200724656,209.4401449312,11.3580008421004,0,2000,1992.1875,7.8125,11.3580008421004,11.3095355553328,-1363.57954135584,0,11.3580008421004,0.94650007017503,11.3580008421004,-1.77635683940025e-15,144.052925111925,93907,136,1992.1875,-7.81856086101084,2000.00606086101,1992.1875
0.806,2000.02155490206,0.430846496856999,0.02154232484285,10.4720883731693,209.441767463385,11.2677911091115,0,2000,2006.8359375,-6.8359375,11.2677911091115,11.3101982350332,1305.0899655368,0,11.2677911091115,0.938982592425961,11.2677911091115,0,144.262365212595,94044,137,2006.8359375,6.81438259793504,2000.02155490206,2006.8359375
0.807,2000.02067213288,0.40997736514235,0.0204988682571175,10.4720837510006,209.441675020013,11.3580836770629,0,2000,1992.1875,7.8125,11.3580836770629,11.3096183902953,-1353.83127871934,0,11.3580836770629,0.946506973088576,11.3580836770629,0,144.471807789374,94180,136,1992.1875,-7.83317213288115,2000.02067213288,1992.1875
0.808,2000.0361677029,0.430849786177916,0.0215424893088958,10.4721648856155,209.44329771231,11.2678739440741,0,2000,2006.8359375,-6.8359375,11.2678739440741,11.3102810699957,1313.21351773389,0,11.2678739440741,0.938989495339507,11.2678739440741,0,144.681249420222,94317,137,2006.8359375,6.79976979710273,2000.0361677029,2006.8359375
0.809,2000.03528579927,0.40998057262707,0.0204990286313535,10.4721602679789,209.443205359578,11.2672940993363,0,2000,2006.8359375,-6.8359375,11.2672940993363,11.3097012252579,1094.34459811157,0,11.2672940993363,0.938941174944688,11.2672940993363,0,144.890693527298,94454,137,2006.8359375,6.80065170072885,2000.03528579927,2006.8359375
0.81,1999.97107934523,0.402190611229226,0.0201095305614613,10.4718240837717,209.436481675434,11.3575866672876,0,2000,1992.1875,7.8125,11.3575866672876,11.3091213805201,-1529.45241824036,0,11.3575866672876,0.946465555607303,11.3575866672876,-1.77635683940025e-15,145.100133689496,94590,136,1992.1875,-7.78357934523365,1999.97107934523,1992.1875
0.811,1999.96297639575,0.427935972150023,0.0213967986075011,10.4717816568274,209.435633136549,11.2673769342988,0,2000,2006.8359375,-6.8359375,11.2673769342988,11.3097840602204,1166.86256813304,0,11.2673769342988,0.938948077858234,11.2673769342988,0,145.309568691366,94727,137,2006.8359375,6.87296110425245,1999.96297639575,2006.8359375
0.812,1999.95329651164,0.408882291916064,0.0204441145958032,10.4717309730728,209.434619461455,11.3576695022502,0,2000,1992.1875,7.8125,11.3576695022502,11.3092042154826,-1469.0207765558,0,11.3576695022502,0.946472458520848,11.3576695022502,0,145.519004598684,94863,136,1992.1875,-7.76579651163865,1999.95329651164,1992.1875
0.813,1999.96550905178,0.430431112698846,0.0215215556349423,10.4717949177834,209.435898355668,11.2674597692614,0,2000,2006.8359375,-6.8359375,11.2674597692614,11.309866895183,1217.22226953683,0,11.2674597692614,0.938954980771779,11.2674597692614,0,145.72843897431,95000,137,2006.8359375,6.8704284482244,1999.96550905178,2006.8359375
0.814,1999.96339858276,0.409813920655135,0.0204906960327567,10.4717838673935,209.435677347869,11.3577523372127,0,2000,1992.1875,7.8125,11.3577523372127,11.3092870504452,-1427.05435871931,0,11.3577523372127,0.946479361434394,11.3577523372127,0,145.937875607358,95136,136,1992.1875,-7.77589858276065,1999.96339858276,1992.1875
0.815,1999.97843170974,0.43078022056447,0.0215390110282235,10.4718625806623,209.437251613245,11.2675426042239,0,2000,2006.8359375,-6.8359375,11.2675426042239,11.3099497301455,1252.19428440058,0,11.2675426042239,0.938961883685325,11.2675426042239,-1.77635683940025e-15,146.147311212467,95273,137,2006.8359375,6.85750579026103,1999.97843170974,2006.8359375
0.816,1999.97737254424,0.409945996781151,0.0204972998390576,10.4718570348847,209.437140697693,11.3578351721753,0,2000,1992.1875,7.8125,11.3578351721753,11.3093698854077,-1397.91101299952,0,11.3578351721753,0.946486264347939,11.3578351721753,0,146.356749262726,95409,136,1992.1875,-7.7898725442401,1999.97737254424,1992.1875
0.817,1999.99279778457,0.430831435746708,0.0215415717873354,10.4719378012542,209.438756025083,11.2676254391864,0,2000,2006.8359375,-6.8359375,11.2676254391864,11.3100325651081,1276.48040583373,0,11.2676254391864,0.93896878659887,11.2676254391864,0,146.566186355035,95546,137,2006.8359375,6.84313971543315,1999.99279778457,2006.8359375
0.818,1999.99188513123,0.409967084372338,0.0204983542186169,10.4719330226125,209.43866045225,11.3579180071378,0,2000,1992.1875,7.8125,11.3579180071378,11.3094527203702,-1377.67257847189,0,11.3579180071378,0.946493167261485,11.3579180071378,0,146.775625918614,95682,136,1992.1875,-7.80438513123499,1999.99188513123,1992.1875
0.819,2000.00736537404,0.430841297555795,0.0215420648777898,10.4720140769742,209.440281539485,11.267708274149,0,2000,2006.8359375,-6.8359375,11.267708274149,11.3101154000706,1293.34576794009,0,11.267708274149,0.938975689512416,11.267708274149,0,146.985064534018,95819,137,2006.8359375,6.828572125964,2000.00736537404,2006.8359375
0.82,2000.00647362364,0.409972762686815,0.0204986381343408,10.4720094077801,209.440188155601,11.3580008421004,0,2000,1992.1875,7.8125,11.3580008421004,11.3095355553328,-1363.61811004992,0,11.3580008421004,0.946500070175031,11.3580008421004,0,147.194505624378,95955,136,1992.1875,-7.81897362363566,2000.00647362364,1992.1875
0.821,2000.02196205928,0.430845416145026,0.0215422708072513,10.4720905050395,209.441810100789,11.2677911091115,0,2000,2006.8359375,-6.8359375,11.2677911091115,11.3101982350332,1305.0578249584,0,11.2677911091115,0.938982592425961,11.2677911091115,0,147.403945767979,96092,137,2006.8359375,6.81397544072206,2000.02196205928,2006.8359375
0.822,2000.02107376081,0.409976299106694,0.0204988149553347,10.4720858539195,209.441717078391,11.3580836770629,0,2000,1992.1875,7.8125,11.3580836770629,11.3096183902953,-1353.85806253467,0,11.3580836770629,0.946506973088576,11.3580836770629,-1.77635683940025e-15,147.613388387104,96228,136,1992.1875,-7.83357376080562,2000.02107376081,1992.1875
0.823,2000.03656387662,0.43084873461927,0.0215424367309635,10.4721669599763,209.443339199526,11.2678739440741,0,2000,2006.8359375,-6.8359375,11.2678739440741,11.3102810699957,1313.19119788778,0,11.2678739440741,0.938989495339507,11.2678739440741,0,147.822830059724,96365,137,2006.8359375,6.79937362337864,2000.03656387662,2006.8359375
0.824,2000.03567659287,0.409979535348832,0.0204989767674416,10.4721623141694,209.443246283388,11.2672940993363,0,2000,2006.8359375,-6.8359375,11.2672940993363,11.3097012252579,1094.32599823981,0,11.2672940993363,0.938941174944688,11.2672940993363,0,148.032274208005,96502,137,2006.8359375,6.80026090713477,2000.03567659287,2006.8359375
0.825,1999.97146483176,0.402189588037466,0.0201094794018733,10.4718261021745,209.436522043489,11.3575866672876,0,2000,1992.1875,7.8125,11.3575866672876,11.3091213805201,-1529.46791813349,0,11.3575866672876,0.946465555607303,11.3575866672876,0,148.241714410849,96638,136,1992.1875,-7.78396483176084,1999.97146483176,1992.1875
0.826,1999.96335664728,0.427934962853443,0.0213967481426722,10.4717836478198,209.435672956396,11.2673769342988,0,2000,2006.8359375,-6.8359375,11.2673769342988,11.3097840602204,1166.84965155543,0,11.2673769342988,0.938948077858234,11.2673769342988,0,148.451149452812,96775,137,2006.8359375,6.87258085272151,1999.96335664728,2006.8359375
0.827,1999.95367159927,0.408881296325966,0.0204440648162983,10.471732937027,209.43465874054,11.3576695022502,0,2000,1992.1875,7.8125,11.3576695022502,11.3092042154826,-1469.03154037048,0,11.3576695022502,0.946472458520849,11.3576695022502,-1.77635683940025e-15,148.660585399679,96911,136,1992.1875,-7.76617159926536,1999.95367159927,1992.1875
0.828,1999.96587904563,0.430430130629092,0.0215215065314546,10.4717968550667,209.435937101333,11.2674597692614,0,2000,2006.8359375,-6.8359375,11.2674597692614,11.309866895183,1217.21329969127,0,11.2674597692614,0.938954980771779,11.2674597692614,0,148.870019814317,97048,137,2006.8359375,6.8700584543742,1999.96587904563,2006.8359375
0.829,1999.96376355201,0.409812951922114,0.0204906475961057,10.471785778368,209.43571556736,11.3577523372127,0,2000,1992.1875,7.8125,11.3577523372127,11.3092870504452,-1427.06183359061,0,11.3577523372127,0.946479361434394,11.3577523372127,0,149.079456485846,97184,136,1992.1875,-7.77626355201028,1999.96376355201,1992.1875
0.83,1999.97879172262,0.430779264987064,0.0215389632493532,10.4718644656853,209.437289313706,11.2675426042239,0,2000,2006.8359375,-6.8359375,11.2675426042239,11.3099497301455,1252.18805534116,0,11.2675426042239,0.938961883685325,11.2675426042239,0,149.288892128915,97321,137,2006.8359375,6.85714577737758,1999.97879172262,2006.8359375
0.831,1999.97772766806,0.409945054180707,0.0204972527090354,10.4718588943087,209.437177886173,11.3578351721753,0,2000,1992.1875,7.8125,11.3578351721753,11.3093698854077,-1397.91620388237,0,11.3578351721753,0.94648626434794,11.3578351721753,0,149.498330216618,97457,136,1992.1875,-7.79022766806497,1999.97772766806,1992.1875
0.832,1999.99314808573,0.430830505946997,0.0215415252973498,10.4719396354267,209.438792708535,11.2676254391864,0,2000,2006.8359375,-6.8359375,11.2676254391864,11.3100325651081,1276.47608009803,0,11.2676254391864,0.93896878659887,11.2676254391864,-1.77635683940025e-15,149.707767345862,97594,137,2006.8359375,6.84278941427237,1999.99314808573,2006.8359375
0.833,1999.99223067523,0.409966167199522,0.0204983083599761,10.4719348318766,209.438696637532,11.3579180071378,0,2000,1992.1875,7.8125,11.3579180071378,11.3094527203702,-1377.67618325164,0,11.3579180071378,0.946493167261485,11.3579180071378,0,149.917206945875,97730,136,1992.1875,-7.80473067522644,1999.99223067523,1992.1875
0.834,2000.00770622546,0.430840392838396,0.0215420196419198,10.4720158616681,209.440317233363,11.267708274149,0,2000,2006.8359375,-6.8359375,11.267708274149,11.3101154000706,1293.34276395696,0,11.267708274149,0.938975689512416,11.267708274149,0,150.126645597218,97867,137,2006.8359375,6.82823127454026,2000.00770622546,2006.8359375
0.835,2000.00680984622,0.409971870255687,0.0204985935127843,10.4720111682374,209.440223364748,11.3580008421004,0,2000,1992.1875,7.8125,11.3580008421004,11.3095355553328,-1363.6206133692,0,11.3580008421004,0.946500070175031,11.3580008421004,0,150.336086723029,98003,136,1992.1875,-7.81930984621886,2000.00680984622,1992.1875
0.836,2000.02229371588,0.430844535833317,0.0215422267916659,10.4720922415894,209.441844831787,11.2677911091115,0,2000,2006.8359375,-6.8359375,11.2677911091115,11.3101982350332,1305.055738859,0,11.2677911091115,0.938982592425961,11.2677911091115,0,150.545526901599,98140,137,2006.8359375,6.81364378411854,2000.02229371588,2006.8359375
0.837,2000.02140091344,0.40997543074982,0.020498771537491,10.4720875668867,209.441751337734,11.3580836770629,0,2000,1992.1875,7.8125,11.3580836770629,11.3096183902953,-1353.85980095083,0,11.3580836770629,0.946506973088576,11.3580836770629,0,150.754969555219,98276,136,1992.1875,-7.83390091343563,2000.02140091344,1992.1875
0.838,2000.03688658644,0.430847878054884,0.0215423939027442,10.472168649681,209.443372993619,11.2678739440741,0,2000,2006.8359375,-6.8359375,11.2678739440741,11.3102810699957,1313.18974920764,0,11.2678739440741,0.938989495339507,11.2678739440741,0,150.964411261866,98413,137,2006.8359375,6.79905091355681,2000.03688658644,2006.8359375
0.839,2000.03599492021,0.409978690416788,0.0204989345208394,10.4721639809275,209.44327961855,11.2672940993363,0,2000,2006.8359375,-6.8359375,11.2672940993363,11.3097012252579,1094.32479100637,0,11.2672940993363,0.938941174944688,11.2672940993363,0,151.173855443711,98550,137,2006.8359375,6.79994257978683,2000.03599492021,2006.8359375
0.84,1999.97177883615,0.402188754579793,0.0201094377289897,10.4718277462976,209.436554925952,11.3575866672876,0,2000,1992.1875,7.8125,11.3575866672876,11.3091213805201,-1529.46892416136,0,11.3575866672876,0.946465555607303,11.3575866672876,0,151.383295679663,98686,136,1992.1875,-7.78427883615041,1999.97177883615,1992.1875
0.841,1999.96366638742,0.427934140714318,0.0213967070357159,10.4717852696154,209.435705392307,11.2673769342988,0,2000,2006.8359375,-6.8359375,11.2673769342988,11.3097840602204,1166.84881319887,0,11.2673769342988,0.938948077858234,11.2673769342988,0,151.592730754285,98823,137,2006.8359375,6.8722711125838,1999.96366638742,2006.8359375
0.842,1999.95397713306,0.408880485351679,0.0204440242675839,10.4717345367982,209.434690735964,11.3576695022502,0,2000,1992.1875,7.8125,11.3576695022502,11.3092042154826,-1469.03223900095,0,11.3576695022502,0.946472458520849,11.3576695022502,0,151.802166733366,98959,136,1992.1875,-7.76647713306056,1999.95397713306,1992.1875
0.843,1999.9661804302,0.430429330668023,0.0215214665334011,10.4717984331126,209.435968662252,11.2674597692614,0,2000,2006.8359375,-6.8359375,11.2674597692614,11.309866895183,1217.21271749921,0,11.2674597692614,0.938954980771779,11.2674597692614,0,152.011601179782,99096,137,2006.8359375,6.86975706979842,1999.9661804302,2006.8359375
0.844,1999.96406084371,0.409812162824701,0.0204906081412351,10.4717873349837,209.435746699674,11.3577523372127,0,2000,1992.1875,7.8125,11.3577523372127,11.3092870504452,-1427.06231875066,0,11.3577523372127,0.946479361434394,11.3577523372127,-1.77635683940025e-15,152.221037882658,99232,136,1992.1875,-7.77656084371347,1999.96406084371,1992.1875
0.845,1999.97908497704,0.430778486605777,0.0215389243302888,10.4718660011618,209.437320023236,11.2675426042239,0,2000,2006.8359375,-6.8359375,11.2675426042239,11.3099497301455,1252.18765104112,0,11.2675426042239,0.938961883685325,11.2675426042239,0,152.430473556647,99369,137,2006.8359375,6.8568525229648,1999.97908497704,2006.8359375
0.846,1999.97801694002,0.409944286370018,0.0204972143185009,10.4718604089331,209.437208178661,11.3578351721753,0,2000,1992.1875,7.8125,11.3578351721753,11.3093698854077,-1397.91654079907,0,11.3578351721753,0.94648626434794,11.3578351721753,0,152.63991167485,99505,136,1992.1875,-7.790516940016,1999.97801694002,1992.1875
0.847,1999.9934334293,0.430829748563353,0.0215414874281676,10.4719411294822,209.438822589644,11.2676254391864,0,2000,2006.8359375,-6.8359375,11.2676254391864,11.3100325651081,1276.47579933411,0,11.2676254391864,0.938968786598871,11.2676254391864,0,152.849348834181,99642,137,2006.8359375,6.8425040707009,1999.9934334293,2006.8359375
0.848,1999.99251214377,0.40996542010132,0.020498271005066,10.4719363056424,209.438726112848,11.3579180071378,0,2000,1992.1875,7.8125,11.3579180071378,11.3094527203703,-1377.67641722157,0,11.3579180071378,0.946493167261485,11.3579180071378,0,153.058788463872,99778,136,1992.1875,-7.80501214376682,1999.99251214377,1992.1875
0.849,2000.00798387159,0.430839655885959,0.021541982794298,10.4720173154199,209.440346308398,11.267708274149,0,2000,2006.8359375,-6.8359375,11.267708274149,11.3101154000706,1293.34256898202,0,11.267708274149,0.938975689512416,11.267708274149,-1.77635683940025e-15,153.26822714449,99915,137,2006.8359375,6.82795362840716,2000.00798387159,2006.8359375
0.85,2000.00708372185,0.409971143311234,0.0204985571655617,10.4720126022469,209.440252044937,11.3580008421004,0,2000,1992.1875,7.8125,11.3580008421004,11.3095355553328,-1363.62077584832,0,11.3580008421004,0.946500070175031,11.3580008421004,0,153.477668299177,100051,136,1992.1875,-7.81958372185363,2000.00708372185,1992.1875
0.851,2000.02256387222,0.430843818760937,0.0215421909380469,10.4720936561247,209.441873122493,11.2677911091115,0,2000,2006.8359375,-6.8359375,11.2677911091115,11.3101982350332,1305.05560345974,0,11.2677911091115,0.938982592425961,11.2677911091115,0,153.687108506232,100188,137,2006.8359375,6.81337362777822,2000.02256387222,2006.8359375
0.852,2000.02166740099,0.40997472341545,0.0204987361707725,10.4720889622123,209.441779244245,11.3580836770629,0,2000,1992.1875,7.8125,11.3580836770629,11.3096183902953,-1353.85991378355,0,11.3580836770629,0.946506973088576,11.3580836770629,0,153.896551187951,100324,136,1992.1875,-7.83416740099028,2000.02166740099,1992.1875
0.853,2000.03714945504,0.430847180326277,0.0215423590163138,10.4721700260577,209.443400521154,11.2678739440741,0,2000,2006.8359375,-6.8359375,11.2678739440741,11.3102810699957,1313.18965518037,0,11.2678739440741,0.938989495339507,11.2678739440741,0,154.105992922314,100461,137,2006.8359375,6.79878804496457,2000.03714945504,2006.8359375
0.854,2000.03625421899,0.409978002163497,0.0204989001081749,10.4721653386127,209.443306772254,11.2672940993363,0,2000,2006.8359375,-6.8359375,11.2672940993363,11.3097012252579,1094.32471265031,0,11.2672940993363,0.938941174944689,11.2672940993363,-1.77635683940025e-15,154.315437131499,100598,137,2006.8359375,6.79968328101131,2000.03625421899,2006.8359375
0.855,1999.97203461359,0.402188075673142,0.0201094037836571,10.4718290855451,209.436581710903,11.3575866672876,0,2000,1992.1875,7.8125,11.3575866672876,11.3091213805201,-1529.46898945807,0,11.3575866672876,0.946465555607303,11.3575866672876,0,154.52487739442,100734,136,1992.1875,-7.78453461358845,1999.97203461359,1992.1875
0.856,1999.96391869134,0.427933471027376,0.0213966735513688,10.4717865906756,209.435731813512,11.2673769342988,0,2000,2006.8359375,-6.8359375,11.2673769342988,11.3097840602204,1166.84875878494,0,11.2673769342988,0.938948077858234,11.2673769342988,0,154.734312495645,100871,137,2006.8359375,6.87201880866201,1999.96391869134,2006.8359375
0.857,1999.95422601064,0.408879824759239,0.020443991237962,10.4717358399181,209.434716798363,11.3576695022502,0,2000,1992.1875,7.8125,11.3576695022502,11.3092042154826,-1469.03228434588,0,11.3576695022502,0.946472458520849,11.3576695022502,0,154.943748500968,101007,136,1992.1875,-7.76672601063729,1999.95422601064,1992.1875
0.858,1999.96642592796,0.430428679046581,0.021521433952329,10.4717997185359,209.435994370718,11.2674597692614,0,2000,2006.8359375,-6.8359375,11.2674597692614,11.309866895183,1217.21267971176,0,11.2674597692614,0.93895498077178,11.2674597692614,0,155.153182973269,101144,137,2006.8359375,6.86951157203634,1999.96642592796,2006.8359375
0.859,1999.96430300756,0.409811520052428,0.0204905760026214,10.4717886029506,209.435772059013,11.3577523372127,0,2000,1992.1875,7.8125,11.3577523372127,11.3092870504452,-1427.0623502402,0,11.3577523372127,0.946479361434394,11.3577523372127,0,155.362619701677,101280,136,1992.1875,-7.77680300755856,1999.96430300756,1992.1875
0.86,1999.97932385224,0.430777852562501,0.021538892628125,10.4718672519095,209.437345038189,11.2675426042239,0,2000,2006.8359375,-6.8359375,11.2675426042239,11.3099497301455,1252.18762479984,0,11.2675426042239,0.938961883685325,11.2675426042239,0,155.572055400853,101417,137,2006.8359375,6.85661364776001,1999.97932385224,2006.8359375
0.861,1999.97825257124,0.409943660937195,0.0204971830468598,10.4718616426953,209.437232853905,11.3578351721753,0,2000,1992.1875,7.8125,11.3578351721753,11.3093698854077,-1397.9165626668,0,11.3578351721753,0.94648626434794,11.3578351721753,-1.77635683940025e-15,155.781493543901,101553,136,1992.1875,-7.79075257124009,1999.97825257124,1992.1875
0.862,1999.9936658606,0.430829131624051,0.0215414565812025,10.4719423464896,209.438846929792,11.2676254391864,0,2000,2006.8359375,-6.8359375,11.2676254391864,11.3100325651081,1276.475781111,0,11.2676254391864,0.938968786598871,11.2676254391864,0,155.990930727739,101690,137,2006.8359375,6.84227163940272,1999.9936658606,2006.8359375
0.863,1999.99274141859,0.409964811540196,0.0204982405770098,10.4719375061226,209.438750122452,11.3579180071378,0,2000,1992.1875,7.8125,11.3579180071378,11.3094527203703,-1377.6764324075,0,11.3579180071378,0.946493167261485,11.3579180071378,0,156.200370381605,101826,136,1992.1875,-7.80524141859428,1999.99274141859,1992.1875
0.864,2000.00821003282,0.430839055589237,0.0215419527794618,10.4720184995973,209.440369991945,11.267708274149,0,2000,2006.8359375,-6.8359375,11.267708274149,11.3101154000706,1293.34255632708,0,11.267708274149,0.938975689512416,11.267708274149,0,156.409809086069,101963,137,2006.8359375,6.82772746718479,2000.00821003282,2006.8359375
0.865,2000.00730681175,0.40997055116668,0.020498527558334,10.4720137703429,209.440275406857,11.3580008421004,0,2000,1992.1875,7.8125,11.3580008421004,11.3095355553328,-1363.6207863941,0,11.3580008421004,0.946500070175031,11.3580008421004,0,156.619250264279,102099,136,1992.1875,-7.81980681175378,2000.00730681175,1992.1875
0.866,2000.02278393251,0.430843234657842,0.0215421617328921,10.4720948083576,209.441896167153,11.2677911091115,0,2000,2006.8359375,-6.8359375,11.2677911091115,11.3101982350332,1305.05559467158,0,11.2677911091115,0.938982592425962,11.2677911091115,-1.77635683940025e-15,156.828690494537,102236,137,2006.8359375,6.81315356748951,2000.02278393251,2006.8359375
0.867,2000.02188447281,0.409974147244608,0.0204987073622304,10.4720900987977,209.441801975953,11.3580836770629,0,2000,1992.1875,7.8125,11.3580836770629,11.3096183902953,-1353.85992110701,0,11.3580836770629,0.946506973088576,11.3580836770629,0,157.038133199143,102372,136,1992.1875,-7.83438447280992,2000.02188447281,1992.1875
0.868,2000.03736357897,0.430846611979968,0.0215423305989984,10.472171147208,209.44342294416,11.2678739440741,0,2000,2006.8359375,-6.8359375,11.2678739440741,11.3102810699957,1313.18964907749,0,11.2678739440741,0.938989495339507,11.2678739440741,0,157.247574956083,102509,137,2006.8359375,6.79857392103077,2000.03736357897,2006.8359375
0.869,2000.03646543507,0.409977441535462,0.0204988720767731,10.4721664445375,209.44332889075,11.2672940993363,0,2000,2006.8359375,-6.8359375,11.2672940993363,11.3097012252579,1094.32470756457,0,11.2672940993363,0.938941174944689,11.2672940993363,0,157.457019187539,102646,137,2006.8359375,6.79947206492943,2000.03646543507,2006.8359375
0.87,1999.97224296131,0.402187522658565,0.0201093761329282,10.4718301764512,209.436603529025,11.3575866672876,0,2000,1992.1875,7.8125,11.3575866672876,11.3091213805201,-1529.46899369619,0,11.3575866672876,0.946465555607304,11.3575866672876,0,157.666459472428,102782,136,1992.1875,-7.78474296130707,1999.97224296131,1992.1875
0.871,1999.96412420965,0.427932925522864,0.0213966462761432,10.471787666767,209.435753335339,11.2673769342988,0,2000,2006.8359375,-6.8359375,11.2673769342988,11.3097840602204,1166.84875525318,0,11.2673769342988,0.938948077858234,11.2673769342988,-1.77635683940025e-15,157.875894595322,102919,137,2006.8359375,6.87181329035343,1999.96412420965,2006.8359375
0.872,1999.95442873796,0.408879286662805,0.0204439643331402,10.4717369013959,209.434738027918,11.3576695022502,0,2000,1992.1875,7.8125,11.3576695022502,11.3092042154826,-1469.03228728902,0,11.3576695022502,0.946472458520849,11.3576695022502,0,158.085330622021,103055,136,1992.1875,-7.76692873795878,1999.95442873796,1992.1875
0.873,1999.9666259022,0.430428148257621,0.0215214074128811,10.4718007655985,209.436015311971,11.2674597692614,0,2000,2006.8359375,-6.8359375,11.2674597692614,11.309866895183,1217.21267725915,0,11.2674597692614,0.93895498077178,11.2674597692614,0,158.294765115407,103192,137,2006.8359375,6.86931159779897,1999.9666259022,2006.8359375
0.874,1999.9645002661,0.409810996471707,0.0204905498235853,10.4717896357939,209.435792715879,11.3577523372127,0,2000,1992.1875,7.8125,11.3577523372127,11.3092870504452,-1427.06235228404,0,11.3577523372127,0.946479361434395,11.3577523372127,0,158.504201864614,103328,136,1992.1875,-7.77700026609978,1999.9645002661,1992.1875
0.875,1999.97951843196,0.430777336092126,0.0215388668046063,10.4718682707265,209.43736541453,11.2675426042239,0,2000,2006.8359375,-6.8359375,11.2675426042239,11.3099497301455,1252.18762309663,0,11.2675426042239,0.938961883685325,11.2675426042239,0,158.713637584306,103465,137,2006.8359375,6.85641906803539,1999.97951843196,2006.8359375
0.876,1999.97844450853,0.409943151480608,0.0204971575740304,10.4718626476766,209.437252953531,11.3578351721753,0,2000,1992.1875,7.8125,11.3578351721753,11.3093698854077,-1397.91656408614,0,11.3578351721753,0.94648626434794,11.3578351721753,0,158.923075747592,103601,136,1992.1875,-7.79094450852722,1999.97844450853,1992.1875
0.877,1999.99385519133,0.430828629086003,0.0215414314543002,10.471943337823,209.43886675646,11.2676254391864,0,2000,2006.8359375,-6.8359375,11.2676254391864,11.3100325651081,1276.47577992822,0,11.2676254391864,0.938968786598871,11.2676254391864,0,159.132512951393,103738,137,2006.8359375,6.84208230866875,1999.99385519133,2006.8359375
0.878,1999.99292817817,0.409964315826733,0.0204982157913366,10.4719384839935,209.438769679869,11.3579180071378,0,2000,1992.1875,7.8125,11.3579180071378,11.3094527203703,-1377.67643339315,0,11.3579180071378,0.946493167261486,11.3579180071378,-1.77635683940025e-15,159.34195262495,103874,136,1992.1875,-7.8054281781715,1999.99292817817,1992.1875
0.879,2000.00839425615,0.430838566607677,0.0215419283303839,10.4720194641884,209.440389283768,11.267708274149,0,2000,2006.8359375,-6.8359375,11.267708274149,11.3101154000706,1293.34255550571,0,11.267708274149,0.938975689512416,11.267708274149,0,159.551391348838,104011,137,2006.8359375,6.82754324384609,2000.00839425615,2006.8359375
0.88,2000.0074885333,0.409970068825605,0.0204985034412802,10.4720147218346,209.440294436693,11.3580008421004,0,2000,1992.1875,7.8125,11.3580008421004,11.3095355553328,-1363.62078707858,0,11.3580008421004,0.946500070175031,11.3580008421004,0,159.760832546209,104147,136,1992.1875,-7.81998853329719,2000.0074885333,1992.1875
0.881,2000.02296318623,0.430842758867071,0.0215421379433535,10.4720957469279,209.441914938559,11.2677911091115,0,2000,2006.8359375,-6.8359375,11.2677911091115,11.3101982350332,1305.05559410118,0,11.2677911091115,0.938982592425962,11.2677911091115,0,159.970272795367,104284,137,2006.8359375,6.81297431376697,2000.02296318623,2006.8359375
0.882,2000.02206129223,0.409973677915186,0.0204986838957593,10.472091024622,209.441820492439,11.3580836770629,0,2000,1992.1875,7.8125,11.3580836770629,11.3096183902953,-1353.85992158235,0,11.3580836770629,0.946506973088577,11.3580836770629,0,160.179715518617,104420,136,1992.1875,-7.83456129222554,2000.02206129223,1992.1875
0.883,2000.03753799714,0.430846149024147,0.0215423074512074,10.4721720604594,209.443441209187,11.2678739440741,0,2000,2006.8359375,-6.8359375,11.2678739440741,11.3102810699957,1313.18964868138,0,11.2678739440741,0.938989495339507,11.2678739440741,-1.77635683940025e-15,160.389157293948,104557,137,2006.8359375,6.79839950286282,2000.03753799714,2006.8359375
0.884,2000.0366374846,0.409976984866687,0.0204988492433343,10.4721673453868,209.443346907735,11.2672940993363,0,2000,2006.8359375,-6.8359375,11.2672940993363,11.3097012252579,1094.32470723448,0,11.2672940993363,0.938941174944689,11.2672940993363,0,160.598601543544,104694,137,2006.8359375,6.79930001540015,2000.0366374846,2006.8359375
0.885,1999.97241267436,0.402187072191457,0.0201093536095728,10.4718310650667,209.436621301335,11.3575866672876,0,2000,1992.1875,7.8125,11.3575866672876,11.3091213805201,-1529.46899397126,0,11.3575866672876,0.946465555607304,11.3575866672876,0,160.808041846327,104830,136,1992.1875,-7.78491267436425,1999.97241267436,1992.1875
0.886,1999.96429161796,0.427932481173202,0.0213966240586601,10.4717885433148,209.435770866297,11.2673769342988,0,2000,2006.8359375,-6.8359375,11.2673769342988,11.3097840602204,1166.84875502395,0,11.2673769342988,0.938948077858234,11.2673769342988,0,161.017476986873,104967,137,2006.8359375,6.87164588203882,1999.96429161796,2006.8359375
0.887,1999.95459387283,0.408878848347514,0.0204439424173757,10.4717377660401,209.434755320801,11.3576695022502,0,2000,1992.1875,7.8125,11.3576695022502,11.3092042154826,-1469.03228748004,0,11.3576695022502,0.946472458520849,11.3576695022502,0,161.226913030983,105103,136,1992.1875,-7.76709387283108,1999.95459387283,1992.1875
0.888,1999.9667887945,0.430427715894751,0.0215213857947375,10.4718016185006,209.436032370013,11.2674597692614,0,2000,2006.8359375,-6.8359375,11.2674597692614,11.309866895183,1217.21267709996,0,11.2674597692614,0.93895498077178,11.2674597692614,-1.77635683940025e-15,161.436347541544,105240,137,2006.8359375,6.86914870549572,1999.9667887945,2006.8359375
0.889,1999.96466094629,0.409810569980422,0.0204905284990211,10.4717904771134,209.435809542269,11.3577523372127,0,2000,1992.1875,7.8125,11.3577523372127,11.3092870504452,-1427.0623524167,0,11.3577523372127,0.946479361434395,11.3577523372127,0,161.645784307694,105376,136,1992.1875,-7.77716094628772,1999.96466094629,1992.1875
0.89,1999.97967693008,0.430776915392691,0.0215388457696346,10.4718691006207,209.437382012414,11.2675426042239,0,2000,2006.8359375,-6.8359375,11.2675426042239,11.3099497301455,1252.18762298608,0,11.2675426042239,0.938961883685325,11.2675426042239,0,161.855220044098,105513,137,2006.8359375,6.85626056992123,1999.97967693008,2006.8359375
0.891,1999.9786008542,0.409942736494368,0.0204971368247184,10.4718634663006,209.437269326012,11.3578351721753,0,2000,1992.1875,7.8125,11.3578351721753,11.3093698854077,-1397.91656417826,0,11.3578351721753,0.94648626434794,11.3578351721753,0,162.064658223869,105649,136,1992.1875,-7.79110085420029,1999.9786008542,1992.1875
0.892,1999.99400941379,0.430828219735372,0.0215414109867686,10.47194414533,209.438882906599,11.2676254391865,0,2000,2006.8359375,-6.8359375,11.2676254391865,11.3100325651081,1276.47577985145,0,11.2676254391865,0.938968786598871,11.2676254391865,0,162.274095443931,105786,137,2006.8359375,6.84192808620605,1999.99400941379,2006.8359375
0.893,1999.99308030626,0.409963912035177,0.0204981956017589,10.4719392805343,209.438785610685,11.3579180071378,0,2000,1992.1875,7.8125,11.3579180071378,11.3094527203703,-1377.67643345713,0,11.3579180071378,0.946493167261486,11.3579180071378,0,162.483535133528,105922,136,1992.1875,-7.80558030625866,1999.99308030626,1992.1875
0.894,2000.00854431831,0.430838168299704,0.0215419084149852,10.472020249912,209.44040499824,11.267708274149,0,2000,2006.8359375,-6.8359375,11.267708274149,11.3101154000706,1293.34255545239,0,11.267708274149,0.938975689512416,11.267708274149,0,162.692973873238,106059,137,2006.8359375,6.82739318169342,2000.00854431831,2006.8359375
0.895,2000.00763655757,0.409969675926744,0.0204984837963372,10.4720154968879,209.440309937758,11.3580008421004,0,2000,1992.1875,7.8125,11.3580008421004,11.3095355553328,-1363.620787123,0,11.3580008421004,0.946500070175031,11.3580008421004,-1.77635683940025e-15,162.902415086217,106195,136,1992.1875,-7.82013655757146,2000.00763655757,1992.1875
0.896,2000.0231092003,0.430842371303867,0.0215421185651934,10.4720965114558,209.441930229116,11.2677911091115,0,2000,2006.8359375,-6.8359375,11.2677911091115,11.3101982350332,1305.05559406416,0,11.2677911091115,0.938982592425962,11.2677911091115,0,163.111855350771,106332,137,2006.8359375,6.81282829969723,2000.0231092003,2006.8359375
0.897,2000.02220532339,0.40997329561518,0.020498664780759,10.4720917787674,209.441835575347,11.3580836770629,0,2000,1992.1875,7.8125,11.3580836770629,11.3096183902953,-1353.8599216132,0,11.3580836770629,0.946506973088577,11.3580836770629,0,163.321298089207,106468,136,1992.1875,-7.83470532339106,2000.02220532339,1992.1875
0.898,2000.03768007233,0.430845771915864,0.0215422885957932,10.4721728043633,209.443456087266,11.2678739440741,0,2000,2006.8359375,-6.8359375,11.2678739440741,11.3102810699957,1313.18964865567,0,11.2678739440741,0.938989495339507,11.2678739440741,0,163.530739879518,106605,137,2006.8359375,6.79825742767343,2000.03768007233,2006.8359375
0.899,2000.03677763037,0.409976612879621,0.0204988306439811,10.4721680791883,209.443361583766,11.2672940993363,0,2000,2006.8359375,-6.8359375,11.2672940993363,11.3097012252579,1094.32470721306,0,11.2672940993363,0.938941174944689,11.2672940993363,0,163.740184143891,106742,137,2006.8359375,6.7991598696251,2000.03677763037,2006.8359375
0.9,1999.97255091693,0.402186705256062,0.0201093352628031,10.4718317889031,209.436635778062,11.3575866672876,0,2000,1992.1875,7.8125,11.3575866672876,11.3091213805201,-1529.46899398912,0,11.3575866672876,0.946465555607304,11.3575866672876,-1.77635683940025e-15,163.94962446125,106878,136,1992.1875,-7.78505091692682,1999.97255091693,1992.1875
0.901,1999.96442798316,0.427932119220875,0.0213966059610437,10.4717892573213,209.435785146427,11.2673769342988,0,2000,2006.8359375,-6.8359375,11.2673769342988,11.3097840602204,1166.84875500907,0,11.2673769342988,0.938948077858235,11.2673769342988,0,164.159059616174,107015,137,2006.8359375,6.87150951684225,1999.96442798316,2006.8359375
0.902,1999.95472838616,0.408878491310583,0.0204439245655292,10.4717384703502,209.434769407004,11.3576695022502,0,2000,1992.1875,7.8125,11.3576695022502,11.3092042154826,-1469.03228749244,0,11.3576695022502,0.946472458520849,11.3576695022502,0,164.368495674467,107151,136,1992.1875,-7.7672283861566,1999.95472838616,1992.1875
0.903,1999.96692148111,0.430427363706466,0.0215213681853233,10.4718023132461,209.436046264921,11.2674597692614,0,2000,2006.8359375,-6.8359375,11.2674597692614,11.309866895183,1217.21267708963,0,11.2674597692614,0.93895498077178,11.2674597692614,0,164.577930199019,107288,137,2006.8359375,6.86901601889349,1999.96692148111,2006.8359375
0.904,1999.96479183098,0.409810222574937,0.0204905111287468,10.4717911624241,209.435823248481,11.3577523372127,0,2000,1992.1875,7.8125,11.3577523372127,11.3092870504452,-1427.06235242531,0,11.3577523372127,0.946479361434395,11.3577523372127,0,164.787366978969,107424,136,1992.1875,-7.77729183097563,1999.96479183098,1992.1875
0.905,1999.97980603732,0.430776572705053,0.0215388286352526,10.4718697766247,209.437395532493,11.2675426042239,0,2000,2006.8359375,-6.8359375,11.2675426042239,11.3099497301455,1252.18762297891,0,11.2675426042239,0.938961883685326,11.2675426042239,-1.77635683940025e-15,164.996802728985,107561,137,2006.8359375,6.85613146267747,1999.97980603732,2006.8359375
0.906,1999.97872820814,0.409942398460506,0.0204971199230253,10.4718641331242,209.437282662485,11.3578351721753,0,2000,1992.1875,7.8125,11.3578351721753,11.3093698854077,-1397.91656418424,0,11.3578351721753,0.94648626434794,11.3578351721753,0,165.206240922184,107697,136,1992.1875,-7.79122820813768,1999.97872820814,1992.1875
0.907,1999.99413503824,0.430827886292089,0.0215413943146044,10.471944803098,209.43889606196,11.2676254391865,0,2000,2006.8359375,-6.8359375,11.2676254391865,11.3100325651081,1276.47577984647,0,11.2676254391865,0.938968786598871,11.2676254391865,0,165.415678155492,107834,137,2006.8359375,6.8418024617647,1999.99413503824,2006.8359375
0.908,1999.99320422469,0.409963583120131,0.0204981791560066,10.4719399293697,209.438798587393,11.3579180071378,0,2000,1992.1875,7.8125,11.3579180071378,11.3094527203703,-1377.67643346128,0,11.3579180071378,0.946493167261486,11.3579180071378,0,165.625117858155,107970,136,1992.1875,-7.80570422469054,1999.99320422469,1992.1875
0.909,2000.0086665539,0.430837843851402,0.0215418921925701,10.4720208899361,209.440417798721,11.267708274149,0,2000,2006.8359375,-6.8359375,11.267708274149,11.3101154000706,1293.34255544893,0,11.267708274149,0.938975689512417,11.267708274149,0,165.834556610754,108107,137,2006.8359375,6.82727094610254,2000.0086665539,2006.8359375
0.91,2000.00775713317,0.409969355884525,0.0204984677942262,10.4720161282203,209.440322564406,11.3580008421004,0,2000,1992.1875,7.8125,11.3580008421004,11.3095355553328,-1363.62078712589,0,11.3580008421004,0.946500070175031,11.3580008421004,0,166.043997836446,108243,136,1992.1875,-7.82025713317489,2000.00775713317,1992.1875
0.911,2000.02322813846,0.430842055607895,0.0215421027803948,10.4720971342146,209.441942684291,11.2677911091115,0,2000,2006.8359375,-6.8359375,11.2677911091115,11.3101982350332,1305.05559406176,0,11.2677911091115,0.938982592425962,11.2677911091115,0,166.25343811354,108380,137,2006.8359375,6.81270936153805,2000.02322813846,2006.8359375
0.912,2000.02232264634,0.409972984206433,0.0204986492103217,10.4720923930689,209.441847861378,11.3580836770629,0,2000,1992.1875,7.8125,11.3580836770629,11.3096183902954,-1353.8599216152,0,11.3580836770629,0.946506973088577,11.3580836770629,-1.77635683940025e-15,166.462880864347,108516,136,1992.1875,-7.83482264634131,2000.02232264634,1992.1875
0.913,2000.037795802,0.43084546473612,0.021542273236806,10.4721734103225,209.44346820645,11.2678739440741,0,2000,2006.8359375,-6.8359375,11.2678739440741,11.3102810699957,1313.189648654,0,11.2678739440741,0.938989495339508,11.2678739440741,0,166.67232266686,108653,137,2006.8359375,6.79814169799624,2000.037795802,2006.8359375
0.914,2000.03689178842,0.40997630987145,0.0204988154935725,10.4721686769184,209.443373538368,11.3581665120255,0,2000,1992.1875,7.8125,11.3581665120255,11.3097012252579,-1347.08154278833,0,11.3581665120255,0.946513876002122,11.3581665120255,0,166.88176694327,108789,136,1992.1875,-7.8493917884166,2000.03689178842,1992.1875
0.915,2000.0523661631,0.430848757531633,0.0215424378765817,10.4722497005548,209.444994011096,11.2679567790366,0,2000,2006.8359375,-6.8359375,11.2679567790366,11.3103639049583,1318.83829767639,0,11.2679567790366,0.938996398253053,11.2679567790366,0,167.091210271526,108926,137,2006.8359375,6.7835713368961,2000.0523661631,2006.8359375
0.916,2000.05146326278,0.409979588671308,0.0204989794335654,10.4722449729798,209.444899459596,11.2673769342988,0,2000,2006.8359375,-6.8359375,11.2673769342988,11.3097840602204,1099.03191473032,0,11.2673769342988,0.938948077858235,11.2673769342988,0,167.300656073799,109063,137,2006.8359375,6.78447423721741,2000.05146326278,2006.8359375
0.917,1999.98723606395,0.402189678222627,0.0201094839111313,10.4719086801531,209.438173603062,11.3576695022502,0,2000,1992.1875,7.8125,11.3576695022502,11.3092042154826,-1525.54632105806,0,11.3576695022502,0.946472458520849,11.3576695022502,-1.77635683940025e-15,167.510097929009,109199,136,1992.1875,-7.7997360639547,1999.98723606395,1992.1875
0.918,1999.97911263902,0.427935091958591,0.0213967545979296,10.4718661459996,209.437322919992,11.2674597692614,0,2000,2006.8359375,-6.8359375,11.2674597692614,11.309866895183,1170.11764911828,0,11.2674597692614,0.93895498077178,11.2674597692614,0,167.719534621732,109336,137,2006.8359375,6.85682486098472,1999.97911263902,2006.8359375
0.919,1999.9694125529,0.408881464775561,0.0204440732387781,10.4718153564675,209.436307129349,11.3577523372127,0,2000,1992.1875,7.8125,11.3577523372127,11.3092870504452,-1466.3082090681,0,11.3577523372127,0.946479361434395,11.3577523372127,0,167.928972217773,109472,136,1992.1875,-7.78191255289994,1999.9694125529,1992.1875
0.92,1999.98160516366,0.43043033824389,0.0215215169121945,10.4718791968281,209.437583936563,11.2675426042239,0,2000,2006.8359375,-6.8359375,11.2675426042239,11.3099497301455,1219.48274244325,0,11.2675426042239,0.938961883685326,11.2675426042239,0,168.138408280022,109609,137,2006.8359375,6.85433233633989,1999.98160516366,2006.8359375
0.921,1999.97947503527,0.409813198302529,0.0204906599151265,10.471868043502,209.43736087004,11.3578351721753,0,2000,1992.1875,7.8125,11.3578351721753,11.3093698854077,-1425.17063129729,0,11.3578351721753,0.946486264347941,11.3578351721753,0,168.347846597618,109745,136,1992.1875,-7.79197503527371,1999.97947503527,1992.1875
0.922,1999.99448876962,0.430779549655937,0.0215389774827968,10.4719466552312,209.438933104624,11.2676254391865,0,2000,2006.8359375,-6.8359375,11.2676254391865,11.3100325651081,1253.76405725226,0,11.2676254391865,0.938968786598871,11.2676254391865,-1.77635683940025e-15,168.557283885232,109882,137,2006.8359375,6.84144873037872,1999.99448876962,2006.8359375
0.923,1999.99341047476,0.409945376636432,0.0204972688318216,10.4719410092925,209.43882018585,11.3579180071378,0,2000,1992.1875,7.8125,11.3579180071378,11.3094527203703,-1396.60286895645,0,11.3579180071378,0.946493167261486,11.3579180071378,0,168.766723615978,110018,136,1992.1875,-7.80591047475855,1999.99341047476,1992.1875
0.924,2000.00881684547,0.43083086568326,0.021541543284163,10.4720216768609,209.440433537218,11.267708274149,0,2000,2006.8359375,-6.8359375,11.267708274149,11.3101154000706,1277.57052586962,0,11.267708274149,0.938975689512417,11.267708274149,0,168.976162386785,110155,137,2006.8359375,6.82712065453097,2000.00881684547,2006.8359375
0.925,2000.00788557876,0.409966563712595,0.0204983281856298,10.4720168007598,209.440336015197,11.3580008421004,0,2000,1992.1875,7.8125,11.3580008421004,11.3095355553328,-1376.76414510865,0,11.3580008421004,0.946500070175032,11.3580008421004,0,169.185603626899,110291,136,1992.1875,-7.82038557876376,2000.00788557876,1992.1875
0.926,2000.02334746096,0.430840825629793,0.0215420412814897,10.4720977589857,209.441955179714,11.2677911091115,0,2000,2006.8359375,-6.8359375,11.2677911091115,11.3101982350332,1294.10279574279,0,11.2677911091115,0.938982592425962,11.2677911091115,0,169.395043916903,110428,137,2006.8359375,6.81259003904142,2000.02334746096,2006.8359375
0.927,2000.02243759929,0.409972338833093,0.0204986169416547,10.4720929949611,209.441859899223,11.3580836770629,0,2000,1992.1875,7.8125,11.3580836770629,11.3096183902954,-1362.98725354767,0,11.3580836770629,0.946506973088577,11.3580836770629,0,169.604486679953,110564,136,1992.1875,-7.83493759929252,2000.02243759929,1992.1875
0.928,2000.03790816962,0.430845039710882,0.0215422519855441,10.472173998678,209.44347997356,11.2678739440741,0,2000,2006.8359375,-6.8359375,11.2678739440741,11.3102810699957,1305.58353871027,0,11.2678739440741,0.938989495339508,11.2678739440741,0,169.813928494359,110701,137,2006.8359375,6.79802933037581,2000.03790816962,2006.8359375
0.929,2000.03700224845,0.409975969448209,0.0204987984724104,10.4721692552858,209.443385105717,11.2672940993363,0,2000,2006.8359375,-6.8359375,11.2672940993363,11.3097012252579,1087.98628225856,0,11.2672940993363,0.938941174944689,11.2672940993363,0,170.023372782433,110838,137,2006.8359375,6.79893525154512,2000.03700224845,2006.8359375
0.93,1999.97277234247,0.402186099932416,0.0201093049966208,10.4718329482845,209.43665896569,11.3575866672877,0,2000,1992.1875,7.8125,11.3575866672877,11.3091213805201,-1534.75101478453,0,11.3575866672877,0.946465555607304,11.3575866672877,0,170.232813123145,110974,136,1992.1875,-7.78527234246781,1999.97277234247,1992.1875
0.931,1999.96464634872,0.427931533060018,0.0213965766530009,10.4717904006807,209.435808013615,11.2673769342988,0,2000,2006.8359375,-6.8359375,11.2673769342988,11.3097840602204,1162.44707101289,0,11.2673769342988,0.938948077858235,11.2673769342988,0,170.442248301096,111111,137,2006.8359375,6.87129115128118,1999.96464634872,2006.8359375
0.932,1999.95494376653,0.408877917186733,0.0204438958593366,10.4717395980792,209.434791961584,11.3576695022502,0,2000,1992.1875,7.8125,11.3576695022502,11.3092042154826,-1472.70035748926,0,11.3576695022502,0.94647245852085,11.3576695022502,0,170.651684382099,111247,136,1992.1875,-7.767443766528,1999.95494376653,1992.1875
0.933,1999.96713392921,0.430426798898249,0.0215213399449124,10.4718034256217,209.436068512435,11.2674597692614,0,2000,2006.8359375,-6.8359375,11.2674597692614,11.309866895183,1214.15595209228,0,11.2674597692614,0.93895498077178,11.2674597692614,0,170.861118929051,111384,137,2006.8359375,6.86880357078849,1999.96713392921,2006.8359375
0.934,1999.96500139125,0.409809666002843,0.0204904833001422,10.4717922596791,209.435845193581,11.3577523372127,0,2000,1992.1875,7.8125,11.3577523372127,11.3092870504452,-1429.60962325643,0,11.3577523372127,0.946479361434395,11.3577523372127,-1.77635683940025e-15,171.070555731097,111520,136,1992.1875,-7.77750139124737,1999.96500139125,1992.1875
0.935,1999.9800127507,0.430776023902173,0.0215388011951086,10.4718708589734,209.437417179467,11.2675426042239,0,2000,2006.8359375,-6.8359375,11.2675426042239,11.3099497301455,1250.06489728631,0,11.2675426042239,0.938961883685326,11.2675426042239,0,171.27999150291,111657,137,2006.8359375,6.85592474930309,1999.9800127507,2006.8359375
0.936,1999.97893211392,0.409941857189048,0.0204970928594524,10.4718652007724,209.437304015448,11.3578351721753,0,2000,1992.1875,7.8125,11.3578351721753,11.3093698854077,-1399.68550226141,0,11.3578351721753,0.946486264347941,11.3578351721753,0,171.489429717608,111793,136,1992.1875,-7.7914321139167,1999.97893211392,1992.1875
0.937,1999.99433617479,0.430827352400487,0.0215413676200243,10.4719458562465,209.43891712493,11.2676254391865,0,2000,2006.8359375,-6.8359375,11.2676254391865,11.3100325651081,1275.00166478216,0,11.2676254391865,0.938968786598871,11.2676254391865,0,171.698866972124,111930,137,2006.8359375,6.84160132521379,1999.99433617479,2006.8359375
0.938,1999.99340262971,0.409963056489802,0.0204981528244901,10.4719409682159,209.438819364318,11.3579180071378,0,2000,1992.1875,7.8125,11.3579180071378,11.3094527203703,-1378.90486268153,0,11.3579180071378,0.946493167261486,11.3579180071378,0,171.908306695706,112066,136,1992.1875,-7.8059026297085,1999.99340262971,1992.1875
0.939,2000.00886226451,0.430837324376894,0.0215418662188447,10.4720219146744,209.440438293489,11.267708274149,0,2000,2006.8359375,-6.8359375,11.267708274149,11.3101154000706,1292.31886443205,0,11.267708274149,0.938975689512417,11.267708274149,-1.77635683940025e-15,172.117745468941,112203,137,2006.8359375,6.8270752354897,2000.00886226451,2006.8359375
0.94,2000.00795018599,0.409968843466113,0.0204984421733057,10.4720171390425,209.440342780849,11.3580008421004,0,2000,1992.1875,7.8125,11.3580008421004,11.3095355553328,-1364.47386297329,0,11.3580008421004,0.946500070175032,11.3580008421004,0,172.327186714988,112339,136,1992.1875,-7.82045018598524,2000.00795018599,1992.1875
0.941,2000.02341856957,0.430841550148808,0.0215420775074404,10.4720981313095,209.44196262619,11.2677911091115,0,2000,2006.8359375,-6.8359375,11.2677911091115,11.3101982350332,1304.34469752226,0,11.2677911091115,0.938982592425962,11.2677911091115,0,172.536627012161,112476,137,2006.8359375,6.81251893043191,2000.02341856957,2006.8359375
0.942,2000.02251049135,0.409972485611806,0.0204986242805903,10.4720933766231,209.441867532461,11.3580836770629,0,2000,1992.1875,7.8125,11.3580836770629,11.3096183902954,-1354.45233539812,0,11.3580836770629,0.946506973088577,11.3580836770629,0,172.746069782774,112612,136,1992.1875,-7.83501049134884,2000.02251049135,1992.1875
0.943,2000.03798109603,0.430844972912601,0.0215422486456301,10.4721743805198,209.443487610395,11.2678739440741,0,2000,2006.8359375,-6.8359375,11.2678739440741,11.3102810699957,1312.69597050157,0,11.2678739440741,0.938989495339508,11.2678739440741,0,172.955511604825,112749,137,2006.8359375,6.79795640396787,2000.03798109603,2006.8359375
0.944,2000.03707456611,0.409975824727038,0.0204987912363519,10.4721696339402,209.443392678804,11.2672940993363,0,2000,2006.8359375,-6.8359375,11.2672940993363,11.3097012252579,1093.91330875131,0,11.2672940993363,0.938941174944689,11.2672940993363,-1.77635683940025e-15,173.164955900506,112886,137,2006.8359375,6.79886293389154,2000.03707456611,2006.8359375
0.945,1999.9728438202,0.402185927806783,0.0201092963903391,10.4718333225411,209.436666450821,11.3575866672877,0,2000,1992.1875,7.8125,11.3575866672877,11.3091213805201,-1529.81182604058,0,11.3575866672877,0.946465555607304,11.3575866672877,0,173.374396248749,113022,136,1992.1875,-7.78534382020484,1999.9728438202,1992.1875
0.946,1999.96471690874,0.427931352329541,0.0213965676164771,10.4717907701322,209.435815402643,11.2673769342988,0,2000,2006.8359375,-6.8359375,11.2673769342988,11.3097840602204,1166.56306163285,0,11.2673769342988,0.938948077858235,11.2673769342988,0,173.583831434137,113159,137,2006.8359375,6.87122059125841,1999.96471690874,2006.8359375
0.947,1999.95501338806,0.408877734833813,0.0204438867416907,10.4717399626167,209.434799252334,11.3576695022502,0,2000,1992.1875,7.8125,11.3576695022502,11.3092042154826,-1469.27036530596,0,11.3576695022502,0.94647245852085,11.3576695022502,0,173.79326752248,113295,136,1992.1875,-7.76751338806366,1999.95501338806,1992.1875
0.948,1999.96720261262,0.430426617502825,0.0215213308751412,10.4718037852472,209.436075704945,11.2674597692614,0,2000,2006.8359375,-6.8359375,11.2674597692614,11.309866895183,1217.0142789117,0,11.2674597692614,0.938954980771781,11.2674597692614,0,174.002702076674,113432,137,2006.8359375,6.86873488737706,1999.96720261262,2006.8359375
0.949,1999.96506914466,0.409809486504913,0.0204904743252456,10.4717926144351,209.435852288702,11.3577523372127,0,2000,1992.1875,7.8125,11.3577523372127,11.3092870504452,-1427.22768424025,0,11.3577523372127,0.946479361434395,11.3577523372127,0,174.212138885864,113568,136,1992.1875,-7.77756914466158,1999.96506914466,1992.1875
0.95,1999.98007958502,0.430775846631029,0.0215387923315515,10.4718712089171,209.437424178341,11.2675426042239,0,2000,2006.8359375,-6.8359375,11.2675426042239,11.3099497301455,1252.04984646646,0,11.2675426042239,0.938961883685326,11.2675426042239,0,174.421574664723,113705,137,2006.8359375,6.85585791497556,1999.98007958502,2006.8359375
0.951,1999.978998041,0.409941682246736,0.0204970841123368,10.4718655459658,209.437310919316,11.3578351721753,0,2000,1992.1875,7.8125,11.3578351721753,11.3093698854077,-1398.03137794462,0,11.3578351721753,0.946486264347941,11.3578351721753,-1.77635683940025e-15,174.631012886373,113841,136,1992.1875,-7.7914980409987,1999.978998041,1992.1875
0.952,1999.9944012067,0.430827179804665,0.0215413589902333,10.4719461967528,209.438923935057,11.2676254391865,0,2000,2006.8359375,-6.8359375,11.2676254391865,11.3100325651081,1276.38010171282,0,11.2676254391865,0.938968786598872,11.2676254391865,0,174.840450147745,113978,137,2006.8359375,6.84153629329535,1999.9944012067,2006.8359375
0.953,1999.99346677853,0.40996288622697,0.0204981443113485,10.4719413040984,209.438826081967,11.3579180071378,0,2000,1992.1875,7.8125,11.3579180071378,11.3094527203703,-1377.75616523932,0,11.3579180071378,0.946493167261486,11.3579180071378,0,175.049889878091,114114,136,1992.1875,-7.80596677853032,1999.99346677853,1992.1875
0.954,2000.0089255422,0.430837156422209,0.0215418578211105,10.4720222459956,209.440444919913,11.267708274149,0,2000,2006.8359375,-6.8359375,11.267708274149,11.3101154000706,1293.27611230057,0,11.267708274149,0.938975689512417,11.267708274149,0,175.259328657998,114251,137,2006.8359375,6.82701195780396,2000.0089255422,2006.8359375
0.955,2000.00801260435,0.40996867779078,0.020498433889539,10.4720174658643,209.440349317285,11.3580008421004,0,2000,1992.1875,7.8125,11.3580008421004,11.3095355553328,-1363.67615641619,0,11.3580008421004,0.946500070175032,11.3580008421004,0,175.468769910627,114387,136,1992.1875,-7.82051260435219,2000.00801260435,1992.1875
0.956,2000.02348014028,0.43084138672282,0.021542069336141,10.472098453693,209.44196907386,11.2677911091116,0,2000,2006.8359375,-6.8359375,11.2677911091116,11.3101982350332,1305.00945298651,0,11.2677911091116,0.938982592425962,11.2677911091115,-1.77635683940025e-15,175.678210214292,114524,137,2006.8359375,6.81245735971834,2000.02348014028,2006.8359375
0.957,2000.02257122592,0.409972324404971,0.0204986162202485,10.4720936946285,209.44187389257,11.3580836770629,0,2000,1992.1875,7.8125,11.3580836770629,11.3096183902954,-1353.89837251124,0,11.3580836770629,0.946506973088577,11.3580836770629,0,175.887652991309,114660,136,1992.1875,-7.83507122591845,2000.02257122592,1992.1875
0.958,2000.03804100581,0.430844813894914,0.0215422406947457,10.4721746942066,209.443493884133,11.2678739440741,0,2000,2006.8359375,-6.8359375,11.2678739440741,11.3102810699957,1313.15760624063,0,11.2678739440741,0.938989495339508,11.2678739440741,0,176.097094819676,114797,137,2006.8359375,6.79789649418717,2000.03804100581,2006.8359375
0.959,2000.0371336623,0.409975667868817,0.0204987833934409,10.4721699433671,209.443398867342,11.3581665120255,0,2000,1992.1875,7.8125,11.3581665120255,11.3097012252579,-1347.10824479948,0,11.3581665120255,0.946513876002123,11.3581665120255,0,176.306539121589,114933,136,1992.1875,-7.84963366230181,2000.0371336623,1992.1875
0.96,2000.05260475229,0.430848124247543,0.0215424062123772,10.4722509498049,209.445018996097,11.2679567790366,0,2000,2006.8359375,-6.8359375,11.2679567790366,11.3103639049583,1318.81604600044,0,11.2679567790366,0.938996398253054,11.2679567790366,0,176.515982475001,115070,137,2006.8359375,6.78333274771467,2000.05260475229,2006.8359375
0.961,2000.05169861187,0.409978963987364,0.0204989481993682,10.4722462052647,209.444924105294,11.2673769342988,0,2000,2006.8359375,-6.8359375,11.2673769342988,11.3097840602204,1099.01337166703,0,11.2673769342988,0.938948077858235,11.2673769342988,-1.77635683940025e-15,176.725428302089,115207,137,2006.8359375,6.78423888813245,2000.05169861187,2006.8359375
0.962,1999.98746821694,0.402189062022036,0.0201094531011018,10.4719098957033,209.438197914067,11.3576695022502,0,2000,1992.1875,7.8125,11.3576695022502,11.3092042154826,-1525.56177361081,0,11.3576695022502,0.94647245852085,11.3576695022502,0,176.934870181777,115343,136,1992.1875,-7.79996821694476,1999.98746821694,1992.1875
0.963,1999.97934163931,0.427934484126148,0.0213967242063074,10.4718673450424,209.437346900847,11.2674597692614,0,2000,2006.8359375,-6.8359375,11.2674597692614,11.309866895183,1170.10477199099,0,11.2674597692614,0.938954980771781,11.2674597692614,0,177.144306898646,115480,137,2006.8359375,6.85659586068687,1999.97934163931,2006.8359375
0.964,1999.96963844332,0.408880865197624,0.0204440432598812,10.471816539227,209.436330784539,11.3577523372127,0,2000,1992.1875,7.8125,11.3577523372127,11.3092870504452,-1466.31894000751,0,11.3577523372127,0.946479361434395,11.3577523372127,0,177.353744518504,115616,136,1992.1875,-7.78213844332072,1999.96963844332,1992.1875
0.965,1999.98182798644,0.43042974680836,0.021521487340418,10.4718803635255,209.437607270509,11.2675426042239,0,2000,2006.8359375,-6.8359375,11.2675426042239,11.3099497301455,1219.47379999375,0,11.2675426042239,0.938961883685326,11.2675426042239,0,177.563180604247,115753,137,2006.8359375,6.85410951356312,1999.98182798644,2006.8359375
0.966,1999.97969483207,0.40981261489883,0.0204906307449415,10.4718691943553,209.437383887106,11.3578351721753,0,2000,1992.1875,7.8125,11.3578351721753,11.3093698854077,-1425.17808333855,0,11.3578351721753,0.946486264347941,11.3578351721753,0,177.772618945018,115889,136,1992.1875,-7.79219483206589,1999.97969483207,1992.1875
0.967,1999.99470558152,0.430778974174995,0.0215389487087498,10.4719477904557,209.438955809113,11.2676254391865,0,2000,2006.8359375,-6.8359375,11.2676254391865,11.3100325651081,1253.75784721788,0,11.2676254391865,0.938968786598872,11.2676254391865,0,177.982056255492,116026,137,2006.8359375,6.84123191847789,1999.99470558152,2006.8359375
0.968,1999.9936243423,0.409944808970655,0.0204972404485327,10.4719421291003,209.438842582007,11.3579180071378,0,2000,1992.1875,7.8125,11.3579180071378,11.3094527203703,-1396.6080439851,0,11.3579180071378,0.946493167261486,11.3579180071378,-1.77635683940025e-15,178.191496008789,116162,136,1992.1875,-7.80612434230375,1999.9936243423,1992.1875
0.969,2000.00902780864,0.430830305726515,0.0215415152863258,10.4720227814615,209.44045562923,11.267708274149,0,2000,2006.8359375,-6.8359375,11.267708274149,11.3101154000706,1277.56621334575,0,11.267708274149,0.938975689512417,11.267708274149,0,178.40093480184,116299,137,2006.8359375,6.82690969135683,2000.00902780864,2006.8359375
0.97,2000.00809367701,0.409966011360192,0.0204983005680096,10.4720178903597,209.440357807194,11.3580008421004,0,2000,1992.1875,7.8125,11.3580008421004,11.3095355553328,-1376.76773887854,0,11.3580008421004,0.946500070175032,11.3580008421004,0,178.610376063896,116435,136,1992.1875,-7.82059367700913,2000.00809367701,1992.1875
0.971,2000.02355273318,0.430840280778463,0.0215420140389232,10.4720988337885,209.441976675771,11.2677911091116,0,2000,2006.8359375,-6.8359375,11.2677911091116,11.3101982350332,1294.09980093455,0,11.2677911091116,0.938982592425963,11.2677911091116,0,178.819816375543,116572,137,2006.8359375,6.81238476681779,2000.02355273318,2006.8359375
0.972,2000.02264008387,0.40997180138097,0.0204985900690485,10.4720940551679,209.441881103358,11.3580836770629,0,2000,1992.1875,7.8125,11.3580836770629,11.3096183902954,-1362.98974922121,0,11.3580836770629,0.946506973088578,11.3580836770629,0,179.029259159942,116708,136,1992.1875,-7.83514008387215,2000.02264008387,1992.1875
0.973,2000.03810790442,0.430844509557483,0.0215422254778742,10.4721750444869,209.443500889738,11.2678739440741,0,2000,2006.8359375,-6.8359375,11.2678739440741,11.3102810699957,1305.58145898233,0,11.2678739440741,0.938989495339508,11.2678739440741,-1.77635683940025e-15,179.238700995409,116845,137,2006.8359375,6.79782959558406,2000.03810790442,2006.8359375
0.974,2000.0371992708,0.409975446494416,0.0204987723247208,10.4721702868924,209.443405737849,11.2672940993363,0,2000,2006.8359375,-6.8359375,11.2672940993363,11.3097012252579,1087.98454915194,0,11.2672940993363,0.93894117494469,11.2672940993363,0,179.448145304256,116982,137,2006.8359375,6.79873822919808,2000.0371992708,2006.8359375
0.975,1999.97296668921,0.402185584080457,0.0201092792040229,10.4718339658817,209.436679317633,11.3575866672877,0,2000,1992.1875,7.8125,11.3575866672877,11.3091213805201,-1534.75245904005,0,11.3575866672877,0.946465555607305,11.3575866672877,0,179.657585665461,117118,136,1992.1875,-7.78546668920558,1999.97296668921,1992.1875
0.976,1999.96483805618,0.427931024213448,0.0213965512106724,10.4717914044587,209.435828089174,11.2673769342988,0,2000,2006.8359375,-6.8359375,11.2673769342988,11.3097840602204,1162.44586746662,0,11.2673769342988,0.938948077858235,11.2673769342988,0,179.867020863625,117255,137,2006.8359375,6.87109944381655,1999.96483805618,2006.8359375
0.977,1999.95513287056,0.408877415250416,0.0204438707625208,10.4717405882256,209.434811764512,11.3576695022502,0,2000,1992.1875,7.8125,11.3576695022502,11.3092042154826,-1472.70136044448,0,11.3576695022502,0.94647245852085,11.3576695022502,0,180.076456964567,117391,136,1992.1875,-7.76763287056087,1999.95513287056,1992.1875
0.978,1999.96732046517,0.430426303778344,0.0215213151889172,10.4718044023217,209.436088046434,11.2674597692614,0,2000,2006.8359375,-6.8359375,11.2674597692614,11.309866895183,1214.15511629627,0,11.2674597692614,0.938954980771781,11.2674597692614,-1.77635683940025e-15,180.285891531187,117528,137,2006.8359375,6.86861703483237,1999.96732046517,2006.8359375
0.979,1999.965185394,0.40980917760678,0.020490458880339,10.4717932231152,209.435864462305,11.3577523372127,0,2000,1992.1875,7.8125,11.3577523372127,11.3092870504452,-1429.61031975311,0,11.3577523372127,0.946479361434396,11.3577523372127,0,180.495328352634,117664,136,1992.1875,-7.77768539400222,1999.965185394,1992.1875
0.98,1999.98019425465,0.430775542138643,0.0215387771069321,10.4718718093258,209.437436186517,11.2675426042239,0,2000,2006.8359375,-6.8359375,11.2675426042239,11.3099497301455,1250.06431687241,0,11.2675426042239,0.938961883685326,11.2675426042239,0,180.704764143584,117801,137,2006.8359375,6.85574324534855,1999.98019425465,2006.8359375
0.981,1999.97911115301,0.409941381967979,0.0204970690983989,10.4718661382189,209.437322764378,11.3578351721753,0,2000,1992.1875,7.8125,11.3578351721753,11.3093698854077,-1399.68598593966,0,11.3578351721753,0.946486264347941,11.3578351721753,0,180.91420237716,117937,136,1992.1875,-7.79161115300553,1999.97911115301,1992.1875
0.982,1999.99451278248,0.430826883633029,0.0215413441816515,10.4719467809622,209.438935619245,11.2676254391865,0,2000,2006.8359375,-6.8359375,11.2676254391865,11.3100325651081,1275.00126171695,0,11.2676254391865,0.938968786598872,11.2676254391865,0,181.123639650297,118074,137,2006.8359375,6.84142471751761,1999.99451278248,2006.8359375
0.983,1999.99357683903,0.409962594088316,0.0204981297044158,10.4719418803738,209.438837607476,11.3579180071378,0,2000,1992.1875,7.8125,11.3579180071378,11.3094527203703,-1378.90519856921,0,11.3579180071378,0.946493167261487,11.3579180071378,0,181.333079392248,118210,136,1992.1875,-7.80607683903122,1999.99357683903,1992.1875
0.984,2000.00903410803,0.430836868254928,0.0215418434127464,10.472022814445,209.4404562889,11.267708274149,0,2000,2006.8359375,-6.8359375,11.267708274149,11.3101154000706,1292.31858452566,0,11.267708274149,0.938975689512417,11.267708274149,0,181.542518183602,118347,137,2006.8359375,6.82690339197029,2000.00903410803,2006.8359375
0.985,2000.00811969583,0.40996839353839,0.0204984196769195,10.4720180265939,209.440360531878,11.3580008421004,0,2000,1992.1875,7.8125,11.3580008421004,11.3095355553328,-1364.47409622862,0,11.3580008421004,0.946500070175032,11.3580008421004,-1.77635683940025e-15,181.751959447522,118483,136,1992.1875,-7.82061969582946,2000.00811969583,1992.1875
0.986,2000.02358577743,0.430841106331208,0.0215420553165604,10.4720990068078,209.441980136156,11.2677911091116,0,2000,2006.8359375,-6.8359375,11.2677911091116,11.3101982350332,1304.34450314282,0,11.2677911091116,0.938982592425963,11.2677911091116,0,181.961399762326,118620,137,2006.8359375,6.81235172257107,2000.02358577743,2006.8359375
0.987,2000.02267542849,0.409972047821353,0.0204986023910677,10.4720942402319,209.441884804638,11.3580836770629,0,2000,1992.1875,7.8125,11.3580836770629,11.3096183902954,-1354.45249738098,0,11.3580836770629,0.946506973088578,11.3580836770629,0,182.170842550329,118756,136,1992.1875,-7.83517542848767,2000.02267542849,1992.1875
0.988,2000.03814379329,0.430844541067445,0.0215422270533722,10.4721752324006,209.443504648012,11.2678739440741,0,2000,2006.8359375,-6.8359375,11.2678739440741,11.3102810699957,1312.69583551585,0,11.2678739440741,0.938989495339508,11.2678739440741,0,182.380284389534,118893,137,2006.8359375,6.79779370671304,2000.03814379329,2006.8359375
0.989,2000.0372350539,0.409975398746438,0.0204987699373219,10.4721704742523,209.443409485046,11.3581665120255,0,2000,1992.1875,7.8125,11.3581665120255,11.3097012252579,-1347.49305373679,0,11.3581665120255,0.946513876002123,11.3581665120255,0,182.589728702138,119029,136,1992.1875,-7.84973505389735,2000.0372350539,1992.1875
0.99,2000.05270476696,0.43084785877992,0.021542392938996,10.4722514734805,209.445029469609,11.2679567790366,0,2000,2006.8359375,-6.8359375,11.2679567790366,11.3103639049583,1318.495371886,0,11.2679567790366,0.938996398253054,11.2679567790366,-1.77635683940025e-15,182.799172066095,119166,137,2006.8359375,6.78323273303999,2000.05270476696,2006.8359375
0.991,2000.05179726832,0.409978702124855,0.0204989351062428,10.4722467218287,209.444934436574,11.2673769342988,0,2000,2006.8359375,-6.8359375,11.2673769342988,11.3097840602205,1098.74614323834,0,11.2673769342988,0.938948077858235,11.2673769342988,0,183.008617903586,119303,137,2006.8359375,6.78414023168057,2000.05179726832,2006.8359375
0.992,1999.98756553362,0.402188803715682,0.0201094401857841,10.4719104052523,209.438208105045,11.3576695022502,0,2000,1992.1875,7.8125,11.3576695022502,11.3092042154826,-1525.78446396805,0,11.3576695022502,0.94647245852085,11.3576695022502,0,183.218059793535,119439,136,1992.1875,-7.80006553361932,1999.98756553362,1992.1875
0.993,1999.97943763441,0.427934229327655,0.0213967114663827,10.4718678476715,209.43735695343,11.2674597692614,0,2000,2006.8359375,-6.8359375,11.2674597692614,11.309866895183,1169.91919669329,0,11.2674597692614,0.938954980771781,11.2674597692614,0,183.427496520525,119576,137,2006.8359375,6.85649986559497,1999.97943763441,2006.8359375
0.994,1999.96973313478,0.408880613859353,0.0204440306929676,10.4718170350303,209.436340700605,11.3577523372127,0,2000,1992.1875,7.8125,11.3577523372127,11.3092870504452,-1466.47358608893,0,11.3577523372127,0.946479361434396,11.3577523372127,0,183.636934150368,119712,136,1992.1875,-7.78223313477702,1999.96973313478,1992.1875
0.995,1999.98192139196,0.43042949888332,0.021521474944166,10.4718808525956,209.437617051913,11.2675426042239,0,2000,2006.8359375,-6.8359375,11.2675426042239,11.3099497301455,1219.34492825923,0,11.2675426042239,0.938961883685326,11.2675426042239,-1.77635683940025e-15,183.846370245959,119849,137,2006.8359375,6.85401610803842,1999.98192139196,2006.8359375
0.996,1999.97978696912,0.409812370340669,0.0204906185170334,10.4718696767838,209.437393535676,11.3578351721753,0,2000,1992.1875,7.8125,11.3578351721753,11.3093698854077,-1425.28547645064,0,11.3578351721753,0.946486264347941,11.3578351721753,0,184.055808596445,119985,136,1992.1875,-7.79228696912219,1999.97978696912,1992.1875
0.997,1999.99479646734,0.430778732937991,0.0215389366468995,10.4719482663327,209.438965326653,11.2676254391865,0,2000,2006.8359375,-6.8359375,11.2676254391865,11.3100325651081,1253.6683529578,0,11.2676254391865,0.938968786598872,11.2676254391865,0,184.265245916502,120122,137,2006.8359375,6.84114103266438,1999.99479646734,2006.8359375
0.998,1999.99371399387,0.409944571009705,0.0204972285504852,10.4719425985148,209.438851970297,11.3579180071378,0,2000,1992.1875,7.8125,11.3579180071378,11.3094527203703,-1396.68262253517,0,11.3579180071378,0.946493167261487,11.3579180071378,0,184.474685679252,120258,136,1992.1875,-7.806213993867,1999.99371399387,1992.1875
0.999,2000.00911624272,0.43083007099713,0.0215415035498565,10.4720232445012,209.440464890025,11.267708274149,0,2000,2006.8359375,-6.8359375,11.267708274149,11.3101154000706,1277.50406455403,0,11.267708274149,0.938975689512417,11.267708274149,0,184.684124481627,120395,137,2006.8359375,6.82682125728206,2000.00911624272,2006.8359375
1,2000.00818091013,0.409965779818486,0.0204982889909243,10.4720183471112,209.440366942225,11.3580008421004,0,2000,1992.1875,7.8125,11.3580008421004,11.3095355553328,-1376.81952953831,0,11.3580008421004,0.946500070175032,11.3580008421004,0,184.893565752881,120531,136,1992.1875,-7.82068091012798,2000.00818091013,1992.1875
