time_s,rpm,current_A,torque_Nm,back_emf_V,omega_rad_s,voltage_V,load_Nm,reference_rpm,measured_rpm,error_rpm,raw_voltage_V,integrator_V,derivative_rpm_s,aw_error_V,voltage_command_sat_V,duty_cycle,voltage_avg_V,pwm_error_V,shaft_angle_rad,encoder_count,encoder_delta_count,encoder_rpm,encoder_rpm_error,true_rpm,feedback_rpm
0,0,0,0,0,0,0,0,0,0,0,0,0,0,0,0,0,0,0,0,0,0,0,0,0,0
0.001,0,0,0,0,0,0,0,0,0,0,0,0,0,0,0,0,0,0,0,0,0,0,0,0,0
0.002,0,0,0,0,0,0,0,0,0,0,0,0,0,0,0,0,0,0,0,0,0,0,0,0,0
0.003,0,0,0,0,0,0,0,0,0,0,0,0,0,0,0,0,0,0,0,0,0,0,0,0,0
0.004,0,0,0,0,0,0,0,0,0,0,0,0,0,0,0,0,0,0,0,0,0,0,0,0,0
0.005,0,0,0,0,0,0,0,0,0,0,0,0,0,0,0,0,0,0,0,0,0,0,0,0,0
0.006,0,0,0,0,0,0,0,0,0,0,0,0,0,0,0,0,0,0,0,0,0,0,0,0,0
0.007,0,0,0,0,0,0,0,0,0,0,0,0,0,0,0,0,0,0,0,0,0,0,0,0,0
0.008,0,0,0,0,0,0,0,0,0,0,0,0,0,0,0,0,0,0,0,0,0,0,0,0,0
0.009,0,0,0,0,0,0,0,0,0,0,0,0,0,0,0,0,0,0,0,0,0,0,0,0,0
0.01,0,0,0,0,0,0,0,0,0,0,0,0,0,0,0,0,0,0,0,0,0,0,0,0,0
0.011,0,0,0,0,0,0,0,0,0,0,0,0,0,0,0,0,0,0,0,0,0,0,0,0,0
0.012,0,0,0,0,0,0,0,0,0,0,0,0,0,0,0,0,0,0,0,0,0,0,0,0,0
0.013,0,0,0,0,0,0,0,0,0,0,0,0,0,0,0,0,0,0,0,0,0,0,0,0,0
0.014,0,0,0,0,0,0,0,0,0,0,0,0,0,0,0,0,0,0,0,0,0,0,0,0,0
0.015,0,0,0,0,0,0,0,0,0,0,0,0,0,0,0,0,0,0,0,0,0,0,0,0,0
0.016,0,0,0,0,0,0,0,0,0,0,0,0,0,0,0,0,0,0,0,0,0,0,0,0,0
0.017,0,0,0,0,0,0,0,0,0,0,0,0,0,0,0,0,0,0,0,0,0,0,0,0,0
0.018,0,0,0,0,0,0,0,0,0,0,0,0,0,0,0,0,0,0,0,0,0,0,0,0,0
0.019,0,0,0,0,0,0,0,0,0,0,0,0,0,0,0,0,0,0,0,0,0,0,0,0,0
0.02,0,0,0,0,0,0,0,0,0,0,0,0,0,0,0,0,0,0,0,0,0,0,0,0,0
0.021,0,0,0,0,0,0,0,0,0,0,0,0,0,0,0,0,0,0,0,0,0,0,0,0,0
0.022,0,0,0,0,0,0,0,0,0,0,0,0,0,0,0,0,0,0,0,0,0,0,0,0,0
0.023,0,0,0,0,0,0,0,0,0,0,0,0,0,0,0,0,0,0,0,0,0,0,0,0,0
0.024,0,0,0,0,0,0,0,0,0,0,0,0,0,0,0,0,0,0,0,0,0,0,0,0,0
0.025,0,0,0,0,0,0,0,0,0,0,0,0,0,0,0,0,0,0,0,0,0,0,0,0,0
0.026,0,0,0,0,0,0,0,0,0,0,0,0,0,0,0,0,0,0,0,0,0,0,0,0,0
0.027,0,0,0,0,0,0,0,0,0,0,0,0,0,0,0,0,0,0,0,0,0,0,0,0,0
0.028,0,0,0,0,0,0,0,0,0,0,0,0,0,0,0,0,0,0,0,0,0,0,0,0,0
0.029,0,0,0,0,0,0,0,0,0,0,0,0,0,0,0,0,0,0,0,0,0,0,0,0,0
0.03,0,0,0,0,0,0,0,0,0,0,0,0,0,0,0,0,0,0,0,0,0,0,0,0,0
0.031,0,0,0,0,0,0,0,0,0,0,0,0,0,0,0,0,0,0,0,0,0,0,0,0,0
0.032,0,0,0,0,0,0,0,0,0,0,0,0,0,0,0,0,0,0,0,0,0,0,0,0,0
0.033,0,0,0,0,0,0,0,0,0,0,0,0,0,0,0,0,0,0,0,0,0,0,0,0,0
0.034,0,0,0,0,0,0,0,0,0,0,0,0,0,0,0,0,0,0,0,0,0,0,0,0,0
0.035,0,0,0,0,0,0,0,0,0,0,0,0,0,0,0,0,0,0,0,0,0,0,0,0,0
0.036,0,0,0,0,0,0,0,0,0,0,0,0,0,0,0,0,0,0,0,0,0,0,0,0,0
0.037,0,0,0,0,0,0,0,0,0,0,0,0,0,0,0,0,0,0,0,0,0,0,0,0,0
0.038,0,0,0,0,0,0,0,0,0,0,0,0,0,0,0,0,0,0,0,0,0,0,0,0,0
0.039,0,0,0,0,0,0,0,0,0,0,0,0,0,0,0,0,0,0,0,0,0,0,0,0,0
0.04,0,0,0,0,0,0,0,0,0,0,0,0,0,0,0,0,0,0,0,0,0,0,0,0,0
0.041,0,0,0,0,0,0,0,0,0,0,0,0,0,0,0,0,0,0,0,0,0,0,0,0,0
0.042,0,0,0,0,0,0,0,0,0,0,0,0,0,0,0,0,0,0,0,0,0,0,0,0,0
0.043,0,0,0,0,0,0,0,0,0,0,0,0,0,0,0,0,0,0,0,0,0,0,0,0,0
0.044,0,0,0,0,0,0,0,0,0,0,0,0,0,0,0,0,0,0,0,0,0,0,0,0,0
0.045,0,0,0,0,0,0,0,0,0,0,0,0,0,0,0,0,0,0,0,0,0,0,0,0,0
0.046,0,0,0,0,0,0,0,0,0,0,0,0,0,0,0,0,0,0,0,0,0,0,0,0,0
0.047,0,0,0,0,0,0,0,0,0,0,0,0,0,0,0,0,0,0,0,0,0,0,0,0,0
0.048,0,0,0,0,0,0,0,0,0,0,0,0,0,0,0,0,0,0,0,0,0,0,0,0,0
0.049,0,0,0,0,0,0,0,0,0,0,0,0,0,0,0,0,0,0,0,0,0,0,0,0,0
0.05,0,0,0,0,0,3.10177835312469,0,500,0,500,3.10177835312469,0,0,0,3.10177835312469,0.258481529427057,3.10177835312469,0,0,0,0,0,0,0,0
0.051,2.72051672497773,0.978341586562404,0.0489170793281202,0.0142445922619304,0.284891845238607,3.14418985394815,0,500,0,500,3.14418985394815,0.0424115008234622,0,0,3.14418985394815,0.262015821162346,3.14418985394815,0,0.00010236664898833,0,0,0,-2.72051672497773,2.72051672497773,0
0.052,8.40804618130326,1.34391352737412,0.0671956763687061,0.0440244268570434,0.880488537140868,3.18660135477161,0,500,0,500,3.18660135477161,0.0848230016469244,0,0,3.18660135477161,0.265550112897634,3.18660135477161,0,0.000670129699276986,0,0,0,-8.40804618130326,8.40804618130326,0
0.053,15.2014310491394,1.48118390845771,0.0740591954228857,0.0795945068467134,1.59189013693427,3.13814044290588,0,500,14.6484375,485.3515625,3.13814044290588,0.127234502470387,2441.40625,0,3.13814044290588,0.26151170357549,3.13814044290588,0,0.0019007629109571,1,1,14.6484375,-0.552993549139371,15.2014310491394,14.6484375
0.054,22.3275489343842,1.50473218824148,0.075236609412074,0.116906772841547,2.33813545683093,3.17930941929115,0,500,14.6484375,485.3515625,3.17930941929115,0.168403478855662,2034.50520833333,0,3.17930941929115,0.264942451607596,3.17930941929115,-4.44089209850063e-16,0.00386488520265345,2,1,14.6484375,-7.67911143438418,22.3275489343842,14.6484375
0.055,29.5208241595916,1.51454076340481,0.0757270381702403,0.154570673846148,3.09141347692296,3.12960598298722,0,500,29.296875,470.703125,3.12960598298722,0.209572455240936,4136.82725694444,0,3.12960598298722,0.260800498582269,3.12960598298722,0,0.00657933313962174,4,2,29.296875,-0.223949159591559,29.5208241595916,29.296875
0.056,36.6598191368262,1.4905669014245,0.0745283450712248,0.191950364136973,3.83900728273946,3.16953243493431,0,500,29.296875,470.703125,3.16953243493431,0.249498907188024,3447.3560474537,0,3.16953243493431,0.264127702911193,3.16953243493431,0,0.0100456013559511,6,2,29.296875,-7.36294413682621,36.6598191368262,29.296875
0.057,43.7217576045776,1.48263662661658,0.0741318313308292,0.228926587487624,4.57853174975249,3.1185864741922,0,500,43.9453125,456.0546875,3.1185864741922,0.289425359135111,5314.20295621142,0,3.1185864741922,0.259882206182683,3.1185864741922,-4.44089209850063e-16,0.0142547701799872,9,3,43.9453125,0.223554895422424,43.7217576045776,43.9453125
0.058,50.6756624043475,1.45202037821117,0.0726010189105586,0.265337147875491,5.30674295750982,3.1572704017011,0,500,43.9453125,456.0546875,3.1572704017011,0.328109286644011,4428.50246350952,0,3.1572704017011,0.263105866808425,3.1572704017011,0,0.0191987357350538,12,3,43.9453125,-6.73034990434754,50.6756624043475,43.9453125
0.059,57.5324605577367,1.44158200284129,0.0720791001420644,0.301239259051884,6.02478518103767,3.1050819165208,0,500,58.59375,441.40625,3.1050819165208,0.366793214152912,6131.82496959126,0,3.1050819165208,0.258756826376733,3.1050819165208,-4.44089209850063e-16,0.0248649997781904,16,4,58.59375,1.06128944226329,57.5324605577367,58.59375
0.06,64.2737320983708,1.40999803096051,0.0704999015480256,0.3365364742984,6.730729485968,3.14252331959151,0,500,58.59375,441.40625,3.14252331959151,0.404234617223624,5109.85414132605,0,3.14252331959151,0.261876943299293,3.14252331959151,0,0.031244122751541,20,4,58.59375,-5.67998209837076,64.2737320983708,58.59375
0.061,70.9150828080267,1.39916589228263,0.0699582946141315,0.371310505297347,7.42621010594695,3.17996472266223,0,500,58.59375,441.40625,3.17996472266223,0.441676020294337,4258.21178443838,0,3.17996472266223,0.264997060221852,3.17996472266223,0,0.038323106400271,24,4,58.59375,-12.3213328080267,70.9150828080267,58.59375
0.062,77.5195388366908,1.39606440836122,0.0698032204180612,0.405891356198361,8.11782712396722,3.03566130035454,0,500,87.890625,412.109375,3.03566130035454,0.47911742336505,8431.32232036532,0,3.03566130035454,0.252971775029545,3.03566130035454,0,0.0460953215562685,30,6,87.890625,10.3710861633092,77.5195388366908,87.890625
0.063,83.9511721236827,1.33851757082114,0.0669258785410572,0.439567309340023,8.79134618680046,3.16149006723808,0,500,73.2421875,426.7578125,3.16149006723808,0.514073777559388,4584.69568363776,0,3.16149006723808,0.263457505603173,3.16149006723808,0,0.0545523349655617,35,5,73.2421875,-10.7089846236827,83.9511721236827,73.2421875
0.064,90.2839846599517,1.3466094587961,0.0673304729398049,0.472725838240863,9.45451676481727,3.1068165331814,0,500,87.890625,412.109375,3.1068165331814,0.550272656191913,6261.9859863648,0,3.1068165331814,0.258901377765117,3.1068165331814,0,0.0636750012474373,41,6,87.890625,-2.39335965995174,90.2839846599517,87.890625
0.065,96.557800353593,1.32186231647169,0.0660931158235843,0.505575460396063,10.1115092079213,3.14177288737574,0,500,87.890625,412.109375,3.14177288737574,0.585229010386251,5218.321655304,0,3.14177288737574,0.261814407281312,3.14177288737574,0,0.0734590946810408,47,6,87.890625,-8.667175353593,96.557800353593,87.890625
0.066,102.752709171472,1.31351049479116,0.0656755247395579,0.538011927115906,10.7602385423181,3.08585682888088,0,500,102.5390625,397.4609375,3.08585682888088,0.620185364580589,6790.00762942,0,3.08585682888088,0.257154735740073,3.08585682888088,0,0.0838953760356635,54,7,102.5390625,-0.213646671471636,102.752709171472,102.5390625
0.067,108.838803093962,1.28260398908124,0.064130199454062,0.569878640375829,11.3975728075166,3.11957065863703,0,500,102.5390625,397.4609375,3.11957065863703,0.65389919433674,5658.33969118334,0,3.11957065863703,0.259964221553086,3.11957065863703,0,0.0949756126932049,61,7,102.5390625,-6.29974059396208,108.838803093962,102.5390625
0.068,114.827408720305,1.27192451158194,0.063596225579097,0.601234906110769,12.0246981222154,3.06241207570398,0,500,117.1875,382.8125,3.06241207570398,0.68761302409289,7156.68932598611,0,3.06241207570398,0.255201006308665,3.06241207570398,0,0.106687248893959,69,8,117.1875,2.36009127969537,114.827408720305,117.1875
0.069,120.700256185496,1.24011798855982,0.0620058994279908,0.631985063531266,12.6397012706253,3.09488338102194,0,500,117.1875,382.8125,3.09488338102194,0.720084329410854,5963.90777165509,0,3.09488338102194,0.257906948418495,3.09488338102194,0,0.119020814229307,77,8,117.1875,-3.51275618549579,120.700256185496,117.1875
0.07,126.473008408266,1.22907044426444,0.0614535222132222,0.662211123488017,13.2442224697603,3.03648227365071,0,500,131.8359375,368.1640625,3.03648227365071,0.752555634728817,7411.32939304591,0,3.03648227365071,0.253040189470892,3.03648227365071,0,0.131963289656584,86,9,131.8359375,5.36292909173355,126.473008408266,131.8359375
0.071,132.129011384772,1.19709409655418,0.0598547048277089,0.691825885820805,13.8365177164161,3.15858346721968,0,500,117.1875,382.8125,3.15858346721968,0.783784415608593,3734.70157753826,0,3.15858346721968,0.263215288934973,3.15858346721968,-4.44089209850063e-16,0.145505030072297,94,8,117.1875,-14.9415113847723,132.129011384772,117.1875
0.072,137.764232964792,1.21461298994096,0.0607306494970481,0.72133183701604,14.4266367403208,3.00930994715925,0,500,146.484375,353.515625,3.00930994715925,0.816255720926556,7995.06381461522,0,3.00930994715925,0.250775828929937,3.00930994715925,-4.44089209850063e-16,0.159635948309846,104,10,146.484375,8.72014203520777,137.764232964792,146.484375
0.073,143.289762731109,1.16461608139199,0.0582308040695996,0.750263443217795,15.0052688643559,3.13016861629003,0,500,131.8359375,368.1640625,3.13016861629003,0.846241977368145,4221.14692884601,0,3.13016861629003,0.260847384690836,3.13016861629003,0,0.174354008830533,113,9,131.8359375,-11.4538252311091,143.289762731109,131.8359375
0.074,148.739904842011,1.17538845650385,0.0587694228251924,0.778800320578844,15.5760064115769,3.07052498448061,0,500,146.484375,353.515625,3.07052498448061,0.87747075824792,5959.02869070501,0,3.07052498448061,0.255877082040051,3.07052498448061,-4.44089209850063e-16,0.189644262111694,123,10,146.484375,-2.25552984201099,148.739904842011,146.484375
0.075,154.139694121177,1.15150781635519,0.0575753908177597,0.807073551129447,16.1414710225889,3.1005112409222,0,500,146.484375,353.515625,3.1005112409222,0.907457014689509,4965.85724225418,0,3.1005112409222,0.258375936743517,3.1005112409222,0,0.205504036569656,133,10,146.484375,-7.65531912117731,154.139694121177,146.484375
0.076,159.463711720861,1.14334688447284,0.0571673442236421,0.834950042094029,16.6990008418806,3.03962508467459,0,500,161.1328125,338.8671875,3.03962508467459,0.937443271131097,6579.62061854515,0,3.03962508467459,0.253302090389549,3.03962508467459,0,0.221924663005225,144,11,161.1328125,1.66910077913906,159.463711720861,161.1328125
0.077,164.679998353527,1.11237977811914,0.0556189889059572,0.862262455034368,17.2452491006874,3.06836881667799,0,500,161.1328125,338.8671875,3.06836881667799,0.966187003134499,5483.01718212096,0,3.06836881667799,0.255697401389832,3.06836881667799,-4.44089209850063e-16,0.238898112304395,155,11,161.1328125,-3.54718585352731,164.679998353527,161.1328125
0.078,169.799117517619,1.10154622218298,0.0550773111091492,0.889066100298968,17.7813220059794,3.00624013599219,0,500,175.78125,324.21875,3.00624013599219,0.9949307351379,7010.5872351008,0,3.00624013599219,0.250520011332682,3.00624013599219,0,0.256411895774442,167,12,175.78125,5.98213248238125,169.799117517619,175.78125
0.079,174.802516165974,1.06955101092464,0.053477550546232,0.915263834360057,18.3052766872011,3.1246137562466,0,500,161.1328125,338.8671875,3.1246137562466,1.02243194270311,3400.74977925066,0,3.1246137562466,0.260384479687217,3.1246137562466,-4.44089209850063e-16,0.274456559360038,178,11,161.1328125,-13.6697036659737,174.802516165974,161.1328125
0.08,179.785455462218,1.08696444933879,0.0543482224669395,0.941354443504,18.82708887008,2.97161266287161,0,500,190.4296875,309.5703125,2.97161266287161,1.05117567470651,7716.77064937555,0,2.97161266287161,0.247634388572634,2.97161266287161,0,0.293022080617503,191,13,190.4296875,10.6442320377816,179.785455462218,190.4296875
0.081,184.658762529655,1.03682998465109,0.0518414992325544,0.966871019640242,19.3374203928048,3.08874375868783,0,500,175.78125,324.21875,3.08874375868783,1.07743435783354,3989.23595781296,0,3.08874375868783,0.257395313223986,3.08874375868783,0,0.312106441753578,203,12,175.78125,-8.87751252965455,184.658762529655,175.78125
0.082,189.456644561928,1.04745300179014,0.052372650089507,0.991992671215874,19.8398534243175,3.02537255356384,0,500,190.4296875,309.5703125,3.02537255356384,1.10493556539875,5765.76954817747,0,3.02537255356384,0.252114379463654,3.02537255356384,-4.44089209850063e-16,0.331694693575049,216,13,190.4296875,0.973042938072354,189.456644561928,190.4296875
0.083,194.204101065571,1.02341876263657,0.0511709381318286,1.01685029534101,20.3370059068202,3.05163123669087,0,500,190.4296875,309.5703125,3.05163123669087,1.13119424852578,4804.80795681456,0,3.05163123669087,0.254302603057573,3.05163123669087,-4.44089209850063e-16,0.351784158424313,229,13,190.4296875,-3.77441356557094,194.204101065571,190.4296875
0.084,198.875700832794,1.01510280553697,0.0507551402768485,1.04131073452305,20.8262146904609,3.0778899198179,0,500,190.4296875,309.5703125,3.0778899198179,1.15745293165281,4004.0066306788,0,3.0778899198179,0.256490826651491,3.0778899198179,0,0.372366158726678,242,13,190.4296875,-8.44601333279402,198.875700832794,190.4296875
0.085,203.519183396767,1.01264264555406,0.0506321322777031,1.06562395237313,21.3124790474626,3.01327619025572,0,500,205.078125,294.921875,3.01327619025572,1.18371161477983,5778.07844223233,0,3.01327619025572,0.251106349187977,3.01327619025572,0,0.393435655241075,256,14,205.078125,1.55894160323297,203.519183396767,205.078125
0.086,208.072630534401,0.983701457407385,0.0491850728703692,1.0894657458333,21.789314916666,3.03829234894456,0,500,205.078125,294.921875,3.03829234894456,1.20872777346867,4815.06536852694,0,3.03829234894456,0.253191029078714,3.03829234894456,0,0.414987786532479,270,14,205.078125,-2.99450553440147,208.072630534401,205.078125
0.087,212.535444706356,0.973524829348963,0.0486762414674482,1.11283298619488,22.2566597238976,3.0633085076334,0,500,205.078125,294.921875,3.0633085076334,1.23374393215751,4012.55447377245,0,3.0633085076334,0.25527570896945,3.0633085076334,0,0.437011237942388,284,14,205.078125,-7.4573197063564,212.535444706356,205.078125
0.088,216.964618013364,0.97033900333201,0.0485169501666005,1.1360240833995,22.72048166799,2.99745225363304,0,500,219.7265625,280.2734375,2.99745225363304,1.25876009084635,5785.20164481038,0,2.99745225363304,0.249787687802753,2.99745225363304,0,0.45949998578124,299,15,219.7265625,2.76194448663568,216.964618013364,219.7265625
0.089,221.301679724648,0.941095067806946,0.0470547533903473,1.15873288541672,23.1746577083345,3.02122588788369,0,500,219.7265625,280.2734375,3.02122588788369,1.282533725097,4821.00137067531,0,3.02122588788369,0.251768823990308,3.02122588788369,0,0.482448799916529,314,15,219.7265625,-1.57511722464784,221.301679724648,219.7265625
0.09,225.547316985046,0.930773307426377,0.0465386653713188,1.18096299012851,23.6192598025703,3.04499952213434,0,500,219.7265625,280.2734375,3.04499952213434,1.30630735934765,4017.50114222943,0,3.04499952213434,0.253749960177862,3.04499952213434,-4.44089209850063e-16,0.50584622642953,329,15,219.7265625,-5.8207544850458,225.547316985046,219.7265625
0.091,229.759000775765,0.927501118975654,0.0463750559487827,1.20301531488879,24.0603062977759,2.9779007436958,0,500,234.375,265.625,2.9779007436958,1.33008099359831,5789.32386852452,0,2.9779007436958,0.248158395307983,2.9779007436958,0,0.529686187877932,345,16,234.375,4.6159992242346,229.759000775765,234.375
0.092,233.878439023816,0.898192763388782,0.0449096381694391,1.22458464311712,24.4916928623423,3.00043185350826,0,500,234.375,265.625,3.00043185350826,1.35261210341077,4824.43655710377,0,3.00043185350826,0.250035987792355,3.00043185350826,0,0.553963432259487,361,16,234.375,0.496560976183588,233.878439023816,234.375
0.093,237.906385674185,0.887814803810781,0.044390740190539,1.2456749224602,24.913498449204,3.02296296332073,0,500,234.375,265.625,3.02296296332073,1.37514321322323,4020.36379758648,0,3.02296296332073,0.251913580276727,3.02296296332072,-4.44089209850063e-16,0.578666495689452,377,16,234.375,-3.53138567418472,237.906385674185,234.375
0.094,241.900336830049,0.884489524164886,0.0442244762082443,1.2665872018103,25.3317440362059,3.04549407313319,0,500,234.375,265.625,3.04549407313319,1.3976743230357,3350.3031646554,0,3.04549407313319,0.253791172761099,3.04549407313319,0,0.603789295219173,393,16,234.375,-7.52533683004899,241.900336830049,234.375
0.095,245.881712647543,0.883791631034921,0.044189581551746,1.28743363684266,25.7486727368533,2.97715277025645,0,500,249.0234375,250.9765625,2.97715277025645,1.42020543284816,5233.3255538795,0,2.97715277025645,0.248096064188038,2.97715277025645,-4.44089209850063e-16,0.629329574048878,410,17,249.0234375,3.14172485245663,245.881712647543,249.0234375
0.096,249.778789796966,0.855410038966377,0.0427705019483189,1.30783868508116,26.1567737016233,2.99844135563073,0,500,249.0234375,250.9765625,2.99844135563073,1.44149401822244,4361.10462823291,0,2.99844135563073,0.249870112969228,2.99844135563073,0,0.655283501739878,427,17,249.0234375,-0.755352296966151,249.778789796966,249.0234375
0.097,253.587318366358,0.845345066898562,0.0422672533449281,1.32778009403881,26.5556018807762,3.01972994100501,0,500,249.0234375,250.9765625,3.01972994100501,1.46278260359672,3634.25385686076,0,3.01972994100501,0.251644161750417,3.01972994100501,0,0.681640142168671,444,17,249.0234375,-4.56388086635809,253.587318366358,249.0234375
0.098,257.362930406345,0.842104145906928,0.0421052072953464,1.34754915245153,26.9509830490305,3.04101852637929,0,500,249.0234375,250.9765625,3.04101852637929,1.48407118897099,3028.5448807173,0,3.04101852637929,0.253418210531607,3.04101852637928,-4.44089209850063e-16,0.708393607168143,461,17,249.0234375,-8.33949290634513,257.362930406345,249.0234375
0.099,261.126351818396,0.841405476738462,0.0420702738369231,1.36725438088563,27.3450876177125,2.97143469906436,0,500,263.671875,236.328125,2.97143469906436,1.50535977434527,4965.19365059775,0,2.97143469906436,0.247619558255364,2.97143469906436,0,0.735541710686447,479,18,263.671875,2.54552318160427,261.126351818396,263.671875
0.1,264.805600848091,0.812991435129914,0.0406495717564957,1.38651888375632,27.7303776751264,2.99148076000045,0,500,263.671875,236.328125,2.99148076000045,1.52540583528136,4137.66137549813,0,2.99148076000045,0.249290063333371,2.99148076000045,0,0.76308064684619,497,18,263.671875,-1.13372584809076,264.805600848091,263.671875
0.101,268.396331533319,0.802882257514364,0.0401441128757182,1.40531990565921,28.1063981131841,3.01152682093654,0,500,263.671875,236.328125,3.01152682093654,1.54545189621745,3448.05114624844,0,3.01152682093654,0.250960568411378,3.01152682093654,-4.44089209850063e-16,0.790999486901767,515,18,263.671875,-4.72445653331857,268.396331533319,263.671875
0.102,271.954140367519,0.799592795048714,0.0399796397524357,1.42394854915321,28.4789709830642,2.94070046918343,0,500,278.3203125,221.6796875,2.94070046918343,1.56549795715354,5314.78220520703,0,2.94070046918343,0.245058372431953,2.94070046918343,0,0.819292343685986,534,19,278.3203125,6.36617213248053,271.954140367519,278.3203125
0.103,275.420037591396,0.770181661223023,0.0385090830611511,1.44209594458092,28.8419188916185,3.05037641837053,0,500,263.671875,236.328125,3.05037641837053,1.58430149365144,1987.57892100586,0,3.05037641837053,0.254198034864211,3.05037641837053,0,0.847954030771508,552,18,263.671875,-11.7481625913958,275.420037591396,263.671875
0.104,278.874220535135,0.78833155016049,0.0394165775080245,1.46018200418126,29.2036400836253,2.97955006661742,0,500,278.3203125,221.6796875,2.97955006661742,1.60434755458753,4097.72201750488,0,2.97955006661742,0.248295838884785,2.97955006661742,0,0.876976102483888,571,19,278.3203125,-0.553908035134668,278.874220535135,278.3203125
0.105,282.301608311256,0.766907842754835,0.0383453921377418,1.47812776461204,29.5625552922409,2.99835360311533,0,500,278.3203125,221.6796875,2.99835360311533,1.62315109108543,3414.76834792074,0,2.99835360311533,0.24986280025961,2.99835360311533,0,0.906360114464753,590,19,278.3203125,-3.98129581125619,282.301608311256,278.3203125
0.106,285.661838350937,0.759371008639134,0.0379685504319567,1.4957218879571,29.9144377591419,2.92628472692403,0,500,292.96875,207.03125,2.92628472692403,1.64195462758334,5287.04653993395,0,2.92628472692403,0.243857060577002,2.92628472692403,0,0.936098955274804,610,20,292.96875,7.30691164906324,285.661838350937,292.96875
0.107,288.917385977437,0.728345564938331,0.0364172782469165,1.51276789546847,30.2553579093695,3.03471815167294,0,500,278.3203125,221.6796875,3.03471815167294,1.65951563964305,1964.46586661162,0,3.03471815167294,0.252893179306078,3.03471815167294,-4.44089209850063e-16,0.966185159226949,629,19,278.3203125,-10.5970734774373,288.917385977437,278.3203125
0.108,292.156446006139,0.745862187946057,0.0372931093973028,1.52972757411965,30.594551482393,2.96264927548164,0,500,292.96875,207.03125,2.96264927548164,1.67831917614095,4078.46113884302,0,2.96264927548164,0.24688743962347,2.96264927548164,0,0.9966094298485,649,20,292.96875,0.812303993861008,292.156446006139,292.96875
0.109,295.36691739096,0.724170763491304,0.0362085381745652,1.5465375629815,30.9307512596301,2.98021028754136,0,500,292.96875,207.03125,2.98021028754136,1.69588018820067,3398.71761570252,0,2.98021028754136,0.248350857295113,2.98021028754136,0,1.02737300420856,669,20,292.96875,-2.3981673909596,295.36691739096,292.96875
0.11,298.509547971329,0.716502444836254,0.0358251222418127,1.5629923382219,31.2598467644379,2.90689888691187,0,500,307.6171875,192.3828125,2.90689888691187,1.71344120026038,5273.6709297521,0,2.90689888691187,0.242241573909323,2.90689888691187,0,1.05846865060893,690,21,307.6171875,9.10763952867057,298.509547971329,307.6171875
0.111,301.547226978752,0.685396311859844,0.0342698155929922,1.57889758831137,31.5779517662274,3.0140897872226,0,500,292.96875,207.03125,3.0140897872226,1.72975968788191,1953.31952479341,0,3.0140897872226,0.251174148935217,3.0140897872226,-4.44089209850063e-16,1.08988885701092,710,20,292.96875,-8.57847697875235,301.547226978752,292.96875
0.112,304.56830363816,0.702851208856846,0.0351425604428423,1.59471590870991,31.8943181741983,2.94077838659312,0,500,307.6171875,192.3828125,2.94077838659312,1.74732069994162,4069.17252066118,0,2.94077838659312,0.245064865549426,2.94077838659312,0,1.12162430814694,731,21,307.6171875,3.04888386184001,304.56830363816,307.6171875
0.113,307.560734628537,0.6811051614439,0.034055258072195,1.61038424073615,32.2076848147231,2.95709687421464,0,500,307.6171875,192.3828125,2.95709687421464,1.76363918756315,3390.97710055098,0,2.95709687421464,0.246424739517887,2.95709687421464,0,1.1536762325788,752,21,307.6171875,0.0564528714627386,307.560734628537,307.6171875
0.114,310.485289489844,0.673384903593391,0.0336692451796695,1.62569717418166,32.5139434836332,2.97341536183617,0,500,307.6171875,192.3828125,2.97341536183617,1.77995767518468,2825.81425045915,0,2.97341536183617,0.247784613486348,2.97341536183617,0,1.18603739395427,773,21,307.6171875,-2.86810198984449,310.485289489844,307.6171875
0.115,313.3845683682,0.670890219344832,0.0335445109672416,1.64087776288991,32.8175552577982,2.9897338494577,0,500,307.6171875,192.3828125,2.9897338494577,1.79627616280621,2354.84520871596,0,2.9897338494577,0.249144487454808,2.9897338494577,0,1.21870327605934,794,21,307.6171875,-5.76738086820006,313.3845683682,307.6171875
0.116,316.274442684861,0.670342400811322,0.0335171200405661,1.65600910942828,33.1201821885655,3.00605233707923,0,500,307.6171875,192.3828125,3.00605233707923,1.81259465042773,1962.3710072633,0,3.00605233707923,0.250504361423269,3.00605233707923,0,1.25167219760481,815,21,307.6171875,-8.65725518486124,316.274442684861,307.6171875
0.117,319.160825506311,0.67051989581966,0.033525994790983,1.67112217454047,33.4224434908093,2.93149841201155,0,500,322.265625,177.734375,2.93149841201155,1.82891313804926,4076.71542271942,0,2.93149841201155,0.244291534334296,2.93149841201155,0,1.28494353349533,837,22,322.265625,3.10479949368937,319.160825506311,322.265625
0.118,321.966217065231,0.642305238304183,0.0321152619152092,1.68581117039371,33.7162234078742,2.94657437519489,0,500,322.265625,177.734375,2.94657437519489,1.8439891012326,3397.26285226618,0,2.94657437519489,0.245547864599574,2.94657437519489,0,1.31851405310243,859,22,322.265625,0.29940793476942,321.966217065231,322.265625
0.119,324.684216359825,0.632143452817317,0.0316071726408659,1.70004258142098,34.0008516284195,2.96165033837823,0,500,322.265625,177.734375,2.96165033837823,1.85906506441594,2831.05237688848,0,2.96165033837823,0.246804194864853,2.96165033837823,0,1.35237303576886,881,22,322.265625,-2.41859135982503,324.684216359825,322.265625
0.12,327.369655037406,0.628707652268465,0.0314353826134232,1.71410350545623,34.2820701091246,2.97672630156157,0,500,322.265625,177.734375,2.97672630156157,1.87414102759928,2359.21031407374,0,2.97672630156157,0.248060525130131,2.97672630156157,0,1.38651466570693,903,22,322.265625,-5.10403003740566,327.369655037406,322.265625
0.121,330.042961809225,0.627777763009497,0.0313888881504748,1.72810090698146,34.5620181396293,2.90092985205571,0,500,336.9140625,163.0859375,2.90092985205571,1.88921699078262,4407.41484506145,0,2.90092985205571,0.241744154337976,2.90092985205571,0,1.4209367760414,926,23,336.9140625,6.87110069077477,330.042961809225,336.9140625
0.122,332.63204519962,0.599119155306047,0.0299559577653024,1.74165731591279,34.8331463182558,3.00563570349007,0,500,322.265625,177.734375,3.00563570349007,1.90305042952778,1231.43945421787,0,3.00563570349007,0.250469641957506,3.00563570349007,0,1.45563556035541,948,22,322.265625,-10.3664201996201,332.63204519962,322.265625
0.123,335.212221995603,0.617422981235782,0.0308711490617891,1.75516709002483,35.1033418004966,2.92983925398421,0,500,336.9140625,163.0859375,2.92983925398421,1.91812639271112,3467.60579518156,0,2.92983925398421,0.244153271165351,2.92983925398421,0,1.49060308114556,971,23,336.9140625,1.70184050439696,335.212221995603,336.9140625
0.124,337.766593729514,0.595930342189656,0.0297965171094828,1.76854174914781,35.3708349829563,2.94367269272936,0,500,336.9140625,163.0859375,2.94367269272936,1.93195983145627,2889.67149598463,0,2.94367269272936,0.245306057727447,2.94367269272936,0,1.5258410774833,994,23,336.9140625,-0.852531229513545,337.766593729514,336.9140625
0.125,340.254121414143,0.588241688476777,0.0294120844238389,1.7815664136472,35.6313282729441,2.95750613147451,0,500,336.9140625,163.0859375,2.95750613147451,1.94579327020142,2408.0595799872,0,2.95750613147451,0.246458844289543,2.95750613147451,0,1.56134250045004,1017,23,336.9140625,-3.34005891414347,340.254121414143,336.9140625
0.126,342.716731746669,0.585696039190782,0.0292848019595391,1.79446061119607,35.8892122239213,2.88046715753047,0,500,351.5625,148.4375,2.88046715753047,1.95962670894657,4448.122566656,0,2.88046715753047,0.240038929794205,2.88046715753047,0,1.59710290093408,1041,24,351.5625,8.84576825333085,342.716731746669,351.5625
0.127,345.090342953765,0.556404209334785,0.0278202104667392,1.80688881041388,36.1377762082776,2.98393048452663,0,500,336.9140625,163.0859375,2.98393048452663,1.97221762325354,1265.36255554666,0,2.98393048452663,0.248660873710553,2.98393048452663,0,1.6331176209307,1064,23,336.9140625,-8.17628045376455,345.090342953765,336.9140625
0.128,347.453256174459,0.574440910656101,0.0287220455328051,1.81926099510589,36.3852199021178,2.90689151058258,0,500,351.5625,148.4375,2.90689151058258,1.98605106199869,3495.87504628889,0,2.90689151058258,0.242240959215215,2.90689151058258,-4.44089209850063e-16,1.66937840438485,1088,24,351.5625,4.10924382554106,347.453256174459,351.5625
0.129,349.789684989291,0.552817576103616,0.0276408788051808,1.83149450777308,36.6298901554615,2.91948242488955,0,500,351.5625,148.4375,2.91948242488955,1.99864197630566,2913.22920524074,0,2.91948242488955,0.243290202074129,2.91948242488955,0,1.70588687042768,1112,24,351.5625,1.77281501070871,349.789684989291,351.5625
0.13,352.059004890263,0.545049087675048,0.0272524543837524,1.84337663898897,36.8675327797794,2.93207333919651,0,500,351.5625,148.4375,2.93207333919651,2.01123289061262,2427.69100436728,0,2.93207333919651,0.244339444933043,2.93207333919651,0,1.74263592421425,1136,24,351.5625,-0.496504890263054,352.059004890263,351.5625
0.131,354.30329715734,0.542442583738776,0.0271221291869388,1.85512772582023,37.1025545164047,2.94466425350348,0,500,351.5625,148.4375,2.94466425350348,2.02382380491959,2023.07583697274,0,2.94466425350348,0.245388687791957,2.94466425350348,0,1.77962109829885,1160,24,351.5625,-2.74079715733995,354.30329715734,351.5625
0.132,356.538240406284,0.541759352203712,0.0270879676101856,1.86682986130702,37.3365972261405,2.95725516781044,0,500,351.5625,148.4375,2.95725516781044,2.03641471922655,1685.89653081061,0,2.95725516781044,0.24643793065087,2.95725516781044,0,1.81684072566239,1184,24,351.5625,-4.97574040628427,356.538240406284,351.5625
0.133,358.769676372029,0.541792740851191,0.0270896370425595,1.87851363270192,37.5702726540385,2.96984608211741,0,500,351.5625,148.4375,2.96984608211741,2.04900563353352,1404.91377567551,0,2.96984608211741,0.247487173509784,2.96984608211741,-4.44089209850063e-16,1.85429418267949,1208,24,351.5625,-7.2071763720291,358.769676372029,351.5625
0.134,360.999781845025,0.542093184765534,0.0271046592382767,1.89019043765308,37.8038087530616,2.89156458373517,0,500,366.2109375,133.7890625,2.89156458373517,2.06159654784048,3612.16772972959,0,2.89156458373517,0.240963715311264,2.89156458373517,0,1.89198123449795,1233,25,366.2109375,5.21115565497519,360.999781845025,366.2109375
0.135,363.149665519534,0.513830836912983,0.0256915418456491,1.9014472022496,38.0289440449919,2.90291297360395,0,500,366.2109375,133.7890625,2.90291297360395,2.07294493770926,3010.13977477466,0,2.90291297360395,0.241909414466996,2.90291297360395,0,1.92989879212238,1258,25,366.2109375,3.06127198046642,363.149665519534,366.2109375
0.136,365.21240843073,0.503557879171596,0.0251778939585798,1.91224769887636,38.2449539775272,3.00513377616193,0,500,351.5625,148.4375,3.00513377616193,2.08429332757804,67.0435623122175,0,3.00513377616193,0.250427814680161,3.00513377616193,0,1.96803618395471,1282,24,351.5625,-13.6499084307301,365.21240843073,351.5625
0.137,367.32235236391,0.528649698101063,0.0264324849050531,1.9232953394763,38.465906789526,2.9268522777797,0,500,366.2109375,133.7890625,2.9268522777797,2.096884241885,2497.27588526018,0,2.9268522777797,0.243904356481641,2.9268522777797,0,2.00639060784931,1307,25,366.2109375,-1.11141486390994,367.32235236391,366.2109375
0.138,369.42737370569,0.509624154722245,0.0254812077361123,1.93431720544795,38.6863441089589,2.84732825495927,0,500,380.859375,119.140625,2.84732825495927,2.10823263175378,4522.46948771682,0,2.84732825495927,0.237277354579939,2.84732825495927,0,2.04496753538275,1333,26,380.859375,11.4320012943098,369.42737370569,380.859375
0.139,371.393607243923,0.474130459558911,0.0237065229779455,1.94461238017954,38.8922476035907,2.94830653307906,0,500,366.2109375,133.7890625,2.94830653307906,2.11833849718437,1327.31832309735,0,2.94830653307906,0.245692211089922,2.94830653307906,0,2.0837583069894,1358,25,366.2109375,-5.18266974392293,371.393607243923,366.2109375
0.14,373.330571568788,0.489794651418553,0.0244897325709277,1.9547543016683,39.095086033366,2.95965492294784,0,500,366.2109375,133.7890625,2.95965492294784,2.12968688705315,1106.09860258112,0,2.95965492294784,0.246637910245654,2.95965492294784,0,2.12275135199419,1383,25,366.2109375,-7.11963406878755,373.330571568788,366.2109375
0.141,375.313813917692,0.495887922861487,0.0247943961430744,1.96513853432432,39.3027706864863,2.88013090012742,0,500,380.859375,119.140625,2.88013090012742,2.14103527692193,3363.15508548427,0,2.88013090012742,0.240010908343952,2.88013090012742,0,2.16195005139385,1409,26,380.859375,5.54556108230764,375.313813917692,380.859375
0.142,377.234562377709,0.469753080290508,0.0234876540145254,1.97519554974329,39.5039109948658,2.89023676555801,0,500,380.859375,119.140625,2.89023676555801,2.15114114235252,2802.62923790356,0,2.89023676555801,0.240853063796501,2.89023676555801,0,2.20135448383369,1435,26,380.859375,3.62481262229051,377.234562377709,380.859375
0.143,379.074765457021,0.460242059062676,0.0230121029531338,1.98483083053508,39.6966166107017,2.9912150436778,0,500,366.2109375,133.7890625,2.9912150436778,2.16124700778311,-105.881885080368,0,2.9912150436778,0.249267920306483,2.9912150436778,0,2.24095515688314,1460,25,366.2109375,-12.8638279570209,379.074765457021,366.2109375
0.144,380.964617409706,0.485587067653769,0.0242793533826885,1.99472607221996,39.8945214443993,2.91169102085738,0,500,380.859375,119.140625,2.91169102085738,2.17259539765189,2353.17134576636,0,2.91169102085738,0.242640918404782,2.91169102085738,0,2.28074970672954,1486,26,380.859375,-0.105242409706136,380.964617409706,380.859375
0.145,382.850449498719,0.466625194044285,0.0233312597022142,2.00460026594788,40.0920053189575,2.92179688628797,0,500,380.859375,119.140625,2.92179688628797,2.18270126308248,1960.97612147197,0,2.92179688628797,0.243483073857331,2.92179688628797,0,2.3207437672822,1512,26,380.859375,-1.99107449871923,382.850449498719,380.859375
0.146,384.67752360744,0.459786934412088,0.0229893467206044,2.01416680361041,40.2833360722082,2.84103033902936,0,500,395.5078125,104.4921875,2.84103033902936,2.19280712851307,4075.55301789331,0,2.84103033902936,0.236752528252447,2.84103033902936,-4.44089209850063e-16,2.3609317375146,1539,27,395.5078125,10.8302888925602,384.67752360744,395.5078125
0.147,386.402960305285,0.428803349594991,0.0214401674797496,2.02320116903405,40.464023380681,2.94076609271096,0,500,380.859375,119.140625,2.94076609271096,2.20167046950547,954.887931577755,0,2.94076609271096,0.245063841059247,2.94076609271096,0,2.40130670556595,1565,26,380.859375,-5.54358530528458,386.402960305285,380.859375
0.148,388.112960527377,0.446117379326049,0.0223058689663024,2.03215470925965,40.6430941851931,2.95087195814155,0,500,380.859375,119.140625,2.95087195814155,2.21177633493606,795.739942981462,0,2.95087195814155,0.245905996511796,2.95087195814155,0,2.44185957251412,1591,26,380.859375,-7.25358552737663,388.112960527377,380.859375
0.149,389.874384135429,0.452794855144747,0.0226397427572374,2.04137750170451,40.8275500340903,2.87010541088294,0,500,395.5078125,104.4921875,2.87010541088294,2.22188220036665,3104.52286915122,0,2.87010541088294,0.239175450906912,2.87010541088294,0,2.48259463938292,1618,27,395.5078125,5.63342836457093,389.874384135429,395.5078125
0.15,391.575222662204,0.426847214222168,0.0213423607111084,2.05028307140561,41.0056614281123,2.87896875187535,0,500,395.5078125,104.4921875,2.87896875187535,2.23074554135906,2587.10239095935,0,2.87896875187535,0.239914062656279,2.87896875187535,-4.44089209850063e-16,2.52351232672812,1645,27,395.5078125,3.93258983779594,391.575222662204,395.5078125
0.151,393.196218879923,0.417375504287896,0.0208687752143948,2.05877058775409,41.1754117550817,2.97870450555695,0,500,380.859375,119.140625,2.97870450555695,2.23960888235146,-285.487590867209,0,2.97870450555695,0.248225375463079,2.97870450555695,0,2.56460326865157,1671,26,380.859375,-12.3368438799234,393.196218879923,380.859375
0.152,394.867117929929,0.442704745658967,0.0221352372829484,2.0675193947214,41.350387894428,2.89793795829834,0,500,395.5078125,104.4921875,2.89793795829834,2.24971474778205,2203.49992427733,0,2.89793795829834,0.241494829858195,2.89793795829834,-4.44089209850063e-16,2.60586514764101,1698,27,395.5078125,0.64069457007065,394.867117929929,395.5078125
0.153,396.534083857081,0.423706605061081,0.021185330253054,2.07624760790561,41.5249521581121,2.90680129929074,0,500,395.5078125,104.4921875,2.90680129929074,2.25857808877445,1836.24993689777,0,2.90680129929074,0.242233441607562,2.90680129929074,0,2.64730361402542,1725,27,395.5078125,-1.02627135708082,396.534083857081,395.5078125
0.154,398.142316351057,0.416824461437968,0.0208412230718984,2.08466829355284,41.6933658710568,2.91566464028315,0,500,395.5078125,104.4921875,2.91566464028315,2.26744142976686,1530.20828074814,0,2.91566464028315,0.242972053356929,2.91566464028315,0,2.6889130720765,1752,27,395.5078125,-2.6345038510571,398.142316351057,395.5078125
0.155,399.72861555363,0.414456526265664,0.0207228263132832,2.09297413675484,41.8594827350967,2.83365556858635,0,500,410.15625,89.84375,2.83365556858635,2.27630477075926,3716.57981729012,0,2.83365556858635,0.236137964048863,2.83365556858635,0,2.73068961012221,1780,28,410.15625,10.4276344463701,399.72861555363,410.15625
0.156,401.226990196083,0.385108237923923,0.0192554118961962,2.1008196080366,42.0163921607319,2.93214879782977,0,500,395.5078125,104.4921875,2.93214879782977,2.28392558731347,655.743597741766,0,2.93214879782977,0.244345733152481,2.93214879782977,0,2.77262876646905,1807,27,395.5078125,-5.71917769608262,401.226990196083,395.5078125
0.157,402.715030499492,0.403001332183174,0.0201500666091587,2.10861096884566,42.1722193769131,2.94101213882217,0,500,395.5078125,104.4921875,2.94101213882217,2.29278892830588,546.452998118139,0,2.94101213882217,0.245084344901847,2.94101213882217,0,2.81472235433177,1834,27,395.5078125,-7.20721799949189,402.715030499492,395.5078125
0.158,404.256388313623,0.409864368776917,0.0204932184388458,2.11668149948803,42.3336299897606,2.85900306712537,0,500,410.15625,89.84375,2.85900306712537,2.30165226929828,2896.78374843178,0,2.85900306712537,0.238250255593781,2.85900306712537,-4.44089209850063e-16,2.85697501385482,1862,28,410.15625,5.89986168637745,404.256388313623,410.15625
0.159,405.737860050037,0.383955698169929,0.0191977849084965,2.12443846736073,42.4887693472146,2.86662388367959,0,500,410.15625,89.84375,2.86662388367959,2.3092730858525,2413.98645702648,0,2.86662388367959,0.238885323639966,2.86662388367959,0,2.89938729123489,1890,28,410.15625,4.41838994996317,405.737860050037,410.15625
0.16,407.139743303931,0.374468360669837,0.0187234180334919,2.13177871091344,42.6355742182688,2.965117112923,0,500,395.5078125,104.4921875,2.965117112923,2.31689390240671,-429.750869144596,0,2.965117112923,0.247093092743584,2.965117112923,0,2.94194986668792,1917,27,395.5078125,-11.631930803931,407.139743303931,395.5078125
0.161,408.5916174461,0.399761650154734,0.0199880825077367,2.13938070614506,42.7876141229013,2.88310804122621,0,500,410.15625,89.84375,2.88310804122621,2.32575724339912,2083.28052571284,0,2.88310804122621,0.240259003435517,2.88310804122621,0,2.98466043919576,1945,28,410.15625,1.56463255390003,408.5916174461,410.15625
0.162,410.039584848488,0.380720002462502,0.0190360001231251,2.14696224573503,42.9392449147006,2.89072885778042,0,500,410.15625,89.84375,2.89072885778042,2.33337805995333,1736.0671047607,0,2.89072885778042,0.240894071481702,2.89072885778042,0,3.02752466455527,1973,28,410.15625,0.116665151512279,410.039584848488,410.15625
0.163,411.428822310452,0.373791553710682,0.0186895776855341,2.15423627607603,43.0847255215206,2.89834967433464,0,500,410.15625,89.84375,2.89834967433464,2.34099887650755,1446.72258730058,0,2.89834967433464,0.241529139527887,2.89834967433464,-4.44089209850063e-16,3.07053694840721,2001,28,410.15625,-1.27257231045218,411.428822310452,410.15625
0.164,412.796121531543,0.371376287533564,0.0185688143766782,2.16139543805642,43.2279087611285,2.90597049088886,0,500,410.15625,89.84375,2.90597049088886,2.34861969306176,1205.60215608382,0,2.90597049088886,0.242164207574071,2.90597049088886,0,3.1136933789305,2029,28,410.15625,-2.63987153154295,412.796121531543,410.15625
0.165,414.155190821028,0.370642653509806,0.0185321326754903,2.1685115082157,43.370230164314,2.82271889475387,0,500,424.8046875,75.1953125,2.82271889475387,2.35624050961598,3446.07471340318,0,2.82271889475387,0.235226574562823,2.82271889475387,0,3.15699249274891,2058,29,424.8046875,10.6494966789722,414.155190821028,424.8046875
0.166,415.431435629316,0.341873343874057,0.0170936671937029,2.17519391040553,43.5038782081107,2.9199695995591,0,500,410.15625,89.84375,2.9199695995591,2.36261880173201,430.322677835984,0,2.9199695995591,0.243330799963258,2.9199695995591,0,3.20043073976445,2086,28,410.15625,-5.27518562931584,415.431435629316,410.15625
0.167,416.699240914847,0.359952248071035,0.0179976124035517,2.18183212335754,43.6366424671509,2.92759041611332,0,500,410.15625,89.84375,2.92759041611332,2.37023961828622,358.602231529987,0,2.92759041611332,0.243965868009443,2.92759041611332,0,3.24400027226454,2114,28,410.15625,-6.54299091484677,416.699240914847,410.15625
0.168,418.021064410698,0.36685462513091,0.0183427312565455,2.18875317499739,43.7750634999478,2.84433881997833,0,500,424.8046875,75.1953125,2.84433881997833,2.37786043484044,2740.24144294166,0,2.84433881997833,0.237028234998194,2.84433881997833,0,3.28770585616835,2143,29,424.8046875,6.78362308930201,418.021064410698,424.8046875
0.169,419.283257706125,0.340930738419188,0.0170465369209594,2.19536200363793,43.9072400727586,2.94158952478356,0,500,410.15625,89.84375,2.94158952478356,2.38423872695647,-157.871714215287,0,2.94158952478356,0.24513246039863,2.94158952478356,0,3.33154808398611,2171,28,410.15625,-9.12700770612474,419.283257706125,410.15625
0.17,420.545655377093,0.360070223339034,0.0180035111669517,2.2019719023863,44.039438047726,2.85833792864858,0,500,424.8046875,75.1953125,2.85833792864858,2.39185954351068,2309.84648815393,0,2.85833792864858,0.238194827387381,2.85833792864858,0,3.37552065167268,2200,29,424.8046875,4.25903212290689,420.545655377093,424.8046875
0.171,421.785591430368,0.338705842668445,0.0169352921334223,2.20846419237945,44.169283847589,2.86471622076461,0,500,424.8046875,75.1953125,2.86471622076461,2.39823783562671,1924.87207346161,0,2.86471622076461,0.238726351730384,2.86471622076461,0,3.41962590149746,2229,29,424.8046875,3.01909606963244,421.785591430368,424.8046875
0.172,422.95987875711,0.330882023769021,0.016544101188451,2.21461274644428,44.2922549288856,2.87109451288063,0,500,424.8046875,75.1953125,2.87109451288063,2.40461612774274,1604.06006121801,0,2.87109451288063,0.239257876073386,2.87109451288063,0,3.46385700396741,2258,29,424.8046875,1.8448087428896,422.95987875711,424.8046875
0.173,424.109644409669,0.328103197049582,0.0164051598524791,2.22063290532333,44.4126581064666,2.96834521768586,0,500,410.15625,89.84375,2.96834521768586,2.41099441985877,-1104.68953231833,0,2.96834521768586,0.247362101473822,2.96834521768586,-4.44089209850063e-16,3.50820958648585,2286,28,410.15625,-13.9533944096694,424.109644409669,410.15625
0.174,425.329914641283,0.35586650557776,0.017793325278888,2.22702222531505,44.540444506301,2.88509362155088,0,500,424.8046875,75.1953125,2.88509362155088,2.41861523641299,1520.83163973473,0,2.88509362155088,0.240424468462573,2.88509362155088,0,3.55268501243571,2315,29,424.8046875,-0.525227141283096,425.329914641283,424.8046875
0.175,426.553918357862,0.33771574320925,0.0168857871604625,2.23343109378833,44.6686218757666,2.80059950097771,0,500,439.453125,60.546875,2.80059950097771,2.42499352852901,3708.76594977894,0,2.80059950097771,0.233383291748142,2.80059950097771,0,3.59729030259173,2345,30,439.453125,12.8992066421384,426.553918357862,439.453125
0.176,427.642333470866,0.302427495407695,0.0151213747703847,2.23913002199345,44.7826004398689,2.89660768134475,0,500,424.8046875,75.1953125,2.89660768134475,2.43012929620686,649.232041482448,0,2.89660768134475,0.241383973445396,2.89660768134475,0,3.64201737185417,2374,29,424.8046875,-2.83764597086576,427.642333470866,424.8046875
0.177,428.702645845121,0.318047827654284,0.0159023913827142,2.24468180460256,44.8936360920513,2.90298597346078,0,500,424.8046875,75.1953125,2.90298597346078,2.43650758832288,541.026701235374,0,2.90298597346078,0.241915497788398,2.90298597346078,0,3.68685486089348,2403,29,424.8046875,-3.8979583451208,428.702645845121,424.8046875
0.178,429.809645728498,0.324004421496841,0.016200221074842,2.2504780424378,45.009560848756,2.9093642655768,0,500,424.8046875,75.1953125,2.9093642655768,2.44288588043891,450.855584362812,0,2.9093642655768,0.2424470221314,2.9093642655768,0,3.73180622680009,2432,29,424.8046875,-5.0049582284978,429.809645728498,424.8046875
0.179,430.933982154881,0.326360736915293,0.0163180368457647,2.25636505419995,45.127301083999,2.82487014500363,0,500,439.453125,60.546875,2.82487014500363,2.44926417255494,2817.11923696901,0,2.82487014500363,0.235405845416969,2.82487014500363,0,3.77687457298098,2462,30,439.453125,8.51914284511884,430.933982154881,439.453125
0.18,431.985017942854,0.298713492127889,0.0149356746063944,2.26186826471688,45.2373652943375,2.92087832537067,0,500,424.8046875,75.1953125,2.92087832537067,2.45439994023278,-93.8068858591582,0,2.92087832537067,0.243406527114223,2.92087832537067,0,3.82205805063329,2491,29,424.8046875,-7.18033044285414,431.985017942854,424.8046875
0.181,433.031161046129,0.317181287661917,0.0158590643830958,2.26734585719663,45.3469171439326,2.8363842047975,0,500,439.453125,60.546875,2.8363842047975,2.46077823234881,2363.23384511737,0,2.8363842047975,0.236365350399792,2.8363842047975,0,3.86734944574297,2521,30,439.453125,6.42196395387072,433.031161046129,439.453125
0.182,434.052939718636,0.295537049301179,0.0147768524650589,2.2726958778152,45.453917556304,2.93239238516454,0,500,424.8046875,75.1953125,2.93239238516454,2.46591400002665,-472.044712402193,0,2.93239238516454,0.244366032097045,2.93239238516454,-4.44089209850063e-16,3.912750761151,2550,29,424.8046875,-9.24825221863568,434.052939718636,424.8046875
0.183,435.088059626472,0.316241719079268,0.0158120859539634,2.27811575297861,45.5623150595721,2.84789826459137,0,500,439.453125,60.546875,2.84789826459137,2.47229229214268,2048.03565633151,0,2.84789826459137,0.237324855382614,2.84789826459137,-4.44089209850063e-16,3.9582580395313,2580,30,439.453125,4.36506537352761,435.088059626472,439.453125
0.184,436.105610207844,0.295431197581453,0.0147715598790727,2.28344363536376,45.6688727072752,2.85303403226921,0,500,439.453125,60.546875,2.85303403226921,2.47742805982052,1706.69638027626,0,2.85303403226921,0.237752836022434,2.85303403226921,0,4.00387449724936,2610,30,439.453125,3.3475147921564,436.105610207844,439.453125
0.185,437.059332692745,0.287784452445682,0.0143892226222841,2.28843731461731,45.7687462923461,2.94904221263625,0,500,424.8046875,75.1953125,2.94904221263625,2.48256382749836,-1019.15926643645,0,2.94904221263625,0.245753517719688,2.94904221263625,0,4.04959363025412,2639,29,424.8046875,-12.2546451927447,437.059332692745,424.8046875
0.186,438.068912387486,0.313704676701712,0.0156852338350856,2.29372346153766,45.8744692307532,2.86454809206308,0,500,439.453125,60.546875,2.86454809206308,2.48894211961439,1592.10686130295,0,2.86454809206308,0.238712341005257,2.86454809206308,0,4.09541418600405,2669,30,439.453125,1.3842126125142,438.068912387486,439.453125
0.187,439.07676549437,0.29483780425477,0.0147418902127385,2.29900056806513,45.9800113613027,2.86968385974092,0,500,439.453125,60.546875,2.86968385974092,2.49407788729223,1326.75571775246,0,2.86968385974092,0.239140321645077,2.86968385974092,0,4.14134221035145,2699,30,439.453125,0.376359505630262,439.07676549437,439.453125
0.188,440.026695525856,0.287915683388548,0.0143957841694274,2.30397439007904,46.0794878015808,2.87481962741876,0,500,439.453125,60.546875,2.87481962741876,2.49921365497007,1105.62976479372,0,2.87481962741876,0.239568302284897,2.87481962741876,0,4.18737225369147,2729,30,439.453125,-0.573570525856326,440.026695525856,439.453125
0.189,440.954982607435,0.285444000567698,0.0142722000283849,2.30883488987222,46.1766977974444,2.87995539509661,0,500,439.453125,60.546875,2.87995539509661,2.50434942264791,921.358137328099,0,2.87995539509661,0.239996282924717,2.87995539509661,0,4.23350045757306,2759,30,439.453125,-1.50185760743517,440.954982607435,439.453125
0.19,441.875144522834,0.284630587025236,0.0142315293512618,2.31365284639477,46.2730569278954,2.88509116277445,0,500,439.453125,60.546875,2.88509116277445,2.50948519032575,767.798447773416,0,2.88509116277445,0.240424263564537,2.88509116277445,0,4.27972537795044,2789,30,439.453125,-2.42201952283375,441.875144522834,439.453125
0.191,442.792218447848,0.284435158451492,0.0142217579225746,2.31845463423748,46.3690926847495,2.79935451776309,0,500,454.1015625,45.8984375,2.79935451776309,2.51462095800359,3081.23828981118,0,2.79935451776309,0.233279543146924,2.79935451776309,0,4.32604647040425,2820,31,454.1015625,11.309344052152,442.792218447848,454.1015625
0.192,443.628379276931,0.255807781356363,0.0127903890678182,2.32283276210059,46.4566552420117,2.89412017369194,0,500,439.453125,60.546875,2.89412017369194,2.51851420124325,126.29232484265,0,2.89412017369194,0.241176681140995,2.89412017369194,0,4.37246052675434,2850,30,439.453125,-4.17525427693073,443.628379276931,439.453125
0.193,444.456808415064,0.273880989562637,0.0136940494781318,2.32717040692455,46.5434081384911,2.89925594136978,0,500,439.453125,60.546875,2.89925594136978,2.52364996892109,105.243604035541,0,2.89925594136978,0.241604661780815,2.89925594136978,0,4.41895982622401,2880,30,439.453125,-5.00368341506442,444.456808415064,439.453125
0.194,445.339515244125,0.280722679717383,0.0140361339858691,2.33179224907364,46.6358449814727,2.81351929635842,0,500,454.1015625,45.8984375,2.81351929635842,2.52878573659893,2529.10925336295,0,2.81351929635842,0.234459941363202,2.81351929635842,0,4.46554918157834,2911,31,454.1015625,8.76204725587542,445.339515244125,454.1015625
0.195,446.162684368096,0.25471762915541,0.0127358814577705,2.33610235252786,46.7220470505571,2.90828495228728,0,500,439.453125,60.546875,2.90828495228728,2.53267897983858,-333.815205530874,0,2.90828495228728,0.242357079357273,2.90828495228728,-4.44089209850063e-16,4.51222920234029,2941,30,439.453125,-6.70955936809639,446.162684368096,439.453125
0.196,446.986088205779,0.273768332045378,0.0136884166022689,2.34041368494019,46.8082736988039,2.82254830727592,0,500,454.1015625,45.8984375,2.82254830727592,2.53781474751643,2163.22691205761,0,2.82254830727592,0.23521235893966,2.82254830727592,0,4.55899359036845,2972,31,454.1015625,7.11547429422058,446.986088205779,454.1015625
0.197,447.78703766195,0.252312341824295,0.0126156170912148,2.34460744648586,46.8921489297172,2.91731396320477,0,500,439.453125,60.546875,2.91731396320477,2.54170799075608,-638.717156618662,0,2.91731396320477,0.243109496933731,2.91731396320477,0,4.60584468970298,3002,30,439.453125,-8.33391266194951,447.78703766195,439.453125
0.198,448.602039714287,0.273058221738285,0.0136529110869143,2.348874787253,46.97749574506,2.83157731819341,0,500,454.1015625,45.8984375,2.83157731819341,2.54684375843392,1909.14195281778,0,2.83157731819341,0.235964776516118,2.83157731819341,0,4.6527786701105,3033,31,454.1015625,5.49952278571305,448.602039714287,454.1015625
0.199,449.399737207683,0.252234128932501,0.0126117064466251,2.3530515215614,47.061030431228,2.92634297412227,0,500,439.453125,60.546875,2.92634297412227,2.55073700167357,-850.454622651849,0,2.92634297412227,0.243861914510189,2.92634297412227,0,4.69979879527964,3063,30,439.453125,-9.9466122076829,449.399737207683,439.453125
0.2,450.213407626287,0.273215754355266,0.0136607877177633,2.35731188991062,47.1462377982123,2.84060632911091,0,500,454.1015625,45.8984375,2.84060632911091,2.55587276935141,1732.69406445679,0,2.84060632911091,0.236717194092576,2.84060632911091,0,4.74690157778593,3094,31,454.1015625,3.88815487371306,450.213407626287,454.1015625
0.201,451.01049057578,0.252479807880287,0.0126239903940143,2.36148540647467,47.2297081294933,2.84449957235056,0,500,454.1015625,45.8984375,2.84449957235056,2.55976601259107,1443.91172038066,0,2.84449957235056,0.237041631029213,2.84449957235056,0,4.79409040921069,3125,31,454.1015625,3.09107192421965,451.01049057578,454.1015625
0.202,451.744112587289,0.244832232971582,0.0122416116485791,2.36532664234445,47.3065328468889,2.84839281559022,0,500,454.1015625,45.8984375,2.84839281559022,2.56365925583072,1203.25976698388,0,2.84839281559022,0.237366067965851,2.84839281559022,0,4.84135885092524,3156,31,454.1015625,2.35744991271116,451.744112587289,454.1015625
0.203,452.454027291221,0.242061179093631,0.0121030589546815,2.36904374704203,47.3808749408405,2.94315847151907,0,500,439.453125,60.546875,2.94315847151907,2.56755249907038,-1438.68977751343,0,2.94315847151907,0.245263205959922,2.94315847151907,0,4.88870267587969,3186,30,439.453125,-13.0009022912212,452.454027291221,439.453125
0.204,453.234749253208,0.269769494879102,0.0134884747439551,2.37313159767582,47.4626319535163,2.85742182650771,0,500,454.1015625,45.8984375,2.85742182650771,2.57268826674822,1242.49810207214,0,2.85742182650771,0.238118485542309,2.85742182650771,0,4.93612330160645,3217,31,454.1015625,0.866813246792219,453.234749253208,454.1015625
0.205,454.019316748939,0.251540357022477,0.0125770178511238,2.37723958347721,47.5447916695441,2.86131506974736,0,500,454.1015625,45.8984375,2.86131506974736,2.57658150998787,1035.41508506012,0,2.86131506974736,0.238442922478947,2.86131506974736,0,4.98362776897886,3248,31,454.1015625,0.0822457510613503,454.019316748939,454.1015625
0.206,454.748039314731,0.244827375047675,0.0122413687523837,2.3810551659092,47.621103318184,2.86520831298702,0,500,454.1015625,45.8984375,2.86520831298702,2.58047475322753,862.845904216765,0,2.86520831298702,0.238767359415585,2.86520831298702,0,5.03121099933326,3279,31,454.1015625,-0.646476814730647,454.748039314731,454.1015625
0.207,455.455895291702,0.242405143056246,0.0121202571528123,2.38476149113762,47.6952298227524,2.86910155622667,0,500,454.1015625,45.8984375,2.86910155622667,2.58436799646718,719.038253513971,0,2.86910155622667,0.239091796352223,2.86910155622667,0,5.07886927264246,3310,31,454.1015625,-1.35433279170172,455.455895291702,454.1015625
0.208,456.155917427451,0.241581679638482,0.0120790839819241,2.38842679846932,47.7685359693864,2.78212238677713,0,500,468.75,31.25,2.78212238677713,2.58826123970683,3040.60479459498,0,2.78212238677713,0.231843532231427,2.78212238677713,0,5.12660119665221,3342,32,468.75,12.5940825725492,456.155917427451,468.75
0.209,456.773259520601,0.212691676329691,0.0106345838164845,2.39165919411031,47.8331838822061,2.87564551826779,0,500,454.1015625,45.8984375,2.87564551826779,2.5909119585083,92.4310788291468,0,2.87564551826779,0.239637126522316,2.87564551826779,0,5.17440324743214,3373,31,454.1015625,-2.67169702060079,456.773259520601,454.1015625
0.21,457.382212813897,0.230638395911319,0.0115319197955659,2.39484766609797,47.8969533219594,2.87953876150745,0,500,454.1015625,45.8984375,2.87953876150745,2.59480520174795,77.025899024289,0,2.87953876150745,0.239961563458954,2.87953876150745,0,5.22226758669309,3404,31,454.1015625,-3.28065031389707,457.382212813897,454.1015625
0.211,458.045200166608,0.237404315252357,0.0118702157626179,2.39831905975914,47.9663811951827,2.8834320047471,0,500,454.1015625,45.8984375,2.8834320047471,2.59869844498761,64.1882491869075,0,2.8834320047471,0.240286000395592,2.8834320047471,0,5.27019898354369,3435,31,454.1015625,-3.94363766660786,458.045200166608,454.1015625
0.212,458.728262854836,0.240004737937194,0.0120002368968597,2.40189556763127,48.0379113526254,2.88732524798675,0,500,454.1015625,45.8984375,2.88732524798675,2.60259168822726,53.4902076557563,0,2.88732524798675,0.24061043733223,2.88732524798675,0,5.31820103038827,3466,31,454.1015625,-4.62670035483643,458.728262854836,454.1015625
0.213,459.418749594262,0.241053363070602,0.0120526681535301,2.40551094774457,48.1102189548914,2.80034607853721,0,500,468.75,31.25,2.80034607853721,2.60648493146692,2485.98142304646,0,2.80034607853721,0.233362173211434,2.80034607853721,0,5.36627505980782,3498,32,468.75,9.33125040573765,459.418749594262,468.75
0.214,460.032244993311,0.212861626890586,0.0106430813445293,2.40872320214234,48.1744640428469,2.89386921002787,0,500,454.1015625,45.8984375,2.89386921002787,2.60913565026838,-369.755064127947,0,2.89386921002787,0.241155767502323,2.89386921002787,0,5.41441856349442,3529,31,454.1015625,-5.93068249331111,460.032244993311,454.1015625
0.215,460.639475033631,0.231069270768062,0.0115534635384031,2.41190265119852,48.2380530239705,2.80689004057833,0,500,468.75,31.25,2.80689004057833,2.61302889350804,2133.27702989338,0,2.80689004057833,0.233907503381527,2.80689004057833,0,5.4626240819718,3561,32,468.75,8.1105249663691,460.639475033631,468.75
0.216,461.221831567686,0.209270811369866,0.0104635405684933,2.41495186288045,48.2990372576091,2.90041317206899,0,500,454.1015625,45.8984375,2.90041317206899,2.6156796123095,-663.675391755518,0,2.90041317206899,0.241701097672416,2.90041317206899,0,5.51089352687588,3592,31,454.1015625,-7.12026906768642,461.221831567686,454.1015625
0.217,461.817341981823,0.22986072068841,0.0114930360344205,2.41806994811744,48.3613989623487,2.81343400261945,0,500,468.75,31.25,2.81343400261945,2.61957285554916,1888.34342353707,0,2.81343400261945,0.234452833551621,2.81343400261945,0,5.55922290714392,3624,32,468.75,6.93265801817654,461.817341981823,468.75
0.218,462.395215546599,0.20895013455928,0.010447506727964,2.42109568702711,48.4219137405422,2.90695713411012,0,500,454.1015625,45.8984375,2.90695713411012,2.62222357435062,-867.786730385777,0,2.90695713411012,0.24224642784251,2.90695713411012,0,5.60761542681251,3655,31,454.1015625,-8.29365304659939,462.395215546599,454.1015625
0.219,462.988940745571,0.229871145235204,0.0114935572617602,2.42420442489935,48.4840884979869,2.81997796466057,0,500,468.75,31.25,2.81997796466057,2.62611681759028,1718.25064134519,0,2.81997796466057,0.234998163721714,2.81997796466057,0,5.65606757649732,3687,32,468.75,5.76105925442852,462.988940745571,468.75
0.22,463.566035762657,0.209084219055498,0.0104542109527749,2.42722608734285,48.5445217468569,2.91350109615124,0,500,454.1015625,45.8984375,2.91350109615124,2.62876753639174,-1009.53071554568,0,2.91350109615124,0.242791758012603,2.91350109615124,0,5.70458273985918,3718,31,454.1015625,-9.46447326265718,463.566035762657,454.1015625
0.221,464.159359009773,0.230051598866735,0.0115025799433367,2.43033272060009,48.6066544120017,2.82652192670169,0,500,468.75,31.25,2.82652192670169,2.6326607796314,1600.13065371193,0,2.82652192670169,0.235543493891807,2.82652192670169,0,5.75315747459899,3750,32,468.75,4.59064099022669,464.159359009773,468.75
0.222,464.736193903277,0.209282241446275,0.0104641120723138,2.43335302103969,48.6670604207939,2.82917264550316,0,500,468.75,31.25,2.82917264550316,2.63531149843286,1333.44221142661,0,2.82917264550316,0.235764387125263,2.82917264550316,0,5.80179518953185,3782,32,468.75,4.01380609672321,464.736193903277,468.75
0.223,465.249608728356,0.201594104674628,0.0100797052337314,2.43604125477755,48.7208250955509,2.92269577699382,0,500,454.1015625,45.8984375,2.92269577699382,2.63796221723433,-1330.20440714449,0,2.92269577699382,0.243557981416152,2.92269577699382,0,5.85048945286552,3813,31,454.1015625,-11.1480462283559,465.249608728356,454.1015625
0.224,465.819037999546,0.227442165554566,0.0113721082777283,2.4390227794694,48.780455589388,2.83571660754428,0,500,468.75,31.25,2.83571660754428,2.64185546047398,1332.90257737959,0,2.83571660754428,0.236309717295356,2.83571660754428,0,5.89923903953008,3845,32,468.75,2.93096200045392,465.819037999546,468.75
0.225,466.386804410475,0.208491651404115,0.0104245825702058,2.44199559744528,48.8399119489056,2.83836732634574,0,500,468.75,31.25,2.83836732634574,2.64450617927545,1110.75214781633,0,2.83836732634574,0.236530610528812,2.83836732634574,0,5.94805000615554,3877,32,468.75,2.36319558952459,466.386804410475,468.75
0.226,466.896676565069,0.201481598865319,0.010074079943266,2.44466528180385,48.893305636077,2.84101804514721,0,500,468.75,31.25,2.84101804514721,2.64715689807692,925.626789846939,0,2.84101804514721,0.236751503762267,2.84101804514721,0,5.99691690768773,3909,32,468.75,1.85332343493133,466.896676565069,468.75
0.227,467.384921513962,0.198920372762176,0.00994601863810879,2.44722172637817,48.9444345275635,2.84366876394868,0,500,468.75,31.25,2.84366876394868,2.64980761687838,771.355658205782,0,2.84366876394868,0.236972396995723,2.84366876394868,0,6.04583588789898,3941,32,468.75,1.36507848603804,467.384921513962,468.75
0.228,467.865052101571,0.198016802388145,0.00990084011940726,2.44973568425617,48.9947136851233,2.84631948275014,0,500,468.75,31.25,2.84631948275014,2.65245833567985,642.796381838152,0,2.84631948275014,0.237193290229178,2.84631948275014,0,6.09480550409264,3973,32,468.75,0.884947898429289,467.865052101571,468.75
0.229,468.342103596371,0.197730975460314,0.00988654877301571,2.45223352004191,49.0446704008383,2.84897020155161,0,500,468.75,31.25,2.84897020155161,2.65510905448131,535.663651531793,0,2.84897020155161,0.237414183462634,2.84897020155161,0,6.14382521286573,4005,32,468.75,0.407896403629309,468.342103596371,468.75
0.23,468.817952754467,0.197675448439531,0.00988377242197656,2.4547250604074,49.094501208148,2.85162092035307,0,500,468.75,31.25,2.85162092035307,2.65775977328278,446.386376276495,0,2.85162092035307,0.23763507669609,2.85162092035307,0,6.19289480594637,4037,32,468.75,-0.0679527544665461,468.817952754467,468.75
0.231,469.293299550432,0.197705868975056,0.00988529344875281,2.45721397041092,49.1442794082184,2.85427163915454,0,500,468.75,31.25,2.85427163915454,2.66041049208425,371.988646897079,0,2.85427163915454,0.237855969929545,2.85427163915454,0,6.24201420000194,4069,32,468.75,-0.543299550431925,469.293299550432,468.75
0.232,469.768405513584,0.197768453555515,0.00988842267777575,2.45970161941678,49.1940323883355,2.85692235795601,0,500,468.75,31.25,2.85692235795601,2.66306121088571,309.990539080899,0,2.85692235795601,0.238076863163001,2.85692235795601,0,6.29118335832648,4101,32,468.75,-1.01840551358396,469.768405513584,468.75
0.233,470.243368811065,0.197843162050965,0.00989215810254826,2.46218852142693,49.2437704285386,2.85957307675747,0,500,468.75,31.25,2.85957307675747,2.66571192968718,258.325449234082,0,2.85957307675747,0.238297756396456,2.85957307675747,0,6.34040226166265,4133,32,468.75,-1.49336881106478,470.243368811065,468.75
0.234,470.718226736053,0.197922526174926,0.00989612630874628,2.464674871708,49.2934974341599,2.86222379555894,0,500,468.75,31.25,2.86222379555894,2.66836264848865,215.271207695069,0,2.86222379555894,0.238518649629912,2.86222379555894,0,6.38967089732977,4165,32,468.75,-1.96822673605283,470.718226736053,468.75
0.235,471.192993892069,0.198003761575527,0.00990018807877633,2.46716074672384,49.3432149344768,2.86487451436041,0,500,468.75,31.25,2.86487451436041,2.67101336729011,179.392673079224,0,2.86487451436041,0.238739542863367,2.86487451436041,0,6.43898925517219,4197,32,468.75,-2.44299389206896,471.192993892069,468.75
0.236,471.667676419487,0.198085829026304,0.00990429145131519,2.46964617862538,49.3929235725076,2.86752523316187,0,500,468.75,31.25,2.86752523316187,2.67366408609158,149.493894232687,0,2.86752523316187,0.238960436096823,2.86752523316187,0,6.48835732604878,4229,32,468.75,-2.91767641948684,471.667676419487,468.75
0.237,472.142277296055,0.198168339509737,0.00990841697548686,2.47213118300407,49.4426236600814,2.87017595196334,0,500,468.75,31.25,2.87017595196334,2.67631480489305,124.578245193906,0,2.87017595196334,0.239181329330278,2.87017595196334,0,6.53777510126915,4261,32,468.75,-3.39227729605477,472.142277296055,468.75
0.238,472.616798311846,0.198251146282403,0.00991255731412017,2.47461576923271,49.4923153846542,2.78195425807561,0,500,483.3984375,16.6015625,2.78195425807561,2.67896552369451,2545.22145432825,0,2.78195425807561,0.2318295215063,2.78195425807561,0,6.58724257238262,4294,33,483.3984375,10.7816391881536,472.616798311846,483.3984375
0.239,473.011538166772,0.169671841720978,0.00848359208604892,2.4766826222799,49.5336524455979,2.87423486512808,0,500,468.75,31.25,2.87423486512808,2.68037371805779,-320.388371393121,0,2.87423486512808,0.239519572094007,2.87423486512808,0,6.63675673207565,4326,32,468.75,-4.26153816677157,473.011538166772,468.75
0.24,473.398979097486,0.187707341087227,0.00938536705436136,2.47871125824928,49.5742251649856,2.87688558392955,0,500,468.75,31.25,2.87688558392955,2.68302443685926,-266.990309494267,0,2.87688558392955,0.239740465327463,2.87688558392955,0,6.68630993557278,4358,32,468.75,-4.64897909748584,473.398979097486,468.75
0.241,473.840869845849,0.194479333813886,0.0097239666906943,2.48102499279719,49.6204998559438,2.78866389004182,0,500,483.3984375,16.6015625,2.78866389004182,2.68567515566072,2218.91432542144,0,2.78866389004182,0.232388657503485,2.78866389004182,-4.44089209850063e-16,6.73590702510322,4391,33,483.3984375,9.55756765415134,473.840869845849,483.3984375
0.242,474.223297760951,0.168392639279113,0.00841963196395567,2.48302738067821,49.6605476135642,2.8809444970943,0,500,468.75,31.25,2.8809444970943,2.687083350024,-592.310978815464,0,2.8809444970943,0.240078708091191,2.8809444970943,0,6.78554862230007,4423,32,468.75,-5.47329776095052,474.223297760951,468.75
0.243,474.60599888132,0.187357219129945,0.00936786095649725,2.48503119905867,49.7006239811734,2.88359521589576,0,500,468.75,31.25,2.88359521589576,2.68973406882547,-493.59248234622,0,2.88359521589576,0.240299601324647,2.88359521589576,0,6.83522843465111,4455,32,468.75,-5.85599888132026,474.60599888132,468.75
0.244,475.045973052012,0.194475760522672,0.0097237880261336,2.48733489842936,49.7466979685872,2.79537352200803,0,500,483.3984375,16.6015625,2.79537352200803,2.69238478762694,2030.07918137815,0,2.79537352200803,0.232947793500669,2.79537352200803,0,6.8849518084188,4488,33,483.3984375,8.35246444798798,475.045973052012,483.3984375
0.245,475.427538291052,0.16851857455695,0.0084259287278475,2.48933276934908,49.7866553869817,2.88765412906051,0,500,468.75,31.25,2.88765412906051,2.69379298199021,-749.673598851541,0,2.88765412906051,0.240637844088376,2.88765412906051,0,6.93471955324032,4520,32,468.75,-6.67753829105231,475.427538291052,468.75
0.246,475.80977140712,0.187531794697848,0.00937658973489238,2.49133413726475,49.8266827452949,2.79943243517277,0,500,483.3984375,16.6015625,2.79943243517277,2.69644370079168,1816.67825095705,0,2.79943243517277,0.233286036264398,2.79943243517277,0,6.98452544686117,4553,33,483.3984375,7.58866609287958,475.80977140712,483.3984375
0.247,476.16972396928,0.166006490723732,0.00830032453618659,2.49321884447295,49.864376889459,2.89171304222525,0,500,468.75,31.25,2.89171304222525,2.69785189515496,-927.507707535792,0,2.89171304222525,0.240976086852104,2.89171304222525,0,7.03437186290682,4585,32,468.75,-7.41972396928048,476.16972396928,468.75
0.248,476.543806165172,0.186671164984833,0.00933355824924163,2.49517753427037,49.9035506854074,2.80349134833752,0,500,483.3984375,16.6015625,2.80349134833752,2.70050261395643,1668.48316038684,0,2.80349134833752,0.233624279028127,2.80349134833752,-4.44089209850063e-16,7.0842549834607,4618,33,483.3984375,6.85463133482779,476.543806165172,483.3984375
0.249,476.900624611802,0.165761403807689,0.00828807019038447,2.49704583128804,49.9409166257607,2.89577195539,0,500,468.75,31.25,2.89577195539,2.70191080831971,-1051.0036163443,0,2.89577195539,0.241314329615833,2.89577195539,0,7.13417807807698,4650,32,468.75,-8.1506246118023,476.900624611802,468.75
0.25,477.273443131423,0.186655666477197,0.00933278332385985,2.49899790449197,49.9799580898395,2.80755026150226,0,500,483.3984375,16.6015625,2.80755026150226,2.70456152712117,1565.56990304642,0,2.80755026150226,0.233962521791855,2.80755026150226,0,7.1841376627758,4683,33,483.3984375,6.12499436857718,477.273443131423,483.3984375
0.251,477.629696077491,0.165831694700466,0.00829158473502328,2.50086324055562,50.0172648111124,2.89983086855474,0,500,468.75,31.25,2.89983086855474,2.70596972148445,-1136.76466412799,0,2.89983086855474,0.241652572379562,2.89983086855474,0,7.23413713166403,4715,32,468.75,-8.8796960774913,477.629696077491,468.75
0.252,478.002210502743,0.186758167966557,0.00933790839832783,2.50281372152517,50.0562744305033,2.81160917466701,0,500,483.3984375,16.6015625,2.81160917466701,2.70862044028592,1494.10236322668,0,2.81160917466701,0.234300764555584,2.81160917466701,0,7.28417304730216,4748,33,483.3984375,5.39622699725703,478.002210502743,483.3984375
0.253,478.358258015363,0.165946441492244,0.00829732207461219,2.50467798194179,50.0935596388358,2.81301736903029,0,500,483.3984375,16.6015625,2.81301736903029,2.7100286346492,1245.0853026889,0,2.81301736903029,0.234418114085857,2.81301736903029,-4.44089209850063e-16,7.33424882127042,4781,33,483.3984375,5.04017948463701,478.358258015363,483.3984375
0.254,478.650902378208,0.158215367074181,0.00791076835370903,2.5062102642425,50.1242052848501,2.90529797608277,0,500,468.75,31.25,2.90529797608277,2.71143682901247,-1403.83516442592,0,2.90529797608277,0.242108164673564,2.90529797608277,0,7.38435802374838,4813,32,468.75,-9.90090237820755,478.650902378208,468.75
0.255,478.999576299644,0.184020255084587,0.00920101275422933,2.50803591662598,50.1607183325195,2.81707628219503,0,500,483.3984375,16.6015625,2.81707628219503,2.71408754781394,1271.5436129784,0,2.81707628219503,0.234756356849586,2.81707628219503,0,7.43449943132957,4846,33,483.3984375,4.39886120035584,478.999576299644,483.3984375
0.256,479.346601680746,0.165026457362923,0.00825132286814615,2.50985293727244,50.1970587454488,2.81848447655831,0,500,483.3984375,16.6015625,2.81848447655831,2.71549574217722,1059.619677482,0,2.81848447655831,0.234873706379859,2.81848447655831,0,7.48467910217997,4879,33,483.3984375,4.05183581925422,479.346601680746,483.3984375
0.257,479.635746712148,0.157973057257572,0.00789865286287861,2.51136689711657,50.2273379423313,2.91076508361079,0,500,468.75,31.25,2.91076508361079,2.7169039365405,-1558.38985209833,0,2.91076508361079,0.242563756967566,2.91076508361079,0,7.53489159272144,4911,32,468.75,-10.8857467121484,479.635746712148,468.75
0.258,479.982980812534,0.184030788471762,0.00920153942358811,2.51318501061465,50.2637002122929,2.82254338972306,0,500,483.3984375,16.6015625,2.82254338972306,2.71955465534197,1142.74803991806,0,2.82254338972306,0.235211949143588,2.82254338972306,-4.44089209850063e-16,7.58513604719063,4944,33,483.3984375,3.41545668746602,479.982980812534,483.3984375
0.259,480.32933553502,0.165131549149113,0.00825657745745564,2.51499851970081,50.2999703940161,2.82395158408634,0,500,483.3984375,16.6015625,2.82395158408634,2.72096284970524,952.290033265047,0,2.82395158408634,0.235329298673861,2.82395158408634,0,7.63541866092166,4977,33,483.3984375,3.0691019649804,480.32933553502,483.3984375
0.26,480.618098298467,0.158113730221133,0.00790568651105663,2.5165104779946,50.330209559892,2.82535977844962,0,500,483.3984375,16.6015625,2.82535977844962,2.72237104406852,793.575027720873,0,2.82535977844962,0.235446648204135,2.82535977844962,0,7.6857340416335,5010,33,483.3984375,2.78033920153291,480.618098298467,483.3984375
0.261,480.885356736587,0.155522713448293,0.00777613567241467,2.51790983990428,50.3581967980857,2.82676797281289,0,500,483.3984375,16.6015625,2.82676797281289,2.7237792384318,661.312523100727,0,2.82676797281289,0.235563997734408,2.82676797281289,-4.44089209850063e-16,7.73607835384129,5043,33,483.3984375,2.51308076341252,480.885356736587,483.3984375
0.262,481.144556708952,0.15458111994365,0.0077290559971825,2.51926700778593,50.3853401557187,2.91904857986537,0,500,468.75,31.25,2.91904857986537,2.72518743279508,-1890.31248074939,0,2.91904857986537,0.243254048322114,2.91904857986537,0,7.78645016364297,5075,32,468.75,-12.3945567089515,481.144556708952,468.75
0.263,481.48041102848,0.182916527394526,0.00914582636972629,2.52102553689078,50.4205107378155,2.83082688597764,0,500,483.3984375,16.6015625,2.83082688597764,2.72783815159655,866.145849375505,0,2.83082688597764,0.235902240498137,2.83082688597764,0,7.83685193098698,5108,33,483.3984375,1.91802647152008,481.48041102848,483.3984375
0.264,481.822305890755,0.164866469138562,0.0082433234569281,2.52281569420348,50.4563138840697,2.83223508034092,0,500,483.3984375,16.6015625,2.83223508034092,2.72924634595983,721.788207812921,0,2.83223508034092,0.23601959002841,2.83223508034092,0,7.88729108686611,5141,33,483.3984375,1.57613160924484,481.822305890755,483.3984375
0.265,482.109189946909,0.158165606969597,0.00790828034847983,2.52431781560889,50.4863563121778,2.8336432747042,0,500,483.3984375,16.6015625,2.8336432747042,2.7306545403231,601.490173177434,0,2.8336432747042,0.236136939558683,2.8336432747042,-4.44089209850063e-16,7.93776269968549,5174,33,483.3984375,1.28924755309117,482.109189946909,483.3984375
0.266,482.375534289511,0.15569324760145,0.00778466238007248,2.52571239132563,50.5142478265127,2.83505146906748,0,500,483.3984375,16.6015625,2.83505146906748,2.73206273468638,501.241810981195,0,2.83505146906748,0.236254289088956,2.83505146906748,0,7.98826310590959,5207,33,483.3984375,1.02290321048855,482.375534289511,483.3984375
0.267,482.634182461181,0.154796423124288,0.00773982115621442,2.52706666998561,50.5413333997121,2.83645966343076,0,500,483.3984375,16.6015625,2.83645966343076,2.73347092904966,417.701509150996,0,2.83645966343076,0.23637163861923,2.83645966343076,0,8.03879093600634,5240,33,483.3984375,0.76425503881859,482.634182461181,483.3984375
0.268,482.889920190879,0.154486712127202,0.00772433560636009,2.52840570960704,50.5681141921409,2.83786785779403,0,500,483.3984375,16.6015625,2.83786785779403,2.73487912341294,348.084590959163,0,2.83786785779403,0.236488988149503,2.83786785779403,-4.44089209850063e-16,8.08934567518616,5273,33,483.3984375,0.508517309121316,482.889920190879,483.3984375
0.269,483.144531088995,0.154395855557772,0.00771979277788861,2.52973884915212,50.5947769830424,2.83927605215731,0,500,483.3984375,16.6015625,2.83927605215731,2.73628731777622,290.070492465969,0,2.83927605215731,0.236606337679776,2.83927605215731,0,8.13992712717371,5306,33,483.3984375,0.253906411005403,483.144531088995,483.3984375
0.27,483.398680254608,0.154386649112115,0.00771933245560576,2.53106957107146,50.6213914214293,2.84068424652059,0,500,483.3984375,16.6015625,2.84068424652059,2.7376955121395,241.725410388308,0,2.84068424652059,0.236723687210049,2.84068424652059,0,8.19053521442373,5339,33,483.3984375,-0.000242754607995721,483.398680254608,483.3984375
0.271,483.652616053692,0.154407972886849,0.00772039864434246,2.53239917580627,50.6479835161255,2.84209244088387,0,500,483.3984375,16.6015625,2.84209244088387,2.73910370650278,201.437841990257,0,2.84209244088387,0.236841036740323,2.84209244088387,-4.44089209850063e-16,8.24116990368644,5372,33,483.3984375,-0.254178553692213,483.652616053692,483.3984375
0.272,483.906431581676,0.154440779580462,0.00772203897902311,2.53372815080307,50.6745630160615,2.84350063524715,0,500,483.3984375,16.6015625,2.84350063524715,2.74051190086606,167.864868325214,0,2.84350063524715,0.236958386270596,2.84350063524715,0,8.29183117827446,5405,33,483.3984375,-0.507994081675861,483.906431581676,483.3984375
0.273,484.160162077008,0.154477971244271,0.00772389856221354,2.53505668056995,50.701133611399,2.84490882961043,0,500,483.3984375,16.6015625,2.84490882961043,2.74192009522934,139.887390271012,0,2.84490882961043,0.237075735800869,2.84490882961043,0,8.34251902772945,5438,33,483.3984375,-0.761724577007726,484.160162077008,483.3984375
0.274,484.413821214763,0.154516901936074,0.00772584509680371,2.53638483670943,50.7276967341886,2.84631702397371,0,500,483.3984375,16.6015625,2.84631702397371,2.74332828959261,116.572825225843,0,2.84631702397371,0.237193085331142,2.84631702397371,-4.44089209850063e-16,8.39323344397147,5471,33,483.3984375,-1.01538371476283,484.413821214763,483.3984375
0.275,484.667414628703,0.154556584423427,0.00772782922117137,2.53771264871982,50.7542529743964,2.84772521833699,0,500,483.3984375,16.6015625,2.84772521833699,2.74473648395589,97.1440210215358,0,2.84772521833699,0.237310434861416,2.84772521833699,0,8.44397441986347,5504,33,483.3984375,-1.26897712870323,484.667414628703,483.3984375
0.276,484.92094494931,0.154596649481044,0.00772983247405221,2.53904013037429,50.7808026074858,2.84913341270027,0,500,483.3984375,16.6015625,2.84913341270027,2.74614467831917,80.9533508512798,0,2.84913341270027,0.237427784391689,2.84913341270027,0,8.49474194867578,5537,33,483.3984375,-1.52250744931024,484.92094494931,483.3984375
0.277,485.174413680912,0.154636958154556,0.0077318479077278,2.54036728954948,50.8073457909896,2.85054160706354,0,500,483.3984375,16.6015625,2.85054160706354,2.74755287268245,67.4611257093999,0,2.85054160706354,0.237545133921962,2.85054160706354,-4.44089209850063e-16,8.54553602388575,5570,33,483.3984375,-1.77597618091215,485.174413680912,483.3984375
0.278,485.427821901143,0.15467745730084,0.00773387286504201,2.54169413188788,50.8338826377576,2.85194980142682,0,500,483.3984375,16.6015625,2.85194980142682,2.74896106704573,56.2176047578332,0,2.85194980142682,0.237662483452235,2.85194980142682,0,8.5963566391024,5603,33,483.3984375,-2.02938440114343,485.427821901143,483.3984375
0.279,485.681170521642,0.154718125766229,0.00773590628831143,2.54302066216281,50.8604132432561,2.7624855831009,0,500,498.046875,1.953125,2.7624855831009,2.75036926140901,2488.25425396486,0,2.7624855831009,0.230207131925075,2.7624855831009,0,8.64720378803763,5637,34,498.046875,12.3657044783576,485.681170521642,498.046875
0.28,485.854757746847,0.126096603164972,0.00630483015824859,2.54392956274857,50.8785912549714,2.85352366571519,0,500,483.3984375,16.6015625,2.85352366571519,2.7505349313341,-367.861038362616,0,2.85352366571519,0.2377936388096,2.85352366571519,0,8.69807446547175,5670,33,483.3984375,-2.45632024684699,485.854757746847,483.3984375
0.281,486.021065462905,0.14408982279857,0.00720449113992852,2.54480034791358,50.8960069582716,2.85493186007847,0,500,483.3984375,16.6015625,2.85493186007847,2.75194312569738,-306.55086530218,0,2.85493186007847,0.237910988339873,2.85493186007847,0,8.74896102868004,5703,33,483.3984375,-2.62262796290531,486.021065462905,483.3984375
0.282,486.241842117433,0.150819481255236,0.00754097406276178,2.54595633177349,50.9191266354699,2.85634005444175,0,500,483.3984375,16.6015625,2.85634005444175,2.75335132006066,-255.459054418483,0,2.85634005444175,0.238028337870146,2.85634005444175,0,8.79986832190916,5736,33,483.3984375,-2.84340461743318,486.241842117433,483.3984375
0.283,486.482877426889,0.153352752176363,0.00766763760881815,2.54721838970256,50.9443677940513,2.85774824880503,0,500,483.3984375,16.6015625,2.85774824880503,2.75475951442394,-212.882545348736,0,2.85774824880503,0.238145687400419,2.85774824880503,0,8.85079996780313,5769,33,483.3984375,-3.08443992688893,486.482877426889,483.3984375
0.284,486.731426093832,0.154322660731547,0.00771613303657733,2.54851978747944,50.9703957495888,2.76828403047911,0,500,498.046875,1.953125,2.76828403047911,2.75616770878722,2264.00412887605,0,2.76828403047911,0.230690335873259,2.76828403047911,0,8.90175731242433,5803,34,498.046875,11.3154489061684,486.731426093832,498.046875
0.285,486.903037414815,0.126047844254066,0.00630239221270328,2.5494183422549,50.9883668450979,2.8593221130934,0,500,483.3984375,16.6015625,2.8593221130934,2.75633337871231,-554.736142603289,0,2.8593221130934,0.238276842757783,2.8593221130934,-4.44089209850063e-16,8.95273785467244,5836,33,483.3984375,-3.50459991481489,486.903037414815,483.3984375
0.286,487.068423933894,0.144170727783551,0.00720853638917754,2.5502843040438,51.005686080876,2.86073030745668,0,500,483.3984375,16.6015625,2.86073030745668,2.75774157307559,-462.280118836074,0,2.86073030745668,0.238394192288057,2.86073030745668,0,9.00373413991174,5869,33,483.3984375,-3.66998643389365,487.068423933894,483.3984375
0.287,487.288674857916,0.150949179750516,0.0075474589875258,2.55143753518523,51.0287507037045,2.86213850181996,0,500,483.3984375,16.6015625,2.86213850181996,2.75914976743887,-385.233432363395,0,2.86213850181996,0.23851154181833,2.86213850181996,0,9.05475108273042,5902,33,483.3984375,-3.89023735791642,487.288674857916,483.3984375
0.288,487.529334254994,0.153501107614123,0.00767505538070615,2.55269762484169,51.0539524968337,2.77267428349404,0,500,498.046875,1.953125,2.77267428349404,2.76055796180214,2120.37838969717,0,2.77267428349404,0.23105619029117,2.77267428349404,0,9.1057923322411,5936,34,498.046875,10.5175407450058,487.529334254994,498.046875
0.289,487.697862634062,0.125816087431492,0.0062908043715746,2.55358003737102,51.0716007474204,2.86371236610833,0,500,483.3984375,16.6015625,2.86371236610833,2.76072363172724,-674.424258585691,0,2.86371236610833,0.238642697175694,2.86371236610833,0,9.15685624560244,5969,33,483.3984375,-4.29942513406195,487.697862634062,483.3984375
0.29,487.861958861794,0.144159088210516,0.00720795441052579,2.55443924321023,51.0887848642046,2.86512056047161,0,500,483.3984375,16.6015625,2.86512056047161,2.76213182609052,-562.020215488076,0,2.86512056047161,0.238760046705967,2.86512056047161,0,9.20793568814714,6002,33,483.3984375,-4.46352136179399,487.861958861794,483.3984375
0.291,488.0815893087,0.151019920499036,0.0075509960249518,2.55558922554107,51.1117845108214,2.86652875483489,0,500,483.3984375,16.6015625,2.86652875483489,2.76354002045379,-468.350179573397,0,2.86652875483489,0.238877396236241,2.86652875483489,0,9.25903569387729,6035,33,483.3984375,-4.68315180869979,488.0815893087,483.3984375
0.292,488.321879680111,0.153602906813463,0.00768014534067314,2.55684738298366,51.1369476596731,2.77706453650897,0,500,498.046875,1.953125,2.77706453650897,2.76494821481707,2051.11443368884,0,2.77706453650897,0.231422044709081,2.77706453650897,0,9.3101599565958,6069,34,498.046875,9.72499531988933,488.321879680111,498.046875
0.293,488.490134589202,0.12592981905391,0.00629649095269549,2.55772836362755,51.1545672725509,2.86810261912326,0,500,483.3984375,16.6015625,2.86810261912326,2.76511388474217,-732.14422192597,0,2.86810261912326,0.239008551593605,2.86810261912326,-4.44089209850063e-16,9.36130685030908,6102,33,483.3984375,-5.09169708920246,488.490134589202,483.3984375
0.294,488.653994794933,0.144277621544458,0.00721388107722292,2.55858633365844,51.1717266731689,2.86951081348654,0,500,483.3984375,16.6015625,2.86951081348654,2.76652207910544,-610.120184938308,0,2.86951081348654,0.239125901123878,2.86951081348654,0,9.4124692468215,6135,33,483.3984375,-5.25555729493288,488.653994794933,483.3984375
0.295,488.873404993462,0.151140594010666,0.00755702970053328,2.55973516277148,51.1947032554296,2.78004659516062,0,500,498.046875,1.953125,2.78004659516062,2.76793027346872,1932.97276255141,0,2.78004659516062,0.231670549596718,2.78004659516062,0,9.46365218273838,6169,34,498.046875,9.17347000653751,488.873404993462,498.046875
0.296,489.033780151717,0.125062372953356,0.00625311864766781,2.56057488513647,51.2114977027293,2.87108467777491,0,500,483.3984375,16.6015625,2.87108467777491,2.76809594339381,-830.595614540492,0,2.87108467777491,0.239257056481242,2.87108467777491,0,9.51485635399906,6202,33,483.3984375,-5.63534265171694,489.033780151717,483.3984375
0.297,489.194605554818,0.144004639947626,0.00720023199738132,2.56141696497795,51.2283392995591,2.78162045944899,0,500,498.046875,1.953125,2.78162045944899,2.76950413775709,1749.24323788292,0,2.78162045944899,0.231801704954082,2.78162045944899,0,9.56607549763735,6236,34,498.046875,8.85226944518229,489.194605554818,498.046875
0.298,489.333084746081,0.122427000980823,0.00612135004904117,2.56214204032787,51.2428408065574,2.87265854206328,0,500,483.3984375,16.6015625,2.87265854206328,2.76966980768219,-983.70355176423,0,2.87265854206328,0.239388211838607,2.87265854206328,-4.44089209850063e-16,9.61731197373716,6269,33,483.3984375,-5.93464724608128,489.333084746081,483.3984375
0.299,489.485684324917,0.143046236452093,0.00715231182260464,2.56294104985422,51.2588209970844,2.87406673642656,0,500,483.3984375,16.6015625,2.87406673642656,2.77107800204546,-819.752959803525,0,2.87406673642656,0.23950556136888,2.87406673642656,0,9.6685619609411,6302,33,483.3984375,-6.0872468249172,489.485684324917,483.3984375
0.3,489.70073435753,0.150755917142128,0.0075377958571064,2.5640670491919,51.2813409838381,2.78460251810064,0,500,498.046875,1.953125,2.78460251810064,2.77248619640874,1758.27878349706,0,2.78460251810064,0.23205020984172,2.78460251810064,0,9.71983172812688,6336,34,498.046875,8.34614064247006,489.70073435753,498.046875
0.301,489.859322501669,0.124993586742247,0.00624967933711236,2.56489741477286,51.2979482954573,2.87564060071493,0,500,483.3984375,16.6015625,2.87564060071493,2.77265186633384,-976.173930419115,0,2.87564060071493,0.239636716726244,2.87564060071493,0,9.77112243057917,6369,33,483.3984375,-6.4608850016694,489.859322501669,483.3984375
0.302,490.019321780644,0.144053971117416,0.0072026985558708,2.56573516903854,51.3147033807708,2.78617638238901,0,500,498.046875,1.953125,2.78617638238901,2.77406006069711,1627.92797465074,0,2.78617638238901,0.232181365199084,2.78617638238901,0,9.82242797670344,6403,34,498.046875,8.0275532193557,490.019321780644,498.046875
0.303,490.157335025234,0.12252075909541,0.00612603795477051,2.56645780469738,51.3291560939475,2.8772144650033,0,500,483.3984375,16.6015625,2.8772144650033,2.77422573062221,-1084.79960445772,0,2.8772144650033,0.239767872083608,2.8772144650033,-4.44089209850063e-16,9.87375079066134,6436,33,483.3984375,-6.75889752523392,490.157335025234,483.3984375
0.304,490.309604996997,0.143156960865296,0.00715784804326481,2.56725508840513,51.3451017681027,2.78775024667738,0,500,498.046875,1.953125,2.78775024667738,2.77563392498548,1537.40657961857,0,2.78775024667738,0.232312520556448,2.78775024667738,0,9.92508707519547,6470,34,498.046875,7.73727000300283,490.309604996997,498.046875
0.305,490.444675698974,0.122211020011629,0.00611055100058145,2.56796231694687,51.3592463389375,2.87878832929167,0,500,483.3984375,16.6015625,2.87878832929167,2.77579959491058,-1160.23410031786,0,2.87878832929167,0.239899027440972,2.87878832929167,0,9.97644010936299,6503,33,483.3984375,-7.04623819897358,490.444675698974,483.3984375
0.306,490.595787392642,0.143066186682682,0.00715330933413412,2.56875353592471,51.3750707184941,2.78932411096575,0,500,498.046875,1.953125,2.78932411096575,2.77720778927386,1474.54449973512,0,2.78932411096575,0.232443675913812,2.78932411096575,-4.44089209850063e-16,10.027806414506,6537,34,498.046875,7.4510876073582,490.595787392642,498.046875
0.307,490.730365423945,0.122201988133018,0.00611009940665088,2.56945818484884,51.3891636969767,2.88036219358004,0,500,483.3984375,16.6015625,2.88036219358004,2.77737345919895,-1212.6191668874,0,2.88036219358004,0.240030182798337,2.88036219358004,0,10.0791893884715,6570,33,483.3984375,-7.33192792394527,490.730365423945,483.3984375
0.308,490.881233263348,0.143087769696264,0.0071543884848132,2.57024812700872,51.4049625401744,2.79089797525412,0,500,498.046875,1.953125,2.79089797525412,2.77878165356223,1430.89027759383,0,2.79089797525412,0.232574831271177,2.79089797525412,0,10.1305855969467,6604,34,498.046875,7.16564173665159,490.881233263348,498.046875
0.309,491.01566096113,0.122235135256388,0.0061117567628194,2.57095198878837,51.4190397757674,2.88193605786841,0,500,483.3984375,16.6015625,2.88193605786841,2.77894732348732,-1248.99768533847,0,2.88193605786841,0.240161338155701,2.88193605786841,0,10.1819984543867,6637,33,483.3984375,-7.61722346113004,491.01566096113,483.3984375
0.31,491.166414117919,0.143125381009673,0.00715626905048367,2.57174133047149,51.4348266094299,2.79247183954249,0,500,498.046875,1.953125,2.79247183954249,2.7803555178506,1400.57484555127,0,2.79247183954249,0.232705986628541,2.79247183954249,0,10.2334245327518,6671,34,498.046875,6.88046088208108,491.166414117919,498.046875
0.311,491.300741212381,0.122274563418242,0.00611372817091213,2.57244466549339,51.4488933098679,2.88350992215678,0,500,483.3984375,16.6015625,2.88350992215678,2.78052118777569,-1274.26054537394,0,2.88350992215678,0.240292493513065,2.88350992215678,0,10.284867248918,6704,33,483.3984375,-7.90230371238113,491.300741212381,483.3984375
0.312,491.45139979736,0.143165637610157,0.00715828188050785,2.57323351199968,51.4646702399935,2.79404570383086,0,500,498.046875,1.953125,2.79404570383086,2.78192938213897,1379.52246218838,0,2.79404570383086,0.232837141985905,2.79404570383086,0,10.3363231758304,6738,34,498.046875,6.59547520264022,491.45139979736,498.046875
0.313,491.585635342473,0.122315278146323,0.00611576390731614,2.57393636767031,51.4787273534062,2.88508378644515,0,500,483.3984375,16.6015625,2.88508378644515,2.78209505206406,-1291.80419817635,0,2.88508378644515,0.240423648870429,2.88508378644515,0,10.3877957308139,6771,33,483.3984375,-8.18719784247327,491.585635342473,483.3984375
0.314,491.736204268951,0.143206670468646,0.00716033352343231,2.57472474472578,51.4944948945156,2.79561956811923,0,500,498.046875,1.953125,2.79561956811923,2.78350324642734,1364.90275151971,0,2.79561956811923,0.232968297343269,2.79561956811923,0,10.4392814870613,6805,34,498.046875,6.3106707310489,491.736204268951,498.046875
0.315,491.870351614419,0.12235657497394,0.00611782874869699,2.57542713858415,51.5085427716829,2.88665765073352,0,500,483.3984375,16.6015625,2.88665765073352,2.78366891635243,-1303.98729040024,0,2.88665765073352,0.240554804227794,2.88665765073352,-4.44089209850063e-16,10.4907838620695,6838,33,483.3984375,-8.47191411441935,491.870351614419,483.3984375
0.316,492.020833628914,0.143248209111302,0.00716241045556509,2.57621506056954,51.5243012113908,2.7971934324076,0,500,498.046875,1.953125,2.7971934324076,2.78507711071571,1354.75017466647,0,2.7971934324076,0.233099452700634,2.7971934324076,0,10.5422994291737,6872,34,498.046875,6.02604137108551,492.020833628914,498.046875
0.317,492.154895276176,0.122398345229331,0.00611991726146655,2.57691700571315,51.5383401142629,2.79735910233269,0,500,498.046875,1.953125,2.79735910233269,2.7852427806408,1128.95847888872,0,2.79735910233269,0.233113258527724,2.79735910233269,0,10.5938316060012,6906,34,498.046875,5.89197972382442,492.154895276176,498.046875
0.318,492.225590130316,0.114627854087654,0.0057313927043827,2.57728716310383,51.5457432620767,2.88839718494699,0,500,483.3984375,16.6015625,2.88839718494699,2.78540845056589,-1500.60751759273,0,2.88839718494699,0.240699765412249,2.88839718494699,0,10.6453739669893,6939,33,483.3984375,-8.82715263031577,492.225590130316,483.3984375
0.319,492.352346845438,0.14039279895167,0.00701963994758349,2.5779508597122,51.5590171942441,2.79893296662106,0,500,498.046875,1.953125,2.79893296662106,2.78681664492917,1190.89998533939,0,2.79893296662106,0.233244413885089,2.79893296662106,0,10.6969252922958,6973,34,498.046875,5.69452815456168,492.352346845438,498.046875
0.32,492.47748555739,0.121358812843378,0.00606794064216889,2.57860608447578,51.5721216895156,2.88997104923536,0,500,483.3984375,16.6015625,2.88997104923536,2.78698231485426,-1448.98959555051,0,2.88997104923536,0.240830920769613,2.88997104923536,0,10.7484916433653,7006,33,483.3984375,-9.07904805738974,492.47748555739,483.3984375
0.321,492.624476186297,0.142927435707469,0.00714637178537344,2.57937572560898,51.5875145121797,2.80050683090944,0,500,498.046875,1.953125,2.80050683090944,2.78839050921754,1233.91492037458,0,2.80050683090944,0.233375569242453,2.80050683090944,0,10.8000705787885,7040,34,498.046875,5.4223988137033,492.624476186297,498.046875
0.322,492.757103850177,0.122330151962479,0.00611650759812396,2.58007016243316,51.6014032486633,2.80067250083453,0,500,498.046875,1.953125,2.80067250083453,2.78855617914263,1028.26243364548,0,2.80067250083453,0.233389375069544,2.80067250083453,0,10.8516658834637,7074,34,498.046875,5.28977114982308,492.757103850177,498.046875
0.323,492.827133058849,0.114654113675269,0.00573270568376347,2.58043683451233,51.6087366902466,2.89171058344882,0,500,483.3984375,16.6015625,2.89171058344882,2.78872184906773,-1584.52088862877,0,2.89171058344882,0.240975881954068,2.89171058344882,0,10.903271268854,7107,33,483.3984375,-9.42869555884857,492.827133058849,483.3984375
0.324,492.953512173426,0.140454592962693,0.00702272964813467,2.58109855400887,51.6219710801774,2.8022463651229,0,500,498.046875,1.953125,2.8022463651229,2.790130043431,1120.97217614269,0,2.8022463651229,0.233520530426908,2.8022463651229,0,10.9548855663568,7141,34,498.046875,5.0933628265737,492.953512173426,498.046875
0.325,493.078382362118,0.121434185286836,0.00607170926434179,2.58175237278795,51.635047455759,2.80241203504799,0,500,498.046875,1.953125,2.80241203504799,2.7902957133561,934.143480118912,0,2.80241203504799,0.233534336253999,2.80241203504799,0,11.0065148566929,7175,34,498.046875,4.96849263788158,493.078382362118,498.046875
0.326,493.145444204509,0.114345850633227,0.00571729253166134,2.5821035077736,51.642070155472,2.89345011766228,0,500,483.3984375,16.6015625,2.89345011766228,2.79046138328119,-1662.95334990091,0,2.89345011766228,0.241120843138523,2.89345011766228,0,11.0581537067948,7208,33,483.3984375,-9.74700670450864,493.145444204509,483.3984375
0.327,493.270641657909,0.140365493462987,0.00701827467314936,2.58275904010668,51.6551808021336,2.80398589933636,0,500,498.046875,1.953125,2.80398589933636,2.79186957764447,1055.61179174924,0,2.80398589933636,0.233665491611363,2.80398589933636,-4.44089209850063e-16,11.109801266894,7242,34,498.046875,4.77623334209147,493.270641657909,498.046875
0.328,493.394996521515,0.121426939106654,0.00607134695533269,2.58341016064992,51.6682032129985,2.80415156926145,0,500,498.046875,1.953125,2.80415156926145,2.79203524756956,879.67649312437,0,2.80415156926145,0.233679297438454,2.80415156926145,0,11.1614637366087,7276,34,498.046875,4.65187847848472,493.394996521515,498.046875
0.329,493.461792316053,0.114369297211383,0.00571846486056917,2.58375990261227,51.6751980522455,2.89518965187574,0,500,483.3984375,16.6015625,2.89518965187574,2.79220091749465,-1708.34250572969,0,2.89518965187574,0.241265804322979,2.89518965187574,0,11.2131357272765,7309,33,483.3984375,-10.0633548160528,493.461792316053,483.3984375
0.33,493.586817600805,0.140400569170824,0.00702002845854122,2.58441453347243,51.6882906694485,2.80572543354982,0,500,498.046875,1.953125,2.80572543354982,2.79360911185793,1017.78749522526,0,2.80572543354982,0.233810452795819,2.80572543354982,0,11.2648164057792,7343,34,498.046875,4.46005739919474,493.586817600805,498.046875
0.331,493.71103626446,0.121466538749263,0.00607332693746315,2.58506494087438,51.7012988174877,2.80589110347491,0,500,498.046875,1.953125,2.80589110347491,2.79377478178302,848.156246021048,0,2.80589110347491,0.23382425862291,2.80589110347491,0,11.3165119780428,7377,34,498.046875,4.33583873554022,493.71103626446,498.046875
0.332,493.777710238472,0.114410770999425,0.00572053854997124,2.58541404498596,51.7082808997191,2.89692918608921,0,500,483.3984375,16.6015625,2.89692918608921,2.79394045170811,-1734.60937831579,0,2.89692918608921,0.241410765507434,2.89692918608921,0,11.3682170578586,7410,33,483.3984375,-10.379272738472,493.777710238472,483.3984375
0.333,493.902620025294,0.1404429273067,0.00702214636533501,2.58606807110036,51.7213614220072,2.80746496776329,0,500,498.046875,1.953125,2.80746496776329,2.79534864607139,995.898434736839,0,2.80746496776329,0.233955413980274,2.80746496776329,0,11.4199308131238,7444,34,498.046875,4.14425497470563,493.902620025294,498.046875
0.334,494.026726498762,0.121509409935533,0.00607547049677667,2.58671789107587,51.7343578215174,2.80763063768838,0,500,498.046875,1.953125,2.80763063768838,2.79551431599648,829.915362280699,0,2.80763063768838,0.233969219807365,2.80763063768838,0,11.4716594502435,7478,34,498.046875,4.02014850123845,494.026726498762,498.046875
0.335,494.093290454151,0.114454014408409,0.00572270072042046,2.58706641913128,51.7413283826257,2.80779630761347,0,500,498.046875,1.953125,2.80779630761347,2.79567998592158,691.596135233916,0,2.80779630761347,0.233983025634456,2.80779630761347,0,11.5233975832863,7512,34,498.046875,3.95358454584868,494.093290454151,498.046875
0.336,494.138389319427,0.111824136842179,0.00559120684210895,2.58730255623768,51.7460511247535,2.89883439022776,0,500,483.3984375,16.6015625,2.89883439022776,2.79584565584667,-1865.07613730507,0,2.89883439022776,0.24156953251898,2.89883439022776,0,11.5751413813277,7545,33,483.3984375,-10.7399518194272,494.138389319427,483.3984375
0.337,494.255167507546,0.139505500760488,0.00697527503802442,2.58791400540083,51.7582801080167,2.80937017190184,0,500,498.046875,1.953125,2.80937017190184,2.79725385020995,887.176135579108,0,2.80937017190184,0.23411418099182,2.80937017190184,0,11.6268924133525,7579,34,498.046875,3.79170749245372,494.255167507546,498.046875
0.338,494.376152316459,0.1211866752601,0.00605933376300498,2.58854748037896,51.7709496075793,2.80953584182693,0,500,498.046875,1.953125,2.80953584182693,2.79741952013504,739.313446315924,0,2.80953584182693,0.234127986818911,2.80953584182693,-4.44089209850063e-16,11.6786577804757,7613,34,498.046875,3.67072268354053,494.376152316459,498.046875
0.339,494.441462415475,0.114360537358747,0.00571802686793733,2.58888944325775,51.777788865155,2.80970151175202,0,500,498.046875,1.953125,2.80970151175202,2.79758519006013,616.094538596603,0,2.80970151175202,0.234141792646002,2.80970151175202,0,11.730432430241,7647,34,498.046875,3.60541258452463,494.441462415475,498.046875
0.34,494.486004549464,0.111816312387635,0.00559081561938175,2.58912266532594,51.7824533065188,2.90073959436632,0,500,483.3984375,16.6015625,2.90073959436632,2.79775085998522,-1927.99413450283,0,2.90073959436632,0.241728299530526,2.90073959436632,0,11.7822126560973,7680,33,483.3984375,-11.0875670494635,494.486004549464,483.3984375
0.341,494.602486951651,0.139529822551853,0.00697649112759265,2.58973256575758,51.7946513151516,2.81127537604039,0,500,498.046875,1.953125,2.81127537604039,2.7991590543485,834.744471247641,0,2.81127537604039,0.234272948003366,2.81127537604039,0,11.8340000734955,7714,34,498.046875,3.44438804834908,494.602486951651,498.046875
0.342,494.723274395397,0.12122320517944,0.00606116025897199,2.59036500733411,51.8073001466822,2.81144104596549,0,500,498.046875,1.953125,2.81144104596549,2.79932472427359,695.620392706368,0,2.81144104596549,0.234286753830457,2.81144104596549,0,11.8858018009893,7748,34,498.046875,3.32360060460303,494.723274395397,498.046875
0.343,494.788424981708,0.114401843892646,0.00572009219463229,2.59070613500633,51.8141227001266,2.81160671589058,0,500,498.046875,1.953125,2.81160671589058,2.79949039419868,579.68366058864,0,2.81160671589058,0.234300559657548,2.81160671589058,0,11.9376127927441,7782,34,498.046875,3.25845001829219,494.788424981708,498.046875
0.344,494.832822873363,0.111859623667879,0.00559298118339395,2.59093860182343,51.8187720364686,2.90264479850487,0,500,483.3984375,16.6015625,2.90264479850487,2.79965606412378,-1958.3365328428,0,2.90264479850487,0.241887066542072,2.90264479850487,-4.44089209850063e-16,11.9894293447992,7815,33,483.3984375,-11.4343853733631,494.832822873363,483.3984375
0.345,494.949167874294,0.139574102802622,0.00697870514013111,2.59154778282377,51.8309556564754,2.81318058017895,0,500,498.046875,1.953125,2.81318058017895,2.80106425848706,809.459139297666,0,2.81318058017895,0.234431715014912,2.81318058017895,0,12.0412530736919,7849,34,498.046875,3.09770712570628,494.949167874294,498.046875
0.346,495.069821601704,0.12126806548472,0.00606340327423601,2.5921795242632,51.843590485264,2.81334625010404,0,500,498.046875,1.953125,2.81334625010404,2.80122992841215,674.549282748055,0,2.81334625010404,0.234445520842003,2.81334625010404,0,12.0930910985005,7883,34,498.046875,2.97705339829639,495.069821601704,498.046875
0.347,495.134840965276,0.114447136378806,0.00572235681894032,2.59251996485477,51.8503992970954,2.81351192002913,0,500,498.046875,1.953125,2.81351192002913,2.80139559833724,562.124402290046,0,2.81351192002913,0.234459326669094,2.81351192002913,0,12.144938373704,7917,34,498.046875,2.9120340347236,495.134840965276,498.046875
0.348,495.17910966872,0.111905290307172,0.0055952645153586,2.59275175524398,51.8550351048795,2.81367758995422,0,500,498.046875,1.953125,2.81367758995422,2.80156126826233,468.437001908372,0,2.81367758995422,0.234473132496185,2.81367758995422,0,12.196791195575,7951,34,498.046875,2.8677653312796,495.17910966872,498.046875
0.349,495.21562469149,0.110957767912328,0.00554788839561638,2.59294294745611,51.8588589491221,2.90471567256852,0,500,483.3984375,16.6015625,2.90471567256852,2.80172693818742,-2051.04208174302,0,2.90471567256852,0.24205963938071,2.90471567256852,0,12.2486481818301,7984,33,483.3984375,-11.8171871914896,495.21562469149,483.3984375
0.35,495.32893128083,0.139266655129547,0.00696333275647735,2.59353621937056,51.8707243874113,2.81525145424259,0,500,498.046875,1.953125,2.81525145424259,2.8031351325507,732.204515214147,0,2.81525145424259,0.23460428785355,2.81525145424259,0,12.3005118141445,8018,34,498.046875,2.71794371917036,495.32893128083,498.046875
0.351,495.448352880775,0.121182342934048,0.00605911714670238,2.59416150940567,51.8832301881135,2.81541712416769,0,500,498.046875,1.953125,2.81541712416769,2.80330080247579,610.170429345123,0,2.81541712416769,0.234618093680641,2.81541712416769,-4.44089209850063e-16,12.3523895340672,8052,34,498.046875,2.59852211922549,495.448352880775,498.046875
0.352,495.512814446012,0.114444284348511,0.00572221421742555,2.59449902937199,51.8899805874398,2.81558279409278,0,500,498.046875,1.953125,2.81558279409278,2.80346647240088,508.475357787602,0,2.81558279409278,0.234631899507732,2.81558279409278,0,12.4042764163641,8086,34,498.046875,2.53406055398824,495.512814446012,498.046875
0.353,495.556777927786,0.111933571991379,0.00559667859956896,2.59472922162427,51.8945844324854,2.81574846401787,0,500,498.046875,1.953125,2.81574846401787,2.80363214232598,423.729464823002,0,2.81574846401787,0.234645705334822,2.81574846401787,-4.44089209850063e-16,12.4561688022646,8120,34,498.046875,2.49009707221359,495.556777927786,498.046875
0.354,495.593083154457,0.110997904148465,0.00554989520742327,2.5949193153466,51.8983863069319,2.90678654663216,0,500,483.3984375,16.6015625,2.90678654663216,2.80379781225107,-2088.2983626475,0,2.90678654663216,0.242232212219347,2.90678654663216,0,12.5080653263742,8153,33,483.3984375,-12.1946456544573,495.593083154457,483.3984375
0.355,495.706216805311,0.139311459590723,0.00696557297953617,2.59551168175726,51.9102336351452,2.81732232830624,0,500,498.046875,1.953125,2.81732232830624,2.80520600661435,701.157614460418,0,2.81732232830624,0.234776860692187,2.81732232830624,0,12.5599684767982,8187,34,498.046875,2.3406581946885,495.706216805311,498.046875
0.356,495.82548048592,0.121229134784523,0.00606145673922614,2.59613614492866,51.9227228985732,2.81748799823133,0,500,498.046875,1.953125,2.81748799823133,2.80537167653944,584.298012050348,0,2.81748799823133,0.234790666519278,2.81748799823133,0,12.6118856976168,8221,34,498.046875,2.22139451407992,495.82548048592,498.046875
0.357,495.889790997106,0.114492061415862,0.0057246030707931,2.59647287397781,51.9294574795562,2.81765366815642,0,500,498.046875,1.953125,2.81765366815642,2.80553734646453,486.915010041957,0,2.81765366815642,0.234804472346369,2.81765366815642,0,12.663812064673,8255,34,498.046875,2.15708400289361,495.889790997106,498.046875
0.358,495.933607234978,0.111981957570805,0.00559909787854027,2.59670229526282,51.9340459052564,2.81781933808152,0,500,498.046875,1.953125,2.81781933808152,2.80570301638962,405.762508368298,0,2.81781933808152,0.23481827817346,2.81781933808152,0,12.7157439197294,8289,34,498.046875,2.11326776502199,495.933607234978,498.046875
0.359,495.96976787263,0.111046754611624,0.00555233773058122,2.59689163191882,51.9378326383763,2.81798500800661,0,500,498.046875,1.953125,2.81798500800661,2.80586868631471,338.135423640248,0,2.81798500800661,0.234832084000551,2.81798500800661,0,12.7676798977206,8323,34,498.046875,2.07710712736991,495.96976787263,498.046875
0.36,496.003056503729,0.110698367022589,0.00553491835112947,2.59706593078366,51.9413186156732,2.8181506779317,0,500,498.046875,1.953125,2.8181506779317,2.80603435623981,281.779519700207,0,2.8181506779317,0.234845889827642,2.8181506779317,0,12.8196194879798,8357,34,498.046875,2.04381849627134,496.003056503729,498.046875
0.361,496.035255626425,0.11056866173679,0.00552843308683949,2.59723452499585,51.9446904999171,2.90918876054599,0,500,483.3984375,16.6015625,2.90918876054599,2.8062000261649,-2206.58998358316,0,2.90918876054599,0.242432396712166,2.90918876054599,-4.44089209850063e-16,12.8715624981933,8390,33,483.3984375,-12.6368181264251,496.035255626425,483.3984375
0.362,496.146732251447,0.139182833386925,0.00695914166934625,2.59781821523955,51.956364304791,2.81972454222007,0,500,498.046875,1.953125,2.81972454222007,2.80760822052818,602.581263680699,0,2.81972454222007,0.234977045185006,2.81972454222007,0,12.9235118537072,8424,34,498.046875,1.90014274855258,496.146732251447,498.046875
0.363,496.265253090105,0.121212842631424,0.00606064213157119,2.59843878889959,51.9687757779917,2.81989021214516,0,500,498.046875,1.953125,2.81989021214516,2.80777389045327,502.151053067249,0,2.81989021214516,0.234990851012097,2.81989021214516,0,12.9754751616873,8458,34,498.046875,1.78162190989531,496.265253090105,498.046875
0.364,496.329163062132,0.114517950252795,0.00572589751263974,2.59877342073061,51.9754684146121,2.82005588207025,0,500,498.046875,1.953125,2.82005588207025,2.80793956037836,418.459210889374,0,2.82005588207025,0.235004656839188,2.82005588207025,0,13.0274475589173,8492,34,498.046875,1.71771193786839,496.329163062132,498.046875
0.365,496.372707973985,0.11202388591555,0.00560119429577748,2.5990014213559,51.9800284271181,2.82022155199535,0,500,498.046875,1.953125,2.82022155199535,2.80810523030345,348.716009074479,0,2.82022155199535,0.235018462666279,2.82022155199535,0,13.0794254100418,8526,34,498.046875,1.6741670260152,496.372707973985,498.046875
0.366,496.408647084833,0.111094978495772,0.00555474892478859,2.59918959810027,51.9837919620053,2.82038722192044,0,500,498.046875,1.953125,2.82038722192044,2.80827090022854,290.596674228732,0,2.82038722192044,0.23503226849337,2.82038722192044,0,13.1314073586953,8560,34,498.046875,1.63822791516685,496.408647084833,498.046875
0.367,496.441734378471,0.110749251781365,0.00553746258906824,2.59936284276463,51.9872568552927,2.82055289184553,0,500,498.046875,1.953125,2.82055289184553,2.80843657015364,242.16389519061,0,2.82055289184553,0.235046074320461,2.82055289184553,0,13.1833928976249,8594,34,498.046875,1.60514062152896,496.441734378471,498.046875
0.368,496.473741299049,0.11062084891588,0.00553104244579402,2.59953043060889,51.9906086121777,2.82071856177062,0,500,498.046875,1.953125,2.82071856177062,2.80860224007873,201.803245992175,0,2.82071856177062,0.235059880147552,2.82071856177062,0,13.2353818359589,8628,34,498.046875,1.5731337009513,496.473741299049,498.046875
0.369,496.505328078553,0.110573461472156,0.0055286730736078,2.59969581859962,51.9939163719924,2.82088423169571,0,500,498.046875,1.953125,2.82088423169571,2.80876791000382,168.169371660146,0,2.82088423169571,0.235073685974643,2.82088423169571,0,13.2873741007256,8662,34,498.046875,1.54154692144698,496.505328078553,498.046875
0.37,496.536740939859,0.110556304200087,0.00552781521000436,2.5998602959568,51.9972059191359,2.91192231431,0,500,483.3984375,16.6015625,2.91192231431,2.80893357992891,-2301.26510694988,0,2.91192231431,0.242660192859167,2.91192231431,0,13.3393696629046,8695,33,483.3984375,-13.1383034398585,496.536740939859,483.3984375
0.371,496.647774493083,0.139212806512598,0.00696064032562988,2.60044166628198,52.0088333256396,2.82245809598408,0,500,498.046875,1.953125,2.82245809598408,2.81034177429219,523.685327541768,0,2.82245809598408,0.235204841332007,2.82245809598408,0,13.3913715088985,8729,34,498.046875,1.39910050691736,496.647774493083,498.046875
0.372,496.765982161397,0.121258980034366,0.00606294900171831,2.60106060018594,52.0212120037188,2.82262376590918,0,500,498.046875,1.953125,2.82262376590918,2.81050744421728,436.40443961814,0,2.82262376590918,0.235218647159098,2.82262376590918,-4.44089209850063e-16,13.443387268836,8763,34,498.046875,1.2808928386026,496.765982161397,498.046875
0.373,496.8296293718,0.114570497749382,0.00572852488746908,2.60139385620031,52.0278771240062,2.82278943583427,0,500,498.046875,1.953125,2.82278943583427,2.81067311414237,363.67036634845,0,2.82278943583427,0.235232452986189,2.82278943583427,0,13.495412088268,8797,34,498.046875,1.21724562820032,496.8296293718,498.046875
0.374,496.872932286717,0.112079204110721,0.00560396020553604,2.60162058973262,52.0324117946523,2.82295510575936,0,500,498.046875,1.953125,2.82295510575936,2.81083878406747,303.058638623708,0,2.82295510575936,0.23524625881328,2.82295510575936,-4.44089209850063e-16,13.5474423353148,8831,34,498.046875,1.17394271328254,496.872932286717,498.046875
0.375,496.908639093863,0.11115170626101,0.00555758531305049,2.60180755013764,52.0361510027527,2.82312077568445,0,500,498.046875,1.953125,2.82312077568445,2.81100445399256,252.548865519757,0,2.82312077568445,0.235260064640371,2.82312077568445,0,13.5994766551122,8865,34,498.046875,1.13823590613703,496.908639093863,498.046875
0.376,496.941499625548,0.110806876875533,0.00554034384377666,2.60197960747919,52.0395921495839,2.82328644560954,0,500,498.046875,1.953125,2.82328644560954,2.81117012391765,210.457387933131,0,2.82328644560954,0.235273870467462,2.82328644560954,-4.44089209850063e-16,13.6515145411701,8899,34,498.046875,1.10537537445219,496.941499625548,498.046875
0.377,496.973283752984,0.11067917543854,0.00553395877192702,2.60214602878129,52.0429205756257,2.82345211553463,0,500,498.046875,1.953125,2.82345211553463,2.81133579384274,175.381156610942,0,2.82345211553463,0.235287676294553,2.82345211553463,0,13.7035558031019,8933,34,498.046875,1.07359124701554,496.973283752984,498.046875
0.378,497.00465109627,0.110632411450986,0.00553162057254931,2.60231026780666,52.0462053561333,2.82361778545973,0,500,498.046875,1.953125,2.82361778545973,2.81150146376783,146.150963842452,0,2.82361778545973,0.235301482121644,2.82361778545973,-4.44089209850063e-16,13.7556003683145,8967,34,498.046875,1.04222390373047,497.00465109627,498.046875
0.379,497.035847624798,0.110615843667107,0.00553079218335533,2.60247361244807,52.0494722489614,2.82378345538482,0,500,498.046875,1.953125,2.82378345538482,2.81166713369293,121.79246986871,0,2.82378345538482,0.235315287948735,2.82378345538482,0,13.8076482081241,9001,34,498.046875,1.0110273752021,497.035847624798,498.046875
0.38,497.06696519066,0.110610566792544,0.00553052833962718,2.60263654364192,52.0527308728384,2.82394912530991,0,500,498.046875,1.953125,2.82394912530991,2.81183280361802,101.493724890592,0,2.82394912530991,0.235329093775826,2.82394912530991,-4.44089209850063e-16,13.8596993102282,9035,34,498.046875,0.979909809339915,497.06696519066,498.046875
0.381,497.098038223389,0.110609536703951,0.00553047683519757,2.60279924166083,52.0559848332166,2.824114795235,0,500,498.046875,1.953125,2.824114795235,2.81199847354311,84.5781040754931,0,2.824114795235,0.235342899602917,2.824114795235,0,13.91175366845,9069,34,498.046875,0.948836776610563,497.098038223389,498.046875
0.382,497.129079755694,0.11061012841799,0.00553050642089948,2.60296177474391,52.0592354948781,2.91515287784929,0,500,483.3984375,16.6015625,2.91515287784929,2.8121641434682,-2370.92449660376,0,2.91515287784929,0.242929406487441,2.91515287784929,0,13.9638112789159,9102,33,483.3984375,-13.7306422556941,497.129079755694,483.3984375
0.383,497.239797484078,0.139273714572497,0.00696368572862486,2.60354149141409,52.0708298282818,2.82568865952337,0,500,498.046875,1.953125,2.82568865952337,2.81357233783148,465.635836163537,0,2.82568865952337,0.235474054960281,2.82568865952337,0,14.0158751376553,9136,34,498.046875,0.807077515922288,497.239797484078,498.046875
0.384,497.357712417008,0.121322992011767,0.00606614960058836,2.60415889255916,52.0831778511832,2.82585432944846,0,500,498.046875,1.953125,2.82585432944846,2.81373800775657,388.029863469614,0,2.82585432944846,0.235487860787372,2.82585432944846,0,14.0679528786375,9170,34,498.046875,0.689162582992253,497.357712417008,498.046875
0.385,497.42107787196,0.114636124527966,0.00573180622639829,2.60449067330544,52.0898134661089,2.82601999937356,0,500,498.046875,1.953125,2.82601999937356,2.81390367768166,323.358219558012,0,2.82601999937356,0.235501666614463,2.82601999937356,0,14.1200396490952,9204,34,498.046875,0.625797128039778,497.42107787196,498.046875
0.386,497.464105467416,0.112145884663634,0.00560729423318168,2.60471596526842,52.0943193053685,2.82618566929865,0,500,498.046875,1.953125,2.82618566929865,2.81406934760675,269.46518296501,0,2.82618566929865,0.235515472441554,2.82618566929865,0,14.1721318180223,9238,34,498.046875,0.582769532583541,497.464105467416,498.046875
0.387,497.499541666296,0.111219225425475,0.00556096127127376,2.60490150877187,52.0980301754375,2.82635133922374,0,500,498.046875,1.953125,2.82635133922374,2.81423501753185,224.554319137508,0,2.82635133922374,0.235529278268645,2.82635133922374,0,14.2242280311241,9272,34,498.046875,0.547333333704273,497.499541666296,498.046875
0.388,497.532135626885,0.110875148431209,0.00554375742156046,2.60507217035044,52.1014434070088,2.82651700914883,0,500,498.046875,1.953125,2.82651700914883,2.81440068745694,187.128599281257,0,2.82651700914883,0.235543084095736,2.82651700914883,0,14.2763277823635,9306,34,498.046875,0.514739373114708,497.532135626885,498.046875
0.389,497.563656938287,0.110748161287594,0.00553740806437972,2.60523721555099,52.1047443110198,2.82668267907392,0,500,498.046875,1.953125,2.82668267907392,2.81456635738203,155.940499401047,0,2.82668267907392,0.235556889922827,2.82668267907392,0,14.3284308817597,9340,34,498.046875,0.483218061712705,497.563656938287,498.046875
0.39,497.594765084923,0.110702091505791,0.00553510457528955,2.60540009742589,52.1080019485178,2.82684834899902,0,500,498.046875,1.953125,2.82684834899902,2.81473202730712,129.950416167539,0,2.82684834899902,0.235570695749918,2.82684834899902,0,14.380537257105,9374,34,498.046875,0.452109915076619,497.594765084923,498.046875
0.391,497.625705955488,0.110686204630156,0.00553431023150779,2.60556210344532,52.1112420689065,2.82701401892411,0,500,498.046875,1.953125,2.82701401892411,2.81489769723221,108.29201347295,0,2.82701401892411,0.235584501577009,2.82701401892411,0,14.4326468800901,9408,34,498.046875,0.421169044512453,497.625705955488,498.046875
0.392,497.656571342259,0.110681597975083,0.00553407989875413,2.60572371423254,52.1144742846509,2.8271796888492,0,500,498.046875,1.953125,2.8271796888492,2.81506336715731,90.2433445607913,0,2.8271796888492,0.2355983074041,2.8271796888492,0,14.48475973878,9442,34,498.046875,0.390303657740844,497.656571342259,498.046875
0.393,497.687395623149,0.110681228467048,0.00553406142335242,2.60588510978987,52.1177021957974,2.82734535877429,0,500,498.046875,1.953125,2.82734535877429,2.8152290370824,75.2027871339927,0,2.82734535877429,0.235612113231191,2.82734535877429,0,14.5368758273593,9476,34,498.046875,0.359479376850857,497.687395623149,498.046875
0.394,497.71819178269,0.110682471590664,0.00553412357953318,2.60604635810416,52.1209271620832,2.82751102869938,0,500,498.046875,1.953125,2.82751102869938,2.81539470700749,62.6689892783273,0,2.82751102869938,0.235625919058282,2.82751102869938,0,14.5889951423108,9510,34,498.046875,0.328683217309674,497.71819178269,498.046875
0.395,497.748964832463,0.110684349065066,0.00553421745325328,2.60620748541598,52.1241497083197,2.82767669862447,0,500,498.046875,1.953125,2.82767669862447,2.81556037693258,52.2241577319394,0,2.82767669862447,0.235639724885373,2.82767669862447,0,14.6411176809924,9544,34,498.046875,0.297910167536941,497.748964832463,498.046875
0.396,497.779716811192,0.110686495955481,0.00553432479777404,2.60636850240008,52.1273700480016,2.82784236854957,0,500,498.046875,1.953125,2.82784236854957,2.81572604685767,43.5201314432828,0,2.82784236854957,0.235653530712464,2.82784236854957,0,14.6932434411057,9578,34,498.046875,0.267158188808423,497.779716811192,498.046875
0.397,497.81044864767,0.110688775848501,0.00553443879242503,2.6065294139196,52.1305882783919,2.82800803847466,0,500,498.046875,1.953125,2.82800803847466,2.81589171678276,36.2667762027357,0,2.82800803847466,0.235667336539555,2.82800803847466,0,14.7453724204983,9612,34,498.046875,0.236426352330398,497.81044864767,498.046875
0.398,497.841160854864,0.11069113747733,0.00553455687386648,2.60669022266043,52.1338044532085,2.82817370839975,0,500,498.046875,1.953125,2.82817370839975,2.81605738670786,30.2223135022797,0,2.82817370839975,0.235681142366646,2.82817370839975,0,14.79750461709,9646,34,498.046875,0.205714145135858,497.841160854864,498.046875
0.399,497.871853788551,0.110693561304378,0.0055346780652189,2.6068509304854,52.1370186097081,2.82833937832484,0,500,498.046875,1.953125,2.82833937832484,2.81622305663295,25.1852612518998,0,2.82833937832484,0.235694948193737,2.82833937832484,0,14.8496400288446,9680,34,498.046875,0.175021211449348,497.871853788551,498.046875
0.4,497.902527743703,0.110696039619384,0.00553480198096921,2.60701153893901,52.1402307787801,2.82850504824993,0,500,498.046875,1.953125,2.82850504824993,2.81638872655804,20.9877177099165,0,2.82850504824993,0.235708754020828,2.82850504824993,0,14.9017786537595,9714,34,498.046875,0.144347256297351,497.902527743703,498.046875
0.401,497.933182990436,0.110698569124465,0.00553492845622327,2.60717204943556,52.1434409887112,2.82867071817503,0,500,498.046875,1.953125,2.82867071817503,2.81655439648313,17.4897647582637,0,2.82867071817503,0.235722559847919,2.82867071817503,0,14.9539204898617,9748,34,498.046875,0.113692009564375,497.933182990436,498.046875
0.402,497.963819787428,0.110701148171439,0.00553505740857197,2.60733246332949,52.1466492665898,2.82883638810012,0,500,498.046875,1.953125,2.82883638810012,2.81672006640822,14.5748039652198,0,2.82883638810012,0.23573636567501,2.82883638810012,0,15.0060655352055,9782,34,498.046875,0.0830552125723898,497.963819787428,498.046875
0.403,497.994438386949,0.110703775732452,0.0055351887866226,2.60749278194169,52.1498556388338,2.82900205802521,0,500,498.046875,1.953125,2.82900205802521,2.81688573633332,12.1456699710165,0,2.82900205802521,0.235750171502101,2.82900205802521,0,15.0582137878722,9816,34,498.046875,0.0524366130507019,497.994438386949,498.046875
0.404,498.025039036767,0.110706451016384,0.00553532255081922,2.60765300656946,52.1530601313892,2.8291677279503,0,500,498.046875,1.953125,2.8291677279503,2.81705140625841,10.1213916425137,0,2.8291677279503,0.235763977329192,2.8291677279503,0,15.1103652459692,9850,34,498.046875,0.0218359632332294,498.025039036767,498.046875
0.405,498.05562198088,0.110709173325862,0.0055354586662931,2.60781313849038,52.1562627698076,2.82933339787539,0,500,498.046875,1.953125,2.82933339787539,2.8172170761835,8.43449303542812,0,2.82933339787539,0.235777783156283,2.82933339787539,0,15.1625199076295,9884,34,498.046875,-0.00874698087983461,498.05562198088,498.046875
0.406,498.086187459825,0.110711942003905,0.00553559710019523,2.60797317896389,52.1594635792778,2.82949906780048,0,500,498.046875,1.953125,2.82949906780048,2.81738274610859,7.0287441961901,0,2.82949906780048,0.235791588983374,2.82949906780048,0,15.2146777710117,9918,34,498.046875,-0.0393124598249983,498.086187459825,498.046875
0.407,498.116735710816,0.110714756413975,0.00553573782069875,2.60813312923205,52.1626625846409,2.82966473772558,0,500,498.046875,1.953125,2.82966473772558,2.81754841603368,5.85728683015842,0,2.82966473772558,0.235805394810465,2.82966473772558,0,15.2668388342993,9952,34,498.046875,-0.0698607108161582,498.116735710816,498.046875
0.408,498.147266967825,0.110717615932473,0.00553588079662365,2.60829299051992,52.1658598103985,2.82983040765067,0,500,498.046875,1.953125,2.82983040765067,2.81771408595877,4.88107235846535,0,2.82983040765067,0.235819200637556,2.82983040765067,0,15.3190030957004,9986,34,498.046875,-0.100391967825374,498.147266967825,498.046875
0.409,498.177781461639,0.110720519945866,0.00553602599729329,2.60845276403591,52.1690552807182,2.82999607757576,0,500,498.046875,1.953125,2.82999607757576,2.81787975588387,4.06756029872112,0,2.82999607757576,0.235833006464647,2.82999607757576,0,15.3711705534475,10020,34,498.046875,-0.130906461639313,498.177781461639,498.046875
0.41,498.208279419908,0.110723467849549,0.00553617339247744,2.60861245097199,52.1722490194398,2.83016174750085,0,500,498.046875,1.953125,2.83016174750085,2.81804542580896,3.3896335822676,0,2.83016174750085,0.235846812291738,2.83016174750085,0,15.4233412057972,10054,34,498.046875,-0.161404419907967,498.208279419908,498.046875
0.411,498.238761067188,0.11072645904735,0.0055363229523675,2.60877205250393,52.1754410500786,2.83032741742594,0,500,498.046875,1.953125,2.83032741742594,2.81821109573405,2.82469465188967,0,2.83032741742594,0.235860618118829,2.83032741742594,0,15.4755150510296,10088,34,498.046875,-0.191886067188364,498.238761067188,498.046875
0.412,498.269226624988,0.110729492951276,0.00553647464756379,2.60893156979155,52.178631395831,2.83049308735104,0,500,498.046875,1.953125,2.83049308735104,2.81837676565914,2.35391220990806,0,2.83049308735104,0.23587442394592,2.83049308735104,0,15.5276920874483,10122,34,498.046875,-0.222351624987766,498.269226624988,498.046875
0.413,498.299676311805,0.110732568981349,0.00553662844906747,2.6090910039789,52.1818200795779,2.83065875727613,0,500,498.046875,1.953125,2.83065875727613,2.81854243558423,1.96159350825671,0,2.83065875727613,0.235888229773011,2.83065875727613,0,15.5798723133798,10156,34,498.046875,-0.252801311805001,498.299676311805,498.046875
0.414,498.330110343172,0.110735686565481,0.00553678432827405,2.6092503561945,52.18500712389,2.83082442720122,0,500,498.046875,1.953125,2.83082442720122,2.81870810550933,1.6346612568806,0,2.83082442720122,0.235902035600102,2.83082442720122,0,15.6320557271735,10190,34,498.046875,-0.283235343171782,498.330110343172,498.046875
0.415,498.360528931693,0.110738845139354,0.00553694225696772,2.60940962755155,52.188192551031,2.83099009712631,0,500,498.046875,1.953125,2.83099009712631,2.81887377543442,1.36221771406716,0,2.83099009712631,0.235915841427193,2.83099009712631,0,15.6842423272011,10224,34,498.046875,-0.313653931692727,498.360528931693,498.046875
0.416,498.390932287085,0.110742044146318,0.00553710220731592,2.60956881914813,52.1913763829625,2.8311557670514,0,500,498.046875,1.953125,2.8311557670514,2.81903944535951,1.1351814283893,0,2.8311557670514,0.235929647254284,2.8311557670514,0,15.7364321118564,10258,34,498.046875,-0.344057287085434,498.390932287085,498.046875
0.417,498.421320616219,0.110745283037282,0.00553726415186408,2.6097279320674,52.1945586413479,2.83132143697649,0,500,498.046875,1.953125,2.83132143697649,2.8192051152846,0.945984523657752,0,2.83132143697649,0.235943453081375,2.83132143697649,0,15.7886250795551,10292,34,498.046875,-0.374445616219134,498.421320616219,498.046875
0.418,498.451694123154,0.11074856127061,0.00553742806353052,2.60988696737781,52.1977393475562,2.83148710690159,0,500,498.046875,1.953125,2.83148710690159,2.81937078520969,0.78832043638146,0,2.83148710690159,0.235957258908466,2.83148710690159,0,15.8408212287343,10326,34,498.046875,-0.404819123154027,498.451694123154,498.046875
0.419,498.482053009179,0.110751878312026,0.00553759391560131,2.61004592613332,52.2009185226664,2.83165277682668,0,500,498.046875,1.953125,2.83165277682668,2.81953645513478,0.65693369698455,0,2.83165277682668,0.235971064735557,2.83165277682668,0,15.8930205578524,10360,34,498.046875,-0.435178009178685,498.482053009179,498.046875
0.42,498.512397472849,0.110755233634507,0.00553776168172533,2.61020480937356,52.2040961874712,2.83181844675177,0,500,498.046875,1.953125,2.83181844675177,2.81970212505988,0.547444747487125,0,2.83181844675177,0.235984870562647,2.83181844675177,0,15.9452230653888,10394,34,498.046875,-0.46552247284859,498.512397472849,498.046875
0.421,498.542727710023,0.110758626718185,0.00553793133590926,2.61036361812404,52.2072723624808,2.83198411667686,0,500,498.046875,1.953125,2.83198411667686,2.81986779498497,0.456203956239271,0,2.83198411667686,0.235998676389738,2.83198411667686,0,15.9974287498433,10428,34,498.046875,-0.495852710022973,498.542727710023,498.046875
0.422,498.573043913901,0.110762057050256,0.00553810285251282,2.61052235339635,52.210447067927,2.83214978660195,0,500,498.046875,1.953125,2.83214978660195,2.82003346491006,0.380169963532726,0,2.83214978660195,0.236012482216829,2.83214978660195,0,16.0496376097364,10462,34,498.046875,-0.526168913900506,498.573043913901,498.046875
0.423,498.603346275057,0.110765524124879,0.00553827620624395,2.61068101618834,52.2136203237669,2.83231545652705,0,500,498.046875,1.953125,2.83231545652705,2.82019913483515,0.316808302943938,0,2.83231545652705,0.23602628804392,2.83231545652705,0,16.1018496436085,10496,34,498.046875,-0.556471275056651,498.603346275057,498.046875
0.424,498.633634981479,0.11076902744308,0.00553845137215401,2.61083960748431,52.2167921496863,2.83248112645214,0,500,498.046875,1.953125,2.83248112645214,2.82036480476024,0.264006919119948,0,2.83248112645214,0.236040093871011,2.83248112645214,0,16.1540648500199,10530,34,498.046875,-0.586759981478849,498.633634981479,498.046875
0.425,498.663910218602,0.110772566512664,0.00553862832563319,2.6109981282552,52.219962565104,2.83264679637723,0,500,498.046875,1.953125,2.83264679637723,2.82053047468534,0.22000576593329,0,2.83264679637723,0.236053899698102,2.83264679637723,0,16.2062832275503,10564,34,498.046875,-0.617035218601814,498.663910218602,498.046875
0.426,498.694172169341,0.110776140848118,0.0055388070424059,2.61115657945874,52.2231315891749,2.83281246630232,0,500,498.046875,1.953125,2.83281246630232,2.82069614461043,0.183338138277742,0,2.83281246630232,0.236067705525193,2.83281246630232,0,16.2585047747989,10598,34,498.046875,-0.647297169341186,498.694172169341,498.046875
0.427,498.724421014129,0.110779749970524,0.00553898749852621,2.61131496203969,52.2262992407937,2.83297813622741,0,500,498.046875,1.953125,2.83297813622741,2.82086181453552,0.152781781898118,0,2.83297813622741,0.236081511352284,2.83297813622741,0,16.3107294903837,10632,34,498.046875,-0.677546014129348,498.724421014129,498.046875
0.428,498.754656930948,0.110783393407467,0.00553916967037337,2.61147327692994,52.2294655385988,2.8331438061525,0,500,498.046875,1.953125,2.8331438061525,2.82102748446061,0.127318151581765,0,2.8331438061525,0.236095317179375,2.8331438061525,0,16.3629573729418,10666,34,498.046875,-0.707781930948215,498.754656930948,498.046875
0.429,498.784880095363,0.110787070692948,0.0055393535346474,2.61163152504876,52.2326305009752,2.7424370633884,0,500,512.6953125,-12.6953125,2.7424370633884,2.8211931543857,2441.51234845965,0,2.7424370633884,0.228536421949033,2.7424370633884,0,16.4151884211284,10701,35,512.6953125,13.9104324046373,498.784880095363,512.6953125
0.43,498.735388042126,0.0821284301984732,0.00410642150992366,2.611372385264,52.2274477052799,2.8322326215645,0,500,498.046875,1.953125,2.8322326215645,2.82011629987261,-406.812626283624,0,2.8322326215645,0.236019385130375,2.8322326215645,0,16.4674196345943,10735,34,498.046875,-0.688513042125976,498.735388042126,498.046875
0.431,498.678662017808,0.100084409523614,0.00500422047618069,2.61107536849522,52.2215073699044,2.83239829148959,0,500,498.046875,1.953125,2.83239829148959,2.8202819697977,-339.01052190302,0,2.83239829148959,0.236033190957466,2.83239829148959,0,16.5196433754168,10769,34,498.046875,-0.63178701780754,498.678662017808,498.046875
0.432,498.676449846957,0.106776707879227,0.00533883539396137,2.61106378559573,52.2212757119147,2.83256396141468,0,500,498.046875,1.953125,2.83256396141468,2.82044763972279,-282.508768252516,0,2.83256396141468,0.236046996784557,2.83256396141468,0,16.5718644925786,10803,34,498.046875,-0.629574846957269,498.676449846957,498.046875
0.433,498.694540634346,0.109272500891271,0.00546362504456353,2.611158508737,52.2231701747399,2.83272963133978,0,500,498.046875,1.953125,2.83272963133978,2.82061330964788,-235.423973543764,0,2.83272963133978,0.236060802611648,2.83272963133978,0,16.6240866133951,10837,34,498.046875,-0.647665634345685,498.694540634346,498.046875
0.434,498.720188480237,0.110204815462485,0.00551024077312424,2.61129280054405,52.225856010881,2.83289530126487,0,500,498.046875,1.953125,2.83289530126487,2.82077897957297,-196.186644619803,0,2.83289530126487,0.236074608438739,2.83289530126487,0,16.6763110885364,10871,34,498.046875,-0.673313480237425,498.720188480237,498.046875
0.435,498.748644725903,0.110554641720955,0.00552773208604775,2.61144179709794,52.2288359419588,2.83306097118996,0,500,498.046875,1.953125,2.83306097118996,2.82094464949807,-163.488870516503,0,2.83306097118996,0.23608841426583,2.83306097118996,0,16.7285384204705,10905,34,498.046875,-0.701769725903318,498.748644725903,498.046875
0.436,498.77814025416,0.110687468226055,0.00553437341130275,2.61159623532275,52.231924706455,2.83322664111505,0,500,498.046875,1.953125,2.83322664111505,2.82111031942316,-136.240725430419,0,2.83322664111505,0.236102220092921,2.83322664111505,0,16.7807687956593,10939,34,498.046875,-0.731265254160462,498.77814025416,498.046875
0.437,498.808016038327,0.110739465289949,0.00553697326449747,2.61175266456285,52.2350532912569,2.83339231104014,0,500,498.046875,1.953125,2.83339231104014,2.82127598934825,-113.533937858682,0,2.83339231104014,0.236116025920012,2.83339231104014,0,16.8330022828404,10973,34,498.046875,-0.761141038327139,498.808016038327,498.046875
0.438,498.838026638338,0.110761365819188,0.00553806829095941,2.61190979969705,52.2381959939411,2.83355798096524,0,500,498.046875,1.953125,2.83355798096524,2.82144165927334,-94.6116148822353,0,2.83355798096524,0.236129831747103,2.83355798096524,0,16.8852389069005,11007,34,498.046875,-0.791151638338192,498.838026638338,498.046875
0.439,498.868080703372,0.110772071194129,0.00553860355970644,2.61206716241359,52.2413432482718,2.83372365089033,0,500,498.046875,1.953125,2.83372365089033,2.82160732919843,-78.8430124018628,0,2.83372365089033,0.236143637574194,2.83372365089033,0,16.9374786763985,11041,34,498.046875,-0.821205703371788,498.868080703372,498.046875
0.44,498.898144290579,0.110778623283782,0.00553893116418909,2.61222457498811,52.2444914997621,2.83388932081542,0,500,498.046875,1.953125,2.83388932081542,2.82177299912353,-65.7025103348856,0,2.83388932081542,0.236157443401285,2.83388932081542,0,16.9897215938198,11075,34,498.046875,-0.851269290579012,498.898144290579,498.046875
0.441,498.928204844429,0.110783645446309,0.00553918227231545,2.61238197168,52.2476394336001,2.83405499074051,0,500,498.046875,1.953125,2.83405499074051,2.82193866904862,-54.752091945738,0,2.83405499074051,0.236171249228376,2.83405499074051,0,17.0419676593964,11109,34,498.046875,-0.88132984442916,498.928204844429,498.046875
0.442,498.958257776463,0.110788114832585,0.00553940574162927,2.61253932846416,52.2507865692833,2.8342206606656,0,500,498.046875,1.953125,2.8342206606656,2.82210433897371,-45.626743288115,0,2.8342206606656,0.236185055055467,2.8342206606656,0,17.0942168725304,11143,34,498.046875,-0.911382776463086,498.958257776463,498.046875
0.443,498.988301465311,0.110792395267034,0.00553961976335169,2.61269663685112,52.2539327370223,2.83438633059069,0,500,498.046875,1.953125,2.83438633059069,2.8222700088988,-38.0222860734292,0,2.83438633059069,0.236198860882558,2.83438633059069,0,17.1464692323238,11177,34,498.046875,-0.941426465310997,498.988301465311,498.046875
0.444,499.018335393858,0.110796622069391,0.00553983110346956,2.61285389413325,52.2570778826651,2.83455200051579,0,500,498.046875,1.953125,2.83455200051579,2.82243567882389,-31.6852383945243,0,2.83455200051579,0.236212666709649,2.83455200051579,0,17.1987247377759,11211,34,498.046875,-0.971460393858024,499.018335393858,498.046875
0.445,499.048359455222,0.110800845428229,0.00554004227141146,2.61301109975094,52.2602219950188,2.83471767044088,0,500,498.046875,1.953125,2.83471767044088,2.82260134874898,-26.4043653287703,0,2.83471767044088,0.23622647253674,2.83471767044088,0,17.2509833878571,11245,34,498.046875,-1.0014844552224,499.048359455222,498.046875
0.446,499.078373694198,0.110805083817778,0.0055402541908889,2.61316825393873,52.2633650787745,2.83488334036597,0,500,498.046875,1.953125,2.83488334036597,2.82276701867408,-22.0036377739752,0,2.83488334036597,0.236240278363831,2.83488334036597,0,17.3032451815356,11279,34,498.046875,-1.03149869419843,499.078373694198,498.046875
0.447,499.108378210941,0.110809343899463,0.00554046719497317,2.61332535722102,52.2665071444203,2.74417659760186,0,500,512.6953125,-12.6953125,2.74417659760186,2.82293268859917,2423.06988518835,0,2.74417659760186,0.228681383133488,2.74417659760186,0,17.3555101177878,11314,35,512.6953125,13.5869342890587,499.108378210941,512.6953125
0.448,499.058670486672,0.0821512767677845,0.00410756383838923,2.61306508818536,52.2613017637072,2.83397215577797,0,500,498.046875,1.953125,2.83397215577797,2.82185583408607,-422.181345676372,0,2.83397215577797,0.23616434631483,2.83397215577797,0,17.4077751965789,11348,34,498.046875,-1.01179548667176,499.058670486672,498.046875
0.449,499.001731722922,0.100107821103423,0.00500539105517114,2.61276695751553,52.2553391503106,2.83413782570306,0,500,498.046875,1.953125,2.83413782570306,2.82202150401116,-351.817788063643,0,2.83413782570306,0.236178152141921,2.83413782570306,-4.44089209850063e-16,17.4600327802954,11382,34,498.046875,-0.954856722922273,499.001731722922,498.046875
0.45,498.999309702712,0.106800676585723,0.00534003382928615,2.61275427584736,52.2550855169473,2.83430349562815,0,500,498.046875,1.953125,2.83430349562815,2.82218717393626,-293.181490053036,0,2.83430349562815,0.236191957969012,2.83430349562815,0,17.5122877182249,11416,34,498.046875,-0.952434702712196,498.999309702712,498.046875
0.451,499.017193490924,0.109297019079992,0.00546485095399959,2.61284791514347,52.2569583028694,2.83446916555324,0,500,498.046875,1.953125,2.83446916555324,2.82235284386135,-244.31790837753,0,2.83446916555324,0.236205763796103,2.83446916555324,-4.44089209850063e-16,17.5645436379833,11450,34,498.046875,-0.970318490923944,499.017193490924,498.046875
0.452,499.042637148877,0.11022987564207,0.00551149378210348,2.61298113782498,52.2596227564996,2.83463483547833,0,500,498.046875,1.953125,2.83463483547833,2.82251851378644,-203.598256981275,0,2.83463483547833,0.236219569623194,2.83463483547833,0,17.6168018905371,11484,34,498.046875,-0.995762148877134,499.042637148877,498.046875
0.453,499.070891979576,0.110580236520139,0.00552901182600696,2.61312907977257,52.2625815954514,2.83480050540342,0,500,498.046875,1.953125,2.83480050540342,2.82268418371153,-169.665214151062,0,2.83480050540342,0.236233375450285,2.83480050540342,-4.44089209850063e-16,17.6690629786467,11518,34,498.046875,-1.02401697957623,499.070891979576,498.046875
0.454,499.100188828148,0.110713590380519,0.00553567951902595,2.61328247771298,52.2656495542596,2.83496617532852,0,500,498.046875,1.953125,2.83496617532852,2.82284985363662,-141.387678459219,0,2.83496617532852,0.236247181277376,2.83496617532852,0,17.7213270890624,11552,34,498.046875,-1.05331382814802,499.100188828148,498.046875
0.455,499.129868630753,0.110766107636574,0.00553830538182868,2.61343788079602,52.2687576159204,2.83513184525361,0,500,498.046875,1.953125,2.83513184525361,2.82301552356172,-117.823065382682,0,2.83513184525361,0.236260987104467,2.83513184525361,-4.44089209850063e-16,17.7735942908064,11586,34,498.046875,-1.08299363075253,499.129868630753,498.046875
0.456,499.159685910679,0.110788521293079,0.00553942606465394,2.61359400370863,52.2718800741726,2.8352975151787,0,500,498.046875,1.953125,2.8352975151787,2.82318119348681,-98.1858878189019,0,2.8352975151787,0.236274792931558,2.8352975151787,0,17.8258646090459,11620,34,498.046875,-1.11281091067917,499.159685910679,498.046875
0.457,499.189549280961,0.110799732826689,0.00553998664133446,2.61375036794978,52.2750073589956,2.83546318510379,0,500,498.046875,1.953125,2.83546318510379,2.8233468634119,-81.8215731824182,0,2.83546318510379,0.236288598758649,2.83546318510379,-4.44089209850063e-16,17.8781380526166,11654,34,498.046875,-1.14267428096088,499.189549280961,498.046875
0.458,499.219424763095,0.110806784201182,0.00554033921005908,2.61390679560844,52.2781359121688,2.83562885502888,0,500,498.046875,1.953125,2.83562885502888,2.82351253333699,-68.1846443186819,0,2.83562885502888,0.23630240458574,2.83562885502888,0,17.930414624277,11688,34,498.046875,-1.17254976309528,499.219424763095,498.046875
0.459,499.249299766383,0.110812298868116,0.00554061494340582,2.61406322075986,52.2812644151972,2.83579452495398,0,500,498.046875,1.953125,2.83579452495398,2.82367820326208,-56.8205369322349,0,2.83579452495398,0.236316210412831,2.83579452495398,-4.44089209850063e-16,17.9826943245286,11722,34,498.046875,-1.20242476638271,499.249299766383,498.046875
0.46,499.279169667673,0.110817254070466,0.00554086270352329,2.61421961919729,52.2843923839458,2.83596019487907,0,500,498.046875,1.953125,2.83596019487907,2.82384387318717,-47.3504474435291,0,2.83596019487907,0.236330016239922,2.83596019487907,0,18.0349771530388,11756,34,498.046875,-1.23229466767344,499.279169667673,498.046875
0.461,499.309032811378,0.110822013723489,0.00554110068617447,2.61437598225208,52.2875196450417,2.74525345211496,0,500,512.6953125,-12.6953125,2.74525345211496,2.82400954311227,2401.94754379706,0,2.74525345211496,0.22877112100958,2.74525345211496,0,18.087263109172,11791,35,512.6953125,13.386279688622,499.309032811378,512.6953125
0.462,499.259186008199,0.0821643620676985,0.00410821810338493,2.61411498500097,52.2822997000193,2.83504901029106,0,500,498.046875,1.953125,2.83504901029106,2.82293268859917,-439.783296835784,0,2.83504901029106,0.236254084190922,2.83504901029106,0,18.139549193163,11825,34,498.046875,-1.21231100819926,499.259186008199,498.046875
0.463,499.2021101937,0.100121287433045,0.00500606437165225,2.61381613673508,52.2763227347016,2.83521468021616,0,500,498.046875,1.953125,2.83521468021616,2.82309835852426,-366.486080696487,0,2.83521468021616,0.236267890018013,2.83521468021616,0,18.1918277676229,11859,34,498.046875,-1.15523519369953,499.2021101937,498.046875
0.464,499.19955303587,0.106814508039066,0.0053407254019533,2.61380274748799,52.2760549497599,2.83538035014125,0,500,498.046875,1.953125,2.83538035014125,2.82326402844935,-305.405067247072,0,2.83538035014125,0.236281695845104,2.83538035014125,0,18.2441036820446,11893,34,498.046875,-1.15267803586954,499.19955303587,498.046875
0.465,499.217303541016,0.109311206700336,0.00546556033501678,2.6138956889156,52.2779137783121,2.83554602006634,0,500,498.046875,1.953125,2.83554602006634,2.82342969837445,-254.504222705894,0,2.83554602006634,0.236295501672195,2.83554602006634,0,18.296380564241,11927,34,498.046875,-1.17042854101635,499.217303541016,498.046875
0.466,499.24261573313,0.110244413102949,0.00551222065514746,2.61402822324359,52.2805644648718,2.83571168999143,0,500,498.046875,1.953125,2.83571168999143,2.82359536829954,-212.086852254911,0,2.83571168999143,0.236309307499286,2.83571168999143,0,18.3486597653711,11961,34,498.046875,-1.19574073313044,499.24261573313,498.046875
0.467,499.270740886013,0.110595118515644,0.00552975592578219,2.61417548619972,52.2835097239944,2.83587735991652,0,500,498.046875,1.953125,2.83587735991652,2.82376103822463,-176.739043545759,0,2.83587735991652,0.236323113326377,2.83587735991652,0,18.4009417883836,11995,34,498.046875,-1.22386588601341,499.270740886013,498.046875
0.468,499.299909818825,0.110728812025013,0.00553644060125066,2.61432821437478,52.2865642874956,2.83604302984161,0,500,498.046875,1.953125,2.83604302984161,2.82392670814972,-147.282536288133,0,2.83604302984161,0.236336919153468,2.83604302984161,0,18.453226820215,12029,34,498.046875,-1.25303481882503,499.299909818825,498.046875
0.469,499.329463443168,0.110781664240507,0.00553908321202534,2.61448295678998,52.2896591357996,2.83620869976671,0,500,498.046875,1.953125,2.83620869976671,2.82409237807481,-122.735446906777,0,2.83620869976671,0.236350724980559,2.83620869976671,0,18.5055149300704,12063,34,498.046875,-1.28258844316758,499.329463443168,498.046875
0.47,499.359156258501,0.110804408278923,0.00554022041394614,2.61463842800751,52.2927685601502,2.8363743696918,0,500,498.046875,1.953125,2.8363743696918,2.8242580479999,-102.279539088981,0,2.8363743696918,0.23636453080765,2.8363743696918,0,18.557806143298,12097,34,498.046875,-1.31228125850117,499.359156258501,498.046875
0.471,499.388896854499,0.110815945697087,0.00554079728485437,2.61479414940401,52.2958829880802,2.83654003961689,0,500,498.046875,1.953125,2.83654003961689,2.824423717925,-85.2329492408177,0,2.83654003961689,0.236378336634741,2.83654003961689,0,18.6101004689116,12131,34,498.046875,-1.34202185449948,499.388896854499,498.046875
0.472,499.418651229673,0.110823318526563,0.00554116592632813,2.6149499429481,52.2989988589621,2.83670570954198,0,500,498.046875,1.953125,2.83670570954198,2.82458938785009,-71.0274577006814,0,2.83670570954198,0.236392142461832,2.83670570954198,0,18.6623979098455,12165,34,498.046875,-1.37177622967272,499.418651229673,498.046875
0.473,499.448406770667,0.110829150281563,0.00554145751407816,2.61510574259642,52.3021148519284,2.74599896677787,0,500,512.6953125,-12.6953125,2.74599896677787,2.82475505777518,2382.2167019161,0,2.74599896677787,0.228833247231489,2.74599896677787,0,18.7146984667745,12200,35,512.6953125,13.2469057293332,499.448406770667,512.6953125
0.474,499.398456193565,0.0821720670964735,0.00410860335482367,2.61484420198631,52.2968840397263,2.83579452495398,0,500,498.046875,1.953125,2.83579452495398,2.82367820326208,-456.225665069918,0,2.83579452495398,0.236316210412831,2.83579452495398,0,18.7669991405145,12234,34,498.046875,-1.35158119356527,499.398456193565,498.046875
0.475,499.341278896486,0.100129370998386,0.00500646854991929,2.61454482235889,52.2908964471777,2.83596019487907,0,500,498.046875,1.953125,2.83596019487907,2.82384387318718,-380.188054224931,0,2.83596019487907,0.236330016239922,2.83596019487907,0,18.8192922939838,12268,34,498.046875,-1.29440389648568,499.341278896486,498.046875
0.476,499.338621962867,0.106822897112579,0.00534114485562893,2.61453091068699,52.2906182137397,2.83612586480416,0,500,498.046875,1.953125,2.83612586480416,2.82400954311227,-316.823378520776,0,2.83612586480416,0.236343822067013,2.83612586480416,0,18.8715827768802,12302,34,498.046875,-1.29174696286651,499.338621962867,498.046875
0.477,499.356274169642,0.109319871840107,0.00546599359200533,2.61462333742553,52.2924667485106,2.83629153472925,0,500,498.046875,1.953125,2.83629153472925,2.82417521303736,-264.019482100647,0,2.83629153472925,0.236357627894104,2.83629153472925,0,18.9238742171814,12336,34,498.046875,-1.30939916964189,499.356274169642,498.046875
0.478,499.381489443917,0.110253341136472,0.00551266705682362,2.6147553642929,52.2951072858579,2.83645720465435,0,500,498.046875,1.953125,2.83645720465435,2.82434088296245,-220.016235083872,0,2.83645720465435,0.236371433721195,2.83645720465435,0,18.9761679661953,12370,34,498.046875,-1.33461444391656,499.381489443917,498.046875
0.479,499.409519012123,0.110604302361849,0.00553021511809243,2.61490212676883,52.2980425353766,2.83662287457944,0,500,498.046875,1.953125,2.83662287457944,2.82450655288754,-183.346862569894,0,2.83662287457944,0.236385239548286,2.83662287457944,0,19.0284645270125,12404,34,498.046875,-1.36264401212287,499.409519012123,498.046875
0.48,499.438593664652,0.110738246901839,0.00553691234509196,2.61505436129348,52.3010872258696,2.83678854450453,0,500,498.046875,1.953125,2.83678854450453,2.82467222281264,-152.789052141578,0,2.83678854450453,0.236399045375377,2.83678854450453,0,19.0807640867074,12438,34,498.046875,-1.39171866465176,499.438593664652,498.046875
0.481,499.468054291419,0.110791346251553,0.00553956731257763,2.61520861677451,52.3041723354903,2.83695421442962,0,500,498.046875,1.953125,2.83695421442962,2.82483789273773,-127.324210117982,0,2.83695421442962,0.236412851202468,2.83695421442962,0,19.1330667146208,12472,34,498.046875,-1.4211792914187,499.468054291419,498.046875
0.482,499.497655372984,0.110814333886477,0.00554071669432384,2.61536360767515,52.3072721535031,2.83711988435471,0,500,498.046875,1.953125,2.83711988435471,2.82500356266282,-106.103508431651,0,2.83711988435471,0.236426657029559,2.83711988435471,0,19.185372436234,12506,34,498.046875,-1.45078037298407,499.497655372984,498.046875
0.483,499.527305481307,0.110826111525404,0.00554130557627022,2.6155188552793,52.310377105586,2.7464131415906,0,500,512.6953125,-12.6953125,2.7464131415906,2.82516923258791,2352.98665964029,0,2.7464131415906,0.228867761799217,2.7464131415906,0,19.2376812606922,12541,35,512.6953125,13.1680070186925,499.527305481307,512.6953125
0.484,499.477267959344,0.0821713701193633,0.00410856850596817,2.61525685942696,52.3051371885392,2.83620869976671,0,500,498.046875,1.953125,2.83620869976671,2.82409237807482,-480.584033633091,0,2.83620869976671,0.236350724980559,2.83620869976671,0,19.2899901920365,12575,34,498.046875,-1.43039295934398,499.477267959344,498.046875
0.485,499.420011252714,0.100129671296025,0.00500648356480127,2.6149570640121,52.299141280242,2.8363743696918,0,500,498.046875,1.953125,2.8363743696918,2.82425804799991,-400.486694694243,0,2.8363743696918,0.23636453080765,2.8363743696918,-4.44089209850063e-16,19.342291594455,12609,34,498.046875,-1.37313625271418,499.420011252714,498.046875
0.486,499.417278355479,0.106823692066441,0.00534118460332206,2.61494275459564,52.2988550919127,2.83654003961689,0,500,498.046875,1.953125,2.83654003961689,2.824423717925,-333.738912245202,0,2.83654003961689,0.236378336634741,2.83654003961689,0,19.3945903181859,12643,34,498.046875,-1.37040335547931,499.417278355479,498.046875
0.487,499.434856512318,0.1093209725172,0.00546604862585998,2.61503479360962,52.3006958721923,2.83670570954198,0,500,498.046875,1.953125,2.83670570954198,2.82458938785009,-278.115760204335,0,2.83670570954198,0.236392142461832,2.83670570954198,-4.44089209850063e-16,19.4468899914748,12677,34,498.046875,-1.38798151231788,499.434856512318,498.046875
0.488,499.459999070907,0.110254675496749,0.00551273377483743,2.61516643973854,52.3033287947709,2.83687137946708,0,500,498.046875,1.953125,2.83687137946708,2.82475505777518,-231.763133503613,0,2.83687137946708,0.236405948288923,2.83687137946708,0,19.4991919657946,12711,34,498.046875,-1.41312407090714,499.459999070907,498.046875
0.489,499.487957033364,0.110605841938618,0.00553029209693088,2.61531282728765,52.306256545753,2.83703704939217,0,500,498.046875,1.953125,2.83703704939217,2.82492072770027,-193.135944586344,0,2.83703704939217,0.236419754116014,2.83703704939217,-4.44089209850063e-16,19.5514967443623,12745,34,498.046875,-1.4410820333639,499.487957033364,498.046875
0.49,499.516961098184,0.110739979484685,0.00553699897423426,2.61546469221592,52.3092938443184,2.83720271931726,0,500,498.046875,1.953125,2.83720271931726,2.82508639762537,-160.94662048862,0,2.83720271931726,0.236433559943105,2.83720271931726,0,19.603804514363,12779,34,498.046875,-1.47008609818363,499.516961098184,498.046875
0.491,499.546352112835,0.110793265708472,0.0055396632854236,2.61561858320877,52.3123716641754,2.83736838924235,0,500,498.046875,1.953125,2.83736838924235,2.82525206755046,-134.122183740517,0,2.83736838924235,0.236447365770196,2.83736838924235,-4.44089209850063e-16,19.6561153452415,12813,34,498.046875,-1.49947711283477,499.546352112835,498.046875
0.492,499.575884533965,0.110816436371602,0.00554082181858008,2.61577321460421,52.3154642920843,2.83753405916744,0,500,498.046875,1.953125,2.83753405916744,2.82541773747555,-111.768486450431,0,2.83753405916744,0.236461171597287,2.83753405916744,0,19.7084292625801,12847,34,498.046875,-1.52900953396522,499.575884533965,498.046875
0.493,499.605466916637,0.110828394065819,0.00554141970329093,2.61592810759768,52.3185621519535,2.74682731640334,0,500,512.6953125,-12.6953125,2.74682731640334,2.82558340740064,2348.26584462464,0,2.74682731640334,0.228902276366945,2.74682731640334,0,19.7607462756227,12882,35,512.6953125,13.0898455833627,499.605466916637,512.6953125
0.494,499.555362589632,0.082173830088301,0.00410869150441505,2.61566576195495,52.3133152390991,2.83662287457944,0,500,498.046875,1.953125,2.83662287457944,2.82450655288755,-484.518046146132,0,2.83662287457944,0.236385239548287,2.83662287457944,0,19.8130633885074,12916,34,498.046875,-1.50848758963167,499.555362589632,498.046875
0.495,499.498039985515,0.100132306216318,0.00500661531081588,2.61536562150166,52.3073124300331,2.83678854450453,0,500,498.046875,1.953125,2.83678854450453,2.82467222281264,-403.76503845511,0,2.83678854450453,0.236399045375378,2.83678854450453,0,19.8653729655183,12950,34,498.046875,-1.45116498551482,499.498039985515,498.046875
0.496,499.495242085818,0.106826499537004,0.00534132497685021,2.6153509717331,52.307019434662,2.83695421442962,0,500,498.046875,1.953125,2.83695421442962,2.82483789273773,-336.470865379258,0,2.83695421442962,0.236412851202469,2.83695421442962,0,19.9176798569877,12984,34,498.046875,-1.44836708581812,499.495242085818,498.046875
0.497,499.512756122989,0.109323950185371,0.00546619750926854,2.61544267501728,52.3088535003457,2.83711988435471,0,500,498.046875,1.953125,2.83711988435471,2.82500356266282,-280.392387816049,0,2.83711988435471,0.23642665702956,2.83711988435471,0,19.9699876912544,13018,34,498.046875,-1.46588112298855,499.512756122989,498.046875
0.498,499.537835432687,0.110257821047706,0.00551289105238532,2.61557398997579,52.3114797995158,2.83728555427981,0,500,498.046875,1.953125,2.83728555427981,2.82516923258791,-233.660323180041,0,2.83728555427981,0.236440462856651,2.83728555427981,0,20.0222978198831,13052,34,498.046875,-1.49096043268662,499.537835432687,498.046875
0.499,499.565731005193,0.110609153091172,0.00553045765455858,2.61572005085188,52.3144010170377,2.8374512242049,0,500,498.046875,1.953125,2.8374512242049,2.82533490251301,-194.716935983367,0,2.8374512242049,0.236454268683742,2.8374512242049,0,20.0746107461813,13086,34,498.046875,-1.51885600519324,499.565731005193,498.046875
0.5,499.594673527335,0.110743453989442,0.00553717269947209,2.61587159354344,52.3174318708689,2.83761689412999,0,500,498.046875,1.953125,2.83761689412999,2.8255005724381,-162.264113319473,0,2.83761689412999,0.236468074510833,2.83761689412999,0,20.1269266574236,13120,34,498.046875,-1.54779852733492,499.594673527335,498.046875
0.501,499.624003835073,0.110796901346889,0.00553984506734447,2.61602516667564,52.3205033335128,2.83778256405508,0,500,498.046875,1.953125,2.83778256405508,2.82566624236319,-135.220094432894,0,2.83778256405508,0.236481880337924,2.83778256405508,0,20.1792456231429,13154,34,498.046875,-1.57712883507281,499.624003835073,498.046875
0.502,499.653476373704,0.11082023095538,0.00554101154776902,2.61617948452705,52.323589690541,2.83794823398017,0,500,498.046875,1.953125,2.83794823398017,2.82583191228828,-112.683412027412,0,2.83794823398017,0.236495686165014,2.83794823398017,0,20.2315676690081,13188,34,498.046875,-1.60660137370394,499.653476373704,498.046875
0.503,499.682999687095,0.110832345436419,0.00554161727182095,2.61633406823448,52.3266813646896,2.74724149121607,0,500,512.6953125,-12.6953125,2.74724149121607,2.82599758221337,2347.50340664382,0,2.74724149121607,0.228936790934672,2.74724149121607,0,20.2838928043493,13223,35,512.6953125,13.0123128129048,499.682999687095,512.6953125
0.504,499.632837092983,0.0821779361165125,0.00410889680582562,2.6160714175059,52.321428350118,2.83703704939217,0,500,498.046875,1.953125,2.83703704939217,2.82492072770028,-485.153411130147,0,2.83703704939217,0.236419754116014,2.83703704939217,0,20.336218033389,13257,34,498.046875,-1.58596209298298,499.632837092983,498.046875
0.505,499.575457013041,0.100136564801851,0.00500682824009253,2.61577097610989,52.3154195221977,2.83720271931726,0,500,498.046875,1.953125,2.83720271931726,2.82508639762537,-404.294509275122,0,2.83720271931726,0.236433559943105,2.83720271931726,0,20.3885357204946,13291,34,498.046875,-1.52858201304076,499.575457013041,498.046875
0.506,499.572602418053,0.106830908608094,0.00534154543040468,2.61575602948549,52.3151205897097,2.83736838924235,0,500,498.046875,1.953125,2.83736838924235,2.82525206755046,-336.912091062602,0,2.83736838924235,0.236447365770196,2.83736838924235,0,20.4408507160808,13325,34,498.046875,-1.52572741805341,499.572602418053,498.046875
0.507,499.590060529868,0.109328507698387,0.00546642538491937,2.61584743994519,52.3169487989038,2.83753405916745,0,500,498.046875,1.953125,2.83753405916745,2.82541773747555,-280.760075885502,0,2.83753405916745,0.236461171597287,2.83753405916745,0,20.4931666485676,13359,34,498.046875,-1.54318552986842,499.590060529868,498.046875
0.508,499.61508467369,0.110262524986775,0.00551312624933873,2.61597846605585,52.3195693211169,2.83769972909254,0,500,498.046875,1.953125,2.83769972909254,2.82558340740064,-233.966729904585,0,2.83769972909254,0.236474977424378,2.83769972909254,0,20.5454848695998,13393,34,498.046875,-1.56820967369021,499.61508467369,498.046875
0.509,499.642925829486,0.110614001467792,0.00553070007338959,2.61612424200671,52.3224848401341,2.83786539901763,0,500,498.046875,1.953125,2.83786539901763,2.82574907732574,-194.972274920487,0,2.83786539901763,0.236488783251469,2.83786539901763,0,20.5978058825639,13427,34,498.046875,-1.59605082948593,499.642925829486,498.046875
0.51,499.671814673908,0.110748444842119,0.00553742224210593,2.61627550364238,52.3255100728477,2.83803106894272,0,500,498.046875,1.953125,2.83803106894272,2.82591474725083,-162.476895767073,0,2.83803106894272,0.23650258907856,2.83803106894272,0,20.6501298748124,13461,34,498.046875,-1.62493967390816,499.671814673908,498.046875
0.511,499.701092032882,0.110802032740765,0.00554010163703826,2.6164287995355,52.32857599071,2.83819673886781,0,500,498.046875,1.953125,2.83819673886781,2.82608041717592,-135.397413139227,0,2.83819673886781,0.236516394905651,2.83819673886781,0,20.7024569159549,13495,34,498.046875,-1.6542170328824,499.701092032882,498.046875
0.512,499.730512341806,0.110825500981873,0.00554127504909366,2.6165828439128,52.3316568782561,2.7474899961037,0,500,512.6953125,-12.6953125,2.7474899961037,2.82624608710101,2328.57507238398,0,2.7474899961037,0.228957499675309,2.7474899961037,-4.44089209850063e-16,20.7547870317364,13530,35,512.6953125,12.9648001581936,499.730512341806,512.6953125
0.513,499.680281496355,0.0821754010440429,0.00410877005220215,2.61631983582105,52.3263967164209,2.83728555427981,0,500,498.046875,1.953125,2.83728555427981,2.82516923258792,-500.927023013352,0,2.83728555427981,0.236440462856651,2.83728555427981,-4.44089209850063e-16,20.8071172325386,13564,34,498.046875,-1.63340649635478,499.680281496355,498.046875
0.514,499.622846518799,0.100135713501172,0.00500678567505861,2.6160191069818,52.320382139636,2.8374512242049,0,500,498.046875,1.953125,2.8374512242049,2.82533490251301,-417.43918584446,0,2.8374512242049,0.236454268683742,2.8374512242049,0,20.8594398850665,13598,34,498.046875,-1.57597151879941,499.622846518799,498.046875
0.515,499.619942401613,0.106830761789798,0.00534153808948989,2.61600390105977,52.3200780211954,2.83761689412999,0,500,498.046875,1.953125,2.83761689412999,2.8255005724381,-347.865988203717,0,2.83761689412999,0.236468074510833,2.83761689412999,-4.44089209850063e-16,20.9117598406478,13632,34,498.046875,-1.57306740161272,499.619942401613,498.046875
0.516,499.637353388716,0.109328699459483,0.00546643497297414,2.61609506477506,52.3219012955013,2.83778256405508,0,500,498.046875,1.953125,2.83778256405508,2.82566624236319,-289.888323503097,0,2.83778256405508,0.236481880337924,2.83778256405508,0,20.9640807280842,13666,34,498.046875,-1.59047838871606,499.637353388716,498.046875
0.517,499.662331690463,0.110262917968706,0.00551314589843532,2.61622585085717,52.3245170171435,2.83794823398018,0,500,498.046875,1.953125,2.83794823398018,2.82583191228828,-241.573602919248,0,2.83794823398018,0.236495686165015,2.83794823398018,-4.44089209850063e-16,21.016403899204,13700,34,498.046875,-1.61545669046285,499.662331690463,498.046875
0.518,499.690127866171,0.11061454347515,0.00553072717375751,2.61637139129284,52.3274278258569,2.83811390390527,0,500,498.046875,1.953125,2.83811390390527,2.82599758221337,-201.31133576604,0,2.83811390390527,0.236509491992106,2.83811390390527,0,21.0687298575024,13734,34,498.046875,-1.64325286617083,499.690127866171,498.046875
0.519,499.718972430554,0.110749115422688,0.0055374557711344,2.61652242107878,52.3304484215757,2.83827957383036,0,500,498.046875,1.953125,2.83827957383036,2.82616325213847,-167.7594464717,0,2.83827957383036,0.236523297819197,2.83827957383036,-4.44089209850063e-16,21.1210587904123,13768,34,498.046875,-1.67209743055435,499.718972430554,498.046875
0.52,499.74820614406,0.110802823282591,0.00554014116412956,2.61667548844476,52.3335097688952,2.83844524375545,0,500,498.046875,1.953125,2.83844524375545,2.82632892206356,-139.799538726417,0,2.83844524375545,0.236537103646288,2.83844524375545,0,21.1733907676129,13802,34,498.046875,-1.70133114405979,499.74820614406,498.046875
0.521,499.777583412614,0.110826407297817,0.00554132036489084,2.61682930746321,52.3365861492642,2.74773850099134,0,500,512.6953125,-12.6953125,2.74773850099134,2.82649459198865,2324.90663439465,0,2.74773850099134,0.228978208415945,2.74773850099134,0,21.2257258149138,13837,35,512.6953125,12.9177290873863,499.777583412614,512.6953125
0.522,499.727310115904,0.0821764206088136,0.00410882103044068,2.61656607709718,52.3313215419437,2.83753405916745,0,500,498.046875,1.953125,2.83753405916745,2.82541773747555,-503.984054671123,0,2.83753405916745,0.236461171597287,2.83753405916745,0,21.2780609427593,13871,34,498.046875,-1.68043511590355,499.727310115904,498.046875
0.523,499.669833265307,0.100136844421744,0.00500684222108722,2.61626512901121,52.3253025802241,2.83769972909254,0,500,498.046875,1.953125,2.83769972909254,2.82558340740065,-419.986712225935,0,2.83769972909254,0.236474977424378,2.83769972909254,0,21.3303885179152,13905,34,498.046875,-1.62295826530669,499.669833265307,498.046875
0.524,499.666887844364,0.106832002421641,0.00534160012108207,2.61624970682322,52.3249941364643,2.83786539901763,0,500,498.046875,1.953125,2.83786539901763,2.82574907732574,-349.988926854946,0,2.83786539901763,0.236488783251469,2.83786539901763,0,21.3827133917695,13939,34,498.046875,-1.62001284436428,499.666887844364,498.046875
0.525,499.684258088865,0.109330048263405,0.00546650241317027,2.61634065721074,52.3268131442148,2.83803106894272,0,500,498.046875,1.953125,2.83803106894272,2.82591474725083,-291.657439045789,0,2.83803106894272,0.23650258907856,2.83803106894272,0,21.4350391931831,13973,34,498.046875,-1.63738308886508,499.684258088865,498.046875
0.526,499.709196201392,0.110264373457343,0.00551321867286714,2.61647123286259,52.3294246572518,2.83819673886781,0,500,498.046875,1.953125,2.83819673886781,2.82608041717592,-243.04786587149,0,2.83819673886781,0.236516394905651,2.83819673886781,0,21.4873672740424,14007,34,498.046875,-1.66232120139199,499.709196201392,498.046875
0.527,499.736952733692,0.110616104192856,0.00553080520964279,2.61661656572586,52.3323313145173,2.83836240879291,0,500,498.046875,1.953125,2.83836240879291,2.82624608710101,-202.539888226242,0,2.83836240879291,0.236530200732742,2.83836240879291,0,21.5396981379005,14041,34,498.046875,-1.69007773369242,499.736952733692,498.046875
0.528,499.765758193047,0.110750779937878,0.00553753899689391,2.61676739075835,52.335347815167,2.838528078718,0,500,498.046875,1.953125,2.838528078718,2.82641175702611,-168.783240188535,0,2.838528078718,0.236544006559833,2.838528078718,0,21.5920319722469,14075,34,498.046875,-1.71888319304719,499.765758193047,498.046875
0.529,499.794953332584,0.110804590184722,0.00554022950923612,2.6169202561515,52.33840512303,2.83869374864309,0,500,498.046875,1.953125,2.83869374864309,2.8265774269512,-140.652700157113,0,2.83869374864309,0.236557812386924,2.83869374864309,0,21.6443688468167,14109,34,498.046875,-1.74807833258404,499.794953332584,498.046875
0.53,499.824292551014,0.110828275196097,0.00554141375980485,2.61707387593997,52.3414775187994,2.74798700587898,0,500,512.6953125,-12.6953125,2.74798700587898,2.82674309687629,2324.19566653574,0,2.74798700587898,0.228998917156582,2.74798700587898,0,21.6967087874749,14144,35,512.6953125,12.8710199489857,499.824292551014,512.6953125
0.531,499.773981720911,0.0821783881315596,0.00410891940657798,2.61681044904955,52.3362089809911,2.83778256405509,0,500,498.046875,1.953125,2.83778256405509,2.82566624236319,-504.576527886883,0,2.83778256405509,0.236481880337924,2.83778256405509,0,21.7490488047202,14178,34,498.046875,-1.72710672091063,499.773981720911,498.046875
0.532,499.716467846632,0.100138910215985,0.00500694551079923,2.61650930710803,52.3301861421607,2.83794823398018,0,500,498.046875,1.953125,2.83794823398018,2.82583191228828,-420.480439905736,0,2.83794823398018,0.236495686165015,2.83794823398018,0,21.8013812653722,14212,34,498.046875,-1.66959284663233,499.716467846632,498.046875
0.533,499.713485904799,0.106834165152808,0.0053417082576404,2.6164936936971,52.3298738739421,2.83811390390527,0,500,498.046875,1.953125,2.83811390390527,2.82599758221338,-350.400366588114,0,2.83811390390527,0.236509491992106,2.83811390390527,0,21.8537110208718,14246,34,498.046875,-1.66661090479869,499.713485904799,498.046875
0.534,499.730820124371,0.109332306615066,0.0054666153307533,2.61658445545854,52.3316891091708,2.83827957383036,0,500,498.046875,1.953125,2.83827957383036,2.82616325213847,-292.000305490095,0,2.83827957383036,0.236523297819197,2.83827957383036,0,21.9060417001323,14280,34,498.046875,-1.68394512437055,499.730820124371,498.046875
0.535,499.755722701196,0.110266726130946,0.0055133363065473,2.61671484504589,52.3342969009178,2.83844524375545,0,500,498.046875,1.953125,2.83844524375545,2.82632892206356,-243.333587908412,0,2.83844524375545,0.236537103646288,2.83844524375545,0,21.9583746550918,14314,34,498.046875,-1.70884770119568,499.755722701196,498.046875
0.536,499.783444180377,0.110618549907487,0.00553092749537434,2.61685999437146,52.3371998874292,2.83861091368055,0,500,498.046875,1.953125,2.83861091368055,2.82649459198865,-202.777989923677,0,2.83861091368055,0.236550909473379,2.83861091368055,0,22.0107103893539,14348,34,498.046875,-1.73656918037693,499.783444180377,498.046875
0.537,499.812215062642,0.110753317430018,0.00553766587150092,2.61701063835873,52.3402127671746,2.83877658360564,0,500,498.046875,1.953125,2.83877658360564,2.82666026191374,-168.981658269731,0,2.83877658360564,0.23656471530047,2.83877658360564,0,22.0630490904587,14382,34,498.046875,-1.76534006264211,499.812215062642,498.046875
0.538,499.841376094654,0.110807218208012,0.00554036091040062,2.6171633251653,52.3432665033059,2.83894225353073,0,500,498.046875,1.953125,2.83894225353073,2.82682593183884,-140.818048558109,0,2.83894225353073,0.236578521127561,2.83894225353073,0,22.1153908281906,14416,34,498.046875,-1.79450109465387,499.841376094654,498.046875
0.539,499.870681668747,0.110830992521103,0.00554154962605513,2.61731676879243,52.3463353758486,2.74823551076662,0,500,512.6953125,-12.6953125,2.74823551076662,2.82699160176393,2324.05787620158,0,2.74823551076662,0.229019625897218,2.74823551076662,0,22.1677356284635,14451,35,512.6953125,12.8246308312526,499.870681668747,512.6953125
0.54,499.820337651205,0.082181193545543,0.00410905967727715,2.61705316813299,52.3410633626598,2.83803106894273,0,500,498.046875,1.953125,2.83803106894273,2.82591474725083,-504.691353165354,0,2.83803106894273,0.23650258907856,2.83803106894273,0,22.2200805018241,14485,34,498.046875,-1.77346265120485,499.820337651205,498.046875
0.541,499.762791040181,0.100141802522677,0.00500709012613383,2.61675185478227,52.3350370956454,2.83819673886782,0,500,498.046875,1.953125,2.83819673886782,2.82608041717592,-420.576127637795,0,2.83819673886782,0.236516394905651,2.83819673886782,-4.44089209850063e-16,22.2724178151398,14519,34,498.046875,-1.71591604018084,499.762791040181,498.046875
0.542,499.759776806174,0.106837143172186,0.00534185715860929,2.61673607228992,52.3347214457984,2.83836240879291,0,500,498.046875,1.953125,2.83836240879291,2.82624608710102,-350.480106364829,0,2.83836240879291,0.236530200732742,2.83836240879291,0,22.3247524198982,14553,34,498.046875,-1.7129018061741,499.759776806174,498.046875
0.543,499.777079172108,0.109335369183131,0.00546676845915657,2.6168266672661,52.336533345322,2.838528078718,0,500,498.046875,1.953125,2.838528078718,2.82641175702611,-292.066755304024,0,2.838528078718,0.236544006559833,2.838528078718,-4.44089209850063e-16,22.3770879450589,14587,34,498.046875,-1.73020417210796,499.777079172108,498.046875
0.544,499.801950327875,0.110269872099508,0.00551349360497541,2.61695689233317,52.3391378466634,2.83869374864309,0,500,498.046875,1.953125,2.83869374864309,2.8265774269512,-243.388962753353,0,2.83869374864309,0.236557812386924,2.83869374864309,0,22.4294257426056,14621,34,498.046875,-1.75507532787492,499.801950327875,498.046875
0.545,499.829640812703,0.110621778143948,0.00553108890719739,2.61710187937269,52.3420375874538,2.83885941856818,0,500,498.046875,1.953125,2.83885941856818,2.82674309687629,-202.824135627795,0,2.83885941856818,0.236571618214015,2.83885941856818,-4.44089209850063e-16,22.4817663161869,14655,34,498.046875,-1.7827658127033,499.829640812703,498.046875
0.546,499.858381121526,0.110756626817161,0.00553783134085804,2.61725236327779,52.3450472655558,2.83902508849328,0,500,498.046875,1.953125,2.83902508849328,2.82690876680138,-169.020113023162,0,2.83902508849328,0.236585424041106,2.83902508849328,0,22.5341098533872,14689,34,498.046875,-1.81150612152595,499.858381121526,498.046875
0.547,499.88751199529,0.110810607643792,0.00554053038218959,2.61740489217614,52.3480978435227,2.74831834572917,0,500,512.6953125,-12.6953125,2.74831834572917,2.82707443672647,2300.55615581403,0,2.74831834572917,0.229026528810764,2.74831834572917,0,22.5864564240348,14724,35,512.6953125,12.8078005047104,499.88751199529,512.6953125
0.548,499.837085182264,0.0821721097496172,0.00410860548748086,2.61714085800056,52.3428171600112,2.83811390390527,0,500,498.046875,1.953125,2.83811390390527,2.82599758221338,-524.276120154974,0,2.83811390390527,0.236509491992106,2.83811390390527,0,22.6388030550638,14758,34,498.046875,-1.79021018226382,499.837085182264,498.046875
0.549,499.779490257337,0.100136975547477,0.00500684877737384,2.61683929167883,52.3367858335767,2.83827957383036,0,500,498.046875,1.953125,2.83827957383036,2.82616325213847,-436.896766795811,0,2.83827957383036,0.236523297819197,2.83827957383036,0,22.6911421194721,14792,34,498.046875,-1.73261525733659,499.779490257337,498.046875
0.55,499.776440793477,0.106833947898404,0.00534169739492019,2.6168233247234,52.336466494468,2.83844524375546,0,500,498.046875,1.953125,2.83844524375546,2.82632892206356,-364.080638996509,0,2.83844524375546,0.236537103646288,2.83844524375546,0,22.7434784710566,14826,34,498.046875,-1.72956579347681,499.776440793477,498.046875
0.551,499.79371303828,0.109332826945471,0.00546664134727354,2.61691376198571,52.3382752397142,2.83861091368055,0,500,498.046875,1.953125,2.83861091368055,2.82649459198865,-303.400532497091,0,2.83861091368055,0.236550909473379,2.83861091368055,0,22.7958157396617,14860,34,498.046875,-1.7468380382802,499.79371303828,498.046875
0.552,499.818556207083,0.110267617662701,0.00551338088313505,2.61704384051338,52.3408768102676,2.83877658360564,0,500,498.046875,1.953125,2.83877658360564,2.82666026191375,-252.833777080909,0,2.83877658360564,0.23656471530047,2.83877658360564,0,22.8481552776253,14894,34,498.046875,-1.77168120708296,499.818556207083,498.046875
0.553,499.846219727745,0.1106196748275,0.00553098374137499,2.61718868636885,52.3437737273771,2.83894225353073,0,500,498.046875,1.953125,2.83894225353073,2.82682593183884,-210.694814234091,0,2.83894225353073,0.236578521127561,2.83894225353073,0,22.9004975887519,14928,34,498.046875,-1.79934472774488,499.846219727745,498.046875
0.554,499.874933678043,0.110754623101745,0.00553773115508726,2.61733903226104,52.3467806452208,2.83910792345582,0,500,498.046875,1.953125,2.83910792345582,2.82699160176393,-175.579011861743,0,2.83910792345582,0.236592326954652,2.83910792345582,0,22.9528428607076,14962,34,498.046875,-1.82805867804302,499.874933678043,498.046875
0.555,499.904038640454,0.110808683746787,0.00554043418733934,2.61749142548786,52.3498285097572,2.74840118069172,0,500,512.6953125,-12.6953125,2.74840118069172,2.82715727168902,2295.09040678188,0,2.74840118069172,0.22903343172431,2.74840118069172,0,23.0051911633746,14997,35,512.6953125,12.7912738595464,499.904038640454,512.6953125
0.556,499.853586301197,0.0821702577205748,0.00410851288602874,2.61722725765725,52.344545153145,2.83819673886782,0,500,498.046875,1.953125,2.83819673886782,2.82608041717593,-528.830911015099,0,2.83819673886782,0.236516394905652,2.83819673886782,0,23.0575395237301,15031,34,498.046875,-1.80671130119674,499.853586301197,498.046875
0.557,499.795966209074,0.100135191852154,0.00500675959260769,2.6169255595604,52.338511191208,2.83836240879291,0,500,498.046875,1.953125,2.83836240879291,2.82624608710102,-440.692425845916,0,2.83836240879291,0.236530200732743,2.83836240879291,0,23.1098803148107,15065,34,498.046875,-1.74909120907444,499.795966209074,498.046875
0.558,499.79289192441,0.106832230655678,0.00534161153278391,2.61690946264354,52.3381892528708,2.838528078718,0,500,498.046875,1.953125,2.838528078718,2.82641175702611,-367.24368820493,0,2.838528078718,0.236544006559834,2.838528078718,0,23.1622183904502,15099,34,498.046875,-1.7460169244099,499.79289192441,498.046875
0.559,499.8101396872,0.10933117489779,0.00546655874488952,2.61699977171833,52.3399954343665,2.83869374864309,0,500,498.046875,1.953125,2.83869374864309,2.8265774269512,-306.036406837442,0,2.83869374864309,0.236557812386925,2.83869374864309,0,23.2145573805289,15133,34,498.046875,-1.76326468719975,499.8101396872,498.046875
0.56,499.834958707101,0.110266029792398,0.00551330148961991,2.61712972380264,52.3425944760529,2.83885941856819,0,500,498.046875,1.953125,2.83885941856819,2.82674309687629,-255.030339031201,0,2.83885941856819,0.236571618214016,2.83885941856819,0,23.2668986374198,15167,34,498.046875,-1.78808370710101,499.834958707101,498.046875
0.561,499.862598407048,0.110618150213738,0.00553090751068691,2.61727444493314,52.3454888986629,2.83902508849328,0,500,498.046875,1.953125,2.83902508849328,2.82690876680139,-212.525282526001,0,2.83902508849328,0.236585424041107,2.83902508849328,0,23.3192426649622,15201,34,498.046875,-1.8157234070477,499.862598407048,498.046875
0.562,499.89128886021,0.110753160867121,0.00553765804335605,2.61742466779462,52.3484933558923,2.83919075841837,0,500,498.046875,1.953125,2.83919075841837,2.82707443672648,-177.104402105001,0,2.83919075841837,0.236599229868198,2.83919075841837,0,23.371589650856,15235,34,498.046875,-1.84441386021041,499.89128886021,498.046875
0.563,499.920370644615,0.110807283037335,0.00554036415186675,2.61757693966168,52.3515387932336,2.74848401565426,0,500,512.6953125,-12.6953125,2.74848401565426,2.82724010665157,2293.81924824583,0,2.74848401565426,0.229040334637855,2.74848401565426,0,23.4239396650174,15270,35,512.6953125,12.774941855385,499.920370644615,512.6953125
0.564,499.869895442127,0.0821689176982203,0.00410844588491101,2.61731265211947,52.3462530423895,2.83827957383037,0,500,498.046875,1.953125,2.83827957383037,2.82616325213847,-529.89020979514,0,2.83827957383037,0.236523297819197,2.83827957383037,0,23.4762897344565,15304,34,498.046875,-1.82302044212702,499.869895442127,498.046875
0.565,499.812252797266,0.100133911691802,0.00500669558459011,2.61701083593676,52.3402167187352,2.83844524375546,0,500,498.046875,1.953125,2.83844524375546,2.82632892206356,-441.575174829283,0,2.83844524375546,0.236537103646288,2.83844524375546,-4.44089209850063e-16,23.5286322322428,15338,34,498.046875,-1.76537779726624,499.812252797266,498.046875
0.566,499.809156266137,0.106831009544035,0.00534155047720176,2.61699462253768,52.3398924507536,2.83861091368055,0,500,498.046875,1.953125,2.83861091368055,2.82649459198866,-367.979312357736,0,2.83861091368055,0.236550909473379,2.83861091368055,0,23.5809720122423,15372,34,498.046875,-1.76228126613654,499.809156266137,498.046875
0.567,499.826382084574,0.109330012032829,0.00546650060164147,2.6170848167121,52.3416963342421,2.83877658360564,0,500,498.046875,1.953125,2.83877658360564,2.82666026191375,-306.64942696478,0,2.83877658360564,0.23656471530047,2.83877658360564,-4.44089209850063e-16,23.6333127043673,15406,34,498.046875,-1.77950708457394,499.826382084574,498.046875
0.568,499.851179458132,0.110264924383067,0.00551324621915333,2.61721465545644,52.3442931091287,2.83894225353073,0,500,498.046875,1.953125,2.83894225353073,2.82682593183884,-255.541189137317,0,2.83894225353073,0.236578521127561,2.83894225353073,0,23.6856556610221,15440,34,498.046875,-1.80430445813226,499.851179458132,498.046875
0.569,499.878797805698,0.110617101479757,0.00553085507398786,2.61735926478613,52.3471852957226,2.83910792345583,0,500,498.046875,1.953125,2.83910792345583,2.82699160176393,-212.950990947764,0,2.83910792345583,0.236592326954652,2.83910792345582,-4.44089209850063e-16,23.738001386077,15474,34,498.046875,-1.83192280569835,499.878797805698,498.046875
0.57,499.907467196451,0.11075216803882,0.00553760840194098,2.61750937736508,52.3501875473017,2.83927359338092,0,500,498.046875,1.953125,2.83927359338092,2.82715727168902,-177.459159123137,0,2.83927359338092,0.236606132781743,2.83927359338092,0,23.7903500672626,15508,34,498.046875,-1.86059219645063,499.907467196451,498.046875
0.571,499.936528204478,0.110806345355498,0.00554031726777492,2.61766154044729,52.3532308089458,2.74856685061681,0,500,512.6953125,-12.6953125,2.74856685061681,2.82732294161412,2293.52361739739,0,2.74856685061681,0.229047237551401,2.74856685061681,0,23.842701774525,15543,35,512.6953125,12.7587842955223,499.936528204478,512.6953125
0.572,499.88603250776,0.0821680344139458,0.00410840172069729,2.61739714559754,52.3479429119509,2.83836240879291,0,500,498.046875,1.953125,2.83836240879291,2.82624608710102,-530.136568835511,0,2.83836240879291,0.236530200732743,2.83836240879291,0,23.8950535349043,15577,34,498.046875,-1.83915750775969,499.88603250776,498.046875
0.573,499.828369646986,0.100133082066358,0.00500665410331789,2.61709522356456,52.3419044712911,2.83852807871801,0,500,498.046875,1.953125,2.83852807871801,2.82641175702611,-441.780474029593,0,2.83852807871801,0.236544006559834,2.83852807871801,0,23.9473977214992,15611,34,498.046875,-1.78149464698555,499.828369646986,498.046875
0.574,499.825253174479,0.106830232848722,0.00534151164243611,2.61707890575267,52.3415781150534,2.8386937486431,0,500,498.046875,1.953125,2.8386937486431,2.8265774269512,-368.150395024661,0,2.8386937486431,0.236557812386925,2.8386937486431,0,23.9997391882049,15645,34,498.046875,-1.77837817447909,499.825253174479,498.046875
0.575,499.842459322348,0.109329287548844,0.00546646437744219,2.61716899693224,52.3433799386448,2.83885941856819,0,500,498.046875,1.953125,2.83885941856819,2.8267430968763,-306.791995853884,0,2.83885941856819,0.236571618214016,2.83885941856819,0,24.0520815649618,15679,34,498.046875,-1.79558432234842,499.842459322348,498.046875
0.576,499.86723729247,0.110264251401366,0.00551321257006832,2.61729873408041,52.3459746816083,2.83902508849328,0,500,498.046875,1.953125,2.83902508849328,2.82690876680139,-255.659996544903,0,2.83902508849328,0.236585424041107,2.83902508849328,0,24.1044262042028,15713,34,498.046875,-1.82036229246961,499.86723729247,498.046875
0.577,499.894836500101,0.110616479300929,0.00553082396504647,2.61744324319365,52.348864863873,2.83919075841837,0,500,498.046875,1.953125,2.83919075841837,2.82707443672648,-213.049997120753,0,2.83919075841837,0.236599229868198,2.83919075841837,0,24.1567736098256,15747,34,498.046875,-1.84796150010146,499.894836500101,498.046875
0.578,499.923487010844,0.11075159597295,0.00553757979864748,2.6175932569171,52.351865138342,2.83935642834346,0,500,498.046875,1.953125,2.83935642834346,2.82724010665157,-177.541664267294,0,2.83935642834346,0.236613035695289,2.83935642834346,0,24.2091239695886,15781,34,498.046875,-1.87661201084433,499.923487010844,498.046875
0.579,499.952529395257,0.110805822722041,0.00554029113610205,2.61774532248629,52.3549064497258,2.74864968557936,0,500,512.6953125,-12.6953125,2.74864968557936,2.82740577657666,2293.45486311059,0,2.74864968557936,0.229054140464946,2.74864968557936,0,24.2614773534647,15816,35,512.6953125,12.7427831047434,499.952529395257,512.6953125
0.58,499.902015327837,0.0821675605415975,0.00410837802707988,2.61748083144778,52.3496166289555,2.83844524375546,0,500,498.046875,1.953125,2.83844524375546,2.82632892206357,-530.19386407451,0,2.83844524375546,0.236537103646288,2.83844524375546,0,24.3138307885206,15850,34,498.046875,-1.85514032783703,499.902015327837,498.046875
0.581,499.84433434584,0.100132656292931,0.00500663281464657,2.61717881453228,52.3435762906457,2.83861091368055,0,500,498.046875,1.953125,2.83861091368055,2.82649459198866,-441.828220062091,0,2.83861091368055,0.236550909473379,2.83861091368055,0,24.3661766478816,15884,34,498.046875,-1.79745934583968,499.84433434584,498.046875
0.582,499.841199998201,0.106829854521023,0.00534149272605115,2.61716240312642,52.3432480625284,2.83877658360564,0,500,498.046875,1.953125,2.83877658360564,2.82666026191375,-368.190183385076,0,2.83877658360564,0.23656471530047,2.83877658360564,0,24.4185197854685,15918,34,498.046875,-1.79432499820052,499.841199998201,498.046875
0.583,499.858388513685,0.109328956022548,0.00546644780112739,2.61725240198304,52.3450480396609,2.83894225353074,0,500,498.046875,1.953125,2.83894225353074,2.82682593183884,-306.825152820897,0,2.83894225353074,0.236578521127561,2.83894225353074,0,24.4708638312477,15952,34,498.046875,-1.81151351368527,499.858388513685,498.046875
0.584,499.883149090874,0.1102639660409,0.00551319830204501,2.61738204806203,52.3476409612407,2.83910792345583,0,500,498.046875,1.953125,2.83910792345583,2.82699160176393,-255.687627350747,0,2.83910792345583,0.236592326954652,2.83910792345583,0,24.5232101376768,15986,34,498.046875,-1.8362740908737,499.883149090874,498.046875
0.585,499.910731141773,0.11061623947935,0.00553081197396752,2.61752646734283,52.3505293468565,2.83927359338092,0,500,498.046875,1.953125,2.83927359338092,2.82715727168903,-213.073022792289,0,2.83927359338092,0.236606132781743,2.83927359338092,0,24.575559208679,16020,34,498.046875,-1.86385614177306,499.910731141773,498.046875
0.586,499.939364728776,0.110751401071829,0.00553757005359146,2.61767639245378,52.3535278490757,2.83943926330601,0,500,498.046875,1.953125,2.83943926330601,2.82732294161412,-177.560852326908,0,2.83943926330601,0.236619938608834,2.83943926330601,0,24.6279112320367,16054,34,498.046875,-1.89248972877573,499.939364728776,498.046875
0.587,499.968390419276,0.110805672131349,0.00554028360656744,2.61782837061385,52.356567412277,2.7487325205419,0,500,512.6953125,-12.6953125,2.7487325205419,2.82748861153921,2293.43887306091,0,2.7487325205419,0.229061043378492,2.7487325205419,0,24.6802662777475,16089,35,512.6953125,12.7269220807239,499.968390419276,512.6953125
0.588,499.917859884652,0.0821674536595875,0.00410837268297937,2.61756379335326,52.3512758670651,2.83852807871801,0,500,498.046875,1.953125,2.83852807871801,2.82641175702611,-530.207189115908,0,2.83852807871801,0.236544006559834,2.83852807871801,0,24.7326213729018,16123,34,498.046875,-1.87098488465193,499.917859884652,498.046875
0.589,499.860162659078,0.10013259252603,0.00500662962630149,2.6172616913866,52.345233827732,2.8386937486431,0,500,498.046875,1.953125,2.8386937486431,2.82657742695121,-441.839324263257,0,2.8386937486431,0.236557812386925,2.8386937486431,-4.44089209850063e-16,24.7849688906485,16157,34,498.046875,-1.81328765907824,499.860162659078,498.046875
0.59,499.857012288454,0.106829833283717,0.00534149166418583,2.61724519608459,52.3449039216917,2.83885941856819,0,500,498.046875,1.953125,2.83885941856819,2.8267430968763,-368.199436886047,0,2.83885941856819,0.236571618214016,2.83885941856819,0,24.8373136849316,16191,34,498.046875,-1.81013728845431,499.857012288454,498.046875
0.591,499.87418499855,0.109328976737275,0.00546644883686374,2.61733511218439,52.3467022436877,2.83902508849328,0,500,498.046875,1.953125,2.83902508849328,2.82690876680139,-306.832864071706,0,2.83902508849328,0.236585424041107,2.83902508849328,-4.44089209850063e-16,24.8896593857405,16225,34,498.046875,-1.82730999855033,499.87418499855,498.046875
0.592,499.898929984991,0.110264028137942,0.00551320140689712,2.61746467663041,52.3492935326082,2.83919075841837,0,500,498.046875,1.953125,2.83919075841837,2.82707443672648,-255.694053393088,0,2.83919075841837,0.236599229868198,2.83919075841837,0,24.9420073455555,16259,34,498.046875,-1.85205498499067,499.898929984991,498.046875
0.593,499.926496656868,0.110616342396726,0.00553081711983632,2.61760901538683,52.3521803077366,2.83935642834347,0,500,498.046875,1.953125,2.83935642834347,2.82724010665157,-213.078377827574,0,2.83935642834347,0.236613035695289,2.83935642834347,-4.44089209850063e-16,24.9943580683219,16293,34,498.046875,-1.87962165686793,499.926496656868,498.046875
0.594,499.955115073699,0.110751544255189,0.00553757721275946,2.61775886106695,52.3551772213391,2.83952209826856,0,500,498.046875,1.953125,2.83952209826856,2.82740577657666,-177.565314856311,0,2.83952209826856,0.23662684152238,2.83952209826856,0,25.0467117418444,16327,34,498.046875,-1.90824007369912,499.955115073699,498.046875
0.595,499.984125800043,0.110805855033872,0.00554029275169359,2.61791076087488,52.3582152174976,2.74881535550445,0,500,512.6953125,-12.6953125,2.74881535550445,2.82757144650176,2293.43515428641,0,2.74881535550445,0.229067946292038,2.74881535550445,0,25.0990684361422,16362,35,512.6953125,12.7111866999574,499.984125800043,512.6953125
0.596,499.933580504478,0.0821676757418779,0.0041083837870939,2.61764610632618,52.3529221265237,2.83861091368055,0,500,498.046875,1.953125,2.83861091368055,2.82649459198866,-530.210288094661,0,2.83861091368055,0.23655090947338,2.83861091368055,0,25.1514251783271,16396,34,498.046875,-1.88670550447819,499.933580504478,498.046875
0.597,499.875868718421,0.100132853256017,0.00500664266280086,2.61734392812101,52.3468785624203,2.83877658360565,0,500,498.046875,1.953125,2.83877658360565,2.82666026191375,-441.841906745551,0,2.83877658360565,0.236564715300471,2.83877658360565,0,25.203774341569,16430,34,498.046875,-1.82899371842132,499.875868718421,498.046875
0.598,499.872703985049,0.106830132136556,0.00534150660682782,2.61732735761582,52.3465471523165,2.83894225353074,0,500,498.046875,1.953125,2.83894225353074,2.82682593183884,-368.201588954626,0,2.83894225353074,0.236578521127562,2.83894225353074,0,25.2561207798331,16464,34,498.046875,-1.82582898504876,499.872703985049,498.046875
0.599,499.889862527446,0.10932931319525,0.00546646565976251,2.61741719953372,52.3483439906745,2.83910792345583,0,500,498.046875,1.953125,2.83910792345583,2.82699160176394,-306.834657462188,0,2.83910792345583,0.236592326954652,2.83910792345583,0,25.3084681231291,16498,34,498.046875,-1.84298752744553,499.889862527446,498.046875
0.6,499.914593538587,0.110264401690367,0.00551322008451834,2.61754669080526,52.3509338161051,2.83927359338092,0,500,498.046875,1.953125,2.83927359338092,2.82715727168903,-255.695547885157,0,2.83927359338092,0.236606132781743,2.83927359338092,0,25.3608177239577,16532,34,498.046875,-1.8677185385875,499.914593538587,498.046875
0.601,499.942146424954,0.110616752539848,0.00553083762699242,2.61769095738091,52.3538191476183,2.83943926330601,0,500,498.046875,1.953125,2.83943926330601,2.82732294161412,-213.079623237631,0,2.83943926330601,0.236619938608834,2.83943926330601,0,25.4131700862841,16566,34,498.046875,-1.89527142495405,499.942146424954,498.046875
0.602,499.970751243485,0.110751990492099,0.00553759952460494,2.6178407318605,52.3568146372101,2.83960493323111,0,500,498.046875,1.953125,2.83960493323111,2.82748861153921,-177.566352698026,0,2.83960493323111,0.236633744435925,2.83960493323111,0,25.4655253979329,16600,34,498.046875,-1.92387624348493,499.970751243485,498.046875
0.603,499.999748556196,0.110806336874407,0.00554031684372035,2.61799256143482,52.3598512286963,2.748898190467,0,500,512.6953125,-12.6953125,2.748898190467,2.8276542814643,2293.43428941831,0,2.748898190467,0.229074849205583,2.748898190467,0,25.5178837289426,16635,35,512.6953125,12.6955639438038,499.999748556196,512.6953125
0.604,499.94919002916,0.0821681927025334,0.00410840963512667,2.61772783760629,52.3545567521258,2.8386937486431,0,500,498.046875,1.953125,2.8386937486431,2.82657742695121,-530.211008818073,0,2.8386937486431,0.236557812386925,2.8386937486431,0,25.5702421064443,16669,34,498.046875,-1.90231502915952,499.94919002916,498.046875
0.605,499.891465191317,0.100133404859854,0.00500667024299269,2.61742559106213,52.3485118212426,2.83885941856819,0,500,498.046875,1.953125,2.83885941856819,2.8267430968763,-441.842507348395,0,2.83885941856819,0.236571618214016,2.83885941856819,0,25.622592903627,16703,34,498.046875,-1.84459019131685,499.891465191317,498.046875
0.606,499.888287583405,0.106830717913112,0.00534153589565559,2.61740895314601,52.3481790629202,2.83902508849329,0,500,498.046875,1.953125,2.83902508849329,2.82690876680139,-368.202089456995,0,2.83902508849329,0.236585424041107,2.83902508849329,0,25.6749409744742,16737,34,498.046875,-1.84141258340509,499.888287583405,498.046875
0.607,499.905433426102,0.109329932680451,0.00546649663402254,2.61749872856844,52.3499745713687,2.83919075841838,0,500,498.046875,1.953125,2.83919075841838,2.82707443672648,-306.835074547496,0,2.83919075841838,0.236599229868198,2.83919075841838,0,25.7272899490143,16771,34,498.046875,-1.85855842610158,499.905433426102,498.046875
0.608,499.930151910008,0.110265054426442,0.00551325272132208,2.61762815424752,52.3525630849504,2.83935642834347,0,500,498.046875,1.953125,2.83935642834347,2.82724010665158,-255.695895456247,0,2.83935642834347,0.236613035695289,2.83935642834347,0,25.7796411797662,16805,34,498.046875,-1.88327691000808,499.930151910008,498.046875
0.609,499.957692439262,0.110617438075243,0.00553087190376214,2.61777235612149,52.3554471224297,2.83952209826856,0,500,498.046875,1.953125,2.83952209826856,2.82740577657667,-213.079912880206,0,2.83952209826856,0.23662684152238,2.83952209826856,0,25.831995170713,16839,34,498.046875,-1.91081743926225,499.957692439262,498.046875
0.61,499.986285068493,0.11075270838139,0.00553763541906952,2.61792206677805,52.358441335561,2.83968776819365,0,500,498.046875,1.953125,2.83968776819365,2.82757144650176,-177.566594066838,0,2.83968776819365,0.236640647349471,2.83968776819365,0,25.8843521096969,16873,34,498.046875,-1.93941006849275,499.986285068493,498.046875
0.611,500.015270357437,0.110807086678223,0.00554035433391113,2.61807383339607,52.3614766679213,2.74898102542954,0,500,512.6953125,-12.6953125,2.74898102542954,2.82773711642685,2293.43408827764,0,2.74898102542954,0.229081752119129,2.74898102542954,0,25.9367120667739,16908,35,512.6953125,12.6800421425626,500.015270357437,512.6953125
0.612,499.96469996992,0.0821689739874661,0.0041084486993733,2.61780904746621,52.3561809493242,2.83877658360565,0,500,498.046875,1.953125,2.83877658360565,2.82666026191376,-530.211176435304,0,2.83877658360565,0.236564715300471,2.83877658360565,0,25.9890720690925,16942,34,498.046875,-1.91782496991988,499.96469996992,498.046875
0.613,499.906963432664,0.100134217198383,0.00500671085991913,2.61750673966407,52.3501347932813,2.83894225353074,0,500,498.046875,1.953125,2.83894225353074,2.82682593183885,-441.84264702942,0,2.83894225353074,0.236578521127562,2.83894225353074,-4.44089209850063e-16,26.0414244898583,16976,34,498.046875,-1.86008843266438,499.906963432664,498.046875
0.614,499.90377428422,0.106831560883521,0.00534157804417608,2.61749004132186,52.3498008264372,2.83910792345583,0,500,498.046875,1.953125,2.83910792345583,2.82699160176394,-368.20220585785,0,2.83910792345583,0.236592326954653,2.83910792345583,0,26.0937741830719,17010,34,498.046875,-1.85689928422022,499.90377428422,498.046875
0.615,499.920908743108,0.109330805866754,0.00546654029333769,2.6175797571388,52.351595142776,2.83927359338092,0,500,498.046875,1.953125,2.83927359338092,2.82715727168903,-306.835171548208,0,2.83927359338092,0.236606132781744,2.83927359338092,-4.44089209850063e-16,26.1461247787781,17044,34,498.046875,-1.87403374310776,499.920908743108,498.046875
0.616,499.9456159978,0.110265957418298,0.00551329787091492,2.61770912402185,52.3541824804371,2.83943926330602,0,500,498.046875,1.953125,2.83943926330602,2.82732294161412,-255.695976290174,0,2.83943926330602,0.236619938608835,2.83943926330602,0,26.1984776295121,17078,34,498.046875,-1.89874099779996,499.9456159978,498.046875
0.617,499.973145450335,0.110618370467888,0.00553091852339439,2.61785326789825,52.3570653579651,2.83960493323111,0,500,498.046875,1.953125,2.83960493323111,2.82748861153921,-213.079980241811,0,2.83960493323111,0.236633744435926,2.83960493323111,-4.44089209850063e-16,26.2508332392731,17112,34,498.046875,-1.92627045033487,499.973145450335,498.046875
0.618,500.001727153271,0.110753669775554,0.00553768348877771,2.61800292134487,52.3600584268975,2.748898190467,0,500,512.6953125,-12.6953125,2.748898190467,2.82765428146431,2263.83959979849,0,2.748898190467,0.229074849205583,2.748898190467,0,26.3031917959192,17147,35,512.6953125,12.693585346729,500.001727153271,512.6953125
0.619,499.950999025875,0.082145725511235,0.00410728627556175,2.61773730949095,52.3547461898189,2.8386937486431,0,500,498.046875,1.953125,2.8386937486431,2.82657742695121,-554.873250167925,0,2.8386937486431,0.236557812386925,2.8386937486431,0,26.355550370499,17181,34,498.046875,-1.90412402587515,499.950999025875,498.046875
0.62,499.893196444124,0.100122227923829,0.00500611139619143,2.61743465588063,52.3486931176127,2.8388594185682,0,500,498.046875,1.953125,2.8388594185682,2.8267430968763,-462.394375139937,0,2.8388594185682,0.236571618214016,2.8388594185682,0,26.407901352585,17215,34,498.046875,-1.8463214441245,499.893196444124,498.046875
0.621,499.889975513056,0.106823785513,0.00534118927565001,2.617417791125,52.3483558224999,2.83902508849329,0,500,498.046875,1.953125,2.83902508849329,2.82690876680139,-385.328645949948,0,2.83902508849329,0.236585424041107,2.83902508849329,0,26.4602496022857,17249,34,498.046875,-1.84310051305579,499.889975513056,498.046875
0.622,499.907091051767,0.10932461926553,0.00546623096327648,2.61750740787612,52.3501481575225,2.83919075841838,0,500,498.046875,1.953125,2.83919075841838,2.82707443672649,-321.10720495829,0,2.83919075841838,0.236599229868198,2.83919075841838,0,26.512598751932,17283,34,498.046875,-1.8602160517666,499.907091051767,498.046875
0.623,499.931784274594,0.110260381281214,0.00551301906406069,2.61763670128851,52.3527340257701,2.83935642834347,0,500,498.046875,1.953125,2.83935642834347,2.82724010665158,-267.589337465241,0,2.83935642834347,0.236613035695289,2.83935642834347,0,26.5649501549208,17317,34,498.046875,-1.88490927459446,499.931784274594,498.046875
0.624,499.959301611337,0.11061304005477,0.00553065200273848,2.61778078172677,52.3556156345354,2.83952209826856,0,500,498.046875,1.953125,2.83952209826856,2.82740577657667,-222.991114554368,0,2.83952209826856,0.23662684152238,2.83952209826856,0,26.6173043155826,17351,34,498.046875,-1.91242661133748,499.959301611337,498.046875
0.625,499.987872005895,0.110748448946383,0.00553742244731914,2.61793037596286,52.3586075192571,2.83968776819365,0,500,498.046875,1.953125,2.83968776819365,2.82757144650176,-185.825928795307,0,2.83968776819365,0.236640647349471,2.83968776819365,0,26.6696614219085,17385,34,498.046875,-1.94099700589493,499.987872005895,498.046875
0.626,500.016835601636,0.110802914468053,0.00554014572340265,2.61808202899553,52.3616405799105,2.74898102542955,0,500,512.6953125,-12.6953125,2.74898102542955,2.82773711642685,2286.55130933724,0,2.74898102542955,0.229081752119129,2.74898102542955,0,26.7220215440296,17420,35,512.6953125,12.6784768983638,500.016835601636,512.6953125
0.627,499.966243904751,0.0821648693832907,0.00410824346916453,2.61781713149008,52.3563426298017,2.83877658360565,0,500,498.046875,1.953125,2.83877658360565,2.82666026191376,-535.946825552296,0,2.83877658360565,0.236564715300471,2.83877658360565,0,26.7743817091413,17454,34,498.046875,-1.91936890475137,499.966243904751,498.046875
0.628,499.908486380762,0.100130172414,0.00500650862070002,2.61751471380166,52.3502942760332,2.83894225353074,0,500,498.046875,1.953125,2.83894225353074,2.82682593183885,-446.622354626913,0,2.83894225353074,0.236578521127562,2.83894225353074,0,26.8267342904861,17488,34,498.046875,-1.86161138076221,499.908486380762,498.046875
0.629,499.905276542976,0.10682757254771,0.00534137862738552,2.61749790713031,52.3499581426062,2.83910792345583,0,500,498.046875,1.953125,2.83910792345583,2.82699160176394,-372.185295522428,0,2.83910792345583,0.236592326954653,2.83910792345583,0,26.8790841420967,17522,34,498.046875,-1.85840154297591,499.905276542976,498.046875
0.63,499.922390598103,0.109326872259573,0.00546634361297863,2.61758751611341,52.3517503222682,2.83927359338093,0,500,498.046875,1.953125,2.83927359338093,2.82715727168903,-310.154412935357,0,2.83927359338093,0.236606132781744,2.83927359338093,0,26.9314348940482,17556,34,498.046875,-1.87551559810254,499.922390598103,498.046875
0.631,499.947077727841,0.110262077441327,0.00551310387206633,2.61771677762245,52.354335552449,2.83943926330602,0,500,498.046875,1.953125,2.83943926330602,2.82732294161412,-258.462010779464,0,2.83943926330602,0.236619938608835,2.83943926330602,0,26.9837878989055,17590,34,498.046875,-1.90020272784113,499.947077727841,498.046875
0.632,499.974587329364,0.110614543260479,0.00553072716302398,2.6178608175592,52.357216351184,2.83960493323111,0,500,498.046875,1.953125,2.83960493323111,2.82748861153922,-215.385008982887,0,2.83960493323111,0.236633744435926,2.83960493323111,0,27.0361436606968,17624,34,498.046875,-1.92771232936445,499.974587329364,498.046875
0.633,500.003149451109,0.110749894571782,0.00553749472858913,2.61801036847894,52.3602073695788,2.8397706031562,0,500,498.046875,1.953125,2.8397706031562,2.82765428146431,-179.487507485739,0,2.8397706031562,0.236647550263017,2.8397706031562,0,27.0885023673085,17658,34,498.046875,-1.95627445110898,500.003149451109,498.046875
0.634,500.032104646955,0.110804352755332,0.00554021763776659,2.61816197752986,52.3632395505972,2.74906386039209,0,500,512.6953125,-12.6953125,2.74906386039209,2.8278199513894,2291.83332709522,0,2.74906386039209,0.229088655032674,2.74906386039209,-4.44089209850063e-16,27.1408640888402,17693,35,512.6953125,12.6632078530452,500.032104646955,512.6953125
0.635,499.981504575043,0.0821663188595685,0.00410831594297843,2.61789703617288,52.3579407234575,2.8388594185682,0,500,498.046875,1.953125,2.8388594185682,2.8267430968763,-531.545144087319,0,2.8388594185682,0.236571618214016,2.8388594185682,-4.44089209850063e-16,27.1932258524836,17727,34,498.046875,-1.93462957504295,499.981504575043,498.046875
0.636,499.923738756526,0.100131639792875,0.00500658198964373,2.61759457505441,52.3518915010882,2.83902508849329,0,500,498.046875,1.953125,2.83902508849329,2.8269087668014,-442.954286739432,0,2.83902508849329,0.236585424041107,2.83902508849329,0,27.2455800314869,17761,34,498.046875,-1.87686375652623,499.923738756526,498.046875
0.637,499.920520724472,0.106829060143965,0.00534145300719827,2.61757772547797,52.3515545095595,2.83919075841838,0,500,498.046875,1.953125,2.83919075841838,2.82707443672649,-369.12857228286,0,2.83919075841838,0.236599229868198,2.83919075841838,-4.44089209850063e-16,27.2979314798926,17795,34,498.046875,-1.87364572447188,499.920520724472,498.046875
0.638,499.937626691997,0.109328380751654,0.00546641903758269,2.61766729211449,52.3533458422898,2.83935642834347,0,500,498.046875,1.953125,2.83935642834347,2.82724010665158,-307.60714356905,0,2.83935642834347,0.236613035695289,2.83935642834347,0,27.3502838277867,17829,34,498.046875,-1.89075169199708,499.937626691997,498.046875
0.639,499.962305842247,0.110263606900525,0.00551318034502627,2.61779651184303,52.3559302368605,2.83952209826856,0,500,498.046875,1.953125,2.83952209826856,2.82740577657667,-256.339286307542,0,2.83952209826856,0.23662684152238,2.83952209826856,-4.44089209850063e-16,27.4026384277453,17863,34,498.046875,-1.91543084224685,499.962305842247,498.046875
0.64,499.989807572004,0.110616093534343,0.00553080467671717,2.61794051056331,52.3588102112661,2.83968776819366,0,500,498.046875,1.953125,2.83968776819366,2.82757144650176,-213.616071922952,0,2.83968776819366,0.236640647349471,2.83968776819366,0,27.4549957838079,17897,34,498.046875,-1.94293257200434,499.989807572004,498.046875
0.641,500.018361928645,0.110751465426929,0.00553757327134646,2.61809002082506,52.3618004165011,2.74898102542955,0,500,512.6953125,-12.6953125,2.74898102542955,2.82773711642686,2263.39285673087,0,2.74898102542955,0.229081752119129,2.74898102542955,0,27.5073560838721,17932,35,512.6953125,12.6769505713551,500.018361928645,512.6953125
0.642,499.967606826323,0.0821435927618029,0.00410717963809014,2.61782426773074,52.3564853546148,2.83877658360565,0,500,498.046875,1.953125,2.83877658360565,2.82666026191376,-555.245536057605,0,2.83877658360565,0.236564715300471,2.83877658360565,0,27.5597163990259,17966,34,498.046875,-1.92073182632265,499.967606826323,498.046875
0.643,499.909777635971,0.100120165801253,0.00500600829006266,2.61752147479812,52.3504294959625,2.83894225353074,0,500,498.046875,1.953125,2.83894225353074,2.82682593183885,-462.704613381338,0,2.83894225353074,0.236578521127562,2.83894225353074,0,27.6120691188803,18000,34,498.046875,-1.86290263597112,499.909777635971,498.046875
0.644,499.906530457653,0.106821793058152,0.00534108965290758,2.61750447261221,52.3500894522441,2.83910792345584,0,500,498.046875,1.953125,2.83910792345584,2.82699160176394,-385.587177817781,0,2.83910792345584,0.236592326954653,2.83910792345584,0,27.664419103582,18034,34,498.046875,-1.85965545765259,499.906530457653,498.046875
0.645,499.923620105557,0.109322695532303,0.00546613477661516,2.61759395379939,52.3518790759878,2.83927359338093,0,500,498.046875,1.953125,2.83927359338093,2.82715727168903,-321.322648181485,0,2.83927359338093,0.236606132781744,2.83927359338093,0,27.7167699854993,18068,34,498.046875,-1.87674510555723,499.923620105557,498.046875
0.646,499.948287789182,0.110258525336355,0.00551292626681773,2.61772311348882,52.3544622697763,2.83943926330602,0,500,498.046875,1.953125,2.83943926330602,2.82732294161413,-267.76887348457,0,2.83943926330602,0.236619938608835,2.83943926330602,0,27.7691231180663,18102,34,498.046875,-1.90141278918196,499.948287789182,498.046875
0.647,499.97577993355,0.110611250977696,0.00553056254888479,2.61786706202011,52.3573412404023,2.83960493323111,0,500,498.046875,1.953125,2.83960493323111,2.82748861153922,-223.140727903809,0,2.83960493323111,0.236633744435926,2.83960493323111,0,27.82147900565,18136,34,498.046875,-1.92890493355009,499.97577993355,498.046875
0.648,500.004325477851,0.110746725829015,0.00553733629145073,2.61801652614056,52.3603305228112,2.8397706031562,0,500,498.046875,1.953125,2.8397706031562,2.82765428146431,-185.950606586507,0,2.8397706031562,0.236647550263017,2.8397706031562,0,27.8738378362776,18170,34,498.046875,-1.95745047785095,500.004325477851,498.046875
0.649,500.033264560808,0.110801256414642,0.0055400628207321,2.61816805082459,52.3633610164919,2.7490638603921,0,500,512.6953125,-12.6953125,2.7490638603921,2.8278199513894,2286.44741117791,0,2.7490638603921,0.229088655032675,2.7490638603921,0,27.9261996801158,18205,35,512.6953125,12.6620479391921,500.033264560808,512.6953125
0.65,499.982648684028,0.0821632755102535,0.00410816377551267,2.61790302671352,52.3580605342703,2.8388594185682,0,500,498.046875,1.953125,2.8388594185682,2.82674309687631,-536.033407351741,0,2.8388594185682,0.236571618214017,2.8388594185682,0,27.9785615643952,18239,34,498.046875,-1.93577368402822,499.982648684028,498.046875
0.651,499.924867308512,0.100128641849753,0.00500643209248763,2.61760048413879,52.3520096827758,2.83902508849329,0,500,498.046875,1.953125,2.83902508849329,2.8269087668014,-446.694506126451,0,2.83902508849329,0.236585424041108,2.83902508849329,0,28.0309158623928,18273,34,498.046875,-1.87799230851249,499.924867308512,498.046875
0.652,499.921633943109,0.106826104432504,0.00534130522162521,2.61758355427713,52.3516710855426,2.83919075841838,0,500,498.046875,1.953125,2.83919075841838,2.82707443672649,-372.245421772043,0,2.83919075841838,0.236599229868199,2.83919075841838,0,28.0832674281754,18307,34,498.046875,-1.87475894310904,499.921633943109,498.046875
0.653,499.938724790129,0.109325465745336,0.00546627328726678,2.61767304174286,52.3534608348573,2.83935642834348,0,500,498.046875,1.953125,2.83935642834348,2.82724010665158,-310.204518143369,0,2.83935642834348,0.23661303569529,2.83935642834348,0,28.1356198918519,18341,34,498.046875,-1.89184979012867,499.938724790129,498.046875
0.654,499.963389026932,0.110260731691504,0.00551303658457518,2.61780218338477,52.3560436676955,2.83952209826857,0,500,498.046875,1.953125,2.83952209826857,2.82740577657667,-258.503765119474,0,2.83952209826857,0.236626841522381,2.83952209826857,0,28.1879746060204,18375,34,498.046875,-1.91651402693168,499.963389026932,498.046875
0.655,499.990876046411,0.110613257449876,0.00553066287249379,2.61794610508222,52.3589221016443,2.83968776819366,0,500,498.046875,1.953125,2.83968776819366,2.82757144650177,-215.419804266228,0,2.83968776819366,0.236640647349472,2.83968776819366,0,28.2403320747419,18409,34,498.046875,-1.94400104641107,499.990876046411,498.046875
0.656,500.019415892781,0.11074866788641,0.00553743339432048,2.61809553936837,52.3619107873673,2.83985343811875,0,500,498.046875,1.953125,2.83985343811875,2.82773711642686,-179.51650355519,0,2.83985343811875,0.236654453176563,2.83985343811875,0,28.292692485935,18443,34,498.046875,-1.9725408927809,500.019415892781,498.046875
0.657,500.048349115757,0.110803184392255,0.00554015921961276,2.61824703336961,52.3649406673922,2.74914669535464,0,500,512.6953125,-12.6953125,2.74914669535464,2.82790278635195,2291.80916370401,0,2.74914669535464,0.22909555794622,2.74914669535464,0,28.3450559097314,18478,35,512.6953125,12.646963384243,500.048349115757,512.6953125
0.658,499.997727369372,0.0821652080267579,0.0041082604013379,2.61798197852535,52.359639570507,2.83894225353075,0,500,498.046875,1.953125,2.83894225353075,2.82682593183885,-531.56528024666,0,2.83894225353075,0.236578521127562,2.83894225353075,0,28.3974193733542,18512,34,498.046875,-1.95085236937189,499.997727369372,498.046875
0.659,499.939940170726,0.100130585709056,0.00500652928545278,2.61767940546079,52.3535881092158,2.83910792345584,0,500,498.046875,1.953125,2.83910792345584,2.82699160176395,-442.971066872217,0,2.83910792345584,0.236592326954653,2.83910792345584,-4.44089209850063e-16,28.4497752500825,18546,34,498.046875,-1.89306517072623,499.939940170726,498.046875
0.66,499.93670104889,0.106828062038474,0.00534140310192368,2.61766244545852,52.3532489091703,2.83927359338093,0,500,498.046875,1.953125,2.83927359338093,2.82715727168904,-369.142555726847,0,2.83927359338093,0.236606132781744,2.83927359338093,0,28.5021283939895,18580,34,498.046875,-1.88982604889014,499.93670104889,498.046875
0.661,499.953786213038,0.109327437864291,0.00546637189321454,2.6177519031688,52.355038063376,2.83943926330602,0,500,498.046875,1.953125,2.83943926330602,2.82732294161413,-307.618796439039,0,2.83943926330602,0.236619938608835,2.83943926330602,-4.44089209850063e-16,28.5544824351915,18614,34,498.046875,-1.90691121303763,499.953786213038,498.046875
0.662,499.978444842424,0.110262718481416,0.00551313592407081,2.61788101545035,52.357620309007,2.83960493323111,0,500,498.046875,1.953125,2.83960493323111,2.82748861153922,-256.348997032533,0,2.83960493323111,0.236633744435926,2.83960493323111,0,28.6068387262943,18648,34,498.046875,-1.93156984242415,499.978444842424,498.046875
0.663,500.005926329997,0.110615258843797,0.00553076294218984,2.61802490818279,52.3604981636559,2.83977060315621,0,500,498.046875,1.953125,2.83977060315621,2.82765428146431,-213.624164193777,0,2.83977060315621,0.236647550263017,2.83977060315621,-4.44089209850063e-16,28.6591977713667,18682,34,498.046875,-1.95905132999667,500.005926329997,498.046875
0.664,500.034460719346,0.110750683735299,0.00553753418676494,2.61817431389605,52.363486277921,2.7490638603921,0,500,512.6953125,-12.6953125,2.7490638603921,2.8278199513894,2263.38611317185,0,2.7490638603921,0.229088655032675,2.7490638603921,0,28.7115597583355,18717,35,512.6953125,12.6608517806543,500.034460719346,512.6953125
0.665,499.983685920892,0.082142863349351,0.00410714316746755,2.61790845767304,52.3581691534607,2.8388594185682,0,500,498.046875,1.953125,2.8388594185682,2.82674309687631,-555.251155690123,0,2.8388594185682,0.236571618214017,2.8388594185682,0,28.763921758317,18751,34,498.046875,-1.93681092089241,499.983685920892,498.046875
0.666,499.925837301888,0.100119487958017,0.00500597439790083,2.61760556301223,52.3521112602446,2.83902508849329,0,500,498.046875,1.953125,2.83902508849329,2.8269087668014,-462.709296408436,0,2.83902508849329,0.236585424041108,2.83902508849329,0,28.8162761609507,18785,34,498.046875,-1.87896230188784,499.925837301888,498.046875
0.667,499.922570958762,0.106821166083809,0.00534105830419043,2.61758846047961,52.3517692095923,2.83919075841839,0,500,498.046875,1.953125,2.83919075841839,2.82707443672649,-385.591080340363,0,2.83919075841839,0.236599229868199,2.83919075841839,0,28.8686278264109,18819,34,498.046875,-1.87569595876175,499.922570958762,498.046875
0.668,499.939641702121,0.109322118736043,0.00546610593680215,2.61767784268283,52.3535568536566,2.83935642834348,0,500,498.046875,1.953125,2.83935642834348,2.82724010665158,-321.325900283636,0,2.83935642834348,0.23661303569529,2.83935642834348,0,28.9209803870934,18853,34,498.046875,-1.89276670212138,499.939641702121,498.046875
0.669,499.964290737929,0.110257998036746,0.00551289990183732,2.61780690473252,52.3561380946503,2.83952209826857,0,500,498.046875,1.953125,2.83952209826857,2.82740577657668,-267.771583569697,0,2.83952209826857,0.236626841522381,2.83952209826857,0,28.9733351964595,18887,34,498.046875,-1.91741573792928,499.964290737929,498.046875
0.67,499.991764487722,0.110610772502564,0.00553053862512819,2.61795075695004,52.3590151390009,2.83968776819366,0,500,498.046875,1.953125,2.83968776819366,2.82757144650177,-223.142986308081,0,2.83968776819366,0.236640647349472,2.83968776819366,0,29.0256927589027,18921,34,498.046875,-1.94488948772221,499.991764487722,498.046875
0.671,500.020291887251,0.110746295515311,0.00553731477576556,2.61810012606468,52.3620025212937,2.83985343811875,0,500,498.046875,1.953125,2.83985343811875,2.82773711642686,-185.952488590067,0,2.83985343811875,0.236654453176563,2.83985343811875,0,29.0780532624767,18955,34,498.046875,-1.97341688725061,500.020291887251,498.046875
0.672,500.049213071845,0.110800873608324,0.0055400436804162,2.61825155703311,52.3650311406622,2.74914669535465,0,500,512.6953125,-12.6953125,2.74914669535465,2.82790278635195,2286.44584284161,0,2.74914669535465,0.22909555794622,2.74914669535465,0,29.1304167773741,18990,35,512.6953125,12.646099428155,500.049213071845,512.6953125
0.673,499.998579539767,0.0821629395661594,0.00410814697830797,2.61798644047911,52.3597288095821,2.83894225353075,0,500,498.046875,1.953125,2.83894225353075,2.82682593183886,-536.034714298658,0,2.83894225353075,0.236578521127562,2.83894225353075,0,29.1827803308512,19024,34,498.046875,-1.95170453976692,499.998579539767,498.046875
0.674,499.940780748716,0.100128352131483,0.00500641760657414,2.61768380671685,52.353676134337,2.83910792345584,0,500,498.046875,1.953125,2.83910792345584,2.82699160176395,-446.695595248881,0,2.83910792345584,0.236592326954653,2.83910792345584,0,29.2351362962101,19058,34,498.046875,-1.89390574871567,499.940780748716,498.046875
0.675,499.937530204284,0.106825860312301,0.00534129301561505,2.61766678690601,52.3533357381201,2.83927359338093,0,500,498.046875,1.953125,2.83927359338093,2.82715727168904,-372.246329374068,0,2.83927359338093,0.236606132781744,2.83927359338093,0,29.2874895275427,19092,34,498.046875,-1.89065520428375,499.937530204284,498.046875
0.676,499.95460410557,0.109325266603967,0.00546626333019833,2.61775618564409,52.3551237128818,2.83943926330602,0,500,498.046875,1.953125,2.83943926330602,2.82732294161413,-310.20527447839,0,2.83943926330602,0.236619938608835,2.83943926330602,0,29.3398436549825,19126,34,498.046875,-1.9077291055703,499.95460410557,498.046875
0.677,499.979251626767,0.110260576918146,0.00551302884590729,2.61788523976329,52.3577047952658,2.83960493323112,0,500,498.046875,1.953125,2.83960493323112,2.82748861153922,-258.504395398658,0,2.83960493323112,0.236633744435926,2.83960493323112,0,29.3922000311518,19160,34,498.046875,-1.93237662676728,499.979251626767,498.046875
0.678,500.006722157642,0.110613146442001,0.00553065732210007,2.6180290751266,52.360581502532,2.83977060315621,0,500,498.046875,1.953125,2.83977060315621,2.82765428146431,-215.420329498882,0,2.83977060315621,0.236647550263017,2.83977060315621,0,29.4445591601355,19194,34,498.046875,-1.959847157642,500.006722157642,498.046875
0.679,500.035245739326,0.110748600049673,0.00553743000248367,2.61817842425106,52.3635684850212,2.7490638603921,0,500,512.6953125,-12.6953125,2.7490638603921,2.82781995138941,2261.88930875093,0,2.7490638603921,0.229088655032675,2.7490638603921,0,29.496921229876,19229,35,512.6953125,12.6600667606736,500.035245739326,512.6953125
0.68,499.984460280068,0.0821408079715605,0.00410704039857802,2.6179125122082,52.358250244164,2.8388594185682,0,500,498.046875,1.953125,2.8388594185682,2.82674309687631,-556.498492707557,0,2.8388594185682,0.236571618214017,2.8388594185682,0,29.5492833115052,19263,34,498.046875,-1.93758528006805,499.984460280068,498.046875
0.681,499.926601145067,0.100117460496793,0.00500587302483965,2.61760956248576,52.3521912497153,2.8390250884933,0,500,498.046875,1.953125,2.8390250884933,2.8269087668014,-463.748743922964,0,2.8390250884933,0.236585424041108,2.8390250884933,-4.44089209850063e-16,29.6016377946776,19297,34,498.046875,-1.87972614506748,499.926601145067,498.046875
0.682,499.923324428768,0.106819166157489,0.00534095830787447,2.61759240563934,52.3518481127868,2.83919075841839,0,500,498.046875,1.953125,2.83919075841839,2.82707443672649,-386.45728660247,0,2.83919075841839,0.236599229868199,2.83919075841839,0,29.6539895395829,19331,34,498.046875,-1.8764494287675,499.923324428768,498.046875
0.683,499.940384939828,0.109320145969748,0.00546600729848742,2.61768173426636,52.3536346853272,2.83935642834348,0,500,498.046875,1.953125,2.83935642834348,2.82724010665159,-322.047738835392,0,2.83935642834348,0.23661303569529,2.83935642834348,-4.44089209850063e-16,29.7063421786317,19365,34,498.046875,-1.89350993982788,499.940384939828,498.046875
0.684,499.965023882295,0.110256052061283,0.00551280260306416,2.61781074346744,52.3562148693488,2.83952209826857,0,500,498.046875,1.953125,2.83952209826857,2.82740577657668,-268.37311569616,0,2.83952209826857,0.236626841522381,2.83952209826857,0,29.7586970652997,19399,34,498.046875,-1.91814888229533,499.965023882295,498.046875
0.685,499.992487675818,0.110608852953975,0.00553044264769874,2.61795454355406,52.3590908710812,2.83968776819366,0,500,498.046875,1.953125,2.83968776819366,2.82757144650177,-223.644263080133,0,2.83968776819366,0.236640647349472,2.83968776819366,-4.44089209850063e-16,29.8110547039952,19433,34,498.046875,-1.94561267581844,499.992487675818,498.046875
0.686,500.021005254285,0.110744402034664,0.00553722010173318,2.61810386124574,52.3620772249149,2.83985343811876,0,500,498.046875,1.953125,2.83985343811876,2.82773711642686,-186.370219233444,0,2.83985343811876,0.236654453176563,2.83985343811876,0,29.8634152827859,19467,34,498.046875,-1.97413025428546,500.021005254285,498.046875
0.687,500.049916751191,0.110799005841591,0.00553995029207956,2.61825524148955,52.365104829791,2.74914669535465,0,500,512.6953125,-12.6953125,2.74914669535465,2.82790278635195,2286.09773397213,0,2.74914669535465,0.229095557946221,2.74914669535465,0,29.9157788718785,19502,35,512.6953125,12.645395748809,500.049916751191,512.6953125
0.688,499.999273662985,0.0821610971641338,0.00410805485820669,2.61799007489978,52.3598014979955,2.83894225353075,0,500,498.046875,1.953125,2.83894225353075,2.82682593183886,-536.324805023225,0,2.83894225353075,0.236578521127563,2.83894225353075,0,29.9681424985431,19536,34,498.046875,-1.95239866298488,499.999273662985,498.046875
0.689,499.94146544558,0.100126534749703,0.00500632673748516,2.61768739178125,52.353747835625,2.83910792345584,0,500,498.046875,1.953125,2.83910792345584,2.82699160176395,-446.937337519354,0,2.83910792345584,0.236592326954654,2.83910792345584,0,30.0204985360958,19570,34,498.046875,-1.89459044558038,499.94146544558,498.046875
0.69,499.938205602807,0.106824067610986,0.00534120338054929,2.6176703232844,52.3534064656881,2.83927359338093,0,500,498.046875,1.953125,2.83927359338093,2.82715727168904,-372.447781266129,0,2.83927359338093,0.236606132781745,2.83927359338093,0,30.0728518386417,19604,34,498.046875,-1.8913306028071,499.938205602807,498.046875
0.691,499.955270332026,0.109323498247949,0.00546617491239746,2.61775967399765,52.355193479953,2.83943926330603,0,500,498.046875,1.953125,2.83943926330603,2.82732294161413,-310.373151055107,0,2.83943926330603,0.236619938608836,2.83943926330603,0,30.1252060363278,19638,34,498.046875,-1.90839533202569,499.955270332026,498.046875
0.692,499.979908805713,0.110258832576812,0.00551294162884058,2.61788868074421,52.3577736148841,2.83960493323112,0,500,498.046875,1.953125,2.83960493323112,2.82748861153923,-258.644292545923,0,2.83960493323112,0.236633744435927,2.83960493323112,0,30.1775624817894,19672,34,498.046875,-1.93303380571342,499.979908805713,498.046875
0.693,500.007370411947,0.110611425789225,0.00553057128946125,2.6180324693782,52.3606493875641,2.83977060315621,0,500,498.046875,1.953125,2.83977060315621,2.82765428146432,-215.536910454936,0,2.83977060315621,0.236647550263018,2.83977060315621,0,30.2299216791243,19706,34,498.046875,-1.96049541194657,500.007370411947,498.046875
0.694,500.035885190188,0.110746902763758,0.00553734513818792,2.61818177240794,52.3636354481588,2.8399362730813,0,500,498.046875,1.953125,2.8399362730813,2.82781995138941,-179.61409204578,0,2.8399362730813,0.236661356090109,2.8399362730813,0,30.2822838162878,19740,34,498.046875,-1.9890101901882,500.035885190188,498.046875
0.695,500.064793685467,0.110801484904002,0.00554007424520012,2.61833313693526,52.3666627387052,2.74922953031719,0,500,512.6953125,-12.6953125,2.74922953031719,2.8279856213145,2291.72783996185,0,2.74922953031719,0.229102460859766,2.74922953031719,0,30.3346489634473,19775,35,512.6953125,12.6305188145334,500.064793685467,512.6953125
0.696,500.014147547192,0.0821635732815737,0.00410817866407868,2.61806795437537,52.3613590875074,2.8390250884933,0,500,498.046875,1.953125,2.8390250884933,2.82690876680141,-531.633050031791,0,2.8390250884933,0.236585424041108,2.8390250884933,0,30.3870141478613,19809,34,498.046875,-1.9672725471919,500.014147547192,498.046875
0.697,499.956336287904,0.100129014827714,0.0050064507413857,2.61776525532958,52.3553051065916,2.83919075841839,0,500,498.046875,1.953125,2.83919075841839,2.8270744367265,-443.027541693159,0,2.83919075841839,0.236599229868199,2.83919075841839,0,30.439371742844,19843,34,498.046875,-1.90946128790398,499.956336287904,498.046875
0.698,499.953073432175,0.106826554153689,0.00534132770768445,2.61774817105693,52.3549634211386,2.83935642834348,0,500,498.046875,1.953125,2.83935642834348,2.82724010665159,-369.189618077633,0,2.83935642834348,0.23661303569529,2.83935642834348,0,30.4917266025028,19877,34,498.046875,-1.90619843217456,499.953073432175,498.046875
0.699,499.97013518474,0.109325992120556,0.00546629960602778,2.61783750618446,52.3567501236892,2.83952209826857,0,500,498.046875,1.953125,2.83952209826857,2.82740577657668,-307.658015064694,0,2.83952209826857,0.236626841522381,2.83952209826857,0,30.5440823569882,19911,34,498.046875,-1.92326018474046,499.97013518474,498.046875
0.7,499.99477072048,0.110261334034841,0.00551306670174203,2.61796649754796,52.3593299509591,2.83968776819367,0,500,498.046875,1.953125,2.83968776819367,2.82757144650177,-256.381679220578,0,2.83968776819367,0.236640647349472,2.83968776819367,0,30.5964403589393,19945,34,498.046875,-1.9478957204804,499.99477072048,498.046875
0.701,500.022229428023,0.110613934861951,0.00553069674309754,2.61811027100445,52.3622054200889,2.83985343811876,0,500,498.046875,1.953125,2.83985343811876,2.82773711642686,-213.651399350482,0,2.83985343811876,0.236654453176563,2.83985343811876,0,30.6488011124582,19979,34,498.046875,-1.97535442802314,500.022229428023,498.046875
0.702,500.050741346701,0.110749419397058,0.00553747096985289,2.61825955906154,52.3651911812308,2.74914669535465,0,500,512.6953125,-12.6953125,2.74914669535465,2.82790278635196,2263.36341720793,0,2.74914669535465,0.229095557946221,2.74914669535465,-4.44089209850063e-16,30.7011648055041,20014,35,512.6953125,12.6445711532994,500.050741346701,512.6953125
0.703,499.999944382733,0.0821416578447405,0.00410708289223702,2.61799358678016,52.3598717356033,2.83894225353075,0,500,498.046875,1.953125,2.83894225353075,2.82682593183886,-555.27006899339,0,2.83894225353075,0.236578521127563,2.83894225353075,-4.44089209850063e-16,30.7535285092258,20048,34,498.046875,-1.95306938273268,499.999944382733,498.046875
0.704,499.942073899226,0.100118340488061,0.00500591702440306,2.61769057763709,52.3538115527418,2.83910792345585,0,500,498.046875,1.953125,2.83910792345585,2.82699160176395,-462.725057494492,0,2.83910792345585,0.236592326954654,2.83910792345585,0,30.8058846132941,20082,34,498.046875,-1.89519889922644,499.942073899226,498.046875
0.705,499.938785988523,0.106820075860386,0.00534100379301931,2.61767336217691,52.3534672435382,2.83927359338094,0,500,498.046875,1.953125,2.83927359338094,2.82715727168904,-385.604214578743,0,2.83927359338094,0.236606132781745,2.83927359338094,-4.44089209850063e-16,30.858237977915,20116,34,498.046875,-1.89191098852342,499.938785988523,498.046875
0.706,499.955835457199,0.109321084981732,0.0054660542490866,2.61776263298614,52.3552526597228,2.83943926330603,0,500,498.046875,1.953125,2.83943926330603,2.82732294161414,-321.336845482286,0,2.83943926330603,0.236619938608836,2.83943926330603,0,30.910592235515,20150,34,498.046875,-1.90896045719865,499.955835457199,498.046875
0.707,499.980463507237,0.110257019984684,0.00551285099923419,2.61789158515459,52.3578317030919,2.83960493323112,0,500,498.046875,1.953125,2.83960493323112,2.82748861153923,-267.780704568572,0,2.83960493323112,0.236633744435927,2.83960493323112,-4.44089209850063e-16,30.9629487395858,20184,34,498.046875,-1.93358850723729,499.980463507237,498.046875
0.708,500.007916556253,0.1106098493963,0.005530492469815,2.6180353289831,52.3607065796621,2.83977060315621,0,500,498.046875,1.953125,2.83977060315621,2.82765428146432,-223.150587140477,0,2.83977060315621,0.236647550263018,2.83977060315621,0,31.0153079945511,20218,34,498.046875,-1.96104155625272,500.007916556253,498.046875
0.709,500.036423536125,0.110745426608669,0.00553727133043347,2.61818459118067,52.3636918236135,2.8399362730813,0,500,498.046875,1.953125,2.8399362730813,2.82781995138941,-185.958822617064,0,2.8399362730813,0.236661356090109,2.8399362730813,-4.44089209850063e-16,31.0676701884942,20252,34,498.046875,-1.98954853612474,500.036423536125,498.046875
0.71,500.065324578367,0.110800058165261,0.00554000290826304,2.61833591668399,52.3667183336797,2.7492295303172,0,500,512.6953125,-12.6953125,2.7492295303172,2.8279856213145,2286.44056448578,0,2.7492295303172,0.229102460859766,2.7492295303172,0,31.1200353916369,20287,35,512.6953125,12.6299879216334,500.065324578367,512.6953125
0.711,500.014671177474,0.0821621768606272,0.00410810884303136,2.61807069609711,52.3614139219422,2.8390250884933,0,500,498.046875,1.953125,2.8390250884933,2.82690876680141,-536.039112928516,0,2.8390250884933,0.236585424041108,2.8390250884933,0,31.1724006312642,20321,34,498.046875,-1.96779617747353,500.014671177474,498.046875
0.712,499.95685278743,0.100127641447294,0.00500638207236469,2.61776795971478,52.3553591942955,2.83919075841839,0,500,498.046875,1.953125,2.83919075841839,2.8270744367265,-446.699260773764,0,2.83919075841839,0.236599229868199,2.83919075841839,0,31.2247582807069,20355,34,498.046875,-1.90997778743042,499.95685278743,498.046875
0.713,499.953582910165,0.106825200942994,0.00534126004714968,2.61775083867745,52.355016773549,2.83935642834348,0,500,498.046875,1.953125,2.83935642834348,2.82724010665159,-372.249383978136,0,2.83935642834348,0.23661303569529,2.83935642834348,0,31.277113194085,20389,34,498.046875,-1.90670791016549,499.953582910165,498.046875
0.714,499.970637741163,0.109324657852673,0.00546623289263364,2.61784013756374,52.3568027512747,2.83952209826858,0,500,498.046875,1.953125,2.83952209826858,2.82740577657668,-310.20781998178,0,2.83952209826858,0.236626841522381,2.83952209826858,0,31.3294690015594,20423,34,498.046875,-1.92376274116339,499.970637741163,498.046875
0.715,499.995266451051,0.110260018097461,0.00551300090487306,2.61796909318715,52.3593818637431,2.83968776819367,0,500,498.046875,1.953125,2.83968776819367,2.82757144650177,-258.506516651484,0,2.83968776819367,0.236640647349472,2.83968776819367,0,31.3818270557799,20457,34,498.046875,-1.94839145105061,499.995266451051,498.046875
0.716,500.022718426078,0.110612636873857,0.00553063184369283,2.61811283139227,52.3622566278455,2.83985343811876,0,500,498.046875,1.953125,2.83985343811876,2.82773711642687,-215.42209720957,0,2.83985343811876,0.236654453176563,2.83985343811876,0,31.4341878608583,20491,34,498.046875,-1.9758434260778,500.022718426078,498.046875
0.717,500.051223703907,0.110748139065207,0.00553740695326036,2.61826208467797,52.3652416935594,2.74914669535465,0,500,512.6953125,-12.6953125,2.74914669535465,2.82790278635196,2261.88783565869,0,2.74914669535465,0.229095557946221,2.74914669535465,0,31.4865516047635,20526,35,512.6953125,12.6440887960928,500.051223703907,512.6953125
0.718,500.000420189364,0.0821403949109959,0.00410701974554979,2.61799607809786,52.3599215619572,2.83894225353076,0,500,498.046875,1.953125,2.83894225353076,2.82682593183886,-556.499720284423,0,2.83894225353076,0.236578521127563,2.83894225353076,0,31.5389153586537,20560,34,498.046875,-1.95354518936421,500.000420189364,498.046875
0.719,499.942543244274,0.100117094709312,0.0050058547354656,2.61769303512202,52.3538607024403,2.83910792345585,0,500,498.046875,1.953125,2.83910792345585,2.82699160176395,-463.749766903686,0,2.83910792345585,0.236592326954654,2.83910792345585,0,31.5912715122093,20594,34,498.046875,-1.89566824427436,499.942543244274,498.046875
0.72,499.93924895975,0.106818847001113,0.00534094235005564,2.61767578628858,52.3535157257716,2.83927359338094,0,500,498.046875,1.953125,2.83927359338094,2.82715727168905,-386.458139086405,0,2.83927359338094,0.236606132781745,2.83927359338094,0,31.6436249256453,20628,34,498.046875,-1.89237395975005,499.93924895975,498.046875
0.721,499.956292141167,0.109319872811215,0.00546599364056073,2.6177650241778,52.3553004835561,2.83943926330603,0,500,498.046875,1.953125,2.83943926330603,2.82732294161414,-322.048449238671,0,2.83943926330603,0.236619938608836,2.83943926330603,0,31.6959792313976,20662,34,498.046875,-1.90941714116673,499.956292141167,498.046875
0.722,499.980913989331,0.110255824275931,0.00551279121379656,2.61789394387332,52.3578788774664,2.83960493323112,0,500,498.046875,1.953125,2.83960493323112,2.82748861153923,-268.373707698892,0,2.83960493323112,0.236633744435927,2.83960493323112,0,31.7483357829668,20696,34,498.046875,-1.9340389893307,499.980913989331,498.046875
0.723,500.008360920695,0.110608669925626,0.00553043349628131,2.61803765566988,52.3607531133976,2.83977060315621,0,500,498.046875,1.953125,2.83977060315621,2.82765428146432,-223.644756415744,0,2.83977060315621,0.236647550263018,2.83977060315621,0,31.8006950847854,20730,34,498.046875,-1.96148592069505,500.008360920695,498.046875
0.724,500.036861865995,0.110744263155508,0.00553721315777542,2.61818688627051,52.3637377254102,2.83993627308131,0,500,498.046875,1.953125,2.83993627308131,2.82781995138941,-186.370630346453,0,2.83993627308131,0.236661356090109,2.83993627308131,0,31.8530573249456,20764,34,498.046875,-1.98998686599549,500.036861865995,498.046875
0.725,500.065756955617,0.110798910512073,0.00553994552560364,2.61833818060597,52.3667636121195,2.7492295303172,0,500,512.6953125,-12.6953125,2.7492295303172,2.82798562131451,2286.09739137796,0,2.7492295303172,0.229102460859767,2.7492295303172,0,31.9054225736776,20799,35,512.6953125,12.6295555443835,500.065756955617,512.6953125
0.726,500.015097682941,0.0821610447928381,0.00410805223964191,2.61807292927452,52.3614585854903,2.8390250884933,0,500,498.046875,1.953125,2.8390250884933,2.82690876680141,-536.32509051837,0,2.8390250884933,0.236585424041109,2.8390250884933,0,31.9577878582753,20833,34,498.046875,-1.96822268294068,500.015097682941,498.046875
0.727,499.957273500855,0.100126524753248,0.00500632623766239,2.61777016256512,52.3554032513023,2.83919075841839,0,500,498.046875,1.953125,2.83919075841839,2.8270744367265,-446.937575431975,0,2.83919075841839,0.2365992298682,2.83919075841839,-4.44089209850063e-16,32.0101455520776,20867,34,498.046875,-1.91039850085502,499.957273500855,498.046875
0.728,499.953997910205,0.106824099413911,0.00534120497069553,2.61775301161258,52.3550602322515,2.83935642834349,0,500,498.046875,1.953125,2.83935642834349,2.82724010665159,-372.447979526646,0,2.83935642834349,0.236613035695291,2.83935642834349,0,32.0625005092128,20901,34,498.046875,-1.90712291020481,499.953997910205,498.046875
0.729,499.971047105406,0.109323571282609,0.00546617856413045,2.6178422809899,52.356845619798,2.83952209826858,0,500,498.046875,1.953125,2.83952209826858,2.82740577657668,-310.373316272205,0,2.83952209826858,0.236626841522382,2.83952209826858,-4.44089209850063e-16,32.1148563598502,20935,34,498.046875,-1.92417210540646,499.971047105406,498.046875
0.73,499.995670256033,0.110258946283269,0.00551294731416347,2.6179712075051,52.3594241501019,2.83968776819367,0,500,498.046875,1.953125,2.83968776819367,2.82757144650178,-258.644430226838,0,2.83968776819367,0.236640647349472,2.83968776819367,0,32.1672144566475,20969,34,498.046875,-1.94879525603278,499.995670256033,498.046875
0.731,500.023116747295,0.110611579615149,0.00553057898075745,2.61811491699729,52.3622983399458,2.83985343811876,0,500,498.046875,1.953125,2.83985343811876,2.82773711642687,-215.537025189031,0,2.83985343811876,0.236654453176563,2.83985343811876,-4.44089209850063e-16,32.2195753037244,21003,34,498.046875,-1.97624174729509,500.023116747295,498.046875
0.732,500.05161661583,0.110747096164317,0.00553735480821585,2.61826414195999,52.3652828391997,2.74914669535465,0,500,512.6953125,-12.6953125,2.74914669535465,2.82790278635196,2261.79206234247,0,2.74914669535465,0.229095557946221,2.74914669535465,0,32.2719390890578,21038,35,512.6953125,12.6436958841696,500.05161661583,512.6953125
0.733,500.000807765453,0.0821393661729405,0.00410696830864703,2.61799810744152,52.3599621488303,2.83894225353076,0,500,498.046875,1.953125,2.83894225353076,2.82682593183886,-556.579531381272,0,2.83894225353076,0.236578521127563,2.83894225353076,0,32.3243028838136,21072,34,498.046875,-1.95393276545292,500.000807765453,498.046875
0.734,499.94292555699,0.100116079941757,0.00500580399708785,2.61769503690672,52.3539007381343,2.83910792345585,0,500,498.046875,1.953125,2.83910792345585,2.82699160176396,-463.81627615106,0,2.83910792345585,0.236592326954654,2.83910792345585,0,32.3766590776799,21106,34,498.046875,-1.8960505569903,499.94292555699,498.046875
0.735,499.939626080571,0.106817846014335,0.00534089230071675,2.61767776088858,52.3535552177717,2.83927359338094,0,500,498.046875,1.953125,2.83927359338094,2.82715727168905,-386.513563459216,0,2.83927359338094,0.236606132781745,2.83927359338094,0,32.4290125308791,21140,34,498.046875,-1.8927510805712,499.939626080571,498.046875
0.736,499.9566641406,0.109318885418068,0.00546594427090341,2.61776697196228,52.3553394392456,2.83943926330603,0,500,498.046875,1.953125,2.83943926330603,2.82732294161414,-322.094636216014,0,2.83943926330603,0.236619938608836,2.83943926330603,0,32.4813668758547,21174,34,498.046875,-1.90978914060003,499.9566641406,498.046875
0.737,499.981280936926,0.110254850291811,0.00551274251459057,2.61789586520644,52.3579173041287,2.83960493323113,0,500,498.046875,1.953125,2.83960493323113,2.82748861153923,-268.412196846678,0,2.83960493323113,0.236633744435927,2.83960493323113,0,32.5337234661144,21208,34,498.046875,-1.93440593692605,499.981280936926,498.046875
0.738,500.008722885058,0.110607709168435,0.00553038545842177,2.61803955091085,52.360791018217,2.83977060315622,0,500,498.046875,1.953125,2.83977060315622,2.82765428146432,-223.676830705565,0,2.83977060315622,0.236647550263018,2.83977060315622,0,32.5860828060982,21242,34,498.046875,-1.96184788505752,500.008722885058,498.046875
0.739,500.037218914798,0.110743315445622,0.00553716577228108,2.61818875577367,52.3637751154734,2.83993627308131,0,500,498.046875,1.953125,2.83993627308131,2.82781995138942,-186.397358921304,0,2.83993627308131,0.236661356090109,2.83993627308131,0,32.6384450839052,21276,34,498.046875,-1.99034391479842,500.037218914798,498.046875
0.74,500.066109155614,0.110797975672305,0.00553989878361524,2.61834002472085,52.366800494417,2.7492295303172,0,500,512.6953125,-12.6953125,2.7492295303172,2.82798562131451,2286.07511756558,0,2.7492295303172,0.229102460859767,2.7492295303172,0,32.6908103697728,21311,35,512.6953125,12.6292033443856,500.066109155614,512.6953125
0.741,500.015445099981,0.0821601226484097,0.00410800613242049,2.61807474834589,52.3614949669177,2.83902508849331,0,500,498.046875,1.953125,2.83902508849331,2.82690876680141,-536.343652028684,0,2.83902508849331,0.236585424041109,2.83902508849331,0,32.7431756910018,21345,34,498.046875,-1.96857009998138,500.015445099981,498.046875
0.742,499.957616199892,0.100125615131753,0.00500628075658767,2.61777195693308,52.3554391386615,2.8391907584184,0,500,498.046875,1.953125,2.8391907584184,2.8270744367265,-446.953043357236,0,2.8391907584184,0.2365992298682,2.8391907584184,0,32.7955334209379,21379,34,498.046875,-1.91074119989213,499.957616199892,498.046875
0.743,499.95433595531,0.106823202145286,0.00534116010726431,2.61775478161261,52.3550956322522,2.83935642834349,0,500,498.046875,1.953125,2.83935642834349,2.8272401066516,-372.460869464364,0,2.83935642834349,0.236613035695291,2.83935642834349,0,32.8478884137162,21413,34,498.046875,-1.90746095530989,499.95433595531,498.046875
0.744,499.971380559781,0.1093226861991,0.00546613430995498,2.61784402695292,52.3568805390585,2.83952209826858,0,500,498.046875,1.953125,2.83952209826858,2.82740577657669,-310.38405788697,0,2.83952209826858,0.236626841522382,2.83952209826858,0,32.9002442995127,21447,34,498.046875,-1.92450555978098,499.971380559781,498.046875
0.745,499.99599918202,0.110258073219398,0.00551290366096991,2.61797292975754,52.3594585951507,2.83968776819367,0,500,498.046875,1.953125,2.83968776819367,2.82757144650178,-258.653381572475,0,2.83968776819367,0.236640647349473,2.83968776819367,0,32.9526024309916,21481,34,498.046875,-1.94912418202011,499.99599918202,498.046875
0.746,500.023441206391,0.110610718407687,0.00553053592038433,2.61811661586114,52.3623323172229,2.83985343811876,0,500,498.046875,1.953125,2.83985343811876,2.82773711642687,-215.544484643729,0,2.83985343811876,0.236654453176564,2.83985343811876,0,33.0049633122792,21515,34,498.046875,-1.97656620639134,500.023441206391,498.046875
0.747,500.051936668697,0.110746246652251,0.00553731233261254,2.61826581775288,52.3653163550576,2.74914669535466,0,500,512.6953125,-12.6953125,2.74914669535466,2.82790278635196,2261.78584613023,0,2.74914669535466,0.229095557946221,2.74914669535466,0,33.0573271313586,21550,35,512.6953125,12.6433758313026,500.051936668697,512.6953125
0.748,500.001123471928,0.0821385281974442,0.00410692640987221,2.61799976047675,52.3599952095351,2.83894225353076,0,500,498.046875,1.953125,2.83894225353076,2.82682593183887,-556.584711558145,0,2.83894225353076,0.236578521127563,2.83894225353076,0,33.1096909594023,21584,34,498.046875,-1.95424847192805,500.001123471928,498.046875
0.749,499.943236976099,0.100115253346161,0.00500576266730805,2.61769666749336,52.3539333498671,2.83910792345585,0,500,498.046875,1.953125,2.83910792345585,2.82699160176396,-463.820592965121,0,2.83910792345585,0.236592326954654,2.83910792345585,-4.44089209850063e-16,33.1620471861042,21618,34,498.046875,-1.89636197609883,499.943236976099,498.046875
0.75,499.939933270536,0.106817030644098,0.0053408515322049,2.61767936933148,52.3535873866296,2.83927359338094,0,500,498.046875,1.953125,2.83927359338094,2.82715727168905,-386.517160804267,0,2.83927359338094,0.236606132781745,2.83927359338094,0,33.2144006716933,21652,34,498.046875,-1.89305827053624,499.939933270536,498.046875
0.751,499.956967158855,0.109318081120747,0.00546590405603735,2.61776855856215,52.355371171243,2.83943926330604,0,500,498.046875,1.953125,2.83943926330604,2.82732294161414,-322.097634003556,0,2.83943926330604,0.236619938608836,2.83943926330604,-4.44089209850063e-16,33.2667550486187,21686,34,498.046875,-1.91009215885458,499.956967158855,498.046875
0.752,499.981579840123,0.110254056917034,0.00551270284585168,2.61789743025991,52.3579486051983,2.83960493323113,0,500,498.046875,1.953125,2.83960493323113,2.82748861153923,-268.414695002964,0,2.83960493323113,0.236633744435927,2.83960493323113,0,33.3191116703945,21720,34,498.046875,-1.93470484012272,499.981579840123,498.046875
0.753,500.00901772908,0.11060692656787,0.00553034632839351,2.61804109471054,52.3608218942109,2.83977060315622,0,500,498.046875,1.953125,2.83977060315622,2.82765428146433,-223.67891250247,0,2.83977060315622,0.236647550263018,2.83977060315622,-4.44089209850063e-16,33.3714710414663,21754,34,498.046875,-1.96214272907974,500.00901772908,498.046875
0.754,500.037509754771,0.110742543472953,0.00553712717364763,2.6181902786082,52.3638055721641,2.83993627308131,0,500,498.046875,1.953125,2.83993627308131,2.82781995138942,-186.399093752058,0,2.83993627308131,0.236661356090109,2.83993627308131,0,33.4238333499392,21788,34,498.046875,-1.99063475477078,500.037509754771,498.046875
0.755,500.066396045913,0.110797214183203,0.00553986070916015,2.61834152687494,52.3668305374988,2.7492295303172,0,500,512.6953125,-12.6953125,2.7492295303172,2.82798562131451,2286.07367187329,0,2.7492295303172,0.229102460859767,2.7492295303172,0,33.4761986660562,21823,35,512.6953125,12.6289164540873,500.066396045913,512.6953125
0.756,500.015728094243,0.0821593715005059,0.00410796857502529,2.61807623010038,52.3615246020075,2.83902508849331,0,500,498.046875,1.953125,2.83902508849331,2.82690876680141,-536.344856772262,0,2.83902508849331,0.236585424041109,2.83902508849331,0,33.5285640171238,21857,34,498.046875,-1.96885309424317,500.015728094243,498.046875
0.757,499.957895351027,0.100124874184612,0.00500624370923058,2.617773418565,52.3554683713,2.8391907584184,0,500,498.046875,1.953125,2.8391907584184,2.82707443672651,-446.954047310219,0,2.8391907584184,0.2365992298682,2.8391907584184,0,33.5809217764933,21891,34,498.046875,-1.91102035102665,499.957895351027,498.046875
0.758,499.954611315508,0.106822471260377,0.00534112356301886,2.61775622339523,52.3551244679047,2.83935642834349,0,500,498.046875,1.953125,2.83935642834349,2.8272401066516,-372.461706091849,0,2.83935642834349,0.236613035695291,2.83935642834349,0,33.6332767983054,21925,34,498.046875,-1.90773631550775,499.954611315508,498.046875
0.759,499.971652180524,0.109321965239776,0.00546609826198881,2.61784544915581,52.3569089831162,2.83952209826858,0,500,498.046875,1.953125,2.83952209826858,2.82740577657669,-310.384755076541,0,2.83952209826858,0.236626841522382,2.83952209826858,0,33.6856327127413,21959,34,498.046875,-1.92477718052385,499.971652180524,498.046875
0.76,499.99626711409,0.110257362050869,0.00551286810254344,2.61797433264658,52.3594866529315,2.83968776819367,0,500,498.046875,1.953125,2.83968776819367,2.82757144650178,-258.653962563784,0,2.83968776819367,0.236640647349473,2.83968776819367,0,33.7379908724706,21993,34,498.046875,-1.94939211409047,499.99626711409,498.046875
0.761,500.023705499883,0.11061001689699,0.00553050084484949,2.61811799969863,52.3623599939726,2.83985343811877,0,500,498.046875,1.953125,2.83985343811877,2.82773711642687,-215.544968803153,0,2.83985343811877,0.236654453176564,2.83985343811877,0,33.790351781625,22027,34,498.046875,-1.97683049988262,500.023705499883,498.046875
0.762,500.052197373022,0.110745554668231,0.00553727773341155,2.61826718279753,52.3653436559506,2.74914669535466,0,500,512.6953125,-12.6953125,2.74914669535466,2.82790278635196,2261.78544266404,0,2.74914669535466,0.229095557946222,2.74914669535466,0,33.8427156281929,22062,35,512.6953125,12.643115126978,500.052197373022,512.6953125
0.763,500.001380635828,0.0821378456107269,0.00410689228053635,2.61800110698378,52.3600221396757,2.83894225353076,0,500,498.046875,1.953125,2.83894225353076,2.82682593183887,-556.585047779968,0,2.83894225353076,0.236578521127564,2.83894225353076,0,33.8950794833516,22096,34,498.046875,-1.95450563582784,500.001380635828,498.046875
0.764,499.943490647653,0.100114580029129,0.00500572900145645,2.61769799571451,52.3539599142902,2.83910792345585,0,500,498.046875,1.953125,2.83910792345585,2.82699160176396,-463.820873149973,0,2.83910792345585,0.236592326954655,2.83910792345585,0,33.9474357368004,22130,34,498.046875,-1.89661564765339,499.943490647653,498.046875
0.765,499.940183497173,0.106816366470867,0.00534081832354333,2.61768067951508,52.3536135903017,2.83927359338095,0,500,498.046875,1.953125,2.83927359338095,2.82715727168905,-386.517394291644,0,2.83927359338095,0.236606132781745,2.83927359338095,0,33.9997892487732,22164,34,498.046875,-1.89330849717271,499.940183497173,498.046875
0.766,499.957213987355,0.109317425967142,0.00546587129835709,2.61776985095316,52.3553970190632,2.83943926330604,0,500,498.046875,1.953125,2.83943926330604,2.82732294161414,-322.09782857637,0,2.83943926330604,0.236619938608836,2.83943926330604,0,34.0521436517239,22198,34,498.046875,-1.91033898735532,499.957213987355,498.046875
0.767,499.981823316636,0.110253410660566,0.00551267053302828,2.61789870509995,52.3579741019991,2.83960493323113,0,500,498.046875,1.953125,2.83960493323113,2.82748861153924,-268.414857146975,0,2.83960493323113,0.236633744435927,2.83960493323113,0,34.1045002991716,22232,34,498.046875,-1.9349483166356,499.981823316636,498.046875
0.768,500.009257899126,0.110606289087714,0.00553031445438569,2.61804235223796,52.3608470447592,2.83977060315622,0,500,498.046875,1.953125,2.83977060315622,2.82765428146433,-223.679047622479,0,2.83977060315622,0.236647550263018,2.83977060315622,0,34.1568596955668,22266,34,498.046875,-1.96238289912554,500.009257899126,498.046875
0.769,500.037746663252,0.110741914649924,0.00553709573249619,2.61819151905811,52.3638303811622,2.83993627308131,0,500,498.046875,1.953125,2.83993627308131,2.82781995138942,-186.399206352066,0,2.83993627308131,0.236661356090109,2.83993627308131,0,34.209222029019,22300,34,498.046875,-1.99087166325194,500.037746663252,498.046875
0.77,500.066629737122,0.110796593899736,0.00553982969498679,2.61834275047925,52.366855009585,2.74922953031721,0,500,512.6953125,-12.6953125,2.74922953031721,2.82798562131451,2286.07357803995,0,2.74922953031721,0.229102460859767,2.7492295303172,-4.44089209850063e-16,34.2615873697763,22335,35,512.6953125,12.6286827628778,500.066629737122,512.6953125
0.771,500.015958611872,0.0821587596406308,0.00410793798203154,2.61807743708786,52.3615487417572,2.83902508849331,0,500,498.046875,1.953125,2.83902508849331,2.82690876680142,-536.344934966712,0,2.83902508849331,0.236585424041109,2.83902508849331,-4.44089209850063e-16,34.3139527451494,22369,34,498.046875,-1.96908361187229,500.015958611872,498.046875
0.772,499.958122738173,0.100124270633934,0.00500621353169672,2.61777460916132,52.3554921832263,2.8391907584184,0,500,498.046875,1.953125,2.8391907584184,2.82707443672651,-446.95411247226,0,2.8391907584184,0.2365992298682,2.8391907584184,0,34.3663105284944,22403,34,498.046875,-1.91124773817324,499.958122738173,498.046875
0.773,499.954835614684,0.106821875906058,0.00534109379530288,2.61775739782297,52.3551479564595,2.83935642834349,0,500,498.046875,1.953125,2.83935642834349,2.8272401066516,-372.46176039355,0,2.83935642834349,0.236613035695291,2.83935642834349,-4.44089209850063e-16,34.4186655739563,22437,34,498.046875,-1.90796061468427,499.954835614684,498.046875
0.774,499.971873433666,0.109321377970505,0.00546606889852527,2.61784660763455,52.356932152691,2.83952209826858,0,500,498.046875,1.953125,2.83952209826858,2.82740577657669,-310.384800327959,0,2.83952209826858,0.236626841522382,2.83952209826858,0,34.4710215117209,22471,34,498.046875,-1.92499843366585,499.971873433666,498.046875
0.775,499.996485362564,0.110256782756851,0.00551283913784253,2.61797547539291,52.3595095078582,2.83968776819368,0,500,498.046875,1.953125,2.83968776819368,2.82757144650178,-258.654000273299,0,2.83968776819368,0.236640647349473,2.83968776819368,-4.44089209850063e-16,34.5233796944621,22505,34,498.046875,-1.94961036256359,499.996485362564,498.046875
0.776,500.023920784491,0.110609445469918,0.0055304722734959,2.6181191269262,52.3623825385241,2.83985343811877,0,500,498.046875,1.953125,2.83985343811877,2.82773711642688,-215.545000227749,0,2.83985343811877,0.236654453176564,2.83985343811877,0,34.5757406263159,22539,34,498.046875,-1.97704578449122,500.023920784491,498.046875
0.777,500.052409734016,0.110744991001271,0.00553724955006354,2.6182682947171,52.3653658943419,2.74914669535466,0,500,512.6953125,-12.6953125,2.74914669535466,2.82790278635197,2261.78541647688,0,2.74914669535466,0.229095557946222,2.74914669535466,0,34.6281044952749,22574,35,512.6953125,12.6429027659841,500.052409734016,512.6953125
0.778,500.001590112911,0.082137289598494,0.0041068644799247,2.61800220380322,52.3600440760645,2.83894225353076,0,500,498.046875,1.953125,2.83894225353076,2.82682593183887,-556.585069602603,0,2.83894225353076,0.236578521127564,2.83894225353076,0,34.6804683725206,22608,34,498.046875,-1.95471511291055,500.001590112911,498.046875
0.779,499.943697279989,0.10011403156767,0.00500570157838352,2.61769907763889,52.3539815527778,2.83910792345586,0,500,498.046875,1.953125,2.83910792345586,2.82699160176396,-463.820891335503,0,2.83910792345586,0.236592326954655,2.83910792345586,0,34.7328246477566,22642,34,498.046875,-1.89682227998895,499.943697279989,498.046875
0.78,499.940387323394,0.106815825457641,0.00534079127288206,2.61768174674668,52.3536349349336,2.83927359338095,0,500,498.046875,1.953125,2.83927359338095,2.82715727168905,-386.517409446252,0,2.83927359338095,0.236606132781746,2.83927359338095,0,34.7851781812205,22676,34,498.046875,-1.89351232339357,499.940387323394,498.046875
0.781,499.957415045569,0.109316892301,0.00546584461505002,2.61777090369151,52.3554180738301,2.83943926330604,0,500,498.046875,1.953125,2.83943926330604,2.82732294161415,-322.09784120521,0,2.83943926330604,0.236619938608837,2.83943926330604,0,34.8375326053707,22710,34,498.046875,-1.91054004556923,499.957415045569,498.046875
0.782,499.982021644433,0.110252884241734,0.00551264421208668,2.61789974354187,52.3579948708374,2.83960493323113,0,500,498.046875,1.953125,2.83960493323113,2.82748861153924,-268.414867671009,0,2.83960493323113,0.236633744435928,2.83960493323113,0,34.8898892737298,22744,34,498.046875,-1.93514664443251,499.982021644433,498.046875
0.783,500.009453533585,0.110605769817771,0.00553028849088855,2.6180433765776,52.3608675315519,2.83977060315622,0,500,498.046875,1.953125,2.83977060315622,2.82765428146433,-223.679056392507,0,2.83977060315622,0.236647550263019,2.83977060315622,0,34.9422486907525,22778,34,498.046875,-1.96257853358503,500.009453533585,498.046875
0.784,500.03793964095,0.110741402431787,0.00553707012158935,2.61819252948698,52.3638505897395,2.83993627308132,0,500,498.046875,1.953125,2.83993627308132,2.82781995138942,-186.399213660423,0,2.83993627308132,0.23666135609011,2.83993627308132,0,34.994611044552,22812,34,498.046875,-1.9910646409503,500.03793964095,498.046875
0.785,500.066820094139,0.11079608863764,0.00553980443188198,2.61834374718626,52.3668749437252,2.74922953031721,0,500,512.6953125,-12.6953125,2.74922953031721,2.82798562131451,2286.07357194965,0,2.74922953031721,0.229102460859767,2.74922953031721,0,35.0469764053803,22847,35,512.6953125,12.6284924058611,500.066820094139,512.6953125
0.786,500.016146383797,0.0821582612401107,0.00410791306200553,2.61807842025936,52.3615684051871,2.83902508849331,0,500,498.046875,1.953125,2.83902508849331,2.82690876680142,-536.34494004196,0,2.83902508849331,0.236585424041109,2.83902508849331,0,35.0993418005519,22881,34,498.046875,-1.96927138379669,500.016146383797,498.046875
0.787,499.958307960112,0.100123779001808,0.00500618895009042,2.61777557898112,52.3555115796223,2.8391907584184,0,500,498.046875,1.953125,2.8391907584184,2.82707443672651,-446.954116701633,0,2.8391907584184,0.2365992298682,2.8391907584184,0,35.1516996034265,22915,34,498.046875,-1.91143296011154,499.958307960112,498.046875
0.788,499.955018321266,0.106821390950409,0.00534106954752047,2.6177583544724,52.355167089448,2.8393564283435,0,500,498.046875,1.953125,2.8393564283435,2.8272401066516,-372.461763918028,0,2.8393564283435,0.236613035695291,2.8393564283435,0,35.2040546681528,22949,34,498.046875,-1.90814332126587,499.955018321266,498.046875
0.789,499.97205365905,0.109320899600667,0.00546604498003336,2.61784755129245,52.3569510258491,2.83952209826859,0,500,498.046875,1.953125,2.83952209826859,2.82740577657669,-310.384803265023,0,2.83952209826859,0.236626841522382,2.83952209826859,0,35.2564106249202,22983,34,498.046875,-1.92517865904978,499.97205365905,498.046875
0.79,499.996663140445,0.110256310883385,0.00551281554416926,2.61797640623572,52.3595281247144,2.83968776819368,0,500,498.046875,1.953125,2.83968776819368,2.82757144650179,-258.654002720853,0,2.83968776819368,0.236640647349473,2.83968776819368,0,35.3087688264061,23017,34,498.046875,-1.94978814044526,499.996663140445,498.046875
0.791,500.024096148108,0.110608980004603,0.00553044900023017,2.61812004512795,52.3624009025591,2.83985343811877,0,500,498.046875,1.953125,2.83985343811877,2.82773711642688,-215.545002267377,0,2.83985343811877,0.236654453176564,2.83985343811877,0,35.3611297767501,23051,34,498.046875,-1.97722114810813,500.024096148108,498.046875
0.792,500.052582716155,0.110744531857082,0.00553722659285412,2.61826920044946,52.3653840089891,2.74914669535466,0,500,512.6953125,-12.6953125,2.74914669535466,2.82790278635197,2261.78541477719,0,2.74914669535466,0.229095557946222,2.74914669535466,-4.44089209850063e-16,35.4134936639481,23086,35,512.6953125,12.6427297838454,500.052582716155,512.6953125
0.793,500.001760745912,0.0821368366895895,0.00410684183447947,2.61800309723553,52.3600619447106,2.83894225353077,0,500,498.046875,1.953125,2.83894225353077,2.82682593183887,-556.585071019012,0,2.83894225353077,0.236578521127564,2.83894225353077,-4.44089209850063e-16,35.4658575591852,23120,34,498.046875,-1.95488574591189,500.001760745912,498.046875
0.794,499.943865595755,0.100113584809373,0.00500567924046867,2.61769995893818,52.3539991787635,2.83910792345586,0,500,498.046875,1.953125,2.83910792345586,2.82699160176397,-463.820892515843,0,2.83910792345586,0.236592326954655,2.83910792345586,0,35.5182138521682,23154,34,498.046875,-1.89699059575457,499.943865595755,498.046875
0.795,499.940553353392,0.106815384766425,0.00534076923832127,2.61768261607772,52.3536523215544,2.83927359338095,0,500,498.046875,1.953125,2.83927359338095,2.82715727168906,-386.51741042987,0,2.83927359338095,0.236606132781746,2.83927359338095,-4.44089209850063e-16,35.5705674031382,23188,34,498.046875,-1.89367835339215,499.940553353392,498.046875
0.796,499.957578820842,0.109316457594473,0.00546582287972365,2.61777176121683,52.3554352243366,2.83943926330604,0,500,498.046875,1.953125,2.83943926330604,2.82732294161415,-322.097842024891,0,2.83943926330604,0.236619938608837,2.83943926330604,0,35.6229218445566,23222,34,498.046875,-1.91070382084217,499.957578820842,498.046875
0.797,499.982183195599,0.110252455438621,0.00551262277193106,2.6179005894218,52.358011788436,2.83960493323113,0,500,498.046875,1.953125,2.83960493323113,2.82748861153924,-268.414868354076,0,2.83960493323113,0.236633744435928,2.83960493323113,-4.44089209850063e-16,35.6752785299496,23256,34,498.046875,-1.93530819559948,499.982183195599,498.046875
0.798,500.00961289085,0.110605346837904,0.00553026734189519,2.61804421097028,52.3608842194057,2.83977060315623,0,500,498.046875,1.953125,2.83977060315623,2.82765428146433,-223.67905696173,0,2.83977060315623,0.236647550263019,2.83977060315623,0,35.7276379637747,23290,34,498.046875,-1.96273789084989,500.00961289085,498.046875
0.799,500.038096834107,0.110740985196084,0.00553704925980419,2.61819335254842,52.3638670509684,2.83993627308132,0,500,498.046875,1.953125,2.83993627308132,2.82781995138942,-186.399214134775,0,2.83993627308132,0.23666135609011,2.83993627308132,-4.44089209850063e-16,35.7800003341485,23324,34,498.046875,-1.99122183410674,500.038096834107,498.046875
0.8,500.066975152576,0.110795677068093,0.00553978385340467,2.61834455907034,52.3668911814068,2.74922953031721,0,500,512.6953125,-12.6953125,2.74922953031721,2.82798562131452,2286.07357155435,0,2.74922953031721,0.229102460859767,2.74922953031721,0,35.832365711326,23359,35,512.6953125,12.6283373474238,500.066975152576,512.6953125
0.801,500.016299336505,0.082157855259774,0.0041078927629887,2.61807922111786,52.3615844223572,2.83902508849331,0,500,498.046875,1.953125,2.83902508849331,2.82690876680142,-536.344940371371,0,2.83902508849331,0.236585424041109,2.83902508849331,0,35.8847311226248,23393,34,498.046875,-1.96942433650452,500.016299336505,498.046875
0.802,499.958458835686,0.100123378534778,0.00500616892673892,2.61777636896378,52.3555273792756,2.83919075841841,0,500,498.046875,1.953125,2.83919075841841,2.82707443672651,-446.954116976143,0,2.83919075841841,0.2365992298682,2.83919075841841,0,35.9370889414076,23427,34,498.046875,-1.91158383568637,499.958458835686,498.046875
0.803,499.955167147916,0.106820995921814,0.0053410497960907,2.61775913372692,52.3551826745383,2.8393564283435,0,500,498.046875,1.953125,2.8393564283435,2.8272401066516,-372.461764146786,0,2.8393564283435,0.236613035695291,2.8393564283435,0,35.989444021826,23461,34,498.046875,-1.90829214791569,499.955167147916,498.046875
0.804,499.972200464599,0.109320509936651,0.00546602549683256,2.61784831996451,52.3569663992903,2.83952209826859,0,500,498.046875,1.953125,2.83952209826859,2.8274057765767,-310.384803455655,0,2.83952209826859,0.236626841522382,2.83952209826859,0,36.0417999940723,23495,34,498.046875,-1.92532546459927,499.972200464599,498.046875
0.805,499.996807952342,0.110255926511096,0.00551279632555482,2.61797716446904,52.3595432893808,2.83968776819368,0,500,498.046875,1.953125,2.83968776819368,2.82757144650179,-258.654002879712,0,2.83968776819368,0.236640647349473,2.83968776819368,0,36.0941582108271,23529,34,498.046875,-1.94993295234167,499.996807952342,498.046875
0.806,500.024238993426,0.110608600852179,0.00553043004260894,2.61812079306429,52.3624158612857,2.83985343811877,0,500,498.046875,1.953125,2.83985343811877,2.82773711642688,-215.54500239976,0,2.83985343811877,0.236654453176564,2.83985343811877,0,36.1465191762325,23563,34,498.046875,-1.97736399342551,500.024238993426,498.046875
0.807,500.052723621599,0.110744157853636,0.00553720789268178,2.61826993822864,52.3653987645728,2.74914669535467,0,500,512.6953125,-12.6953125,2.74914669535467,2.82790278635197,2261.78541466687,0,2.74914669535467,0.229095557946222,2.74914669535467,0,36.1988830782875,23598,35,512.6953125,12.6425888784006,500.052723621599,512.6953125
0.808,500.001899737828,0.082136467765196,0.0041068233882598,2.6180038249955,52.36007649991,2.83894225353077,0,500,498.046875,1.953125,2.83894225353077,2.82682593183888,-556.585071110944,0,2.83894225353077,0.236578521127564,2.83894225353077,0,36.2512469881798,23632,34,498.046875,-1.95502473782818,500.001899737828,498.046875
0.809,499.944002700129,0.100113220895058,0.00500566104475292,2.617700676815,52.3540135363,2.83910792345586,0,500,498.046875,1.953125,2.83910792345586,2.82699160176397,-463.820892592454,0,2.83910792345586,0.236592326954655,2.83910792345586,0,36.3036032956189,23666,34,498.046875,-1.89712770012858,499.944002700129,498.046875
0.81,499.940688595857,0.106815025794151,0.00534075128970753,2.61768332420561,52.3536664841122,2.83927359338095,0,500,498.046875,1.953125,2.83927359338095,2.82715727168906,-386.517410493711,0,2.83927359338095,0.236606132781746,2.83927359338095,0,36.3559568608487,23700,34,498.046875,-1.89381359585718,499.940688595857,498.046875
0.811,499.957712226683,0.109316103497125,0.00546580517485623,2.61777245972818,52.3554491945636,2.83943926330604,0,500,498.046875,1.953125,2.83943926330604,2.82732294161415,-322.097842078093,0,2.83943926330604,0.236619938608837,2.83943926330604,0,36.4083113163333,23734,34,498.046875,-1.91083722668338,499.957712226683,498.046875
0.812,499.982314789759,0.110252106149996,0.00551260530749982,2.61790127844721,52.3580255689442,2.83960493323114,0,500,498.046875,1.953125,2.83960493323114,2.82748861153924,-268.414868398411,0,2.83960493323114,0.236633744435928,2.83960493323114,0,36.4606680156014,23768,34,498.046875,-1.93543978975862,499.982314789759,498.046875
0.813,500.00974269793,0.110605002292699,0.00553025011463495,2.61804489063857,52.3608978127713,2.83977060315623,0,500,498.046875,1.953125,2.83977060315623,2.82765428146433,-223.679056998676,0,2.83977060315623,0.236647550263019,2.83977060315623,0,36.5130274631132,23802,34,498.046875,-1.96286769793011,500.00974269793,498.046875
0.814,500.038224878377,0.110740645329882,0.00553703226649412,2.61819402298665,52.363880459733,2.83993627308132,0,500,498.046875,1.953125,2.83993627308132,2.82781995138943,-186.399214165563,0,2.83993627308132,0.23666135609011,2.83993627308132,0,36.5653898469879,23836,34,498.046875,-1.99134987837692,500.038224878377,498.046875
0.815,500.067101457975,0.110795341817354,0.00553976709086768,2.61834522040386,52.3669044080772,2.74922953031721,0,500,512.6953125,-12.6953125,2.74922953031721,2.82798562131452,2286.0735715287,0,2.74922953031721,0.229102460859768,2.74922953031721,0,36.6177552374829,23871,35,512.6953125,12.6282110420247,500.067101457975,512.6953125
0.816,500.016423926647,0.0821575245618166,0.00410787622809083,2.61807987347032,52.3615974694065,2.83902508849332,0,500,498.046875,1.953125,2.83902508849332,2.82690876680142,-536.344940392752,0,2.83902508849332,0.23658542404111,2.83902508849332,0,36.6701206619183,23905,34,498.046875,-1.96954892664724,500.016423926647,498.046875
0.817,499.958581733866,0.100123052327776,0.00500615261638878,2.61777701245714,52.3555402491429,2.83919075841841,0,500,498.046875,1.953125,2.83919075841841,2.82707443672651,-446.95411699396,0,2.83919075841841,0.236599229868201,2.83919075841841,-4.44089209850063e-16,36.7224784936594,23939,34,498.046875,-1.91170673386625,499.958581733866,498.046875
0.818,499.95528837711,0.106820674144777,0.00534103370723886,2.61775976848149,52.3551953696298,2.8393564283435,0,500,498.046875,1.953125,2.8393564283435,2.82724010665161,-372.461764161633,0,2.8393564283435,0.236613035695292,2.8393564283435,0,36.77483358686,23973,34,498.046875,-1.90841337711004,499.95528837711,498.046875
0.819,499.972320047473,0.109320192529421,0.00546600962647104,2.61784894609898,52.3569789219796,2.83952209826859,0,500,498.046875,1.953125,2.83952209826859,2.8274057765767,-310.384803468028,0,2.83952209826859,0.236626841522383,2.83952209826859,-4.44089209850063e-16,36.8271895717151,24007,34,498.046875,-1.9254450474732,499.972320047473,498.046875
0.82,499.996925911252,0.110255613414329,0.00551278067071647,2.61797778210045,52.359555642009,2.83968776819368,0,500,498.046875,1.953125,2.83968776819368,2.82757144650179,-258.654002890023,0,2.83968776819368,0.236640647349474,2.83968776819368,0,36.8795478009074,24041,34,498.046875,-1.95005091125245,499.996925911252,498.046875
0.821,500.024355350427,0.110608292007338,0.00553041460036691,2.61812140230812,52.3624280461625,2.83985343811878,0,500,498.046875,1.953125,2.83985343811878,2.82773711642688,-215.545002408353,0,2.83985343811878,0.236654453176565,2.83985343811877,-4.44089209850063e-16,36.9319087785813,24075,34,498.046875,-1.97748035042724,500.024355350427,498.046875
0.822,500.052838398446,0.110743853202979,0.00553719266014894,2.6182705391988,52.3654107839761,2.84001910804387,0,500,498.046875,1.953125,2.84001910804387,2.82790278635197,-179.620835340294,0,2.84001910804387,0.236668259003656,2.84001910804387,0,36.9842726927383,24109,34,498.046875,-2.00596339844623,500.052838398446,498.046875
0.823,500.081715594406,0.110798518420588,0.00553992592102941,2.61842173984328,52.3684347968655,2.74931236527976,0,500,512.6953125,-12.6953125,2.74931236527976,2.82806845627707,2291.72222054976,0,2.74931236527976,0.229109363773313,2.74931236527976,0,37.0366396135911,24144,35,512.6953125,12.6135969055939,500.081715594406,512.6953125
0.824,500.031038581865,0.0821606887473146,0.00410803443736573,2.6181563956261,52.363127912522,2.83910792345586,0,500,498.046875,1.953125,2.83910792345586,2.82699160176397,-531.637732875204,0,2.83910792345586,0.236592326954655,2.83910792345586,0,37.0890065684429,24178,34,498.046875,-1.98416358186478,500.031038581865,498.046875
0.825,499.97319686759,0.100126211129721,0.00500631055648607,2.61785353711837,52.3570707423675,2.83927359338095,0,500,498.046875,1.953125,2.83927359338095,2.82715727168906,-443.03144406267,0,2.83927359338095,0.236606132781746,2.83927359338095,0,37.1413659306524,24212,34,498.046875,-1.92632186759016,499.97319686759,498.046875
0.826,499.969903970459,0.106823830194188,0.00534119150970939,2.61783629554932,52.3567259109863,2.83943926330605,0,500,498.046875,1.953125,2.83943926330605,2.82732294161415,-369.192870052225,0,2.83943926330605,0.236619938608837,2.83943926330605,0,37.1937225543705,24246,34,498.046875,-1.92302897045948,499.969903970459,498.046875
0.827,499.986936089594,0.109323346816679,0.00546616734083393,2.61792547551656,52.3585095103312,2.83960493323114,0,500,498.046875,1.953125,2.83960493323114,2.82748861153925,-307.660725043521,0,2.83960493323114,0.236633744435928,2.83960493323114,0,37.2460800697905,24280,34,498.046875,-1.9400610895936,499.986936089594,498.046875
0.828,500.01154239433,0.110258766318426,0.00551293831592132,2.61805431382688,52.3610862765376,2.83977060315623,0,500,498.046875,1.953125,2.83977060315623,2.82765428146434,-256.383937536267,0,2.83977060315623,0.236647550263019,2.83977060315623,0,37.2984398295943,24314,34,498.046875,-1.96466739433032,500.01154239433,498.046875
0.829,500.038972267834,0.110611443679344,0.00553057218396718,2.61819793630869,52.3639587261739,2.83993627308132,0,500,498.046875,1.953125,2.83993627308132,2.82781995138943,-213.653281280223,0,2.83993627308132,0.23666135609011,2.83993627308132,0,37.3508023379255,24348,34,498.046875,-1.9920972678338,500.038972267834,498.046875
0.83,500.067455744045,0.110747003708911,0.00553735018544554,2.61834707544138,52.3669415088277,2.74922953031721,0,500,512.6953125,-12.6953125,2.74922953031721,2.82798562131452,2263.36184893315,0,2.74922953031721,0.229102460859768,2.74922953031721,0,37.4031677827849,24383,35,512.6953125,12.6278567559552,500.067455744045,512.6953125
0.831,500.016630723866,0.0821393166258219,0.0041069658312911,2.61808095625803,52.3616191251606,2.83902508849332,0,500,498.046875,1.953125,2.83902508849332,2.82690876680142,-555.271375889044,0,2.83902508849332,0.23658542404111,2.83902508849332,0,37.4555332353618,24417,34,498.046875,-1.96975572386566,500.016630723866,498.046875
0.832,499.958732565158,0.100116072727063,0.00500580363635315,2.61777780220794,52.3555560441588,2.83919075841841,0,500,498.046875,1.953125,2.83919075841841,2.82707443672652,-462.726146574203,0,2.83919075841841,0.236599229868201,2.83919075841841,0,37.5078910853674,24451,34,498.046875,-1.91185756515773,499.958732565158,498.046875
0.833,499.955417355089,0.10681788055973,0.00534089402798652,2.61776044380861,52.3552088761722,2.8393564283435,0,500,498.046875,1.953125,2.8393564283435,2.82724010665161,-385.605122145169,0,2.8393564283435,0.236613035695292,2.8393564283435,0,37.560246193047,24485,34,498.046875,-1.90854235508891,499.955417355089,498.046875
0.834,499.97243989513,0.109318961157392,0.00546594805786959,2.61784957361984,52.3569914723968,2.83952209826859,0,500,498.046875,1.953125,2.83952209826859,2.8274057765767,-321.337601787641,0,2.83952209826859,0.236626841522383,2.83952209826859,0,37.6126021908664,24519,34,498.046875,-1.92556489513009,499.97243989513,498.046875
0.835,499.997041382232,0.110254966665994,0.00551274833329969,2.61797838670509,52.3595677341017,2.83968776819369,0,500,498.046875,1.953125,2.83968776819369,2.82757144650179,-267.781334823034,0,2.83968776819369,0.236640647349474,2.83968776819369,0,37.6649604323559,24553,34,498.046875,-1.95016638223177,499.997041382232,498.046875
0.836,500.024468229041,0.110607865625777,0.00553039328128886,2.61812199333916,52.3624398667833,2.83985343811878,0,500,498.046875,1.953125,2.83985343811878,2.82773711642688,-223.151112352528,0,2.83985343811878,0.236654453176565,2.83985343811878,0,37.7173214219771,24587,34,498.046875,-1.97759322904108,500.024468229041,498.046875
0.837,500.052949362539,0.110743511441834,0.00553717557209169,2.61827112020544,52.3654224041087,2.74914669535467,0,500,512.6953125,-12.6953125,2.74914669535467,2.82790278635198,2255.44698970623,0,2.74914669535467,0.229095557946222,2.74914669535467,0,37.7696853478509,24622,35,512.6953125,12.642363137461,500.052949362539,512.6953125
0.838,500.002122270979,0.0821358595016356,0.00410679297508178,2.61800499017636,52.3600998035271,2.83894225353077,0,500,498.046875,1.953125,2.83894225353077,2.82682593183888,-561.867091911478,0,2.83894225353077,0.236578521127564,2.83894225353077,0,37.8220492812132,24656,34,498.046875,-1.95524727097933,500.002122270979,498.046875
0.839,499.944222158258,0.100112631834211,0.00500563159171053,2.61770182589508,52.3540365179016,2.83910792345587,0,500,498.046875,1.953125,2.83910792345587,2.82699160176397,-468.222576592898,0,2.83910792345587,0.236592326954655,2.83910792345586,-4.44089209850063e-16,37.8744056117941,24690,34,498.046875,-1.89734715825841,499.944222158258,498.046875
0.84,499.94090505396,0.106814448809692,0.00534072244048459,2.61768445757759,52.3536891515518,2.83927359338096,0,500,498.046875,1.953125,2.83927359338096,2.82715727168906,-390.185480494082,0,2.83927359338096,0.236606132781746,2.83927359338096,0,37.9267591998479,24724,34,498.046875,-1.89403005395991,499.94090505396,498.046875
0.841,499.957925737882,0.109315535867149,0.00546577679335747,2.6177735776702,52.3554715534041,2.83943926330605,0,500,498.046875,1.953125,2.83943926330605,2.82732294161416,-325.154567078402,0,2.83943926330605,0.236619938608837,2.83943926330605,-4.44089209850063e-16,37.9791136778452,24758,34,498.046875,-1.91105073788248,499.957925737882,498.046875
0.842,499.982525398687,0.110251546794466,0.0055125773397233,2.61790238119298,52.3580476238596,2.83960493323114,0,500,498.046875,1.953125,2.83960493323114,2.82748861153925,-270.962139232001,0,2.83960493323114,0.236633744435928,2.83960493323114,0,38.0314703993198,24792,34,498.046875,-1.9356503986869,499.982525398687,498.046875
0.843,500.00995044572,0.110604450744184,0.00553022253720918,2.61804597840345,52.360919568069,2.83977060315623,0,500,498.046875,1.953125,2.83977060315623,2.82765428146434,-225.801782693334,0,2.83977060315623,0.236647550263019,2.83977060315623,-4.44089209850063e-16,38.0838298687364,24826,34,498.046875,-1.96307544572011,500.00995044572,498.046875
0.844,500.038429804524,0.110740101350075,0.00553700506750374,2.61819509597745,52.3639019195489,2.83993627308132,0,500,498.046875,1.953125,2.83993627308132,2.82781995138943,-188.168152244445,0,2.83993627308132,0.23666135609011,2.83993627308132,0,38.1361922742183,24860,34,498.046875,-1.99155480452384,500.038429804524,498.046875
0.845,500.067303601036,0.110794805254183,0.00553974026270916,2.61834627882245,52.3669255764491,2.74922953031722,0,500,512.6953125,-12.6953125,2.74922953031722,2.82798562131452,2284.59945646296,0,2.74922953031722,0.229102460859768,2.74922953031722,0,38.1885576860271,24895,35,512.6953125,12.6280088989636,500.067303601036,512.6953125
0.846,500.016623324506,0.0821569952962015,0.00410784976481007,2.61808091751507,52.3616183503014,2.83902508849332,0,500,498.046875,1.953125,2.83902508849332,2.82690876680143,-537.573369614198,0,2.83902508849332,0.23658542404111,2.83902508849332,0,38.2409231314868,24929,34,498.046875,-1.96974832450621,500.016623324506,498.046875
0.847,499.958778423837,0.100122530253772,0.0050061265126886,2.61777804232342,52.3555608464684,2.83919075841841,0,500,498.046875,1.953125,2.83919075841841,2.82707443672652,-447.977808011832,0,2.83919075841841,0.236599229868201,2.83919075841841,0,38.2932809839666,24963,34,498.046875,-1.91190342383663,499.958778423837,498.046875
0.848,499.955482395978,0.106820159162173,0.00534100795810863,2.61776078436191,52.3552156872382,2.8393564283435,0,500,498.046875,1.953125,2.8393564283435,2.82724010665161,-373.31484000986,0,2.8393564283435,0.236613035695292,2.8393564283435,0,38.3456360976245,24997,34,498.046875,-1.90860739597792,499.955482395978,498.046875
0.849,499.972511431517,0.109319684540962,0.00546598422704812,2.61784994818349,52.3569989636698,2.8395220982686,0,500,498.046875,1.953125,2.8395220982686,2.8274057765767,-311.095700008217,0,2.8395220982686,0.236626841522383,2.8395220982686,0,38.3979921026589,25031,34,498.046875,-1.92563643151749,499.972511431517,498.046875
0.85,499.997114696256,0.110255112324681,0.00551275561623407,2.61797877057642,52.3595754115284,2.83968776819369,0,500,498.046875,1.953125,2.83968776819369,2.82757144650179,-259.246416673514,0,2.83968776819369,0.236640647349474,2.83968776819369,0,38.4503503517565,25065,34,498.046875,-1.95023969625629,499.997114696256,498.046875
0.851,500.024541571687,0.110607797722682,0.00553038988613409,2.61812237736036,52.3624475472072,2.83985343811878,0,500,498.046875,1.953125,2.83985343811878,2.82773711642689,-216.038680561262,0,2.83985343811878,0.236654453176565,2.83985343811878,0,38.5027113490654,25099,34,498.046875,-1.9776665716866,500.024541571687,498.046875
0.852,500.053022090778,0.110743365630851,0.00553716828154256,2.6182715010096,52.3654300201921,2.74914669535467,0,500,512.6953125,-12.6953125,2.74914669535467,2.82790278635198,2261.37401619895,0,2.74914669535467,0.229095557946223,2.74914669535467,0,38.5550752825906,25134,35,512.6953125,12.642290409222,500.053022090778,512.6953125
0.853,500.002194153726,0.0821356863009906,0.00410678431504953,2.61800536655354,52.3601073310708,2.83894225353078,0,500,498.046875,1.953125,2.83894225353078,2.82682593183888,-556.927903167543,0,2.83894225353078,0.236578521127565,2.83894225353078,0,38.6074392235258,25168,34,498.046875,-1.95531915372646,500.002194153726,498.046875
0.854,499.944293117791,0.100112450043321,0.00500562250216605,2.61770219743832,52.3540439487665,2.83910792345587,0,500,498.046875,1.953125,2.83910792345587,2.82699160176397,-464.106585972952,0,2.83910792345587,0.236592326954656,2.83910792345587,0,38.6597955615863,25202,34,498.046875,-1.89741811779118,499.944293117791,498.046875
0.855,499.940975069581,0.106814265410759,0.00534071327053796,2.61768482417852,52.3536964835704,2.83927359338096,0,500,498.046875,1.953125,2.83927359338096,2.82715727168907,-386.755488310794,0,2.83927359338096,0.236606132781747,2.83927359338096,0,38.7121491570216,25236,34,498.046875,-1.89410006958082,499.940975069581,498.046875
0.856,499.957994810028,0.109315353439916,0.00546576767199578,2.61777393933111,52.3554787866222,2.83943926330605,0,500,498.046875,1.953125,2.83943926330605,2.82732294161416,-322.296240258995,0,2.83943926330605,0.236619938608838,2.83943926330605,0,38.7645036423015,25270,34,498.046875,-1.91111981002769,499.957994810028,498.046875
0.857,499.982593535556,0.110251366278738,0.00551256831393689,2.61790273795679,52.3580547591358,2.83960493323114,0,500,498.046875,1.953125,2.83960493323114,2.82748861153925,-268.580200215829,0,2.83960493323114,0.236633744435929,2.83960493323114,0,38.8168603709603,25304,34,498.046875,-1.93571853555585,499.982593535556,498.046875
0.858,500.010017658295,0.110604272469063,0.00553021362345316,2.61804633032767,52.3609266065534,2.83977060315623,0,500,498.046875,1.953125,2.83977060315623,2.82765428146434,-223.816833513191,0,2.83977060315623,0.23664755026302,2.83977060315623,0,38.8692198474636,25338,34,498.046875,-1.96314265829494,500.010017658295,498.046875
0.859,500.038496104717,0.11073992541742,0.00553699627087101,2.61819544312444,52.3639088624889,2.83993627308133,0,500,498.046875,1.953125,2.83993627308133,2.82781995138943,-186.514027927659,0,2.83993627308133,0.236661356090111,2.83993627308133,0,38.9215822599362,25372,34,498.046875,-1.9916211047165,500.038496104717,498.046875
0.86,500.067369000999,0.110794631681469,0.00553973158407343,2.61834662125586,52.3669324251171,2.74922953031722,0,500,512.6953125,-12.6953125,2.74922953031722,2.82798562131453,2285.97789339362,0,2.74922953031722,0.229102460859768,2.74922953031722,-4.44089209850063e-16,38.9739476786406,25407,35,512.6953125,12.6279434990012,500.067369000999,512.6953125
0.861,500.016687836375,0.0821568240697404,0.00410784120348702,2.61808125529843,52.3616251059685,2.83902508849332,0,500,498.046875,1.953125,2.83902508849332,2.82690876680143,-536.424672171985,0,2.83902508849332,0.23658542404111,2.83902508849332,-4.44089209850063e-16,39.0263131309024,25441,34,498.046875,-1.96981283637496,500.016687836375,498.046875
0.862,499.958842059639,0.100122361348543,0.00500611806742716,2.6177783755197,52.355567510394,2.83919075841841,0,500,498.046875,1.953125,2.83919075841841,2.82707443672652,-447.020560143321,0,2.83919075841841,0.236599229868201,2.83919075841841,0,39.0786709900919,25475,34,498.046875,-1.91196705963898,499.958842059639,498.046875
0.863,499.955545167599,0.106819992549203,0.00534099962746013,2.61776111303335,52.3552222606669,2.83935642834351,0,500,498.046875,1.953125,2.83935642834351,2.82724010665161,-372.517133452767,0,2.83935642834351,0.236613035695292,2.83935642834351,-4.44089209850063e-16,39.1310261103683,25509,34,498.046875,-1.90867016759859,499.955545167599,498.046875
0.864,499.972573350688,0.109319520190071,0.00546597600950355,2.61785027239151,52.3570054478302,2.8395220982686,0,500,498.046875,1.953125,2.8395220982686,2.8274057765767,-310.430944543973,0,2.8395220982686,0.236626841522383,2.8395220982686,0,39.1833821219314,25543,34,498.046875,-1.92569835068787,499.972573350688,498.046875
0.865,499.997175774551,0.110254950205503,0.00551274751027516,2.61797909038162,52.3595818076325,2.83968776819369,0,500,498.046875,1.953125,2.83968776819369,2.8275714465018,-258.692453786644,0,2.83968776819369,0.236640647349474,2.83968776819369,-4.44089209850063e-16,39.235740377469,25577,34,498.046875,-1.95030077455118,499.997175774551,498.046875
0.866,500.024601820525,0.110607637805041,0.00553038189025203,2.61812269282254,52.3624538564507,2.83985343811878,0,500,498.046875,1.953125,2.83985343811878,2.82773711642689,-215.577044822203,0,2.83985343811878,0.236654453176565,2.83985343811878,0,39.2881013811305,25611,34,498.046875,-1.97772682052459,500.024601820525,498.046875
0.867,500.053081521423,0.1107432078849,0.00553716039424498,2.61827181218773,52.3654362437547,2.84001910804387,0,500,498.046875,1.953125,2.84001910804387,2.82790278635198,-179.647537351836,0,2.84001910804387,0.236668259003656,2.84001910804387,-4.44089209850063e-16,39.3404653209221,25645,34,498.046875,-2.00620652142277,500.053081521423,498.046875
0.868,500.081955415716,0.110797881866077,0.00553989409330386,2.61842299554472,52.3684599108944,2.74931236527977,0,500,512.6953125,-12.6953125,2.74931236527977,2.82806845627707,2291.69996887347,0,2.74931236527977,0.229109363773314,2.74931236527977,0,39.3928322670614,25680,35,512.6953125,12.6133570842835,500.081955415716,512.6953125
0.869,500.031275146346,0.0821600608373612,0.00410800304186806,2.61815763427483,52.3631526854966,2.83910792345587,0,500,498.046875,1.953125,2.83910792345587,2.82699160176398,-531.656275938775,0,2.83910792345587,0.236592326954656,2.83910792345587,0,39.4451992468563,25714,34,498.046875,-1.98440014634627,500.031275146346,498.046875
0.87,499.973430219471,0.10012559174693,0.00500627958734652,2.61785475894597,52.3570951789193,2.83927359338096,0,500,498.046875,1.953125,2.83927359338096,2.82715727168907,-443.046896615646,0,2.83927359338096,0.236606132781747,2.83927359338096,0,39.4975586336702,25748,34,498.046875,-1.92655521947131,499.973430219471,498.046875
0.871,499.970134153368,0.106823219222758,0.00534116096113791,2.61783750078421,52.3567500156842,2.83943926330605,0,500,498.046875,1.953125,2.83943926330605,2.82732294161416,-369.205747179705,0,2.83943926330605,0.236619938608838,2.83943926330605,0,39.5499152816585,25782,34,498.046875,-1.92325915336841,499.970134153368,498.046875
0.872,499.987163146565,0.109322744142382,0.0054661372071191,2.61792666438409,52.3585332876817,2.83960493323115,0,500,498.046875,1.953125,2.83960493323115,2.82748861153925,-307.671455983087,0,2.83960493323115,0.236633744435929,2.83960493323115,0,39.6022728210192,25816,34,498.046875,-1.94028814656536,499.987163146565,498.046875
0.873,500.011766367816,0.110258171828586,0.00551290859142928,2.61805548654931,52.3611097309862,2.83977060315624,0,500,498.046875,1.953125,2.83977060315624,2.82765428146434,-256.392879985906,0,2.83977060315624,0.23664755026302,2.83977060315624,0,39.6546326044385,25850,34,498.046875,-1.96489136781622,500.011766367816,498.046875
0.874,500.039193199708,0.110610857262812,0.00553054286314061,2.61819909310528,52.3639818621056,2.83993627308133,0,500,498.046875,1.953125,2.83993627308133,2.82781995138944,-213.660733321589,0,2.83993627308133,0.236661356090111,2.83993627308133,0,39.7069951360646,25884,34,498.046875,-1.99231819970788,500.039193199708,498.046875
0.875,500.067673675613,0.110746425256051,0.00553732126280257,2.61834821652841,52.3669643305681,2.74922953031722,0,500,512.6953125,-12.6953125,2.74922953031722,2.82798562131453,2263.35563889868,0,2.74922953031722,0.229102460859768,2.74922953031722,0,39.7593606039025,25919,35,512.6953125,12.627638824387,500.067673675613,512.6953125
0.876,500.016845695873,0.0821387460284863,0.00410693730142431,2.61808208184882,52.3616416369765,2.83902508849333,0,500,498.046875,1.953125,2.83902508849333,2.82690876680143,-555.27655091777,0,2.83902508849333,0.23658542404111,2.83902508849333,0,39.8117260791458,25953,34,498.046875,-1.96997069587269,500.016845695873,498.046875
0.877,499.958944617795,0.100115509878571,0.00500577549392855,2.61777891251295,52.3555782502591,2.83919075841842,0,500,498.046875,1.953125,2.83919075841842,2.82707443672652,-462.730459098142,0,2.83919075841842,0.236599229868201,2.83919075841842,0,39.8640839515099,25987,34,498.046875,-1.91206961779528,499.958944617795,498.046875
0.878,499.955626528003,0.106817325354851,0.00534086626774257,2.61776153903543,52.3552307807085,2.83935642834351,0,500,498.046875,1.953125,2.83935642834351,2.82724010665162,-385.608715915118,0,2.83935642834351,0.236613035695292,2.83935642834351,0,39.9164390812445,26021,34,498.046875,-1.90875152800277,499.955626528003,498.046875
0.879,499.972646227428,0.109318413492323,0.00546592067461614,2.61785065397323,52.3570130794645,2.8395220982686,0,500,498.046875,1.953125,2.8395220982686,2.82740577657671,-321.340596595932,0,2.8395220982686,0.236626841522383,2.8395220982686,0,39.9687951008194,26055,34,498.046875,-1.92577122742762,499.972646227428,498.046875
0.88,499.997244912489,0.110254426438343,0.00551272132191713,2.61797945238702,52.3595890477404,2.83968776819369,0,500,498.046875,1.953125,2.83968776819369,2.8275714465018,-267.78383049661,0,2.83968776819369,0.236640647349474,2.83968776819369,0,40.0211533637689,26089,34,498.046875,-1.95036991248924,499.997244912489,498.046875
0.881,500.024668995311,0.110607332734542,0.0055303666367271,2.61812304454889,52.3624608909779,2.83985343811878,0,500,498.046875,1.953125,2.83985343811878,2.82773711642689,-223.153192080508,0,2.83985343811878,0.236654453176565,2.83985343811878,0,40.0735143745588,26123,34,498.046875,-1.97779399531066,500.024668995311,498.046875
0.882,500.053147402356,0.110742985787384,0.00553714928936921,2.61827215713949,52.3654431427899,2.74914669535468,0,500,512.6953125,-12.6953125,2.74914669535468,2.82790278635198,2255.44525659958,0,2.74914669535468,0.229095557946223,2.74914669535468,-4.44089209850063e-16,40.1258783213137,26158,35,512.6953125,12.6421650976436,500.053147402356,512.6953125
0.883,500.00231762137,0.0821353409856948,0.00410676704928474,2.61800601302861,52.3601202605722,2.83894225353078,0,500,498.046875,1.953125,2.83894225353078,2.82682593183889,-561.868536167019,0,2.83894225353078,0.236578521127565,2.83894225353078,-4.44089209850063e-16,40.1782422752735,26192,34,498.046875,-1.9554426213702,500.00231762137,498.046875
0.884,499.944414855746,0.100112120359836,0.00500560601799181,2.61770283485676,52.3540566971353,2.83910792345587,0,500,498.046875,1.953125,2.83910792345587,2.82699160176398,-468.223780139183,0,2.83910792345587,0.236592326954656,2.83910792345587,0,40.2305986261722,26226,34,498.046875,-1.89753985574572,499.944414855746,498.046875
0.885,499.941095134571,0.106813944281258,0.00534069721406289,2.61768545283734,52.3537090567468,2.83927359338096,0,500,498.046875,1.953125,2.83927359338096,2.82715727168907,-390.186483449319,0,2.83927359338096,0.236606132781747,2.83927359338096,-4.44089209850063e-16,40.2829522342679,26260,34,498.046875,-1.89422013457084,499.941095134571,498.046875
0.886,499.958113237155,0.109315038190328,0.0054657519095164,2.6177745594141,52.355491188282,2.83943926330606,0,500,498.046875,1.953125,2.83943926330606,2.82732294161416,-325.155402874433,0,2.83943926330606,0.236619938608838,2.83943926330606,0,40.335306732035,26294,34,498.046875,-1.91123823715475,499.958113237155,498.046875
0.887,499.982710351676,0.110251055876211,0.00551255279381055,2.61790334960456,52.3580669920913,2.83960493323115,0,500,498.046875,1.953125,2.83960493323115,2.82748861153925,-270.962835728694,0,2.83960493323115,0.236633744435929,2.83960493323115,-4.44089209850063e-16,40.3876634730108,26328,34,498.046875,-1.93583535167579,499.982710351676,498.046875
0.888,500.010132887004,0.110603966492712,0.0055301983246356,2.61804693366378,52.3609386732756,2.83977060315624,0,500,498.046875,1.953125,2.83977060315624,2.82765428146435,-225.802363107245,0,2.83977060315624,0.23664755026302,2.83977060315624,0,40.4400229616638,26362,34,498.046875,-1.96325788700449,500.010132887004,498.046875
0.889,500.038609768213,0.110739623674851,0.00553698118374253,2.61819603826512,52.3639207653024,2.83993627308133,0,500,498.046875,1.953125,2.83993627308133,2.82781995138944,-188.168635922704,0,2.83993627308133,0.236661356090111,2.83993627308133,-4.44089209850063e-16,40.4923853861209,26396,34,498.046875,-1.99173476821329,500.038609768213,498.046875
0.89,500.067481120777,0.110794334065899,0.00553971670329495,2.61834720831364,52.3669441662729,2.74922953031722,0,500,512.6953125,-12.6953125,2.74922953031722,2.82798562131453,2284.59905339775,0,2.74922953031722,0.229102460859769,2.74922953031722,0,40.5447508166472,26431,35,512.6953125,12.6278313792226,500.067481120777,512.6953125
0.891,500.016798433488,0.082156530506763,0.00410782652533815,2.61808183438356,52.3616366876712,2.83902508849333,0,500,498.046875,1.953125,2.83902508849333,2.82690876680143,-537.573705501878,0,2.83902508849333,0.236585424041111,2.83902508849333,0,40.5971162805702,26465,34,498.046875,-1.96992343348825,500.016798433488,498.046875
0.892,499.958951154798,0.100122071776282,0.00500610358881409,2.61777894674062,52.3555789348124,2.83919075841842,0,500,498.046875,1.953125,2.83919075841842,2.82707443672653,-447.978087918232,0,2.83919075841842,0.236599229868202,2.83919075841842,0,40.6494741512626,26499,34,498.046875,-1.912076154798,499.958951154798,498.046875
0.893,499.955652781213,0.106819706910913,0.00534098534554564,2.61776167649691,52.3552335299383,2.83935642834351,0,500,498.046875,1.953125,2.83935642834351,2.82724010665162,-373.315073265193,0,2.83935642834351,0.236613035695293,2.83935642834351,0,40.7018292828857,26533,34,498.046875,-1.9087777812129,499.955652781213,498.046875
0.894,499.972679502882,0.109319238431379,0.00546596192156897,2.6178508282031,52.3570165640619,2.8395220982686,0,500,498.046875,1.953125,2.8395220982686,2.82740577657671,-311.095894387661,0,2.8395220982686,0.236626841522384,2.8395220982686,0,40.7541853056414,26567,34,498.046875,-1.92580450288176,499.972679502882,498.046875
0.895,499.997280485173,0.110254672273369,0.00551273361366847,2.61797963864516,52.3595927729031,2.83968776819369,0,500,498.046875,1.953125,2.83968776819369,2.8275714465018,-259.246578656384,0,2.83968776819369,0.236640647349475,2.83968776819369,0,40.8065435722195,26601,34,498.046875,-1.95040548517289,499.997280485173,498.046875
0.896,500.024705109152,0.110607363647368,0.00553036818236838,2.61812323364052,52.3624646728104,2.83985343811879,0,500,498.046875,1.953125,2.83985343811879,2.82773711642689,-216.038815546987,0,2.83985343811879,0.236654453176566,2.83985343811879,0,40.8589045867717,26635,34,498.046875,-1.97783010915157,500.024705109152,498.046875
0.897,500.053183407366,0.11074293745038,0.005537146872519,2.61827234566129,52.3654469132257,2.74914669535468,0,500,512.6953125,-12.6953125,2.74914669535468,2.82790278635198,2261.37390371084,0,2.74914669535468,0.229095557946223,2.74914669535468,0,40.911268537306,26670,35,512.6953125,12.6421290926336,500.053183407366,512.6953125
0.898,500.002353279598,0.082135263935309,0.00410676319676545,2.61800619973466,52.3601239946931,2.83894225353078,0,500,498.046875,1.953125,2.83894225353078,2.82682593183889,-556.92799690763,0,2.83894225353078,0.236578521127565,2.83894225353078,0,40.9636324950192,26704,34,498.046875,-1.95547827959831,500.002353279598,498.046875
0.899,499.944450082697,0.100112033413463,0.00500560167067315,2.61770301930465,52.354060386093,2.83910792345587,0,500,498.046875,1.953125,2.83910792345587,2.82699160176398,-464.106664089691,0,2.83910792345587,0.236592326954656,2.83910792345587,0,41.0159888496299,26738,34,498.046875,-1.89757508269696,499.944450082697,498.046875
0.9,499.941129902867,0.106813854438831,0.00534069272194153,2.61768563488371,52.3537126976742,2.83927359338097,0,500,498.046875,1.953125,2.83927359338097,2.82715727168907,-386.755553408076,0,2.83927359338097,0.236606132781747,2.83927359338097,0,41.0683424613907,26772,34,498.046875,-1.89425490286703,499.941129902867,498.046875
0.901,499.958147540642,0.109314948049081,0.00546574740245404,2.61777473902674,52.3554947805348,2.83943926330606,0,500,498.046875,1.953125,2.83943926330606,2.82732294161416,-322.29629450673,0,2.83943926330606,0.236619938608838,2.83943926330606,0,41.1206969627743,26806,34,498.046875,-1.91127254064224,499.958147540642,498.046875
0.902,499.982744192053,0.110250966393204,0.00551254831966019,2.61790352679237,52.3580705358473,2.83960493323115,0,500,498.046875,1.953125,2.83960493323115,2.82748861153926,-268.580245422275,0,2.83960493323115,0.236633744435929,2.83960493323115,0,41.1730537073182,26840,34,498.046875,-1.9358691920533,499.982744192053,498.046875
0.903,500.010166268842,0.110603878014067,0.00553019390070336,2.61804710845068,52.3609421690135,2.83977060315624,0,500,498.046875,1.953125,2.83977060315624,2.82765428146435,-223.816871185229,0,2.83977060315624,0.23664755026302,2.83977060315624,0,41.2254131994909,26874,34,498.046875,-1.9632912688424,500.010166268842,498.046875
0.904,500.038642697099,0.110739536319214,0.0055369768159607,2.61819621068036,52.3639242136072,2.83993627308133,0,500,498.046875,1.953125,2.83993627308133,2.82781995138944,-186.514059321024,0,2.83993627308133,0.236661356090111,2.83993627308133,0,41.27777562742,26908,34,498.046875,-1.99176769709857,500.038642697099,498.046875
0.905,500.067513602623,0.110794247867306,0.00553971239336529,2.61834737838819,52.3669475677638,2.74922953031723,0,500,512.6953125,-12.6953125,2.74922953031723,2.82798562131453,2285.97786723248,0,2.74922953031723,0.229102460859769,2.74922953031723,0,41.3301410613711,26943,35,512.6953125,12.6277988973775,500.067513602623,512.6953125
0.906,500.016830474275,0.0821564454678627,0.00410782227339314,2.61808200214873,52.3616400429745,2.83902508849333,0,500,498.046875,1.953125,2.83902508849333,2.82690876680144,-536.424693972933,0,2.83902508849333,0.236585424041111,2.83902508849333,0,41.3825065286724,26977,34,498.046875,-1.96995547427514,500.016830474275,498.046875
0.907,499.958982760484,0.100121987888167,0.00500609939440833,2.6177791122276,52.355582244552,2.83919075841842,0,500,498.046875,1.953125,2.83919075841842,2.82707443672653,-447.020578310778,0,2.83919075841842,0.236599229868202,2.83919075841842,-4.44089209850063e-16,41.4348644026973,27011,34,498.046875,-1.91210776048354,499.958982760484,498.046875
0.908,499.955683957693,0.106819624160504,0.0053409812080252,2.61776183973658,52.3552367947316,2.83935642834351,0,500,498.046875,1.953125,2.83935642834351,2.82724010665162,-372.517148592315,0,2.83935642834351,0.236613035695293,2.83935642834351,0,41.4872195376076,27045,34,498.046875,-1.90880895769317,499.955683957693,498.046875
0.909,499.972710255981,0.109319156804176,0.0054659578402088,2.61785098922595,52.3570197845189,2.8395220982686,0,500,498.046875,1.953125,2.8395220982686,2.82740577657671,-310.430957160262,0,2.8395220982686,0.236626841522384,2.8395220982686,-4.44089209850063e-16,41.5395755636059,27079,34,498.046875,-1.9258352559811,499.972710255981,498.046875
0.91,499.997310820639,0.110254591754472,0.0055127295877236,2.61797979748129,52.3595959496257,2.8396877681937,0,500,498.046875,1.953125,2.8396877681937,2.8275714465018,-258.692464300219,0,2.8396877681937,0.236640647349475,2.8396877681937,0,41.5919338333826,27113,34,498.046875,-1.9504358206388,499.997310820639,498.046875
0.911,500.024735032655,0.110607284221858,0.00553036421109288,2.61812339031962,52.3624678063924,2.83985343811879,0,500,498.046875,1.953125,2.83985343811879,2.8277371164269,-215.577053583516,0,2.83985343811879,0.236654453176566,2.83985343811879,-4.44089209850063e-16,41.6442948510898,27147,34,498.046875,-1.97786003265526,500.024735032655,498.046875
0.912,500.053212924502,0.110742859103457,0.00553714295517287,2.61827250021265,52.3654500042529,2.84001910804388,0,500,498.046875,1.953125,2.84001910804388,2.82790278635199,-179.64754465293,0,2.84001910804388,0.236668259003657,2.84001910804388,0,41.6966588047364,27181,34,498.046875,-2.00633792450213,500.053212924502,498.046875
0.913,500.082085034312,0.110797537821167,0.00553987689105838,2.6184236742261,52.368473484522,2.74931236527977,0,500,512.6953125,-12.6953125,2.74931236527977,2.82806845627708,2291.69996278923,0,2.74931236527977,0.229109363773314,2.74931236527977,0,41.7490257645425,27216,35,512.6953125,12.6132274656882,500.082085034312,512.6953125
0.914,500.031403004691,0.0821597214646604,0.00410798607323302,2.61815830373956,52.3631660747912,2.83910792345588,0,500,498.046875,1.953125,2.83910792345588,2.82699160176398,-531.656281008979,0,2.83910792345588,0.236592326954656,2.83910792345588,0,41.8013927578188,27250,34,498.046875,-1.98452800469136,500.031403004691,498.046875
0.915,499.973556341471,0.100125256982989,0.00500626284914945,2.61785541931921,52.3571083863842,2.83927359338097,0,500,498.046875,1.953125,2.83927359338097,2.82715727168907,-443.046900840816,0,2.83927359338097,0.236606132781747,2.83927359338097,0,41.8537521579308,27284,34,498.046875,-1.92668134147061,499.973556341471,498.046875
0.916,499.970258562602,0.106822889004988,0.00534114445024941,2.61783815218943,52.3567630437886,2.83943926330606,0,500,498.046875,1.953125,2.83943926330606,2.82732294161417,-369.20575070068,0,2.83943926330606,0.236619938608838,2.83943926330606,0,41.9061088190367,27318,34,498.046875,-1.92338356260188,499.970258562602,498.046875
0.917,499.987285866293,0.109322418409045,0.00546612092045227,2.61792730694307,52.3585461388615,2.83960493323115,0,500,498.046875,1.953125,2.83960493323115,2.82748861153926,-307.671458917233,0,2.83960493323115,0.236633744435929,2.83960493323115,0,41.9584663713368,27352,34,498.046875,-1.94041086629267,499.987285866293,498.046875
0.918,500.011887420981,0.110257850518783,0.00551289252593917,2.6180561203822,52.361122407644,2.83977060315624,0,500,498.046875,1.953125,2.83977060315624,2.82765428146435,-256.392882431028,0,2.83977060315624,0.23664755026302,2.83977060315624,0,42.0108261675198,27386,34,498.046875,-1.96501242098117,500.011887420981,498.046875
0.919,500.039312608943,0.110610540316471,0.00553052701582356,2.61819971833058,52.3639943666115,2.83993627308134,0,500,498.046875,1.953125,2.83993627308134,2.82781995138944,-213.66073535919,0,2.83993627308134,0.236661356090111,2.83993627308134,0,42.0631887117363,27420,34,498.046875,-1.99243760894313,500.039312608943,498.046875
0.92,500.067791463243,0.110746112613915,0.00553730563069573,2.618348833263,52.3669766652599,2.74922953031723,0,500,512.6953125,-12.6953125,2.74922953031723,2.82798562131453,2263.35563720068,0,2.74922953031723,0.229102460859769,2.74922953031723,0,42.1155541919936,27455,35,512.6953125,12.6275210367567,500.067791463243,512.6953125
0.921,500.01696188392,0.0821384376321017,0.00410692188160508,2.61808269020802,52.3616538041603,2.83902508849333,0,500,498.046875,1.953125,2.83902508849333,2.82690876680144,-555.276552332771,0,2.83902508849333,0.236585424041111,2.83902508849333,0,42.1679196794876,27489,34,498.046875,-1.97008688391981,500.01696188392,498.046875
0.922,499.959059227982,0.10011520567028,0.00500576028351402,2.61777951261049,52.3555902522098,2.83919075841842,0,500,498.046875,1.953125,2.83919075841842,2.82707443672653,-462.730460277309,0,2.83919075841842,0.236599229868202,2.83919075841842,0,42.2202775639362,27523,34,498.046875,-1.91218422798204,499.959059227982,498.046875
0.923,499.955739581757,0.106817025277779,0.00534085126388897,2.6177621309835,52.35524261967,2.83935642834352,0,500,498.046875,1.953125,2.83935642834352,2.82724010665162,-385.608716897757,0,2.83935642834352,0.236613035695293,2.83935642834352,0,42.272632705591,27557,34,498.046875,-1.9088645817568,499.955739581757,498.046875
0.924,499.972757745886,0.109318117490367,0.00546590587451833,2.61785123788251,52.3570247576501,2.83952209826861,0,500,498.046875,1.953125,2.83952209826861,2.82740577657671,-321.340597414798,0,2.83952209826861,0.236626841522384,2.83952209826861,0,42.3249887369243,27591,34,498.046875,-1.92588274588559,499.972757745886,498.046875
0.925,499.997354916501,0.110254134456161,0.00551270672280807,2.61798002836668,52.3596005673336,2.8396877681937,0,500,498.046875,1.953125,2.8396877681937,2.82757144650181,-267.783831178998,0,2.8396877681937,0.236640647349475,2.8396877681937,0,42.3773470114725,27625,34,498.046875,-1.95047991650063,499.997354916501,498.046875
0.926,500.024777505442,0.110607044717547,0.00553035223587733,2.61812361270661,52.3624722541323,2.83985343811879,0,500,498.046875,1.953125,2.83985343811879,2.8277371164269,-223.153192649165,0,2.83985343811879,0.236654453176566,2.83985343811879,0,42.4297080337036,27659,34,498.046875,-1.9779025054421,500.024777505442,498.046875
0.927,500.053254438895,0.110742701681726,0.00553713508408631,2.6182727175815,52.36545435163,2.74914669535468,0,500,512.6953125,-12.6953125,2.74914669535468,2.82790278635199,2255.4452561257,0,2.74914669535468,0.229095557946224,2.74914669535468,0,42.4820719917443,27694,35,512.6953125,12.6420580611046,500.053254438895,512.6953125
0.928,500.002423204328,0.082135060738257,0.00410675303691285,2.61800656585969,52.3601313171938,2.83894225353079,0,500,498.046875,1.953125,2.83894225353079,2.82682593183889,-561.86853656192,0,2.83894225353079,0.236578521127566,2.83894225353079,0,42.5344359568367,27728,34,498.046875,-1.95554820432847,500.002423204328,498.046875
0.929,499.944519004863,0.100111843918223,0.00500559219591116,2.61770338018027,52.3540676036053,2.83910792345588,0,500,498.046875,1.953125,2.83910792345588,2.82699160176399,-468.223780468267,0,2.83910792345588,0.236592326954657,2.83910792345588,-4.44089209850063e-16,42.5867923187168,27762,34,498.046875,-1.89764400486303,499.944519004863,498.046875
0.93,499.941197869319,0.106813671593786,0.00534068357968928,2.61768599075522,52.3537198151045,2.83927359338097,0,500,498.046875,1.953125,2.83927359338097,2.82715727168908,-390.186483723556,0,2.83927359338097,0.236606132781748,2.83927359338097,0,42.6391459376447,27796,34,498.046875,-1.89432286931901,499.941197869319,498.046875
0.931,499.958214576741,0.109314769206015,0.00546573846030074,2.61777509002693,52.3555018005387,2.83943926330606,0,500,498.046875,1.953125,2.83943926330606,2.82732294161417,-325.155403102963,0,2.83943926330606,0.236619938608839,2.83943926330606,-4.44089209850063e-16,42.6915004460969,27830,34,498.046875,-1.9113395767414,499.958214576741,498.046875
0.932,499.982810315048,0.110250790544767,0.00551253952723833,2.61790387301155,52.3580774602311,2.83960493323115,0,500,498.046875,1.953125,2.83960493323115,2.82748861153926,-270.962835919136,0,2.83960493323115,0.236633744435929,2.83960493323115,0,42.7438571976128,27864,34,498.046875,-1.93593531504757,499.982810315048,498.046875
0.933,500.010231492851,0.11060370476453,0.00553018523822649,2.61804744996279,52.3609489992557,2.83977060315625,0,500,498.046875,1.953125,2.83977060315625,2.82765428146435,-225.802363265947,0,2.83977060315625,0.23664755026302,2.83977060315625,-4.44089209850063e-16,42.7962166966627,27898,34,498.046875,-1.96335649285066,500.010231492851,498.046875
0.934,500.03870703497,0.110739365500997,0.00553696827504985,2.61819654755267,52.3639309510533,2.83993627308134,0,500,498.046875,1.953125,2.83993627308134,2.82781995138944,-188.168636054955,0,2.83993627308134,0.236661356090111,2.83993627308134,0,42.8485791313756,27932,34,498.046875,-1.9918320349696,500.03870703497,498.046875
0.935,500.067577066629,0.110794079398106,0.0055397039699053,2.61834771068495,52.3669542136989,2.74922953031723,0,500,512.6953125,-12.6953125,2.74922953031723,2.82798562131454,2284.59905328754,0,2.74922953031723,0.229102460859769,2.74922953031723,0,42.9009445720182,27967,35,512.6953125,12.6277354333713,500.067577066629,512.6953125
0.936,500.016893076373,0.0821562792974172,0.00410781396487086,2.61808232993254,52.3616465986508,2.83902508849333,0,500,498.046875,1.953125,2.83902508849333,2.82690876680144,-537.573705593719,0,2.83902508849333,0.236585424041111,2.83902508849333,0,42.9533100459203,28001,34,498.046875,-1.97001807637264,500.016893076373,498.046875
0.937,499.95904451241,0.100121823978417,0.00500609119892083,2.61777943555994,52.3555887111987,2.83919075841843,0,500,498.046875,1.953125,2.83919075841843,2.82707443672653,-447.978087994766,0,2.83919075841843,0.236599229868202,2.83919075841843,0,43.0056679264562,28035,34,498.046875,-1.91216951241046,499.95904451241,498.046875
0.938,499.955744871007,0.1068194624782,0.00534097312390999,2.61776215867795,52.355243173559,2.83935642834352,0,500,498.046875,1.953125,2.83935642834352,2.82724010665162,-373.315073328972,0,2.83935642834352,0.236613035695293,2.83935642834352,0,43.0580230677891,28069,34,498.046875,-1.90886987100748,499.955744871007,498.046875
0.939,499.972770342076,0.109318997318119,0.00546594986590593,2.617851303836,52.3570260767201,2.83952209826861,0,500,498.046875,1.953125,2.83952209826861,2.82740577657672,-311.09589444081,0,2.83952209826861,0.236626841522384,2.83952209826861,0,43.1103791001228,28103,34,498.046875,-1.92589534207571,499.972770342076,498.046875
0.94,499.99737009075,0.110254434434482,0.00551272172172412,2.61798010781886,52.3596021563772,2.8396877681937,0,500,498.046875,1.953125,2.8396877681937,2.82757144650181,-259.246578700675,0,2.8396877681937,0.236640647349475,2.8396877681937,0,43.1627373761489,28137,34,498.046875,-1.95049509074965,499.99737009075,498.046875
0.941,500.024793497864,0.110607129038387,0.00553035645191936,2.61812369644274,52.3624739288548,2.83985343811879,0,500,498.046875,1.953125,2.83985343811879,2.8277371164269,-216.038815583896,0,2.83985343811879,0.236654453176566,2.83985343811879,0,43.2150984000207,28171,34,498.046875,-1.9779184978641,500.024793497864,498.046875
0.942,500.05327059574,0.110742706027444,0.00553713530137218,2.61827280217854,52.3654560435708,2.74914669535469,0,500,512.6953125,-12.6953125,2.74914669535469,2.82790278635199,2261.37390368009,0,2.74914669535469,0.229095557946224,2.74914669535469,0,43.267462359748,28206,35,512.6953125,12.6420419042601,500.05327059574,512.6953125
0.943,500.002439283934,0.0821350356551491,0.00410675178275745,2.61800665005231,52.3601330010461,2.83894225353079,0,500,498.046875,1.953125,2.83894225353079,2.8268259318389,-556.927996933261,0,2.83894225353079,0.236578521127566,2.83894225353079,0,43.3198263265295,28240,34,498.046875,-1.95556428393388,500.002439283934,498.046875
0.944,499.944534919074,0.1001118082334,0.00500559041166999,2.61770346350688,52.3540692701376,2.83910792345588,0,500,498.046875,1.953125,2.83910792345588,2.82699160176399,-464.106664111051,0,2.83910792345588,0.236592326954657,2.83910792345588,0,43.3721826900852,28274,34,498.046875,-1.89765991907387,499.944534919074,498.046875
0.945,499.941213587146,0.106813632316765,0.00534068161583823,2.61768607305357,52.3537214610715,2.83927359338097,0,500,498.046875,1.953125,2.83927359338097,2.82715727168908,-386.755553425875,0,2.83927359338097,0.236606132781748,2.83927359338097,0,43.4245363106696,28308,34,498.046875,-1.89433858714636,499.941213587146,498.046875
0.946,499.95823008847,0.109314728943483,0.00546573644717417,2.61777517124615,52.3555034249231,2.83943926330606,0,500,498.046875,1.953125,2.83943926330606,2.82732294161417,-322.296294521563,0,2.83943926330606,0.236619938608839,2.83943926330606,0,43.476890820757,28342,34,498.046875,-1.91135508846986,499.95823008847,498.046875
0.947,499.982825618863,0.110250750263111,0.00551253751315554,2.61790395314214,52.3580790628428,2.83960493323116,0,500,498.046875,1.953125,2.83960493323116,2.82748861153926,-268.580245434636,0,2.83960493323116,0.23663374443593,2.83960493323116,0,43.5292475738864,28376,34,498.046875,-1.93595061886253,499.982825618863,498.046875
0.948,500.010246589857,0.11060366481907,0.00553018324095352,2.61804752901053,52.3609505802105,2.83977060315625,0,500,498.046875,1.953125,2.83977060315625,2.82765428146435,-223.81687119553,0,2.83977060315625,0.236647550263021,2.83977060315625,0,43.5816070745281,28410,34,498.046875,-1.96337158985693,500.010246589857,498.046875
0.949,500.038721927335,0.110739326019454,0.00553696630097271,2.61819662552891,52.3639325105782,2.83993627308134,0,500,498.046875,1.953125,2.83993627308134,2.82781995138945,-186.514059329608,0,2.83993627308134,0.236661356090112,2.83993627308134,0,43.6339695108111,28444,34,498.046875,-1.9918469273353,500.038721927335,498.046875
0.95,500.067591756894,0.110794040423465,0.00553970202117326,2.618347787603,52.36695575206,2.74922953031723,0,500,512.6953125,-12.6953125,2.74922953031723,2.82798562131454,2285.97786722533,0,2.74922953031723,0.229102460859769,2.74922953031723,-4.44089209850063e-16,43.6863349530027,28479,35,512.6953125,12.6277207431057,500.067591756894,512.6953125
0.951,500.016907567194,0.0821562408411571,0.00410781204205785,2.61808240580631,52.3616481161261,2.83902508849334,0,500,498.046875,1.953125,2.83902508849334,2.82690876680144,-536.424693978895,0,2.83902508849334,0.236585424041111,2.83902508849334,-4.44089209850063e-16,43.7387004284327,28513,34,498.046875,-1.97003256719393,500.016907567194,498.046875
0.952,499.959058806463,0.100121786040339,0.00500608930201693,2.61777951040342,52.3555902080684,2.83919075841843,0,500,498.046875,1.953125,2.83919075841843,2.82707443672653,-447.020578315745,0,2.83919075841843,0.236599229868202,2.83919075841843,0,43.7910583104757,28547,34,498.046875,-1.91218380646285,499.959058806463,498.046875
0.953,499.955758970951,0.106819425053816,0.0053409712526908,2.61776223250508,52.3552446501016,2.83935642834352,0,500,498.046875,1.953125,2.83935642834352,2.82724010665163,-372.517148596455,0,2.83935642834352,0.236613035695293,2.83935642834352,-4.44089209850063e-16,43.8434134532953,28581,34,498.046875,-1.9088839709508,499.955758970951,498.046875
0.954,499.972784250541,0.109318960401402,0.00546594802007012,2.61785137666056,52.3570275332112,2.83952209826861,0,500,498.046875,1.953125,2.83952209826861,2.82740577657672,-310.430957163712,0,2.83952209826861,0.236626841522384,2.83952209826861,0,43.8957694870955,28615,34,498.046875,-1.92590925054128,499.972784250541,498.046875
0.955,499.997383810336,0.110254398018894,0.00551271990094469,2.61798017965445,52.3596035930889,2.8396877681937,0,500,498.046875,1.953125,2.8396877681937,2.82757144650181,-258.692464303093,0,2.8396877681937,0.236640647349475,2.8396877681937,-4.44089209850063e-16,43.9481277645682,28649,34,498.046875,-1.95050881033586,499.997383810336,498.046875
0.956,500.024807031135,0.110607093117253,0.00553035465586264,2.61812376730278,52.3624753460556,2.8398534381188,0,500,498.046875,1.953125,2.8398534381188,2.8277371164269,-215.577053585911,0,2.8398534381188,0.236654453176566,2.8398534381188,0,44.0004887898669,28683,34,498.046875,-1.97793203113542,500.024807031135,498.046875
0.957,500.053283945226,0.110742670594097,0.00553713352970487,2.61827287207629,52.3654574415258,2.84001910804389,0,500,498.046875,1.953125,2.84001910804389,2.82790278635199,-179.647544654926,0,2.84001910804389,0.236668259003657,2.84001910804389,-4.44089209850063e-16,44.0528527510018,28717,34,498.046875,-2.00640894522644,500.053283945226,498.046875
0.958,500.082155090558,0.110797351871808,0.00553986759359039,2.61842404103975,52.368480820795,2.74931236527978,0,500,512.6953125,-12.6953125,2.74931236527978,2.82806845627709,2291.69996278756,0,2.74931236527978,0.229109363773315,2.74931236527978,0,44.1052197181946,28752,35,512.6953125,12.6131574094417,500.082155090558,512.6953125
0.959,500.031472109558,0.0821595380405359,0.0041079769020268,2.61815866557179,52.3631733114359,2.83910792345588,0,500,498.046875,1.953125,2.83910792345588,2.82699160176399,-531.656281010365,0,2.83910792345588,0.236592326954657,2.83910792345588,0,44.1575867187572,28786,34,498.046875,-1.9845971095578,500.031472109558,498.046875
0.96,499.973624507877,0.100125076049805,0.00500625380249027,2.61785577623768,52.3571155247536,2.83927359338097,0,500,498.046875,1.953125,2.83927359338097,2.82715727168908,-443.046900841971,0,2.83927359338097,0.236606132781748,2.83927359338097,0,44.2099461260565,28820,34,498.046875,-1.92674950787716,499.973624507877,498.046875
0.961,499.970325803293,0.106822710528919,0.00534113552644597,2.61783850426087,52.3567700852173,2.83943926330607,0,500,498.046875,1.953125,2.83943926330607,2.82732294161417,-369.205750701643,0,2.83943926330607,0.236619938608839,2.83943926330607,0,44.2623027942522,28854,34,498.046875,-1.92345080329289,499.970325803293,498.046875
0.962,499.98735219384,0.109322242356723,0.00546611211783616,2.6179276542333,52.358553084666,2.83960493323116,0,500,498.046875,1.953125,2.83960493323116,2.82748861153927,-307.671458918036,0,2.83960493323116,0.23663374443593,2.83960493323116,0,44.3146603535459,28888,34,498.046875,-1.94047719383974,499.98735219384,498.046875
0.963,500.011952847785,0.110257676857292,0.0055128838428646,2.61805646295614,52.3611292591229,2.83977060315625,0,500,498.046875,1.953125,2.83977060315625,2.82765428146436,-256.392882431696,0,2.83977060315625,0.236647550263021,2.83977060315625,0,44.3670201566274,28922,34,498.046875,-1.96507784778481,500.011952847785,498.046875
0.964,500.039377147236,0.110610369013343,0.00553051845066716,2.61820005625228,52.3640011250457,2.83993627308134,0,500,498.046875,1.953125,2.83993627308134,2.82781995138945,-213.660735359747,0,2.83993627308134,0.236661356090112,2.83993627308134,0,44.4193827076488,28956,34,498.046875,-1.99250214723554,500.039377147236,498.046875
0.965,500.067855125091,0.110745943637123,0.00553729718185615,2.61834916659565,52.366983331913,2.74922953031723,0,500,512.6953125,-12.6953125,2.74922953031723,2.82798562131454,2263.35563720021,0,2.74922953031723,0.22910246085977,2.74922953031723,0,44.4717481946185,28991,35,512.6953125,12.6274573749094,500.067855125091,512.6953125
0.966,500.017024681225,0.0821382709500539,0.0041069135475027,2.61808301901394,52.3616603802787,2.83902508849334,0,500,498.046875,1.953125,2.83902508849334,2.82690876680144,-555.276552333157,0,2.83902508849334,0.236585424041112,2.83902508849334,0,44.5241136887339,29025,34,498.046875,-1.97014968122483,500.017024681225,498.046875
0.967,499.959121172485,0.100115041251813,0.00500575206259066,2.61777983695115,52.3555967390229,2.83919075841843,0,500,498.046875,1.953125,2.83919075841843,2.82707443672654,-462.730460277631,0,2.83919075841843,0.236599229868203,2.83919075841843,0,44.5764715797137,29059,34,498.046875,-1.91224617248514,499.959121172485,498.046875
0.968,499.955800685039,0.106816863092153,0.00534084315460765,2.61776245091954,52.3552490183907,2.83935642834352,0,500,498.046875,1.953125,2.83935642834352,2.82724010665163,-385.608716898026,0,2.83935642834352,0.236613035695293,2.83935642834352,0,44.6288267278113,29093,34,498.046875,-1.90892568503926,499.955800685039,498.046875
0.969,499.972818019371,0.109317957507258,0.00546589787536292,2.61785155347374,52.3570310694748,2.83952209826861,0,500,498.046875,1.953125,2.83952209826861,2.82740577657672,-321.340597415022,0,2.83952209826861,0.236626841522384,2.83952209826861,0,44.6811827654998,29127,34,498.046875,-1.92594301937129,499.972818019371,498.046875
0.97,499.997414371459,0.110253976645661,0.00551269883228303,2.61798033967211,52.3596067934422,2.83968776819371,0,500,498.046875,1.953125,2.83968776819371,2.82757144650181,-267.783831179185,0,2.83968776819371,0.236640647349475,2.83968776819371,0,44.7335410463169,29161,34,498.046875,-1.95053937145872,499.997414371459,498.046875
0.971,500.024836152988,0.110606889050149,0.00553034445250744,2.61812391978445,52.3624783956889,2.8398534381188,0,500,498.046875,1.953125,2.8398534381188,2.8277371164269,-223.153192649321,0,2.8398534381188,0.236654453176566,2.8398534381188,0,44.7859020747316,29195,34,498.046875,-1.97796115298809,500.024836152988,498.046875
0.972,500.053312289994,0.110742548128328,0.00553712740641638,2.61827302048915,52.3654604097829,2.74914669535469,0,500,512.6953125,-12.6953125,2.74914669535469,2.827902786352,2255.44525612557,0,2.74914669535469,0.229095557946224,2.74914669535469,-4.44089209850063e-16,44.8382660388721,29230,35,512.6953125,12.642000210006,500.053312289994,512.6953125
0.973,500.002480269796,0.0821349092701492,0.00410674546350746,2.61800686465378,52.3601372930755,2.83894225353079,0,500,498.046875,1.953125,2.83894225353079,2.8268259318389,-561.868536562028,0,2.83894225353079,0.236578521127566,2.83894225353079,-4.44089209850063e-16,44.8906300099814,29264,34,498.046875,-1.95560526979568,500.002480269796,498.046875
0.974,499.944575295368,0.100111694507087,0.00500558472535437,2.61770367491666,52.3540734983332,2.83910792345589,0,500,498.046875,1.953125,2.83910792345589,2.82699160176399,-468.223780468357,0,2.83910792345589,0.236592326954657,2.83910792345589,0,44.9429863777967,29298,34,498.046875,-1.89770029536794,499.944575295368,498.046875
0.975,499.941253395386,0.106813524211688,0.0053406762105844,2.61768628148903,52.3537256297806,2.83927359338098,0,500,498.046875,1.953125,2.83927359338098,2.82715727168908,-390.186483723631,0,2.83927359338098,0.236606132781748,2.83927359338098,-4.44089209850063e-16,44.9953400025792,29332,34,498.046875,-1.89437839538607,499.941253395386,498.046875
0.976,499.958269348752,0.1093146238254,0.00546573119126998,2.61777537681251,52.3555075362502,2.83943926330607,0,500,498.046875,1.953125,2.83943926330607,2.82732294161418,-325.155403103026,0,2.83943926330607,0.236619938608839,2.83943926330607,0,45.0476945168066,29366,34,498.046875,-1.91139434875174,499.958269348752,498.046875
0.977,499.982864343242,0.110250647138454,0.00551253235692269,2.61790415590252,52.3580831180503,2.83960493323116,0,500,498.046875,1.953125,2.83960493323116,2.82748861153927,-270.962835919188,0,2.83960493323116,0.23663374443593,2.83960493323116,-4.44089209850063e-16,45.1000512740192,29400,34,498.046875,-1.93598934324154,499.982864343242,498.046875
0.978,500.010284787329,0.110603563305708,0.00553017816528538,2.61804772901202,52.3609545802405,2.83977060315625,0,500,498.046875,1.953125,2.83977060315625,2.82765428146436,-225.80236326599,0,2.83977060315625,0.236647550263021,2.83977060315625,0,45.1524107786884,29434,34,498.046875,-1.96340978732928,500.010284787329,498.046875
0.979,500.038759605697,0.110739225963219,0.00553696129816093,2.61819682281235,52.363936456247,2.83993627308134,0,500,498.046875,1.953125,2.83993627308134,2.82781995138945,-188.168636054992,0,2.83993627308134,0.236661356090112,2.83993627308134,-4.44089209850063e-16,45.2047732189442,29468,34,498.046875,-1.99188460569678,500.038759605697,498.046875
0.98,500.067628923433,0.110793941755283,0.00553969708776413,2.61834798220654,52.3669596441308,2.74922953031724,0,500,512.6953125,-12.6953125,2.74922953031724,2.82798562131454,2284.59905328751,0,2.74922953031724,0.22910246085977,2.74922953031724,0,45.2571386650546,29503,35,512.6953125,12.6276835765668,500.067628923433,512.6953125
0.981,500.01694422895,0.0821561435238154,0.00410780717619077,2.61808259776681,52.3616519553362,2.83902508849334,0,500,498.046875,1.953125,2.83902508849334,2.82690876680145,-537.573705593744,0,2.83902508849334,0.236585424041112,2.83902508849334,0,45.3095041443502,29537,34,498.046875,-1.97006922894985,500.01694422895,498.046875
0.982,499.959094970324,0.100121690048652,0.00500608450243258,2.61777969975695,52.355593995139,2.83919075841843,0,500,498.046875,1.953125,2.83919075841843,2.82707443672654,-447.978087994787,0,2.83919075841843,0.236599229868203,2.83919075841843,0,45.3618620302063,29571,34,498.046875,-1.9122199703238,499.959094970324,498.046875
0.983,499.955794643691,0.106819330367232,0.00534096651836159,2.61776241928711,52.3552483857422,2.83935642834352,0,500,498.046875,1.953125,2.83935642834352,2.82724010665163,-373.315073328989,0,2.83935642834352,0.236613035695294,2.83935642834352,0,45.4142171767872,29605,34,498.046875,-1.90891964369081,499.955794643691,498.046875
0.984,499.972819438835,0.109318867001248,0.00546594335006241,2.61785156090603,52.3570312181206,2.83952209826862,0,500,498.046875,1.953125,2.83952209826862,2.82740577657672,-311.095894440824,0,2.83952209826862,0.236626841522385,2.83952209826862,0,45.4665732142976,29639,34,498.046875,-1.92594443883451,499.972819438835,498.046875
0.985,499.997418520763,0.110254305887345,0.00551271529436726,2.61798036139782,52.3596072279563,2.83968776819371,0,500,498.046875,1.953125,2.83968776819371,2.82757144650181,-259.246578700687,0,2.83968776819371,0.236640647349476,2.83968776819371,0,45.5189314954301,29673,34,498.046875,-1.95054352076306,499.997418520763,498.046875
0.986,500.024841270187,0.11060700223695,0.0055303501118475,2.61812394657803,52.3624789315607,2.8398534381188,0,500,498.046875,1.953125,2.8398534381188,2.82773711642691,-216.038815583906,0,2.8398534381188,0.236654453176567,2.8398534381188,0,45.5712925243389,29707,34,498.046875,-1.9779662701867,500.024841270187,498.046875
0.987,500.053317719303,0.110742580947999,0.00553712904739996,2.61827304891694,52.3654609783389,2.84001910804389,0,500,498.046875,1.953125,2.84001910804389,2.827902786352,-180.032346319921,0,2.84001910804389,0.236668259003658,2.84001910804389,0,45.6236564890349,29741,34,498.046875,-2.00644271930321,500.053317719303,498.046875
0.988,500.082188405975,0.110797263443135,0.00553986317215677,2.61842421547887,52.3684843095773,2.74931236527978,0,500,512.6953125,-12.6953125,2.74931236527978,2.82806845627709,2291.3792947334,0,2.74931236527978,0.229109363773315,2.74931236527978,0,45.6760234597405,29776,35,512.6953125,12.6131240940246,500.082188405975,512.6953125
0.989,500.031504972544,0.0821594508127493,0.00410797254063746,2.61815883764199,52.3631767528397,2.83910792345589,0,500,498.046875,1.953125,2.83910792345589,2.82699160176399,-531.923504388834,0,2.83910792345589,0.236592326954657,2.83910792345589,0,45.7283904637681,29810,34,498.046875,-1.98462997254376,500.031504972544,498.046875
0.99,499.973656924576,0.100124990006595,0.00500624950032974,2.61785594597112,52.3571189194224,2.83927359338098,0,500,498.046875,1.953125,2.83927359338098,2.82715727168909,-443.269586990695,0,2.83927359338098,0.236606132781748,2.83927359338098,0,45.7807498744855,29844,34,498.046875,-1.92678192457612,499.973656924576,498.046875
0.991,499.970357779766,0.106822625654195,0.00534113128270977,2.61783867168929,52.3567734337857,2.83943926330607,0,500,498.046875,1.953125,2.83943926330607,2.82732294161418,-369.391322492246,0,2.83943926330607,0.236619938608839,2.83943926330607,0,45.8331065460527,29878,34,498.046875,-1.92348277976572,499.970357779766,498.046875
0.992,499.987383736065,0.109322158634617,0.00546610793173086,2.617927819388,52.3585563877601,2.83960493323116,0,500,498.046875,1.953125,2.83960493323116,2.82748861153927,-307.826102076872,0,2.83960493323116,0.23663374443593,2.83960493323116,0,45.8854641086722,29912,34,498.046875,-1.94050873606471,499.987383736065,498.046875
0.993,500.011983961659,0.110257594272152,0.00551287971360758,2.61805662586801,52.3611325173602,2.83977060315625,0,500,498.046875,1.953125,2.83977060315625,2.82765428146436,-256.521751730727,0,2.83977060315625,0.236647550263021,2.83977060315625,0,45.9378239150343,29946,34,498.046875,-1.96510896165915,500.011983961659,498.046875
0.994,500.039407838576,0.110610287549728,0.00553051437748639,2.61820021695177,52.3640043390354,2.83993627308135,0,500,498.046875,1.953125,2.83993627308135,2.82781995138945,-213.768126442272,0,2.83993627308135,0.236661356090112,2.83993627308135,0,45.9901864692917,29980,34,498.046875,-1.99253283857638,500.039407838576,498.046875
0.995,500.067885399636,0.110745863279802,0.00553729316399011,2.6183493251128,52.366986502256,2.74922953031724,0,500,512.6953125,-12.6953125,2.74922953031724,2.82798562131455,2263.26614463144,0,2.74922953031724,0.22910246085977,2.74922953031724,0,46.0425519594536,30015,35,512.6953125,12.6274271003639,500.067885399636,512.6953125
0.996,500.017054544635,0.0821381916840042,0.00410690958420021,2.61808317537839,52.3616635075677,2.83902508849334,0,500,498.046875,1.953125,2.83902508849334,2.82690876680145,-555.3511294738,0,2.83902508849334,0.236585424041112,2.83902508849334,0,46.0949174567177,30049,34,498.046875,-1.97017954463485,500.017054544635,498.046875
0.997,499.959150630343,0.100114963062215,0.00500574815311073,2.61777999119213,52.3555998238426,2.83919075841843,0,500,498.046875,1.953125,2.83919075841843,2.82707443672654,-462.792607894833,0,2.83919075841843,0.236599229868203,2.83919075841843,-4.44089209850063e-16,46.1472753508036,30083,34,498.046875,-1.91227563034329,499.959150630343,498.046875
0.998,499.955829742853,0.106816785964387,0.00534083929821935,2.61776260306589,52.3552520613179,2.83935642834353,0,500,498.046875,1.953125,2.83935642834353,2.82724010665163,-385.660506579028,0,2.83935642834353,0.236613035695294,2.83935642834353,0,46.1996305019649,30117,34,498.046875,-1.90895474285293,499.955829742853,498.046875
0.999,499.972846682573,0.109317881426905,0.00546589407134526,2.61785170355391,52.3570340710783,2.83952209826862,0,500,498.046875,1.953125,2.83952209826862,2.82740577657672,-321.383755482523,0,2.83952209826862,0.236626841522385,2.83952209826862,-4.44089209850063e-16,46.2519865426756,30151,34,498.046875,-1.92597168257333,499.972846682573,498.046875
1,499.997442645408,0.110253901598496,0.0055126950799248,2.61798048771416,52.3596097542832,2.83968776819371,0,500,498.046875,1.953125,2.83968776819371,2.82757144650182,-267.819796235436,0,2.83968776819371,0.236640647349476,2.83968776819371,0,46.3043448264739,30185,34,498.046875,-1.95056764540783,499.997442645408,498.046875
