time_s,rpm,current_A,torque_Nm,back_emf_V,omega_rad_s,voltage_V,load_Nm,reference_rpm,measured_rpm,error_rpm,raw_voltage_V,integrator_V,derivative_rpm_s,aw_error_V,voltage_command_sat_V,duty_cycle,voltage_avg_V,pwm_error_V,shaft_angle_rad,encoder_count,encoder_delta_count,encoder_rpm,encoder_rpm_error,true_rpm,feedback_rpm,encoder_A,encoder_B,quadrature_state,previous_quadrature_state,decoded_encoder_count,encoder_direction,invalid_transition_count,ideal_count_edge,encoder_edge_angle_rad,ideal_encoder_count_phase5a,count_difference_vs_phase5a
0,0,0,0,0,0,0,0,0,0,0,0,0,0,0,0,0,0,0,0,0,0,0,0,0,0,0,0,0,0,0,0,0,0,0,0,0
0.001,0,0,0,0,0,0,0,0,0,0,0,0,0,0,0,0,0,0,0,0,0,0,0,0,0,0,0,0,0,0,0,0,0,0,0,0
0.002,0,0,0,0,0,0,0,0,0,0,0,0,0,0,0,0,0,0,0,0,0,0,0,0,0,0,0,0,0,0,0,0,0,0,0,0
0.003,0,0,0,0,0,0,0,0,0,0,0,0,0,0,0,0,0,0,0,0,0,0,0,0,0,0,0,0,0,0,0,0,0,0,0,0
0.004,0,0,0,0,0,0,0,0,0,0,0,0,0,0,0,0,0,0,0,0,0,0,0,0,0,0,0,0,0,0,0,0,0,0,0,0
0.005,0,0,0,0,0,0,0,0,0,0,0,0,0,0,0,0,0,0,0,0,0,0,0,0,0,0,0,0,0,0,0,0,0,0,0,0
0.006,0,0,0,0,0,0,0,0,0,0,0,0,0,0,0,0,0,0,0,0,0,0,0,0,0,0,0,0,0,0,0,0,0,0,0,0
0.007,0,0,0,0,0,0,0,0,0,0,0,0,0,0,0,0,0,0,0,0,0,0,0,0,0,0,0,0,0,0,0,0,0,0,0,0
0.008,0,0,0,0,0,0,0,0,0,0,0,0,0,0,0,0,0,0,0,0,0,0,0,0,0,0,0,0,0,0,0,0,0,0,0,0
0.009,0,0,0,0,0,0,0,0,0,0,0,0,0,0,0,0,0,0,0,0,0,0,0,0,0,0,0,0,0,0,0,0,0,0,0,0
0.01,0,0,0,0,0,0,0,0,0,0,0,0,0,0,0,0,0,0,0,0,0,0,0,0,0,0,0,0,0,0,0,0,0,0,0,0
0.011,0,0,0,0,0,0,0,0,0,0,0,0,0,0,0,0,0,0,0,0,0,0,0,0,0,0,0,0,0,0,0,0,0,0,0,0
0.012,0,0,0,0,0,0,0,0,0,0,0,0,0,0,0,0,0,0,0,0,0,0,0,0,0,0,0,0,0,0,0,0,0,0,0,0
0.013,0,0,0,0,0,0,0,0,0,0,0,0,0,0,0,0,0,0,0,0,0,0,0,0,0,0,0,0,0,0,0,0,0,0,0,0
0.014,0,0,0,0,0,0,0,0,0,0,0,0,0,0,0,0,0,0,0,0,0,0,0,0,0,0,0,0,0,0,0,0,0,0,0,0
0.015,0,0,0,0,0,0,0,0,0,0,0,0,0,0,0,0,0,0,0,0,0,0,0,0,0,0,0,0,0,0,0,0,0,0,0,0
0.016,0,0,0,0,0,0,0,0,0,0,0,0,0,0,0,0,0,0,0,0,0,0,0,0,0,0,0,0,0,0,0,0,0,0,0,0
0.017,0,0,0,0,0,0,0,0,0,0,0,0,0,0,0,0,0,0,0,0,0,0,0,0,0,0,0,0,0,0,0,0,0,0,0,0
0.018,0,0,0,0,0,0,0,0,0,0,0,0,0,0,0,0,0,0,0,0,0,0,0,0,0,0,0,0,0,0,0,0,0,0,0,0
0.019,0,0,0,0,0,0,0,0,0,0,0,0,0,0,0,0,0,0,0,0,0,0,0,0,0,0,0,0,0,0,0,0,0,0,0,0
0.02,0,0,0,0,0,0,0,0,0,0,0,0,0,0,0,0,0,0,0,0,0,0,0,0,0,0,0,0,0,0,0,0,0,0,0,0
0.021,0,0,0,0,0,0,0,0,0,0,0,0,0,0,0,0,0,0,0,0,0,0,0,0,0,0,0,0,0,0,0,0,0,0,0,0
0.022,0,0,0,0,0,0,0,0,0,0,0,0,0,0,0,0,0,0,0,0,0,0,0,0,0,0,0,0,0,0,0,0,0,0,0,0
0.023,0,0,0,0,0,0,0,0,0,0,0,0,0,0,0,0,0,0,0,0,0,0,0,0,0,0,0,0,0,0,0,0,0,0,0,0
0.024,0,0,0,0,0,0,0,0,0,0,0,0,0,0,0,0,0,0,0,0,0,0,0,0,0,0,0,0,0,0,0,0,0,0,0,0
0.025,0,0,0,0,0,0,0,0,0,0,0,0,0,0,0,0,0,0,0,0,0,0,0,0,0,0,0,0,0,0,0,0,0,0,0,0
0.026,0,0,0,0,0,0,0,0,0,0,0,0,0,0,0,0,0,0,0,0,0,0,0,0,0,0,0,0,0,0,0,0,0,0,0,0
0.027,0,0,0,0,0,0,0,0,0,0,0,0,0,0,0,0,0,0,0,0,0,0,0,0,0,0,0,0,0,0,0,0,0,0,0,0
0.028,0,0,0,0,0,0,0,0,0,0,0,0,0,0,0,0,0,0,0,0,0,0,0,0,0,0,0,0,0,0,0,0,0,0,0,0
0.029,0,0,0,0,0,0,0,0,0,0,0,0,0,0,0,0,0,0,0,0,0,0,0,0,0,0,0,0,0,0,0,0,0,0,0,0
0.03,0,0,0,0,0,0,0,0,0,0,0,0,0,0,0,0,0,0,0,0,0,0,0,0,0,0,0,0,0,0,0,0,0,0,0,0
0.031,0,0,0,0,0,0,0,0,0,0,0,0,0,0,0,0,0,0,0,0,0,0,0,0,0,0,0,0,0,0,0,0,0,0,0,0
0.032,0,0,0,0,0,0,0,0,0,0,0,0,0,0,0,0,0,0,0,0,0,0,0,0,0,0,0,0,0,0,0,0,0,0,0,0
0.033,0,0,0,0,0,0,0,0,0,0,0,0,0,0,0,0,0,0,0,0,0,0,0,0,0,0,0,0,0,0,0,0,0,0,0,0
0.034,0,0,0,0,0,0,0,0,0,0,0,0,0,0,0,0,0,0,0,0,0,0,0,0,0,0,0,0,0,0,0,0,0,0,0,0
0.035,0,0,0,0,0,0,0,0,0,0,0,0,0,0,0,0,0,0,0,0,0,0,0,0,0,0,0,0,0,0,0,0,0,0,0,0
0.036,0,0,0,0,0,0,0,0,0,0,0,0,0,0,0,0,0,0,0,0,0,0,0,0,0,0,0,0,0,0,0,0,0,0,0,0
0.037,0,0,0,0,0,0,0,0,0,0,0,0,0,0,0,0,0,0,0,0,0,0,0,0,0,0,0,0,0,0,0,0,0,0,0,0
0.038,0,0,0,0,0,0,0,0,0,0,0,0,0,0,0,0,0,0,0,0,0,0,0,0,0,0,0,0,0,0,0,0,0,0,0,0
0.039,0,0,0,0,0,0,0,0,0,0,0,0,0,0,0,0,0,0,0,0,0,0,0,0,0,0,0,0,0,0,0,0,0,0,0,0
0.04,0,0,0,0,0,0,0,0,0,0,0,0,0,0,0,0,0,0,0,0,0,0,0,0,0,0,0,0,0,0,0,0,0,0,0,0
0.041,0,0,0,0,0,0,0,0,0,0,0,0,0,0,0,0,0,0,0,0,0,0,0,0,0,0,0,0,0,0,0,0,0,0,0,0
0.042,0,0,0,0,0,0,0,0,0,0,0,0,0,0,0,0,0,0,0,0,0,0,0,0,0,0,0,0,0,0,0,0,0,0,0,0
0.043,0,0,0,0,0,0,0,0,0,0,0,0,0,0,0,0,0,0,0,0,0,0,0,0,0,0,0,0,0,0,0,0,0,0,0,0
0.044,0,0,0,0,0,0,0,0,0,0,0,0,0,0,0,0,0,0,0,0,0,0,0,0,0,0,0,0,0,0,0,0,0,0,0,0
0.045,0,0,0,0,0,0,0,0,0,0,0,0,0,0,0,0,0,0,0,0,0,0,0,0,0,0,0,0,0,0,0,0,0,0,0,0
0.046,0,0,0,0,0,0,0,0,0,0,0,0,0,0,0,0,0,0,0,0,0,0,0,0,0,0,0,0,0,0,0,0,0,0,0,0
0.047,0,0,0,0,0,0,0,0,0,0,0,0,0,0,0,0,0,0,0,0,0,0,0,0,0,0,0,0,0,0,0,0,0,0,0,0
0.048,0,0,0,0,0,0,0,0,0,0,0,0,0,0,0,0,0,0,0,0,0,0,0,0,0,0,0,0,0,0,0,0,0,0,0,0
0.049,0,0,0,0,0,0,0,0,0,0,0,0,0,0,0,0,0,0,0,0,0,0,0,0,0,0,0,0,0,0,0,0,0,0,0,0
0.05,0,0,0,0,0,9.30533505937406,0,1500,0,1500,9.30533505937406,0,0,0,9.30533505937406,0.775444588281172,9.30533505937406,0,0,0,0,0,0,0,0,0,0,0,0,0,0,0,0,0,0,0
0.051,8.16155017418075,2.93502475984278,0.146751237992139,0.0427337767818512,0.854675535637024,9.43256956184445,0,1500,0,1500,9.43256956184445,0.127234502470387,0,0,9.43256956184445,0.786047463487038,9.43256956184445,0,0.000307099947044861,0,0,0,-8.16155017418075,8.16155017418075,0,0,0,0,0,0,0,0,0,0.000307099947044861,0,0
0.052,25.2241385433396,4.03174058224041,0.201587029112021,0.132073280568145,2.64146561136289,9.46893165162564,0,1500,14.6484375,1485.3515625,9.46893165162564,0.254469004940773,2441.40625,0,9.46893165162564,0.78907763763547,9.46893165162564,0,0.00201038909789169,1,1,14.6484375,-10.5757010433396,25.2241385433396,14.6484375,0,1,1,1,1,0,0,1,0.00201038909789169,1,0
0.053,45.5245905086688,4.41488937427131,0.220744468713565,0.238366198499529,4.76732396999059,9.50405121696864,0,1500,29.296875,1470.703125,9.50405121696864,0.380460982972973,4475.91145833333,0,9.50405121696864,0.79200426808072,9.50405121696864,0,0.00569928970998652,3,2,29.296875,-16.2277155086688,45.5245905086688,29.296875,1,0,2,2,3,0,0,3,0.00569928970998652,3,0
0.054,66.8957226018762,4.5321488004739,0.226607440023695,0.350265184471058,7.00530368942117,9.44705584518425,0,1500,58.59375,1441.40625,9.44705584518425,0.505210436566984,8612.73871527778,0,9.44705584518425,0.787254653765354,9.44705584518425,0,0.0115810209477843,7,4,58.59375,-8.30197260187624,66.8957226018762,58.59375,1,0,2,2,7,0,0,7,0.0115810209477843,7,0
0.055,88.4503717325181,4.52164846131842,0.226082423065921,0.463125063403609,9.26250126807217,9.47844783721269,0,1500,73.2421875,1426.7578125,9.47844783721269,0.627474841284622,9618.68851273148,0,9.47844783721269,0.789870653101057,9.47844783721269,0,0.0197155803716952,12,5,73.2421875,-15.2081842325181,88.4503717325181,73.2421875,0,0,0,0,12,0,0,12,0.0197155803716952,12,0
0.056,109.880450133479,4.49214492486304,0.224607246243152,0.575332691520796,11.5066538304159,9.41772489211374,0,1500,102.5390625,1397.4609375,9.41772489211374,0.748496721564072,12898.3862606096,0,9.41772489211374,0.784810407676145,9.41772489211374,0,0.0301015926077738,19,7,102.5390625,-7.34138763347913,109.880450133479,102.5390625,1,0,2,2,19,0,0,19,0.0301015926077738,19,0
0.057,131.048657959891,4.42686452575527,0.221343226287763,0.686169168515991,13.7233833703198,9.44538931082761,0,1500,117.1875,1382.8125,9.44538931082761,0.867033552967147,13190.0614671746,0,9.44538931082761,0.787115775902301,9.44538931082761,0,0.042719509843212,27,8,117.1875,-13.8611579598909,131.048657959891,117.1875,1,0,2,2,27,0,0,27,0.042719509843212,27,0
0.058,151.926285976165,4.37685131053638,0.218842565526819,0.795484173183168,15.9096834636634,9.3809387924141,0,1500,146.484375,1353.515625,9.3809387924141,0.984327859932034,15874.5303893122,0,9.3809387924141,0.781744899367842,9.3809387924141,0,0.0575383129523104,37,10,146.484375,-5.44191097616454,151.926285976165,146.484375,0,1,1,1,37,0,0,37,0.0575383129523104,37,0
0.059,172.480123730491,4.30382957923359,0.215191478961679,0.903103816003283,18.0620763200657,9.40487563781341,0,1500,161.1328125,1338.8671875,9.40487563781341,1.09913711802055,15670.1815744268,0,9.40487563781341,0.783739636484451,9.40487563781341,0,0.0745274023858356,48,11,161.1328125,-11.3473112304913,172.480123730491,161.1328125,0,0,0,0,48,0,0,48,0.0745274023858356,48,0
0.06,192.720243656312,4.25083233380757,0.212541616690379,1.00908083611451,20.1816167222902,9.33669754608534,0,1500,190.4296875,1309.5703125,9.33669754608534,1.21270385167087,17941.2971453557,0,9.33669754608534,0.778058128840445,9.33669754608534,0,0.0936516342333814,61,13,190.4296875,-2.29055615631231,192.720243656312,190.4296875,0,1,1,1,61,0,0,61,0.0936516342333814,61,0
0.061,212.627885171097,4.17659918611751,0.208829959305876,1.11331700333642,22.2663400667284,9.44777923085929,0,1500,190.4296875,1309.5703125,9.44777923085929,1.32378553644482,14951.0809544631,0,9.44777923085929,0.787314935904941,9.44777923085929,0,0.114878865042872,74,13,190.4296875,-22.1981976710966,212.627885171097,190.4296875,1,1,3,3,74,0,0,74,0.114878865042872,74,0
0.062,232.298207871855,4.15171347755666,0.207585673877833,1.21631057215383,24.3262114430765,9.28624367756564,0,1500,234.375,1265.625,9.28624367756564,1.43486722121877,19783.4528787192,0,9.28624367756564,0.773853639797137,9.28624367756564,-1.77635683940025e-15,0.138176367683399,90,16,234.375,2.0767921281446,232.298207871855,234.375,1,1,3,3,90,0,0,90,0.138176367683399,90,0
0.063,251.641977125522,4.05922357580825,0.202961178790413,1.31759431112058,26.3518862224117,9.39359778902503,0,1500,234.375,1265.625,9.39359778902503,1.54222133267816,16486.210732266,0,9.39359778902503,0.782799815752086,9.39359778902503,0,0.163519411456023,106,16,234.375,-17.2669771255216,251.641977125522,234.375,1,1,3,3,106,0,0,106,0.163519411456023,106,0
0.064,270.693353526201,4.02743676165215,0.201371838082608,1.41734708468916,28.3469416937832,9.31920707510602,0,1500,263.671875,1236.328125,9.31920707510602,1.64957544413755,18621.321443555,0,9.31920707510602,0.776600589592168,9.31920707510602,0,0.190870328712523,124,18,263.671875,-7.02147852620078,270.693353526201,263.671875,0,0,0,0,124,0,0,124,0.190870328712523,124,0
0.065,289.477295948372,3.96093906506355,0.198046953253178,1.51569957722074,30.3139915444148,9.33320372499983,0,1500,278.3203125,1221.6796875,9.33320372499983,1.75444450672057,17959.1741196292,0,9.33320372499983,0.777766977083319,9.33320372499983,0,0.220203718819135,143,19,278.3203125,-11.1569834483717,289.477295948372,278.3203125,1,0,2,2,143,0,0,143,0.220203718819135,143,0
0.066,307.968335091431,3.91010637149437,0.195505318574719,1.6125184317692,32.250368635384,9.34595785045546,0,1500,292.96875,1207.03125,9.34595785045546,1.85807104486539,17407.3846830243,0,9.34595785045546,0.778829820871288,9.34595785045546,0,0.251488177120272,163,20,292.96875,-14.999585091431,307.968335091431,292.96875,1,0,2,2,163,0,0,163,0.251488177120272,163,0
0.067,326.214173653561,3.86507638542595,0.193253819271298,1.70805341907815,34.161068381563,9.2665970387837,0,1500,322.265625,1177.734375,9.2665970387837,1.96045505857203,19388.9664025203,0,9.2665970387837,0.772216419898642,9.2665970387837,0,0.284695933377237,185,22,322.265625,-3.94854865356064,326.214173653561,322.265625,0,1,1,1,185,0,0,185,0.284695933377237,185,0
0.068,344.152857352799,3.79351241143264,0.189675620571632,1.80198014728582,36.0396029457163,9.27562359092476,0,1500,336.9140625,1163.0859375,9.27562359092476,2.0603540234023,18598.8782521002,0,9.27562359092476,0.772968632577064,9.27562359092476,0,0.319799391343113,208,23,336.9140625,-7.238794852799,344.152857352799,336.9140625,0,0,0,0,208,0,0,208,0.319799391343113,208,0
0.069,361.78375318338,3.74066014462973,0.187033007231486,1.89429530198175,37.885906039635,9.28340761862764,0,1500,351.5625,1148.4375,9.28340761862764,2.15901046379437,17940.4714600835,0,9.28340761862764,0.773617301552303,9.28340761862764,0,0.356764497803401,232,24,351.5625,-10.2212531833798,361.78375318338,351.5625,0,0,0,0,232,0,0,232,0.356764497803401,232,0
0.07,379.163818299576,3.69474592446643,0.184737296223321,1.98529711012834,39.7059422025668,9.28994912189233,0,1500,366.2109375,1133.7890625,9.28994912189233,2.25642437974826,17391.7991334029,0,9.28994912189233,0.774162426824361,9.28994912189233,-1.77635683940025e-15,0.39556248682612,257,25,366.2109375,-12.9528807995765,379.163818299576,366.2109375,0,1,1,1,257,0,0,257,0.39556248682612,257,0
0.071,396.314250151418,3.65138328378806,0.182569164189403,2.07509656131441,41.5019312262881,9.20437568802964,0,1500,395.5078125,1104.4921875,9.20437568802964,2.35259577126397,19375.9784445024,0,9.20437568802964,0.767031307335803,9.20437568802964,0,0.436168381425453,284,27,395.5078125,-0.806437651418207,396.314250151418,395.5078125,0,0,0,0,284,0,0,284,0.436168381425453,284,0
0.072,413.163220823648,3.58027566005492,0.179013783002746,2.16331756545512,43.2663513091023,9.29806203066896,0,1500,395.5078125,1104.4921875,9.29806203066896,2.44628211390329,16146.648703752,0,9.29806203066896,0.774838502555747,9.29806203066896,0,0.47855561483729,311,27,395.5078125,-17.6554083236481,413.163220823648,395.5078125,1,0,2,2,311,0,0,311,0.47855561483729,311,0
0.073,429.786122758967,3.55609119078716,0.177804559539358,2.25035487645735,45.007097529147,9.21000354792989,0,1500,424.8046875,1075.1953125,9.21000354792989,2.53996845654262,18338.35308646,0,9.21000354792989,0.767500295660824,9.21000354792989,0,0.5226935053748,340,29,424.8046875,-4.98143525896694,429.786122758967,424.8046875,0,0,0,0,340,0,0,340,0.5226935053748,340,0
0.074,446.166063443648,3.49206246181588,0.174603123090794,2.33612004532607,46.7224009065214,9.21033242900364,0,1500,439.453125,1060.546875,9.21033242900364,2.63116975030557,17723.3671553834,0,9.21033242900364,0.76752770241697,9.21033242900364,0,0.568561051603975,370,30,439.453125,-6.71293844364754,446.166063443648,439.453125,1,1,3,3,370,0,0,370,0.568561051603975,370,0
0.075,462.261984177391,3.44178680901595,0.172089340450797,2.42039808920922,48.4079617841844,9.20941878563921,0,1500,454.1015625,1045.8984375,9.20941878563921,2.72112851963034,17210.8788794861,0,9.20941878563921,0.767451565469934,9.20941878563921,0,0.616128463158627,401,31,454.1015625,-8.1604216773905,462.261984177391,454.1015625,0,1,1,1,401,0,0,401,0.616128463158627,401,0
0.076,478.11578267937,3.39660214855023,0.169830107427511,2.50340838405141,50.0681676810281,9.20726261783659,0,1500,468.75,1031.25,9.20726261783659,2.80984476451692,16783.8053162384,0,9.20726261783659,0.767271884819716,9.20726261783659,0,0.665368546847439,433,32,468.75,-9.36578267937028,478.11578267937,468.75,0,1,1,1,433,0,0,433,0.665368546847439,433,0
0.077,493.743047678614,3.35328129231223,0.167664064615611,2.58523255224695,51.7046510449389,9.20386392559578,0,1500,483.3984375,1016.6015625,9.20386392559578,2.89731848496531,16427.9106801987,0,9.20386392559578,0.766988660466315,9.20386392559578,-1.77635683940025e-15,0.716256896378353,466,33,483.3984375,-10.3446101786136,493.743047678614,483.3984375,1,1,3,3,466,0,0,466,0.716256896378353,466,0
0.078,509.149566215528,3.31062193787482,0.165531096893741,2.66590089466856,53.3180178933711,9.10835029622758,0,1500,512.6953125,987.3046875,9.10835029622758,2.98354968097551,18572.7380668323,0,9.10835029622758,0.759029191352299,9.10835029622758,0,0.768770141577276,501,35,512.6953125,3.5457462844717,509.149566215528,512.6953125,0,1,1,1,501,0,0,501,0.768770141577276,501,0
0.079,524.2577711472,3.23951384528035,0.161975692264017,2.74500727070567,54.9001454141134,9.19209644336141,0,1500,512.6953125,987.3046875,9.19209644336141,3.06729582810934,15477.2817223602,0,9.19209644336141,0.766008036946784,9.19209644336141,0,0.82288229710407,536,35,512.6953125,-11.5624586472001,524.2577711472,512.6953125,0,0,0,0,536,0,0,536,0.82288229710407,536,0
0.08,539.140918863456,3.21506713596582,0.160753356798291,2.82293524991848,56.4587049983695,9.18497017780604,0,1500,527.34375,972.65625,9.18497017780604,3.15104197524317,15339.1410186335,0,9.18497017780604,0.765414181483837,9.18497017780604,0,0.878562880899743,572,36,527.34375,-11.7971688634565,539.140918863456,527.34375,0,0,0,0,572,0,0,572,0.878562880899743,572,0
0.081,553.861025845669,3.1793414116678,0.15896707058339,2.9000095498441,58.000190996882,9.08572897512328,0,1500,556.640625,943.359375,9.08572897512328,3.23354559793881,17665.4300155279,0,9.08572897512328,0.757144081260273,9.08572897512328,0,0.935793948165529,610,38,556.640625,2.77959915433064,553.861025845669,556.640625,1,1,3,3,610,0,0,610,0.935793948165529,610,0
0.082,568.304258788124,3.11071841383521,0.155535920691761,2.9756341406876,59.512682813752,9.16574754894255,0,1500,556.640625,943.359375,9.16574754894255,3.31356417175808,14721.1916796066,0,9.16574754894255,0.763812295745212,9.16574754894255,0,0.99455335007865,648,38,556.640625,-11.6636337881235,568.304258788124,556.640625,0,0,0,0,648,0,0,648,0.99455335007865,648,0
0.083,582.530363161331,3.08709955937517,0.154354977968759,3.05012184900105,61.0024369800211,9.15489371007261,0,1500,571.2890625,928.7109375,9.15489371007261,3.39358274557734,14709.0659830055,0,9.15489371007261,0.762907809172718,9.15489371007261,0,1.05481202772284,687,39,571.2890625,-11.241300661331,582.530363161331,571.2890625,1,0,2,2,687,0,0,687,1.05481202772284,687,0
0.084,596.596322468099,3.05158440461608,0.152579220230804,3.12377103970745,62.4754207941489,9.14279734676449,0,1500,585.9375,914.0625,9.14279734676449,3.47235879495842,14698.9612358379,0,9.14279734676449,0.761899778897041,9.14279734676449,0,1.11655256037247,727,40,585.9375,-10.6588224680993,596.596322468099,585.9375,1,0,2,2,727,0,0,727,1.11655256037247,727,0
0.085,610.466131689492,3.0116044973618,0.15058022486809,3.19639319096848,63.9278638193695,9.03858604632899,0,1500,615.234375,884.765625,9.03858604632899,3.54989231990132,17131.9468631983,0,9.03858604632899,0.753215503860749,9.03858604632899,0,1.17975598741674,769,42,615.234375,4.76824331050841,610.466131689492,615.234375,0,1,1,1,769,0,0,769,1.17975598741674,769,0
0.086,624.046655033392,2.94126631791894,0.147063315895947,3.26750064491698,65.3500128983396,9.1136345223955,0,1500,615.234375,884.765625,9.1136345223955,3.62494079596783,14276.6223859986,0,9.1136345223955,0.759469543532959,9.1136345223955,0,1.24439795203404,811,42,615.234375,-8.81228003339174,624.046655033392,615.234375,1,0,2,2,811,0,0,811,1.24439795203404,811,0
0.087,637.405350306286,2.91687844062894,0.145843922031447,3.33744660980176,66.7489321960353,9.09781058577282,0,1500,629.8828125,870.1171875,9.09781058577282,3.69998927203435,14338.5915716655,0,9.09781058577282,0.758150882147735,9.09781058577282,0,1.3104485647413,854,43,629.8828125,-7.52253780628632,637.405350306286,629.8828125,1,1,3,3,854,0,0,854,1.3104485647413,854,0
0.088,650.602075427738,2.88094697160347,0.144047348580174,3.40654450095676,68.1308900191352,9.08074412471195,0,1500,644.53125,855.46875,9.08074412471195,3.77379522366268,14390.2325597212,0,9.08074412471195,0.756728677059329,9.08074412471195,-1.77635683940025e-15,1.37789008754546,898,44,644.53125,-6.07082542773833,650.602075427738,644.53125,1,1,3,3,898,0,0,898,1.37789008754546,898,0
0.089,663.601897311596,2.84068235342362,0.142034117671181,3.4746114091706,69.4922281834119,9.06243513921289,0,1500,659.1796875,840.8203125,9.06243513921289,3.84635865085282,14433.2667164344,0,9.06243513921289,0.755202928267741,9.06243513921289,0,1.44670343391518,943,45,659.1796875,-4.42220981159596,663.601897311596,659.1796875,1,0,2,2,943,0,0,943,1.44670343391518,943,0
0.09,676.391783169376,2.79877103745716,0.139938551872858,3.54157909492236,70.8315818984471,9.13375604196485,0,1500,659.1796875,840.8203125,9.13375604196485,3.91767955360478,12027.7222636953,0,9.13375604196485,0.761146336830404,9.13375604196485,0,1.51686719152638,988,45,659.1796875,-17.2120956693765,676.391783169376,659.1796875,0,0,0,0,988,0,0,988,1.51686719152638,988,0
0.091,689.046562515159,2.78487631608745,0.139243815804372,3.60783936463154,72.1567872926308,9.0233321193384,0,1500,688.4765625,811.5234375,9.0233321193384,3.98900045635673,14905.9143864127,0,9.0233321193384,0.7519443432782,9.0233321193384,-1.77635683940025e-15,1.588362078711,1035,47,688.4765625,-0.570000015159394,689.046562515159,688.4765625,1,0,2,2,1035,0,0,1035,1.588362078711,1035,0
0.092,701.491921443367,2.72409421904484,0.136204710952242,3.67300311159845,73.460062231969,9.09216797321398,0,1500,688.4765625,811.5234375,9.09216797321398,4.05783631023231,12421.5953220106,0,9.09216797321398,0.757680664434499,9.09216797321398,0,1.66117312604564,1082,47,688.4765625,-13.0153589433673,701.491921443367,688.4765625,1,1,3,3,1082,0,0,1082,1.66117312604564,1082,0
0.093,713.74511506728,2.70310440010653,0.135155220005326,3.73716068338495,74.7432136676989,8.97925900171116,0,1500,717.7734375,782.2265625,8.97925900171116,4.12667216410789,15234.1419350089,0,8.97925900171116,0.74827158347593,8.97925900171116,0,1.73527575323399,1131,49,717.7734375,4.02832243272007,713.74511506728,717.7734375,1,0,2,2,1131,0,0,1131,1.73527575323399,1131,0
0.094,725.767595843285,2.63961457793973,0.131980728896987,3.80011024552465,76.002204910493,9.04560980671037,0,1500,717.7734375,782.2265625,9.04560980671037,4.1930229691071,12695.118279174,0,9.04560980671037,0.753800817225864,9.04560980671037,0,1.81065119165749,1180,49,717.7734375,-7.99415834328477,725.767595843285,717.7734375,0,0,0,0,1180,0,0,1180,1.81065119165749,1180,0
0.095,737.589944867612,2.61755173206688,0.130877586603344,3.86201192026299,77.2402384052597,9.02108819902038,0,1500,732.421875,767.578125,9.02108819902038,4.2593737741063,13020.671482645,0,9.02108819902038,0.751757349918365,9.02108819902038,0,1.88727344201653,1230,50,732.421875,-5.16806986761242,737.589944867612,732.421875,1,1,3,3,1230,0,0,1230,1.88727344201653,1230,0
0.096,749.258282569448,2.58226036355351,0.129113018177675,3.92310719360247,78.4621438720495,8.99532406689219,0,1500,747.0703125,752.9296875,8.99532406689219,4.32448205466732,13291.9658188709,0,8.99532406689219,0.749610338907683,8.99532406689219,0,1.96512620255151,1281,51,747.0703125,-2.1879700694484,749.258282569448,747.0703125,0,1,1,1,1281,0,0,1281,1.96512620255151,1281,0
0.097,760.732559359367,2.54200841513066,0.127100420756533,3.98318636638325,79.663727327665,9.05918982301502,0,1500,747.0703125,752.9296875,9.05918982301502,4.38834781079015,11076.6381823924,0,9.05918982301502,0.754932485251252,9.05918982301502,0,2.04419090887143,1332,51,747.0703125,-13.6622468593672,760.732559359367,747.0703125,0,0,0,0,1332,0,0,1332,2.04419090887143,1332,0
0.098,772.077540493869,2.5285386791652,0.12642693395826,4.04258854869536,80.8517709739072,9.03218316644866,0,1500,761.71875,738.28125,9.03218316644866,4.45221356691298,11671.9380686603,0,9.03218316644866,0.752681930537388,9.03218316644866,0,2.12444932942659,1384,52,761.71875,-10.3587904938692,772.077540493869,761.71875,0,0,0,0,1384,0,0,1384,2.12444932942659,1384,0
0.099,783.294866460785,2.49638429493508,0.124819214746754,4.101322330113,82.02644660226,8.9130615727549,0,1500,791.015625,708.984375,8.9130615727549,4.51483679859763,14609.4275572169,0,8.9130615727549,0.742755131062908,8.9130615727549,0,2.20588987426914,1438,54,791.015625,7.72075853921535,783.294866460785,791.015625,1,1,3,1,1438,1,0,1438,2.20588987426914,1438,0
0.1,794.248213560457,2.42857427607495,0.121428713803747,4.15867392141392,83.1734784282783,9.06407216825237,0,1500,776.3671875,723.6328125,9.06407216825237,4.5749749814059,9733.11671434745,0,9.06407216825237,0.755339347354364,9.06407216825237,-1.77635683940025e-15,2.28849273179512,1491,53,776.3671875,-17.8810260604572,794.248213560457,776.3671875,1,0,2,2,1491,0,0,1491,2.28849273179512,1491,0
0.101,805.068654542934,2.43340382073828,0.121670191036914,4.2153296179125,84.30659235825,8.94370805012042,0,1500,805.6640625,694.3359375,8.94370805012042,4.63635568865235,12993.7430952895,0,8.94370805012042,0.745309004176702,8.94370805012042,0,2.37223268288842,1546,55,805.6640625,0.595407957065845,805.068654542934,805.6640625,1,1,3,3,1546,0,0,1546,2.37223268288842,1546,0
0.102,815.737575280903,2.37934061818014,0.118967030909007,4.27119195626606,85.4238391253212,9.00260370849051,0,1500,805.6640625,694.3359375,9.00260370849051,4.69525134702243,10828.1192460746,0,9.00260370849051,0.750216975707542,9.0026037084905,-1.77635683940025e-15,2.45710022709123,1601,55,805.6640625,-10.0735127809031,815.737575280903,805.6640625,0,1,1,1,1601,0,0,1601,2.45710022709123,1601,0
0.103,826.23576841079,2.3605971925718,0.11802985962859,4.32616036695409,86.5232073390818,8.97062695417139,0,1500,820.3125,679.6875,8.97062695417139,4.75414700539251,11464.8389550622,0,8.97062695417139,0.747552246180949,8.97062695417139,0,2.54307462902948,1657,56,820.3125,-5.92326841078989,826.23576841079,820.3125,0,1,1,1,1657,0,0,1657,2.54307462902948,1657,0
0.104,836.590805976296,2.32635014060752,0.116317507030376,4.38037921685983,87.6075843371965,8.93740767541408,0,1500,834.9609375,665.0390625,8.93740767541408,4.81180013932441,11995.4387125518,0,8.93740767541408,0.744783972951173,8.93740767541408,0,2.63014153765248,1714,57,834.9609375,-1.62986847629611,836.590805976296,834.9609375,1,1,3,3,1714,0,0,1714,2.63014153765248,1714,0
0.105,846.755729140619,2.2862951304796,0.11431475652398,4.43360263008873,88.6720526017746,8.90294587221859,0,1500,849.609375,650.390625,8.90294587221859,4.86821074881812,12437.6051771265,0,8.90294587221859,0.741912156018216,8.90294587221859,0,2.71828310501095,1772,58,849.609375,2.85364585938055,846.755729140619,849.609375,0,0,0,2,1772,1,0,1772,2.71828310501095,1772,0
0.106,856.713027665535,2.24404452945411,0.112202226472706,4.48573892324785,89.7147784649571,8.95811395727411,0,1500,849.609375,650.390625,8.95811395727411,4.92337883387363,10364.6709809388,0,8.95811395727411,0.746509496439509,8.95811395727411,0,2.8074783572617,1830,58,849.609375,-7.1036526655347,856.713027665535,849.609375,1,1,3,3,1830,0,0,1830,2.8074783572617,1830,0
0.107,866.535865855281,2.22960659179529,0.111480329589764,4.53717118373837,90.7434236747674,8.92240962964043,0,1500,864.2578125,635.7421875,8.92240962964043,4.97854691892915,11078.632067449,0,8.92240962964043,0.743534135803369,8.92240962964043,0,2.89770815343486,1889,59,864.2578125,-2.27805335528126,866.535865855281,864.2578125,0,1,1,0,1889,1,0,1889,2.89770815343486,1889,0
0.108,876.229014952699,2.19686821356855,0.109843410678427,4.58792439372937,91.7584878745873,8.97633519025776,0,1500,864.2578125,635.7421875,8.97633519025776,5.03247247954649,9232.19338954081,0,8.97633519025776,0.74802793252148,8.97633519025776,-1.77635683940025e-15,2.98896055319068,1948,59,864.2578125,-11.9712024526989,876.229014952699,864.2578125,0,0,0,0,1948,0,0,1948,2.98896055319068,1948,0
0.109,885.816724454513,2.18594233508808,0.109297116754404,4.63812552328879,92.7625104657757,8.93938833818589,0,1500,878.90625,621.09375,8.93938833818589,5.08639804016382,10134.900741284,0,8.93938833818589,0.744949028182158,8.93938833818589,0,3.08122160101411,2008,60,878.90625,-6.91047445451318,885.816724454513,878.90625,0,0,0,0,2008,0,0,2008,3.08122160101411,2008,0
0.11,895.285541562402,2.15448056837729,0.107724028418864,4.68770413372934,93.7540826745867,8.90119896167583,0,1500,893.5546875,606.4453125,8.90119896167583,5.13908107634296,10887.1568677367,0,8.90119896167583,0.741766580139653,8.90119896167583,0,3.1744812868727,2069,61,893.5546875,-1.73085406240182,895.285541562402,893.5546875,0,1,1,1,2069,0,0,2069,3.1744812868727,2069,0
0.111,904.573223590865,2.11533612732649,0.105766806366325,4.73633432311183,94.7266864622366,8.95263947341679,0,1500,893.5546875,606.4453125,8.95263947341679,5.19052158808392,9072.6307231139,0,8.95263947341679,0.746053289451399,8.95263947341679,-1.77635683940025e-15,3.26872337378341,2130,61,893.5546875,-11.0185360908648,904.573223590865,893.5546875,1,1,3,3,2130,0,0,2130,3.26872337378341,2130,0
0.112,913.736269436736,2.10196013925845,0.105098006962923,4.78431191896832,95.6862383793664,8.91320757246855,0,1500,908.203125,591.796875,8.91320757246855,5.24196209982488,10001.9318525949,0,8.91320757246855,0.742767297705712,8.91320757246855,0,3.3639304808396,2192,62,908.203125,-5.5331444367356,913.736269436736,908.203125,0,0,0,0,2192,0,0,2192,3.3639304808396,2192,0
0.113,922.773241901953,2.06952221447796,0.103476110723898,4.83162939614736,96.6325879229471,8.87253314708212,0,1500,922.8515625,577.1484375,8.87253314708212,5.29216008712765,10776.3494604958,0,8.87253314708212,0.739377762256843,8.87253314708212,0,3.4600913187601,2255,63,922.8515625,0.0783205980468438,922.773241901953,922.8515625,1,0,2,2,2255,0,0,2255,3.4600913187601,2255,0
0.114,931.626375361748,2.0299508431018,0.10149754215509,4.87798429454492,97.5596858908985,8.9214886099467,0,1500,922.8515625,577.1484375,8.9214886099467,5.34111554999223,8980.2912170798,0,8.9214886099467,0.743457384162225,8.9214886099467,0,3.55718917094583,2318,63,922.8515625,-8.77481286174771,931.626375361748,922.8515625,1,1,3,3,2318,0,0,2318,3.55718917094583,2318,0
0.115,940.353837124497,2.01635262584041,0.10081763129202,4.92368117747549,98.4736235495098,8.87957166012209,0,1500,937.5,562.5,8.87957166012209,5.39007101285681,9924.98226423317,0,8.87957166012209,0.739964305010174,8.87957166012209,0,3.65520647483518,2382,64,937.5,-2.85383712449709,940.353837124497,937.5,1,1,3,3,2382,0,0,2382,3.65520647483518,2382,0
0.116,948.954811976212,1.98376881124016,0.0991884405620078,4.96871577648859,99.3743155297717,8.83641218585928,0,1500,952.1484375,547.8515625,8.83641218585928,5.43778395128321,10712.2248035276,0,8.83641218585928,0.73636768215494,8.83641218585928,0,3.75413187054397,2447,65,952.1484375,3.19362552378789,948.954811976212,952.1484375,1,0,2,2,2447,0,0,2447,3.75413187054397,2447,0
0.117,957.37176640211,1.94408006450466,0.0972040032252331,5.01278684680525,100.255736936105,8.88288259984749,0,1500,952.1484375,547.8515625,8.88288259984749,5.48425436527141,8926.8540029397,0,8.88288259984749,0.740240216653957,8.88288259984749,0,3.85394861228465,2512,65,952.1484375,-5.22332890210998,957.37176640211,952.1484375,0,0,0,0,2512,0,0,2512,3.85394861228465,2512,0
0.118,965.662954559533,1.93037516716601,0.0965187583583007,5.05619940648007,101.123988129601,8.8384806011465,0,1500,966.796875,533.203125,8.8384806011465,5.53072477925962,9880.45125244975,0,8.8384806011465,0.736540050095541,8.8384806011465,0,3.95463912377613,2578,66,966.796875,1.13392044046691,965.662954559533,966.796875,1,1,3,1,2578,1,0,2578,3.95463912377613,2578,0
0.119,973.827593958311,1.89768872788272,0.0948844363941359,5.09894935840409,101.978987168082,8.88370849069652,0,1500,966.796875,533.203125,8.88370849069652,5.57595266880964,8233.70937704146,0,8.88370849069652,0.740309040891376,8.88370849069652,0,4.05619203721671,2644,66,966.796875,-7.03071895831135,973.827593958311,966.796875,0,0,0,0,2644,0,0,2644,4.05619203721671,2644,0
0.12,981.887866275454,1.88656128823748,0.0943280644118738,5.14115284556654,102.823056911331,8.92893638024654,0,1500,966.796875,533.203125,8.92893638024654,5.62118055835966,6861.42448086788,0,8.92893638024654,0.744078031687211,8.92893638024654,0,4.15859360012393,2710,66,966.796875,-15.090991275454,981.887866275454,966.796875,1,1,3,3,2710,0,0,2710,4.15859360012393,2710,0
0.121,989.909252264532,1.88346611989221,0.0941733059946105,5.18315272439137,103.663054487827,8.79241944441816,0,1500,996.09375,503.90625,8.79241944441816,5.66640844790968,10600.6662340566,0,8.79241944441816,0.73270162036818,8.79241944441816,0,4.2618368669934,2778,68,996.09375,6.18449773546786,989.909252264532,996.09375,1,1,3,3,2778,0,0,2778,4.2618368669934,2778,0
0.122,997.756742930607,1.82603884898428,0.0913019424492138,5.22424208943413,104.484841788683,8.8351622850918,0,1500,996.09375,503.90625,8.8351622850918,5.70915128858333,8833.88852838048,0,8.8351622850918,0.73626352375765,8.8351622850918,0,4.36591325186033,2846,68,996.09375,-1.66299293060729,997.756742930607,996.09375,1,1,3,3,2846,0,0,2846,4.36591325186033,2846,0
0.123,1005.42498453268,1.80563101198761,0.0902815505993806,5.2643929085725,105.28785817145,8.87790512576545,0,1500,996.09375,503.90625,8.87790512576545,5.75189412925697,7361.5737736504,0,8.87790512576545,0.739825427147121,8.87790512576545,0,4.4708005190458,2914,68,996.09375,-9.33123453268104,1005.42498453268,996.09375,1,1,3,3,2914,0,0,2914,4.4708005190458,2914,0
0.124,1013.02641573003,1.79901562804307,0.0899507814021535,5.30419390924975,106.083878184995,8.82977555374989,0,1500,1010.7421875,489.2578125,8.82977555374989,5.79463696993062,8576.05106137533,0,8.82977555374989,0.735814629479158,8.82977555374989,0,4.57648673829536,2983,69,1010.7421875,-2.28422823002575,1013.02641573003,1010.7421875,1,0,2,2,2983,0,0,2983,4.57648673829536,2983,0
0.125,1020.52322567862,1.76887663736823,0.0884438318684117,5.34344711434954,106.868942286991,8.87127586998535,0,1500,1010.7421875,489.2578125,8.87127586998535,5.83613728616608,7146.70921781278,0,8.87127586998535,0.739272989165446,8.87127586998535,-1.77635683940025e-15,4.68296446287156,3052,69,1010.7421875,-9.78103817862461,1020.52322567862,1010.7421875,0,0,0,0,3052,0,0,3052,4.68296446287156,3052,0
0.126,1027.92380086442,1.75860450197421,0.0879302250987104,5.38219643540958,107.643928708192,8.82190377353161,0,1500,1025.390625,474.609375,8.82190377353161,5.87763760240154,8396.99726484398,0,8.82190377353161,0.735158647794301,8.82190377353161,-1.77635683940025e-15,4.79022139724137,3122,70,1025.390625,-2.53317586441699,1027.92380086442,1025.390625,1,1,3,3,3122,0,0,3122,4.79022139724137,3122,0
0.127,1035.20878021536,1.72707193971293,0.0863535969856465,5.42034049809372,108.406809961874,8.77128915263968,0,1500,1040.0390625,459.9609375,8.77128915263968,5.91789539419881,9438.90397070332,0,8.77128915263968,0.730940762719973,8.77128915263968,0,4.89824813582143,3193,71,1040.0390625,4.83028228463854,1035.20878021536,1040.0390625,0,1,1,1,3193,0,0,3193,4.89824813582143,3193,0
0.128,1042.31372159722,1.68758710873194,0.0843793554365972,5.45754188417611,109.150837683522,8.81030441999877,0,1500,1040.0390625,459.9609375,8.81030441999877,5.95691066155789,7865.75330891943,0,8.81030441999877,0.734192034999897,8.81030441999877,0,5.00702865300681,3264,71,1040.0390625,-2.27465909722059,1042.31372159722,1040.0390625,0,0,0,0,3264,0,0,3264,5.00702865300681,3264,0
0.129,1049.29430623552,1.67377063082496,0.0836885315412478,5.49409213987182,109.881842797436,8.84931968735785,0,1500,1040.0390625,459.9609375,8.84931968735785,5.99592592891697,6554.79442409953,0,8.84931968735785,0.737443307279821,8.84931968735785,0,5.11654563300967,3335,71,1040.0390625,-9.25524373551571,1049.29430623552,1040.0390625,1,0,2,2,3335,0,0,3335,5.11654563300967,3335,0
0.13,1056.22849668581,1.66951761158986,0.0834758805794932,5.5303994761672,110.607989523344,8.79746254202773,0,1500,1054.6875,445.3125,8.79746254202773,6.03494119627606,7903.73493674961,0,8.79746254202773,0.733121878502311,8.79746254202773,0,5.22679079638371,3407,72,1054.6875,-1.54099668580625,1056.22849668581,1054.6875,1,0,2,2,3407,0,0,3407,5.22679079638371,3407,0
0.131,1063.06563777207,1.64016547534906,0.0820082737674531,5.56619866318081,111.323973263616,8.83523528494863,0,1500,1054.6875,445.3125,8.83523528494863,6.07271393919695,6586.44578062467,0,8.83523528494863,0.736269607079052,8.83523528494863,0,5.33775805292855,3479,72,1054.6875,-8.37813777207157,1063.06563777207,1054.6875,1,0,2,2,3479,0,0,3479,5.33775805292855,3479,0
0.132,1069.80933102017,1.63009329502248,0.081504664751124,5.60150855845797,112.030171169159,8.78213561518032,0,1500,1069.3359375,430.6640625,8.78213561518032,6.11048668211785,7930.11106718723,0,8.78213561518032,0.73184463459836,8.78213561518032,0,5.44943560891795,3552,73,1069.3359375,-0.473393520172294,1069.80933102017,1069.3359375,0,0,0,0,3552,0,0,3552,5.44943560891795,3552,0
0.133,1076.4384330827,1.59854211533276,0.0799271057666381,5.63621845569053,112.724369113811,8.81866583366303,0,1500,1069.3359375,430.6640625,8.81866583366303,6.14701690060056,6608.42588932269,0,8.81866583366303,0.734888819471919,8.81866583366303,0,5.56181424217636,3625,73,1069.3359375,-7.10249558269948,1076.4384330827,1069.3359375,0,1,1,1,3625,0,0,3625,5.56181424217636,3625,0
0.134,1082.96754089647,1.58761967242345,0.0793809836211725,5.6704047842609,113.408095685218,8.76432363945654,0,1500,1083.984375,416.015625,8.76432363945654,6.18354711908326,7948.42782443557,0,8.76432363945654,0.730360303288045,8.76432363945654,0,5.6748809909514,3699,74,1083.984375,1.01683410353417,1082.96754089647,1083.984375,1,0,2,2,3699,0,0,3699,5.6748809909514,3699,0
0.135,1089.37960783624,1.55572077561659,0.0777860387808294,5.7039782882481,114.079565764962,8.79961133350106,0,1500,1083.984375,416.015625,8.79961133350106,6.21883481312779,6623.68985369631,0,8.79961133350106,0.733300944458422,8.79961133350106,0,5.78862619676796,3773,74,1083.984375,-5.39523283623885,1089.37960783624,1083.984375,0,1,1,1,3773,0,0,3773,5.78862619676796,3773,0
0.136,1095.69075730523,1.54463787760458,0.0772318938802291,5.73702338959393,114.740467791879,8.74402661485638,0,1500,1098.6328125,401.3671875,8.74402661485638,6.25412250717231,7961.14779474693,0,8.74402661485638,0.728668884571365,8.74402661485638,0,5.90303673420978,3848,75,1098.6328125,2.94205519476714,1095.69075730523,1098.6328125,0,0,0,0,3848,0,0,3848,5.90303673420978,3848,0
0.137,1101.88451153898,1.51264832174845,0.0756324160874223,5.76945381092539,115.389076218508,8.77807178446272,0,1500,1098.6328125,401.3671875,8.77807178446272,6.28816767677864,6634.28982895577,0,8.77807178446272,0.73150598203856,8.77807178446272,0,6.01810288272925,3923,75,1098.6328125,-3.25169903897972,1101.88451153898,1098.6328125,1,0,2,2,3923,0,0,3923,6.01810288272925,3923,0
0.138,1107.97720602308,1.50150079591414,0.075075039795707,5.80135508464508,116.027101692902,8.81211695406905,0,1500,1098.6328125,401.3671875,8.81211695406905,6.32221284638498,5528.57485746314,0,8.81211695406905,0.734343079505754,8.81211695406905,0,6.13381149270252,3998,75,1098.6328125,-9.34439352307913,1107.97720602308,1098.6328125,1,1,3,3,3998,0,0,3998,6.13381149270252,3998,0
0.139,1114.03214478656,1.49811868874291,0.0749059344371456,5.83305866987389,116.661173397478,8.75528971098619,0,1500,1113.28125,386.71875,8.75528971098619,6.35625801599131,7048.55196455262,0,8.75528971098619,0.729607475915516,8.75528971098619,0,6.25015583251932,4074,76,1113.28125,-0.750894786559456,1114.03214478656,1113.28125,1,1,3,3,4074,0,0,4074,6.25015583251932,4074,0
0.14,1119.99321186758,1.46896767457071,0.0734483837285356,5.86427074412271,117.285414882454,8.78809235615433,0,1500,1113.28125,386.71875,8.78809235615433,6.38906066115946,5873.79330379385,0,8.78809235615433,0.732341029679528,8.78809235615433,0,6.36713038436053,4150,76,1113.28125,-6.71196186757925,1119.99321186758,1113.28125,1,1,3,3,4150,0,0,4150,6.36713038436053,4150,0
0.141,1125.86197481324,1.45884717847934,0.0729423589239668,5.89499951504896,117.899990300979,8.73002258863328,0,1500,1127.9296875,372.0703125,8.73002258863328,6.4218633063276,7336.23400316154,0,8.73002258863328,0.727501882386107,8.73002258863328,0,6.48472356351305,4227,77,1127.9296875,2.06771268675925,1125.86197481324,1127.9296875,1,0,2,2,4227,0,0,4227,6.48472356351305,4227,0
0.142,1131.61653301998,1.42715485491466,0.0713577427457328,5.92513031136053,118.502606227211,8.76158270936324,0,1500,1127.9296875,372.0703125,8.76158270936324,6.45342342705756,6113.52833596795,0,8.76158270936324,0.730131892446937,8.76158270936324,0,6.6029262214915,4304,77,1127.9296875,-3.68684551997944,1131.61653301998,1127.9296875,0,0,0,0,4304,0,0,4304,6.6029262214915,4304,0
0.143,1137.27120183131,1.41605678688655,0.0708028393443277,5.9547380880208,119.094761760416,8.7931428300932,0,1500,1127.9296875,372.0703125,8.7931428300932,6.48498354778752,5094.60694663996,0,8.7931428300932,0.732761902507767,8.7931428300932,0,6.72172541987296,4381,77,1127.9296875,-9.34151433131137,1137.27120183131,1127.9296875,0,1,1,1,4381,0,0,4381,6.72172541987296,4381,0
0.144,1142.88853287817,1.4126318718479,0.0706315935923949,5.98415036460344,119.683007292069,8.73383053813396,0,1500,1142.578125,357.421875,8.73383053813396,6.51654366851748,6686.91203886663,0,8.73383053813396,0.727819211511163,8.73383053813396,0,6.84111450382776,4459,78,1142.578125,-0.310407878166188,1142.88853287817,1142.578125,1,0,2,2,4459,0,0,4459,6.84111450382776,4459,0
0.145,1148.41213012232,1.38340372161074,0.069170186080537,6.01307185214279,120.261437042856,8.76414813442573,0,1500,1142.578125,357.421875,8.76414813442573,6.54686126480925,5572.42669905553,0,8.76414813442573,0.730345677868811,8.76414813442573,0,6.96108798226219,4537,78,1142.578125,-5.83400512231628,1148.41213012232,1142.578125,0,1,1,1,4537,0,0,4537,6.96108798226219,4537,0
0.146,1153.84345700468,1.37319334645758,0.068659667322879,6.0415102131976,120.830204263952,8.7035933180283,0,1500,1157.2265625,342.7734375,8.7035933180283,6.57717886110103,7085.09516587961,0,8.7035933180283,0.725299443169025,8.7035933180283,0,7.08163427856491,4616,79,1157.2265625,3.38310549531866,1153.84345700468,1157.2265625,0,0,0,0,4616,0,0,4616,7.08163427856491,4616,0
0.147,1159.16057437368,1.34140644222738,0.0670703221113688,6.06935057463882,121.387011492776,8.73266838988189,0,1500,1157.2265625,342.7734375,8.73266838988189,6.60625393295461,5904.24597156634,0,8.73266838988189,0.72772236582349,8.73266838988188,-1.77635683940025e-15,7.20274424543884,4695,79,1157.2265625,-1.93401187368499,1159.16057437368,1157.2265625,1,0,2,2,4695,0,0,4695,7.20274424543884,4695,0
0.148,1164.37778344667,1.33021208729704,0.0665106043648519,6.09666781746537,121.933356349307,8.76174346173547,0,1500,1157.2265625,342.7734375,8.76174346173547,6.63532900480819,4920.20497630528,0,8.76174346173547,0.730145288477956,8.76174346173547,0,7.32440494309845,4774,79,1157.2265625,-7.15122094666822,1164.37778344667,1157.2265625,1,1,3,3,4774,0,0,4774,7.32440494309845,4774,0
0.149,1169.55763082408,1.3266902944902,0.0663345147245101,6.12378943491133,122.475788698227,8.69994612089985,0,1500,1171.875,328.125,8.69994612089985,6.66440407666178,6541.57706358774,0,8.69994612089985,0.724995510074988,8.69994612089985,0,7.44660971442572,4854,80,1171.875,2.31736917592457,1169.55763082408,1171.875,1,1,3,3,4854,0,0,4854,7.44660971442572,4854,0
0.15,1174.64371882283,1.29736509056533,0.0648682545282664,6.15042012939865,123.008402587973,8.72777866831525,0,1500,1171.875,328.125,8.72777866831525,6.69223662407717,5451.31421965645,0,8.72777866831525,0.727314889026271,8.72777866831525,-1.77635683940025e-15,7.56935306571765,4934,80,1171.875,-2.76871882282762,1174.64371882283,1171.875,1,1,3,3,4934,0,0,4934,7.56935306571765,4934,0
0.151,1179.63751049726,1.28705763980152,0.0643528819900762,6.17656756146191,123.531351229238,8.75561121573065,0,1500,1171.875,328.125,8.75561121573065,6.72006917149257,4542.76184971371,0,8.75561121573065,0.729634267977554,8.75561121573065,0,7.69262341765809,5014,80,1171.875,-7.76251049726034,1179.63751049726,1171.875,1,1,3,3,5014,0,0,5014,7.69262341765809,5014,0
0.152,1184.59676941336,1.28383604599047,0.0641918022995233,6.20253418042535,124.050683608507,8.69257135045684,0,1500,1186.5234375,313.4765625,8.69257135045684,6.74790171890797,6227.04112476142,0,8.69257135045684,0.724380945871404,8.69257135045684,0,7.81641461925585,5095,81,1186.5234375,1.92666808664171,1184.59676941336,1186.5234375,1,0,2,2,5095,0,0,5095,7.81641461925585,5095,0
0.153,1189.46331596238,1.25459247002231,0.0627296235011154,6.22801535856994,124.560307171399,8.71916137343405,0,1500,1186.5234375,313.4765625,8.71916137343405,6.77449174188518,5189.20093730119,0,8.71916137343405,0.726596781119505,8.71916137343405,0,7.94072136464151,5176,81,1186.5234375,-2.93987846237951,1189.46331596238,1186.5234375,0,0,0,0,5176,0,0,5176,7.94072136464151,5176,0
0.154,1194.23794939886,1.24428523215555,0.0622142616077777,6.25301528078267,125.060305615653,8.74575139641126,0,1500,1186.5234375,313.4765625,8.74575139641126,6.80108176486239,4324.33411441765,0,8.74575139641126,0.728812616367605,8.74575139641126,0,8.06553214375542,5257,81,1186.5234375,-7.71451189886056,1194.23794939886,1186.5234375,0,1,1,1,5257,0,0,5257,8.06553214375542,5257,0
0.155,1198.97818606935,1.24103353632255,0.0620516768161275,6.27783510194982,125.556702038996,8.68146900669927,0,1500,1201.171875,298.828125,8.68146900669927,6.8276717878396,6045.01801201471,0,8.68146900669927,0.723455750558273,8.68146900669927,0,8.1908408306944,5339,82,1201.171875,2.19368893064825,1198.97818606935,1201.171875,1,0,2,2,5339,0,0,5339,8.1908408306944,5339,0
0.156,1203.62575435033,1.21174858161742,0.0605874290808709,6.30216971256414,126.043394251283,8.7068165052383,0,1500,1201.171875,298.828125,8.7068165052383,6.85301928637862,5037.51501001226,0,8.7068165052383,0.725568042103191,8.7068165052383,0,8.31664212823077,5421,82,1201.171875,-2.45387935033409,1203.62575435033,1201.171875,0,1,1,1,5421,0,0,5421,8.31664212823077,5421,0
0.157,1208.18141930511,1.20139578114692,0.0600697890573461,6.3260231184877,126.520462369754,8.73216400377732,0,1500,1201.171875,298.828125,8.73216400377732,6.87836678491764,4197.92917501022,0,8.73216400377732,0.72768033364811,8.73216400377732,0,8.44292452882882,5503,82,1201.171875,-7.00954430510842,1208.18141930511,1201.171875,1,0,2,2,5503,0,0,5503,8.44292452882882,5503,0
0.158,1212.70268463116,1.19809698119759,0.0599048490598796,6.34969640837648,126.99392816753,8.66663908962714,0,1500,1215.8203125,284.1796875,8.66663908962714,6.90371428345667,5939.68056250851,0,8.66663908962714,0.722219924135595,8.66663908962714,0,8.56968190683943,5586,83,1215.8203125,3.11762786883537,1212.70268463116,1215.8203125,1,1,3,3,5586,0,0,5586,8.56968190683943,5586,0
0.159,1217.13127408069,1.16876436509442,0.0584382182547211,6.37288444851047,127.457688970209,8.69074406372798,0,1500,1215.8203125,284.1796875,8.69074406372798,6.9278192575575,4949.73380209043,0,8.69074406372798,0.724228671977331,8.69074406372798,-1.77635683940025e-15,8.69690896445264,5669,83,1215.8203125,-1.31096158069045,1217.13127408069,1215.8203125,0,1,1,1,5669,0,0,5669,8.69690896445264,5669,0
0.16,1221.46795108131,1.15836371240896,0.0579181856204478,6.39559123618736,127.911824723747,8.71484903782881,0,1500,1215.8203125,284.1796875,8.71484903782881,6.95192423165834,4124.77816840869,0,8.71484903782881,0.726237419819068,8.71484903782881,0,8.82459419324801,5752,83,1215.8203125,-5.64763858130891,1221.46795108131,1215.8203125,0,0,0,0,5752,0,0,5752,8.82459419324801,5752,0
0.161,1225.7702188071,1.15501700573373,0.0577508502866865,6.41811785732258,128.362357146452,8.64808159924045,0,1500,1230.46875,269.53125,8.64808159924045,6.97602920575917,5878.72139034058,0,8.64808159924045,0.720673466603371,8.64808159924045,-1.77635683940025e-15,8.95273146658801,5836,84,1230.46875,4.69853119289792,1225.7702188071,1230.46875,0,0,0,0,5836,0,0,5836,8.95273146658801,5836,0
0.162,1229.9798009001,1.12563647895224,0.0562818239476122,6.4401591776193,128.803183552386,8.6709440489031,0,1500,1230.46875,269.53125,8.6709440489031,6.99889165542182,4898.93449195048,0,8.6709440489031,0.722578670741925,8.6709440489031,0,9.08131548564481,5920,84,1230.46875,0.488949099903721,1229.9798009001,1230.46875,0,0,0,0,5920,0,0,5920,9.08131548564481,5920,0
0.163,1234.09746083055,1.11518793025058,0.0557593965125291,6.46171919459846,129.234383891969,8.69380649856574,0,1500,1230.46875,269.53125,8.69380649856574,7.02175410508447,4082.44540995873,0,8.69380649856574,0.724483874880478,8.69380649856574,0,9.21033474097765,6004,84,1230.46875,-3.62871083055074,1234.09746083055,1230.46875,0,0,0,0,6004,0,0,6004,9.21033474097765,6004,0
0.164,1238.18070187099,1.1117933489374,0.0555896674468701,6.48309899469093,129.661979893819,8.71666894822839,0,1500,1230.46875,269.53125,8.71666894822839,7.04461655474711,3402.03784163228,0,8.71666894822839,0.726389079019032,8.71666894822839,0,9.33978310493679,6088,84,1230.46875,-7.71195187099124,1238.18070187099,1230.46875,0,0,0,0,6088,0,0,6088,9.33978310493679,6088,0
0.165,1242.25095041996,1.11102732235265,0.0555513661176325,6.50441076625714,130.088215325143,8.64865898520184,0,1500,1245.1171875,254.8828125,8.64865898520184,7.06747900440976,5276.43778469357,0,8.64865898520184,0.720721582100153,8.64865898520184,0,9.46965827671644,6173,85,1245.1171875,2.86623708003913,1242.25095041996,1245.1171875,0,1,1,1,6173,0,0,6173,9.46965827671644,6173,0
0.166,1246.23648899633,1.08257871126301,0.0541289355631507,6.52527899744403,130.505579948881,8.6702789104263,0,1500,1245.1171875,254.8828125,8.6702789104263,7.08909892963422,4397.03148724464,0,8.6702789104263,0.722523242535525,8.6702789104263,0,9.59995638250214,6258,85,1245.1171875,-1.11930149633326,1246.23648899633,1245.1171875,1,1,3,3,6258,0,0,6258,9.59995638250214,6258,0
0.167,1250.13307334212,1.07244780535179,0.0536223902675893,6.54568146536875,130.913629307375,8.69189883565076,0,1500,1245.1171875,254.8828125,8.69189883565076,7.11071885485868,3664.1929060372,0,8.69189883565076,0.724324902970896,8.69189883565076,0,9.73066644339606,6343,85,1245.1171875,-5.01588584212436,1250.13307334212,1245.1171875,1,0,2,2,6343,0,0,6343,9.73066644339606,6343,0
0.168,1253.99634104227,1.06914201569311,0.0534571007846556,6.56590948774477,131.318189754895,8.71351876087522,0,1500,1245.1171875,254.8828125,8.71351876087522,7.13233878008314,3053.49408836433,0,8.71351876087522,0.726126563406268,8.71351876087522,0,9.8617825290421,6428,85,1245.1171875,-8.87915354226539,1253.99634104227,1245.1171875,0,0,0,0,6428,0,0,6428,9.8617825290421,6428,0
0.169,1257.84702344139,1.06837952660767,0.0534189763303835,6.58607161363877,131.721432272775,8.64426627341048,0,1500,1259.765625,240.234375,8.64426627341048,7.1539587053076,4985.98465697028,0,8.64426627341048,0.720355522784206,8.64426627341048,-1.77635683940025e-15,9.99330241177409,6514,86,1259.765625,1.91860155860991,1257.84702344139,1259.765625,1,1,3,3,6514,0,0,6514,9.99330241177409,6514,0
0.17,1261.61314414838,1.03990269885795,0.0519951349428977,6.6057909755481,132.115819510962,8.66464367419675,0,1500,1259.765625,240.234375,8.66464367419675,7.17433610609387,4154.9872141419,0,8.66464367419675,0.722053639516396,8.66464367419675,0,10.125222244666,6600,86,1259.765625,-1.84751914837693,1261.61314414838,1259.765625,0,0,0,0,6600,0,0,6600,10.125222244666,6600,0
0.171,1265.29036248933,1.02973175456941,0.0514865877284704,6.62504484575741,132.500896915148,8.68502107498302,0,1500,1259.765625,240.234375,8.68502107498302,7.19471350688015,3462.48934511825,0,8.68502107498302,0.723751756248585,8.68502107498302,0,10.2575310584814,6686,86,1259.765625,-5.52473748932994,1265.29036248933,1259.765625,1,1,3,3,6686,0,0,6686,10.2575310584814,6686,0
0.172,1268.93428017329,1.02638153095123,0.0513190765475613,6.64412435413443,132.882487082689,8.6145260630801,0,1500,1274.4140625,225.5859375,8.6145260630801,7.21509090766642,5326.81403759854,0,8.6145260630801,0.717877171923341,8.6145260630801,0,10.3902229261121,6773,87,1274.4140625,5.47978232671085,1268.93428017329,1274.4140625,0,1,1,1,6773,0,0,6773,10.3902229261121,6773,0
0.173,1272.48591258542,0.996910627798709,0.0498455313899355,6.66272065795808,133.254413159162,8.63366093942818,0,1500,1274.4140625,225.5859375,8.63366093942818,7.2342257840145,4439.01169799878,0,8.63366093942818,0.719471744952348,8.63366093942818,0,10.5232926217323,6860,87,1274.4140625,1.92814991458317,1272.48591258542,1274.4140625,0,0,0,0,6860,0,0,6860,10.5232926217323,6860,0
0.174,1275.94575949194,0.986339374586348,0.0493169687293174,6.6808363739982,133.616727479964,8.65279581577627,0,1500,1274.4140625,225.5859375,8.65279581577627,7.25336066036259,3699.17641499899,0,8.65279581577627,0.721066317981356,8.65279581577627,0,10.6567286617812,6947,87,1274.4140625,-1.53169699193722,1275.94575949194,1274.4140625,1,0,2,2,6947,0,0,6947,10.6567286617812,6947,0
0.175,1279.37122608665,0.982810076967783,0.0491405038483891,6.69877207514662,133.975441502932,8.67193069212435,0,1500,1274.4140625,225.5859375,8.67193069212435,7.27249553671068,3082.64701249916,0,8.67193069212435,0.722660891010363,8.67193069212435,0,10.7905249269505,7034,87,1274.4140625,-4.9571635866464,1279.37122608665,1274.4140625,1,1,3,3,7034,0,0,7034,10.7905249269505,7034,0
0.176,1282.78370239429,0.981904891126374,0.0490952445563187,6.71663975931103,134.332795186221,8.69106556847244,0,1500,1274.4140625,225.5859375,8.69106556847244,7.29163041305876,2568.87251041596,0,8.69106556847244,0.72425546403937,8.69106556847244,0,10.9246791182589,7121,87,1274.4140625,-8.36963989428955,1282.78370239429,1274.4140625,0,1,1,1,7121,0,0,7121,10.9246791182589,7121,0
0.177,1286.19116018558,0.981977848494731,0.0490988924247366,6.73448116658524,134.689623331705,8.61932803213132,0,1500,1289.0625,210.9375,8.61932803213132,7.31076528940685,4582.1333420133,0,8.61932803213132,0.718277336010944,8.61932803213132,0,11.0591903603293,7209,88,1289.0625,2.87133981442253,1286.19116018558,1289.0625,0,1,1,1,7209,0,0,7209,11.0591903603293,7209,0
0.178,1289.51686930236,0.953753350728831,0.0476876675364416,6.75189453880067,135.037890776013,8.63722038404122,0,1500,1289.0625,210.9375,8.63722038404122,7.32865764131675,3818.44445167775,0,8.63722038404122,0.719768365336769,8.63722038404122,0,11.1940553094112,7297,88,1289.0625,-0.45436930235951,1289.51686930236,1289.0625,0,1,1,1,7297,0,0,7297,11.1940553094112,7297,0
0.179,1292.75471803685,0.943617500034376,0.0471808750017188,6.76884787513018,135.376957502604,8.65511273595112,0,1500,1289.0625,210.9375,8.65511273595112,7.34654999322664,3182.03704306479,0,8.65511273595112,0.721259394662593,8.65511273595112,0,11.3292631830977,7385,88,1289.0625,-3.69221803684923,1292.75471803685,1289.0625,0,1,1,1,7385,0,0,7385,11.3292631830977,7385,0
0.18,1295.95964834398,0.940221449837533,0.0470110724918766,6.78562885097709,135.712577019542,8.67300508786102,0,1500,1289.0625,210.9375,8.67300508786102,7.36444234513654,2651.69753588733,0,8.67300508786102,0.722750423988418,8.67300508786102,0,11.4648081232568,7473,88,1289.0625,-6.89714834397796,1295.95964834398,1289.0625,0,1,1,1,7473,0,0,7473,11.4648081232568,7473,0
0.181,1299.15213252312,0.939336938405293,0.0469668469202647,6.80234465905024,136.046893181005,8.60002502708172,0,1500,1303.7109375,196.2890625,8.60002502708172,7.38233469704644,4651.15419657277,0,8.60002502708172,0.71666875225681,8.60002502708172,-1.77635683940025e-15,11.6006879281619,7562,89,1303.7109375,4.55880497688077,1299.15213252312,1303.7109375,1,1,3,3,7562,0,0,7562,11.6006879281619,7562,0
0.182,1302.26009779512,0.910726278834938,0.0455363139417469,6.81861792716046,136.372358543209,8.61667485455343,0,1500,1303.7109375,196.2890625,8.61667485455343,7.39898452451815,3875.96183047731,0,8.61667485455343,0.718056237879452,8.61667485455343,0,11.7368987595953,7651,89,1303.7109375,1.45083970488031,1302.26009779512,1303.7109375,1,0,2,2,7651,0,0,7651,11.7368987595953,7651,0
0.183,1305.27916769781,0.900417126593405,0.0450208563296703,6.83442574020539,136.688514804108,8.63332468202514,0,1500,1303.7109375,196.2890625,8.63332468202514,7.41563435198986,3229.96819206443,0,8.63332468202514,0.719443723502095,8.63332468202514,0,11.8734296506221,7740,89,1303.7109375,-1.56823019780836,1305.27916769781,1303.7109375,0,0,0,0,7740,0,0,7740,11.8734296506221,7740,0
0.184,1308.26493072799,0.896927088017583,0.0448463544008792,6.85005915887368,137.001183177474,8.64997450949685,0,1500,1303.7109375,196.2890625,8.64997450949685,7.43228417946157,2691.64016005369,0,8.64997450949685,0.720831209124738,8.64997450949685,0,12.0102746740612,7829,89,1303.7109375,-4.55399322798849,1308.26493072799,1303.7109375,0,1,1,1,7829,0,0,7829,12.0102746740612,7829,0
0.185,1311.23810010656,0.895978145452744,0.0447989072726372,6.86562663733635,137.312532746727,8.66662433696856,0,1500,1303.7109375,196.2890625,8.66662433696856,7.44893400693328,2243.03346671141,0,8.66662433696856,0.72221869474738,8.66662433696856,-1.77635683940025e-15,12.1474316021652,7918,89,1303.7109375,-7.52716260656166,1311.23810010656,1303.7109375,1,1,3,3,7918,0,0,7918,12.1474316021652,7918,0
0.186,1314.20639549128,0.895976425434623,0.0447988212717312,6.8811685956269,137.623371912538,8.59240175175107,0,1500,1318.359375,181.640625,8.59240175175107,7.46558383440499,4310.60080559284,0,8.59240175175107,0.716033479312589,8.59240175175107,0,12.2848995857534,8008,90,1318.359375,4.15297950871582,1314.20639549128,1318.359375,0,0,0,0,8008,0,0,8008,12.2848995857534,8008,0
0.187,1317.09299283811,0.867665738644885,0.0433832869322443,6.89628278399136,137.925655679827,8.6078090547846,0,1500,1318.359375,181.640625,8.6078090547846,7.48099113743852,3592.16733799403,0,8.6078090547846,0.71731742123205,8.6078090547846,0,12.4226752904973,8098,90,1318.359375,1.2663821618853,1317.09299283811,1318.359375,1,1,3,3,8098,0,0,8098,12.4226752904973,8098,0
0.188,1319.89174550365,0.857439418420495,0.0428719709210248,6.91093701868011,138.218740373602,8.62321635781812,0,1500,1318.359375,181.640625,8.62321635781812,7.49639844047204,2993.47278166169,0,8.62321635781812,0.71860136315151,8.62321635781812,0,12.5607479371664,8188,90,1318.359375,-1.53237050364783,1319.89174550365,1318.359375,0,0,0,0,8188,0,0,8188,12.5607479371664,8188,0
0.189,1322.65758246978,0.853951312185883,0.0426975656092942,6.92541890716981,138.508378143396,8.63862366085164,0,1500,1318.359375,181.640625,8.63862366085164,7.51180574350556,2494.56065138475,0,8.63862366085164,0.71988530507097,8.63862366085164,0,12.6991116684833,8278,90,1318.359375,-4.29820746977725,1322.65758246978,1318.359375,1,1,3,3,8278,0,0,8278,12.6991116684833,8278,0
0.19,1325.41097124489,0.85297416180209,0.0426487080901045,6.93983561708375,138.796712341675,8.65403096388517,0,1500,1318.359375,181.640625,8.65403096388517,7.52721304653909,2078.80054282062,0,8.65403096388517,0.721169246990431,8.65403096388517,0,12.8377642827149,8368,90,1318.359375,-7.05159624488761,1325.41097124489,1318.359375,0,0,0,0,8368,0,0,8368,12.8377642827149,8368,0
0.191,1328.1595399451,0.852933005336112,0.0426466502668056,6.95422708914453,139.084541782891,8.57856585422949,0,1500,1333.0078125,166.9921875,8.57856585422949,7.54262034957261,4173.74003568385,0,8.57856585422949,0.714880487852458,8.57856585422949,0,12.9767049403438,8459,91,1333.0078125,4.84827255490313,1328.1595399451,1333.0078125,1,0,2,2,8459,0,0,8459,12.9767049403438,8459,0
0.192,1330.82643042429,0.82457869935443,0.0412289349677215,6.9681908950401,139.363817900802,8.59273063282482,0,1500,1333.0078125,166.9921875,8.59273063282482,7.55678512816795,3478.11669640321,0,8.59273063282482,0.716060886068735,8.59273063282482,0,13.1159303106131,8550,91,1333.0078125,2.18138207571474,1330.82643042429,1333.0078125,1,1,3,3,8550,0,0,8550,13.1159303106131,8550,0
0.193,1333.40548333731,0.814307202279053,0.0407153601139526,6.98169478451471,139.633895690294,8.60689541142016,0,1500,1333.0078125,166.9921875,8.60689541142016,7.57094990676328,2898.43058033601,0,8.60689541142016,0.717241284285013,8.60689541142016,0,13.2554296155948,8641,91,1333.0078125,-0.397670837305213,1333.40548333731,1333.0078125,0,1,1,1,8641,0,0,8641,13.2554296155948,8641,0
0.194,1335.95162293738,0.810773339556201,0.04053866697781,6.99502634028572,139.900526805714,8.6210601900155,0,1500,1333.0078125,166.9921875,8.6210601900155,7.58511468535862,2415.35881694667,0,8.6210601900155,0.718421682501291,8.6210601900155,0,13.3951969984686,8732,91,1333.0078125,-2.94381043737894,1335.95162293738,1333.0078125,0,0,0,0,8732,0,0,8732,13.3951969984686,8732,0
0.195,1338.48531497471,0.809750217420293,0.0404875108710146,7.00829272077062,140.165854415412,8.63522496861083,0,1500,1333.0078125,166.9921875,8.63522496861083,7.59927946395395,2012.79901412223,0,8.63522496861083,0.719602080717569,8.63522496861083,-1.77635683940025e-15,13.5352302576445,8823,91,1333.0078125,-5.47750247471026,1338.48531497471,1333.0078125,1,0,2,2,8823,0,0,8823,13.5352302576445,8823,0
0.196,1341.0141869139,0.809663009684021,0.0404831504842011,7.02153386328067,140.430677265613,8.55851733451697,0,1500,1347.65625,152.34375,8.55851733451697,7.61344424254929,4118.73876176852,0,8.55851733451697,0.713209777876414,8.55851733451697,0,13.6755285536311,8915,92,1347.65625,6.64206308609937,1341.0141869139,1347.65625,1,0,2,3,8915,1,0,8915,13.6755285536311,8915,0
0.197,1343.46138036962,0.781262623479531,0.0390631311739766,7.03434733825135,140.686946765027,8.66231200136332,0,1500,1333.0078125,166.9921875,8.66231200136332,7.62636649670644,990.87605147377,0,8.66231200136332,0.721859333446943,8.66231200136331,-1.77635683940025e-15,13.8160885556547,9006,91,1333.0078125,-10.4535678696232,1343.46138036962,1333.0078125,1,1,3,3,9006,0,0,9006,13.8160885556547,9006,0
0.198,1345.90043854944,0.799607387229337,0.0399803693614668,7.047118217017,140.94236434034,8.58560436726945,0,1500,1347.65625,152.34375,8.58560436726945,7.64053127530177,3267.13629289481,0,8.58560436726945,0.715467030605788,8.58560436726945,0,13.9569024847771,9098,92,1347.65625,1.75581145055958,1345.90043854944,1347.65625,1,1,3,3,9098,0,0,9098,13.9569024847771,9098,0
0.199,1348.31380460234,0.778075195328311,0.0389037597664156,7.0597545721207,141.195091442414,8.5985266214266,0,1500,1347.65625,152.34375,8.5985266214266,7.65345352945892,2722.61357741234,0,8.5985266214266,0.716543885118883,8.5985266214266,0,14.0979721207544,9190,92,1347.65625,-0.657554602340952,1348.31380460234,1347.65625,1,1,3,3,9190,0,0,9190,14.0979721207544,9190,0
0.2,1350.66019661519,0.770317456959447,0.0385158728479724,7.07204025197071,141.440805039414,8.61144887558375,0,1500,1347.65625,152.34375,8.61144887558375,7.66637578361607,2268.84464784362,0,8.61144887558375,0.717620739631979,8.61144887558375,0,14.2392904116834,9282,92,1347.65625,-3.00394661519044,1350.66019661519,1347.65625,1,1,3,3,9282,0,0,9282,14.2392904116834,9282,0
0.201,1352.98145311464,0.767692170827285,0.0383846085413643,7.08419432258034,141.683886451607,8.6243711297409,0,1500,1347.65625,152.34375,8.6243711297409,7.67929803777322,1890.70387320301,0,8.6243711297409,0.718697594145075,8.6243711297409,0,14.380852889444,9374,92,1347.65625,-5.32520311464305,1352.98145311464,1347.65625,1,1,3,3,9374,0,0,9374,14.380852889444,9374,0
0.202,1355.29316442098,0.766979568245234,0.0383489784122617,7.09629841467569,141.925968293514,8.54642097120885,0,1500,1362.3046875,137.6953125,8.54642097120885,7.69222029193037,4016.99281100251,0,8.54642097120885,0.712201747600737,8.54642097120885,0,14.5226578703195,9467,93,1362.3046875,7.01152307901953,1355.29316442098,1362.3046875,1,0,2,2,9467,0,0,9467,14.5226578703195,9467,0
0.203,1357.52143885261,0.738317697971692,0.0369158848985846,7.10796563231667,142.159312646333,8.64897311361701,0,1500,1347.65625,152.34375,8.64897311361701,7.70390002164933,906.08775916876,0,8.64897311361701,0.720747759468084,8.64897311361701,0,14.6647017092172,9559,92,1347.65625,-9.86518885260966,1357.52143885261,1347.65625,1,0,2,2,9559,0,0,9559,14.6647017092172,9559,0
0.204,1359.74092489817,0.756536555030853,0.0378268277515427,7.11958683407583,142.391736681517,8.57102295508496,0,1500,1362.3046875,137.6953125,8.57102295508496,7.71682227580648,3196.47938264063,0,8.57102295508496,0.714251912923746,8.57102295508496,0,14.8069765103055,9652,93,1362.3046875,2.56376260182537,1359.74092489817,1362.3046875,0,0,0,0,9652,0,0,9652,14.8069765103055,9652,0
0.205,1361.93447747534,0.734928963407695,0.0367464481703848,7.13107224851198,142.62144497024,8.58270268480392,0,1500,1362.3046875,137.6953125,8.58270268480392,7.72850200552544,2663.73281886719,0,8.58270268480392,0.71522522373366,8.58270268480392,0,14.9494840099988,9745,93,1362.3046875,0.370210024658491,1361.93447747534,1362.3046875,0,1,1,1,9745,0,0,9745,14.9494840099988,9745,0
0.206,1364.06096805718,0.727114637559392,0.0363557318779696,7.14220652716171,142.844130543234,8.59438241452288,0,1500,1362.3046875,137.6953125,8.59438241452288,7.7401817352444,2219.777349056,0,8.59438241452288,0.716198534543573,8.59438241452288,0,15.0922171404529,9838,93,1362.3046875,-1.75628055718221,1364.06096805718,1362.3046875,1,1,3,3,9838,0,0,9838,15.0922171404529,9838,0
0.207,1366.16229229102,0.72443976771439,0.0362219883857195,7.15320903512145,143.064180702429,8.60606214424184,0,1500,1362.3046875,137.6953125,8.60606214424184,7.75186146496336,1849.81445754666,0,8.60606214424184,0.717171845353487,8.60606214424184,0,15.2351714278128,9931,93,1362.3046875,-3.85760479102373,1366.16229229102,1362.3046875,1,0,2,2,9931,0,0,9931,15.2351714278128,9931,0
0.208,1368.25406175239,0.723680185755959,0.036184009287798,7.16416151440948,143.28323028819,8.5268694612716,0,1500,1376.953125,123.046875,8.5268694612716,7.76354119468232,3982.91829795555,0,8.5268694612716,0.710572455105967,8.5268694612716,-1.77635683940025e-15,15.378345186426,10025,94,1376.953125,8.6990632476145,1368.25406175239,1376.953125,0,1,1,1,10025,0,0,10025,15.378345186426,10025,0
0.209,1370.26239265286,0.694972301409664,0.0347486150704832,7.17467711041433,143.493542208287,8.62817907924158,0,1500,1362.3046875,137.6953125,8.62817907924158,7.7739783999631,877.692331629627,0,8.62817907924158,0.719014923270132,8.62817907924158,0,15.5217347706775,10118,93,1362.3046875,-7.95770515286085,1370.26239265286,1362.3046875,1,1,3,3,10118,0,0,10118,15.5217347706775,10118,0
0.21,1372.26193639628,0.713145499110907,0.0356572749555453,7.18514669697245,143.702933939449,8.54898639627134,0,1500,1376.953125,123.046875,8.54898639627134,7.78565812968206,3172.81652635802,0,8.54898639627134,0.712415533022612,8.54898639627134,0,15.6653322847366,10212,94,1376.953125,4.69118860371555,1372.26193639628,1376.953125,0,0,0,0,10212,0,0,10212,15.6653322847366,10212,0
0.211,1374.23554896122,0.691492375423715,0.0345746187711857,7.19548050819751,143.90961016395,8.65029601424131,0,1500,1362.3046875,137.6953125,8.65029601424131,7.79609533496283,202.607521965019,0,8.65029601424131,0.720858001186776,8.65029601424131,0,15.8091394652114,10305,93,1362.3046875,-11.9308614612196,1374.23554896122,1362.3046875,0,1,1,1,10305,0,0,10305,15.8091394652114,10305,0
0.212,1376.22180482954,0.712294911311112,0.0356147455655556,7.2058805196043,144.117610392086,8.57110333127108,0,1500,1376.953125,123.046875,8.57110333127108,7.8077750646818,2610.24585163752,0,8.57110333127108,0.714258610939256,8.57110333127108,0,15.9531522435433,10399,94,1376.953125,0.731320170456456,1376.22180482954,1376.953125,1,0,2,2,10399,0,0,10399,15.9531522435433,10399,0
0.213,1378.19011868632,0.691622327465198,0.0345811163732599,7.21618658685829,144.323731737166,8.58154053655185,0,1500,1376.953125,123.046875,8.58154053655185,7.81821226996257,2175.2048763646,0,8.58154053655185,0.715128378045987,8.58154053655185,0,16.0973737827774,10493,94,1376.953125,-1.23699368631515,1378.19011868632,1376.953125,0,1,1,1,10493,0,0,10493,16.0973737827774,10493,0
0.214,1380.09435446906,0.68412874445258,0.034206437222629,7.22615714210123,144.523142842024,8.50110532914342,0,1500,1391.6015625,108.3984375,8.50110532914342,7.82864947524334,4254.07698030383,0,8.50110532914342,0.708425444095285,8.50110532914342,0,16.24179754728,10588,95,1391.6015625,11.5072080309437,1380.09435446906,1391.6015625,0,0,0,2,10588,1,0,10588,16.24179754728,10588,0
0.215,1381.89483943366,0.652883391648011,0.0326441695824006,7.23558445933072,144.711689186614,8.60117242267521,0,1500,1376.953125,123.046875,8.60117242267521,7.83784415608593,1103.65790025319,0,8.60117242267521,0.716764368556267,8.60117242267521,-1.77635683940025e-15,16.3864162631391,10682,94,1376.953125,-4.9417144336594,1381.89483943366,1376.953125,1,1,3,3,10682,0,0,10682,16.3864162631391,10682,0
0.216,1383.67897101772,0.670082624615726,0.0335041312307863,7.24492615045994,144.898523009199,8.61160962795598,0,1500,1376.953125,123.046875,8.61160962795598,7.84828136136671,919.71491687766,0,8.61160962795598,0.717634135662999,8.61160962795598,0,16.5312206828874,10776,94,1376.953125,-6.72584601772337,1383.67897101772,1376.953125,0,0,0,0,10776,0,0,10776,16.5312206828874,10776,0
0.217,1385.5140566243,0.676700400023237,0.0338350200011619,7.25453463622717,145.090692724543,8.53117442054756,0,1500,1391.6015625,108.3984375,8.53117442054756,7.85871856664748,3207.83534739805,0,8.53117442054756,0.710931201712296,8.53117442054756,0,16.6762150387348,10871,95,1391.6015625,6.08750587569807,1385.5140566243,1391.6015625,1,0,2,2,10871,0,0,10871,16.6762150387348,10871,0
0.218,1387.28825626212,0.65071392049353,0.0325356960246765,7.26382432380746,145.276486476149,8.63124151407935,0,1500,1376.953125,123.046875,8.63124151407935,7.86791324749007,231.789872831709,0,8.63124151407935,0.719270126173279,8.63124151407935,0,16.8213997123123,10965,94,1376.953125,-10.3351312621226,1387.28825626212,1376.953125,0,1,1,1,10965,0,0,10965,16.8213997123123,10965,0
0.219,1389.06207982246,0.669873825576098,0.0334936912788049,7.27311204225064,145.462240845013,8.55080630667092,0,1500,1391.6015625,108.3984375,8.55080630667092,7.87835045277084,2634.56447735976,0,8.55080630667092,0.712567192222577,8.55080630667092,0,16.9667683091356,11060,95,1391.6015625,2.53948267754458,1389.06207982246,1391.6015625,0,0,0,0,11060,0,0,11060,16.9667683091356,11060,0
0.22,1390.81311444423,0.648561088109035,0.0324280544054517,7.28228043809057,145.645608761811,8.56000098751351,0,1500,1391.6015625,108.3984375,8.56000098751351,7.88754513361343,2195.4703977998,0,8.56000098751351,0.713333415626126,8.56000098751351,0,17.1123231260692,11155,95,1391.6015625,0.788448055767958,1390.81311444423,1391.6015625,1,0,2,2,11155,0,0,11155,17.1123231260692,11155,0
0.221,1392.49826883661,0.640800836010143,0.0320400418005072,7.29110388585598,145.82207771712,8.56919566835609,0,1500,1391.6015625,108.3984375,8.56919566835609,7.89673981445601,1829.55866483317,0,8.56919566835609,0.714099639029674,8.56919566835609,-1.77635683940025e-15,17.2580573051521,11250,95,1391.6015625,-0.896706336606712,1392.49826883661,1391.6015625,1,1,3,3,11250,0,0,11250,17.2580573051521,11250,0
0.222,1394.15870723873,0.638090305316224,0.0319045152658112,7.29979792099905,145.995958419981,8.57839034919868,0,1500,1391.6015625,108.3984375,8.57839034919868,7.9059344952986,1524.6322206943,0,8.57839034919868,0.714865862433223,8.57839034919868,0,17.4039664517872,11345,95,1391.6015625,-2.55714473872695,1394.15870723873,1391.6015625,0,1,1,1,11345,0,0,11345,17.4039664517872,11345,0
0.223,1395.80976858769,0.637261603614177,0.0318630801807089,7.3084428580066,146.168857160132,8.58758503004127,0,1500,1391.6015625,108.3984375,8.58758503004127,7.91512917614119,1270.52685057859,0,8.58758503004127,0.715632085836772,8.58758503004127,0,17.5500489108983,11440,95,1391.6015625,-4.20820608769122,1395.80976858769,1391.6015625,0,0,0,0,11440,0,0,11440,17.5500489108983,11440,0
0.224,1397.4571700214,0.637134458872707,0.0318567229436353,7.31706863174267,146.341372634853,8.50590729819465,0,1500,1406.25,93.75,8.50590729819465,7.92432385698377,3500.17862548216,0,8.50590729819465,0.708825608182888,8.50590729819465,0,17.6963040483176,11536,96,1406.25,8.79282997860423,1397.4571700214,1406.25,0,0,0,0,11536,0,0,11536,17.6963040483176,11536,0
0.225,1399.02334120153,0.608606778382619,0.030430338919131,7.32526908486562,146.505381697312,8.60473186728825,0,1500,1391.6015625,108.3984375,8.60473186728825,7.93227601338817,475.40927123513,0,8.60473186728825,0.717060988940688,8.60473186728825,0,17.8427286114535,11631,95,1391.6015625,-7.42177870152977,1399.02334120153,1391.6015625,1,0,2,2,11631,0,0,11631,17.8427286114535,11631,0
0.226,1400.58155986537,0.626791659190032,0.0313395829595016,7.33342789871066,146.668557974213,8.52305413544164,0,1500,1406.25,93.75,8.52305413544164,7.94147069423076,2837.58064269594,0,8.52305413544164,0.710254511286803,8.52305413544164,0,17.9893148521585,11727,96,1406.25,5.66844013462537,1400.58155986537,1406.25,1,0,2,2,11727,0,0,11727,17.9893148521585,11727,0
0.227,1402.11417004124,0.605087401478038,0.0302543700739019,7.3414526268262,146.829052536524,8.62187870453524,0,1500,1391.6015625,108.3984375,8.62187870453524,7.94942285063516,-76.7557144200487,0,8.62187870453524,0.718489892044603,8.62187870453524,0,18.1360645632996,11822,95,1391.6015625,-10.5126075412434,1402.11417004124,1391.6015625,1,1,3,3,11822,0,0,11822,18.1360645632996,11822,0
0.228,1403.65955531375,0.625815368772483,0.0312907684386242,7.34954424519133,146.990884903827,8.54020097268863,0,1500,1406.25,93.75,8.54020097268863,7.95861753147775,2377.44315464996,0,8.54020097268863,0.711683414390719,8.54020097268862,-1.77635683940025e-15,18.2829736984984,11918,96,1406.25,2.59044468624893,1403.65955531375,1406.25,1,1,3,3,11918,0,0,11918,18.2829736984984,11918,0
0.229,1405.18705908802,0.605059454997067,0.0302529727498534,7.35754223625062,147.150844725012,8.54815312909302,0,1500,1406.25,93.75,8.54815312909302,7.96656968788214,1981.20262887497,0,8.54815312909302,0.712346094091085,8.54815312909302,0,18.4300454302668,12014,96,1406.25,1.06294091197856,1405.18705908802,1406.25,1,1,3,3,12014,0,0,12014,18.4300454302668,12014,0
0.23,1406.65051858973,0.597479247955427,0.0298739623977714,7.36520489228294,147.304097845659,8.55610528549742,0,1500,1406.25,93.75,8.55610528549742,7.97452184428654,1651.00219072914,0,8.55610528549742,0.713008773791452,8.55610528549742,0,18.5772732276852,12110,96,1406.25,-0.400518589729018,1406.65051858973,1406.25,1,1,3,3,12110,0,0,12110,18.5772732276852,12110,0
0.231,1408.08995360828,0.594808365534279,0.0297404182767139,7.3727417564156,147.454835128312,8.56405744190182,0,1500,1406.25,93.75,8.56405744190182,7.98247400069094,1375.83515894095,0,8.56405744190182,0.713671453491818,8.56405744190182,0,18.7246528187912,12206,96,1406.25,-1.83995360827794,1408.08995360828,1406.25,1,1,3,3,12206,0,0,12206,18.7246528187912,12206,0
0.232,1409.52027658996,0.593966984695276,0.0296983492347638,7.38023091003477,147.604618200695,8.57200959830622,0,1500,1406.25,93.75,8.57200959830622,7.99042615709534,1146.52929911746,0,8.57200959830622,0.714334133192185,8.57200959830622,-1.77635683940025e-15,18.8721825949772,12302,96,1406.25,-3.27027658995621,1409.52027658996,1406.25,1,1,3,3,12302,0,0,12302,18.8721825949772,12302,0
0.233,1410.94704567419,0.593807645799055,0.0296903822899527,7.38770145549042,147.754029109808,8.48908934202142,0,1500,1420.8984375,79.1015625,8.48908934202142,7.99837831349974,3396.84733259788,0,8.48908934202142,0.707424111835118,8.48908934202142,-1.77635683940025e-15,19.0198619401558,12399,97,1420.8984375,9.95139182581147,1410.94704567419,1420.8984375,1,0,2,3,12399,1,0,12399,19.0198619401558,12399,0
0.234,1412.29263118551,0.565240481356017,0.0282620240678008,7.39474692475234,147.894938495047,8.58667138667683,0,1500,1406.25,93.75,8.58667138667683,8.00508794546595,389.299860498234,0,8.58667138667683,0.715555948889736,8.58667138667683,0,19.1676876092291,12495,96,1406.25,-6.04263118551171,1412.29263118551,1406.25,1,0,2,2,12495,0,0,12495,19.1676876092291,12495,0
0.235,1413.63028865637,0.583383143437717,0.0291691571718859,7.40175088289143,148.035017657829,8.59462354308123,0,1500,1406.25,93.75,8.59462354308123,8.01304010187035,324.416550415195,0,8.59462354308123,0.716218628590103,8.59462354308123,0,19.3156518575881,12591,96,1406.25,-7.38028865636647,1413.63028865637,1406.25,1,0,2,2,12591,0,0,12591,19.3156518575881,12591,0
0.236,1415.02205638438,0.590297980724909,0.0295148990362454,7.40903816167451,148.18076323349,8.51170328679643,0,1500,1420.8984375,79.1015625,8.51170328679643,8.02099225827475,2711.753375346,0,8.51170328679643,0.709308607233036,8.51170328679643,0,19.4637594791781,12688,97,1420.8984375,5.87638111561569,1415.02205638438,1420.8984375,0,0,0,0,12688,0,0,12688,19.4637594791781,12688,0
0.237,1416.35413102707,0.564367700142604,0.0282183850071302,7.41601288819367,148.320257763873,8.51841291876264,0,1500,1420.8984375,79.1015625,8.51841291876264,8.02770189024096,2259.794479455,0,8.51841291876264,0.70986774323022,8.51841291876264,0,19.6120110667045,12785,97,1420.8984375,4.54430647292838,1416.35413102707,1420.8984375,0,1,1,0,12785,1,0,12785,19.6120110667045,12785,0
0.238,1417.60658811853,0.554831669966757,0.0277415834983378,7.42257073818942,148.451414763788,8.61599496341805,0,1500,1406.25,93.75,8.61599496341805,8.03441152220717,-558.244183787503,0,8.61599496341805,0.717999580284838,8.61599496341805,0,19.7603973070648,12881,96,1406.25,-11.3565881185255,1417.60658811853,1406.25,0,1,1,1,12881,0,0,12881,19.7603973070648,12881,0
0.239,1418.90892566717,0.580066440907975,0.0290033220453988,7.42938976164827,148.587795232965,8.53307470713325,0,1500,1420.8984375,79.1015625,8.53307470713325,8.04236367861157,1976.20276351041,0,8.53307470713325,0.711089558927771,8.53307470713325,-1.77635683940025e-15,19.9089158912282,12978,97,1420.8984375,1.98951183283089,1418.90892566717,1420.8984375,1,1,3,3,12978,0,0,12978,19.9089158912282,12978,0
0.24,1420.20721708429,0.560962874610191,0.0280481437305095,7.43618759961202,148.72375199224,8.53978433909946,0,1500,1420.8984375,79.1015625,8.53978433909946,8.04907331057778,1646.83563625868,0,8.53978433909946,0.711648694924955,8.53978433909946,0,20.0575724616472,13075,97,1420.8984375,0.691220415708813,1420.20721708429,1420.8984375,1,0,2,2,13075,0,0,13075,20.0575724616472,13075,0
0.241,1421.44662971353,0.553971497727856,0.0276985748863928,7.44267714896335,148.853542979267,8.54649397106567,0,1500,1420.8984375,79.1015625,8.54649397106567,8.055782942544,1372.36303021557,0,8.54649397106567,0.712207830922139,8.54649397106567,0,20.2063614087724,13172,97,1420.8984375,-0.548192213533639,1421.44662971353,1420.8984375,0,0,0,0,13172,0,0,13172,20.2063614087724,13172,0
0.242,1422.66395304766,0.551493181044131,0.0275746590522066,7.44905103903588,148.981020780718,8.55320360303189,0,1500,1420.8984375,79.1015625,8.55320360303189,8.06249257451021,1143.63585851297,0,8.55320360303189,0.712766966919324,8.55320360303189,0,20.3552788050433,13269,97,1420.8984375,-1.7655155476557,1422.66395304766,1420.8984375,0,1,1,1,13269,0,0,13269,20.3552788050433,13269,0
0.243,1423.87289587197,0.550696701218267,0.0275348350609134,7.45538104886168,149.107620977234,8.5599132349981,0,1500,1420.8984375,79.1015625,8.5599132349981,8.06920220647642,953.029882094143,0,8.5599132349981,0.713326102916508,8.5599132349981,0,20.504323171277,13366,97,1420.8984375,-2.9744583719712,1423.87289587197,1420.8984375,1,1,3,3,13366,0,0,13366,20.504323171277,13366,0
0.244,1425.0785677333,0.550527220115573,0.0275263610057786,7.46169393196531,149.233878639306,8.56662286696431,0,1500,1420.8984375,79.1015625,8.56662286696431,8.07591183844263,794.191568411786,0,8.56662286696431,0.713885238913692,8.56662286696431,0,20.6534939407014,13463,97,1420.8984375,-4.18013023329581,1425.0785677333,1420.8984375,1,0,2,2,13463,0,0,13463,20.6534939407014,13463,0
0.245,1426.28287432074,0.55059172991034,0.027529586495517,7.46799966651163,149.359993330233,8.48246008624132,0,1500,1435.546875,64.453125,8.48246008624132,8.08262147040884,3103.23255700982,0,8.48246008624132,0.706871673853443,8.48246008624132,0,20.8027908866953,13561,98,1435.546875,9.26400067925783,1426.28287432074,1435.546875,0,1,1,1,13561,0,0,13561,20.8027908866953,13561,0
0.246,1427.40682499202,0.52208145069129,0.0261040725345645,7.47388465846477,149.477693169295,8.57879960645855,0,1500,1420.8984375,79.1015625,8.57879960645855,8.08808857793687,144.620880841519,0,8.57879960645855,0.714899967204879,8.57879960645855,0,20.9522109105551,13658,97,1420.8984375,-6.50838749201944,1427.40682499202,1420.8984375,1,1,3,3,13658,0,0,13658,20.9522109105551,13658,0
0.247,1428.52316805612,0.54021876014977,0.0270109380074885,7.47972981707987,149.594596341597,8.49463682573556,0,1500,1435.546875,64.453125,8.49463682573556,8.09479820990308,2561.92365070127,0,8.49463682573556,0.70788640214463,8.49463682573556,0,21.1017463234872,13756,98,1435.546875,7.02370694388105,1428.52316805612,1435.546875,0,0,0,0,13756,0,0,13756,21.1017463234872,13756,0
0.248,1429.61405003139,0.518442673996947,0.0259221336998473,7.48544166174563,149.708833234913,8.59097634595278,0,1500,1420.8984375,79.1015625,8.59097634595278,8.1002653174311,-306.469874415612,0,8.59097634595278,0.715914695496065,8.59097634595278,0,21.2513989424646,13853,97,1420.8984375,-8.71561253139339,1429.61405003139,1420.8984375,0,1,1,1,13853,0,0,13853,21.2513989424646,13853,0
0.249,1430.71778065929,0.539089725879066,0.0269544862939533,7.49122078179919,149.824415635984,8.50681356522979,0,1500,1435.546875,64.453125,8.50681356522979,8.10697494939732,2186.01468798699,0,8.50681356522979,0.708901130435816,8.50681356522979,0,21.4011647320554,13951,98,1435.546875,4.82909434071166,1430.71778065929,1435.546875,1,0,2,2,13951,0,0,13951,21.4011647320554,13951,0
0.25,1431.80367557996,0.518249462343948,0.0259124731171974,7.4969065143081,149.938130286162,8.51228067275782,0,1500,1435.546875,64.453125,8.51228067275782,8.11244205692534,1821.67890665583,0,8.51228067275782,0.709356722729818,8.51228067275782,0,21.5510468707885,14049,98,1435.546875,3.74319942004172,1431.80367557996,1435.546875,0,1,1,1,14049,0,0,14049,21.5510468707885,14049,0
0.251,1432.82556142496,0.510583577863763,0.0255291788931881,7.50225709608055,150.045141921611,8.60862019297504,0,1500,1420.8984375,79.1015625,8.60862019297504,8.11790916445337,-923.340494453479,0,8.60862019297504,0.717385016081254,8.60862019297504,-1.77635683940025e-15,21.7010388318982,14146,97,1420.8984375,-11.927123924962,1432.82556142496,1420.8984375,1,1,3,3,14146,0,0,14146,21.7010388318982,14146,0
0.252,1433.90315642875,0.536488827033656,0.0268244413516828,7.50789937032631,150.157987406526,8.52445741225206,0,1500,1435.546875,64.453125,8.52445741225206,8.12461879641958,1671.95583795543,0,8.52445741225206,0.710371451021005,8.52445741225205,-1.77635683940025e-15,21.8511393458791,14244,98,1435.546875,1.64371857124797,1433.90315642875,1435.546875,0,0,0,0,14244,0,0,14244,21.8511393458791,14244,0
0.253,1434.97889015663,0.517608742071216,0.0258804371035608,7.51353189895416,150.270637979083,8.52992451978008,0,1500,1435.546875,64.453125,8.52992451978008,8.1300859039476,1393.29653162953,0,8.52992451978008,0.710827043315007,8.52992451978008,0,22.0013544438781,14342,98,1435.546875,0.567984843372642,1434.97889015663,1435.546875,1,1,3,3,14342,0,0,14342,22.0013544438781,14342,0
0.254,1435.99657217969,0.510674273600565,0.0255337136800283,7.51886046956642,150.377209391328,8.53539162730811,0,1500,1435.546875,64.453125,8.53539162730811,8.13555301147563,1161.08044302461,0,8.53539162730811,0.711282635609009,8.53539162730811,0,22.15167866254,14440,98,1435.546875,-0.44969717969434,1435.99657217969,1435.546875,0,0,0,0,14440,0,0,14440,22.15167866254,14440,0
0.255,1436.99248594609,0.508190770812999,0.02540953854065,7.52407506185328,150.481501237066,8.54085873483613,0,1500,1435.546875,64.453125,8.54085873483613,8.14102011900365,967.567035853839,0,8.54085873483613,0.711738227903011,8.54085873483613,0,22.3021081301314,14538,98,1435.546875,-1.4456109460898,1436.99248594609,1435.546875,1,1,3,3,14538,0,0,14538,22.3021081301314,14538,0
0.256,1437.98015152834,0.50736593649407,0.0253682968247035,7.52924646674893,150.584929334979,8.54632584236416,0,1500,1435.546875,64.453125,8.54632584236416,8.14648722653168,806.305863211533,0,8.54632584236416,0.712193820197013,8.54632584236416,0,22.4526413896096,14636,98,1435.546875,-2.43327652833523,1437.98015152834,1435.546875,0,0,0,0,14636,0,0,14636,22.4526413896096,14636,0
0.257,1438.96460799158,0.507159435726881,0.025357971786344,7.53440106873679,150.688021374736,8.46092053720298,0,1500,1450.1953125,49.8046875,8.46092053720298,8.1519543340597,3113.32780267628,0,8.46092053720298,0.705076711433582,8.46092053720298,0,22.6032778837739,14735,99,1450.1953125,11.2307045084171,1438.96460799158,1450.1953125,1,0,2,3,14735,1,0,14735,22.6032778837739,14735,0
0.258,1439.86803195674,0.478521313450954,0.0239260656725477,7.53913138555682,150.782627711136,8.55601753298202,0,1500,1435.546875,64.453125,8.55601753298202,8.15617891714954,153.033585563564,0,8.55601753298202,0.713001461081835,8.55601753298202,0,22.7540143918507,14833,98,1435.546875,-4.32115695674202,1439.86803195674,1435.546875,0,1,1,1,14833,0,0,14833,22.7540143918507,14833,0
0.259,1440.76360648064,0.496584092780828,0.0248292046390414,7.54382060279855,150.876412055971,8.56148464051004,0,1500,1435.546875,64.453125,8.56148464051004,8.16164602467756,127.527987969637,0,8.56148464051004,0.713457053375837,8.56148464051004,-1.77635683940025e-15,22.9048431806468,14931,98,1435.546875,-5.21673148064428,1440.76360648064,1435.546875,1,0,2,2,14931,0,0,14931,22.9048431806468,14931,0
0.26,1441.71334255557,0.503415663726122,0.0251707831863061,7.54879340925829,150.975868185166,8.47607933534887,0,1500,1450.1953125,49.8046875,8.47607933534887,8.16711313220559,2547.67957330803,0,8.47607933534887,0.706339944612406,8.47607933534887,-1.77635683940025e-15,23.0557690506808,15030,99,1450.1953125,8.48196994442606,1441.71334255557,1450.1953125,1,1,3,1,15030,1,0,15030,23.0557690506808,15030,0
0.261,1442.60342636695,0.477400798545579,0.023870039927279,7.55345387719646,151.069077543929,8.57117633112791,0,1500,1435.546875,64.453125,8.57117633112791,8.17133771529543,-318.339938909974,0,8.57117633112791,0.714264694260659,8.57117633112791,0,23.2067925993967,15128,98,1435.546875,-7.05655136694963,1442.60342636695,1435.546875,0,0,0,0,15128,0,0,15128,23.2067925993967,15128,0
0.262,1443.49363189084,0.496441986952282,0.0248220993476141,7.55811498241983,151.162299648397,8.57664343865593,0,1500,1435.546875,64.453125,8.57664343865593,8.17680482282345,-265.283282424978,0,8.57664343865593,0.714720286554661,8.57664343865593,0,23.3579075167383,15226,98,1435.546875,-7.94675689083624,1443.49363189084,1435.546875,1,1,3,3,15226,0,0,15226,23.3579075167383,15226,0
0.263,1444.44097420563,0.50363912935022,0.025181956467511,7.56307525518082,151.261505103616,8.49123813349476,0,1500,1450.1953125,49.8046875,8.49123813349476,8.18227193035148,2220.33684797918,0,8.49123813349476,0.70760317779123,8.49123813349476,0,23.5091191340158,15325,99,1450.1953125,5.75433829436997,1444.44097420563,1450.1953125,0,1,1,1,15325,0,0,15325,23.5091191340158,15325,0
0.264,1445.32977808879,0.477761495699742,0.0238880747849871,7.56772902143054,151.354580428611,8.49546271658459,0,1500,1450.1953125,49.8046875,8.49546271658459,8.18649651344131,1850.28070664932,0,8.49546271658459,0.707955226382049,8.49546271658459,0,23.6604282469939,15424,99,1450.1953125,4.86553441120554,1445.32977808879,1450.1953125,0,0,0,0,15424,0,0,15424,23.6604282469939,15424,0
0.265,1446.13942129816,0.468192477564114,0.0234096238782057,7.57196830336149,151.43936606723,8.59055971236363,0,1500,1435.546875,64.453125,8.59055971236363,8.19072109653115,-899.505661125566,0,8.59055971236363,0.715879976030302,8.59055971236363,0,23.811825621038,15522,98,1435.546875,-10.5925462981609,1446.13942129816,1435.546875,1,1,3,3,15522,0,0,15522,23.811825621038,15522,0
0.266,1446.9991415083,0.493362285566528,0.0246681142783264,7.57646978785535,151.529395757107,8.50515440720245,0,1500,1450.1953125,49.8046875,8.50515440720245,8.19618820405917,1691.81819906203,0,8.50515440720245,0.708762867266871,8.50515440720245,0,23.9633089791279,15621,99,1450.1953125,3.19617099170114,1446.9991415083,1450.1953125,0,1,1,1,15621,0,0,15621,23.9633089791279,15621,0
0.267,1447.85491478006,0.474181774445902,0.0237090887222951,7.58095060622819,151.619012124564,8.50937899029229,0,1500,1450.1953125,49.8046875,8.50937899029229,8.20041278714901,1409.84849921836,0,8.50937899029229,0.709114915857691,8.50937899029229,0,24.1148839783801,15720,99,1450.1953125,2.34039771993912,1447.85491478006,1450.1953125,0,0,0,0,15720,0,0,15720,24.1148839783801,15720,0
0.268,1448.65187183449,0.467108920647081,0.023355446032354,7.5851234636072,151.702469272144,8.51360357338213,0,1500,1450.1953125,49.8046875,8.51360357338213,8.20463737023885,1174.87374934863,0,8.51360357338213,0.709466964448511,8.51360357338213,0,24.2665450174091,15819,99,1450.1953125,1.54344066551494,1448.65187183449,1450.1953125,1,0,2,2,15819,0,0,15819,24.2665450174091,15819,0
0.269,1449.42678817195,0.464547371454956,0.0232273685727478,7.58918091606205,151.783618321241,8.51782815647196,0,1500,1450.1953125,49.8046875,8.51782815647196,8.20886195332868,979.061457790526,0,8.51782815647196,0.70981901303933,8.51782815647196,0,24.4182881743606,15918,99,1450.1953125,0.768524328054582,1449.42678817195,1450.1953125,1,1,3,3,15918,0,0,15918,24.4182881743606,15918,0
0.27,1450.19336702148,0.463666938884535,0.0231833469442268,7.59319471353222,151.863894270644,8.5220527395618,0,1500,1450.1953125,49.8046875,8.5220527395618,8.21308653641852,815.884548158771,0,8.5220527395618,0.71017106163015,8.5220527395618,0,24.570111974805,16017,99,1450.1953125,0.00194547851970128,1450.19336702148,1450.1953125,0,1,1,1,16017,0,0,16017,24.570111974805,16017,0
0.271,1450.95671552133,0.463413171443375,0.0231706585721688,7.59719159693099,151.94383193862,8.52627732265164,0,1500,1450.1953125,49.8046875,8.52627732265164,8.21731111950836,679.903790132309,0,8.52627732265164,0.71052311022097,8.52627732265164,0,24.7220158563336,16116,99,1450.1953125,-0.761403021332171,1450.95671552133,1450.1953125,0,0,0,0,16116,0,0,16116,24.7220158563336,16116,0
0.272,1451.71873812939,0.463393206243766,0.0231696603121883,7.60118153797656,152.023630759531,8.53050190574147,0,1500,1450.1953125,49.8046875,8.53050190574147,8.22153570259819,566.586491776925,0,8.53050190574147,0.710875158811789,8.53050190574147,0,24.8739995965077,16215,99,1450.1953125,-1.52342562938952,1451.71873812939,1450.1953125,1,0,2,2,16215,0,0,16215,24.8739995965077,16215,0
0.273,1452.48014605373,0.463460669418649,0.0231730334709325,7.60516826054569,152.103365210914,8.53472648883131,0,1500,1450.1953125,49.8046875,8.53472648883131,8.22576028568803,472.155409814104,0,8.53472648883131,0.711227207402609,8.53472648883131,0,25.0260630997274,16314,99,1450.1953125,-2.28483355372623,1452.48014605373,1450.1953125,1,1,3,3,16314,0,0,16314,25.0260630997274,16314,0
0.274,1453.24120590915,0.463561021908174,0.0231780510954087,7.60915316063025,152.183063212605,8.53895107192115,0,1500,1450.1953125,49.8046875,8.53895107192115,8.22998486877787,393.462841511753,0,8.53895107192115,0.711579255993429,8.53895107192115,0,25.1782063178216,16413,99,1450.1953125,-3.04589340914686,1453.24120590915,1450.1953125,0,1,1,1,16413,0,0,16413,25.1782063178216,16413,0
0.275,1454.00201864549,0.463673939729706,0.0231836969864853,7.61313676680234,152.262735336047,8.54317565501098,0,1500,1450.1953125,49.8046875,8.54317565501098,8.2342094518677,327.885701259794,0,8.54317565501098,0.711931304584249,8.54317565501098,0,25.3304292204607,16512,99,1450.1953125,-3.80670614549103,1454.00201864549,1450.1953125,0,0,0,0,16512,0,0,16512,25.3304292204607,16512,0
0.276,1454.76262346862,0.463791846516411,0.0231895923258206,7.6171192843434,152.342385686868,8.45652782541162,0,1500,1464.84375,35.15625,8.45652782541162,8.23843403495754,2714.64433438316,0,8.45652782541162,0.704710652117635,8.45652782541162,0,25.4827317841302,16612,100,1464.84375,10.0811265313762,1454.76262346862,1464.84375,0,0,0,0,16612,0,0,16612,25.4827317841302,16612,0
0.277,1455.44333392029,0.435249564185045,0.0217624782092522,7.62068347593371,152.413669518674,8.55038229675247,0,1500,1450.1953125,49.8046875,8.55038229675247,8.24141609360919,-179.202638014031,0,8.55038229675247,0.712531858062706,8.55038229675247,0,25.6351109889978,16711,99,1450.1953125,-5.24802142029216,1455.44333392029,1450.1953125,1,0,2,2,16711,0,0,16711,25.6351109889978,16711,0
0.278,1456.11663865629,0.453322973447792,0.0226661486723896,7.62420889128746,152.484177825749,8.55460687984231,0,1500,1450.1953125,49.8046875,8.55460687984231,8.24564067669903,-149.33553167836,0,8.55460687984231,0.712883906653526,8.55460687984231,0,25.7875591788113,16810,99,1450.1953125,-5.92132615629316,1456.11663865629,1450.1953125,1,1,3,3,16810,0,0,16810,25.7875591788113,16810,0
0.279,1456.84428968756,0.46013337595785,0.0230066687978925,7.62801886317781,152.560377263556,8.46795905024294,0,1500,1464.84375,35.15625,8.46795905024294,8.24986525978886,2316.95997360137,0,8.46795905024294,0.705663254186912,8.46795905024294,0,25.9400811848038,16910,100,1464.84375,7.99946031243712,1456.84428968756,1464.84375,1,1,3,3,16910,0,0,16910,25.9400811848038,16910,0
0.28,1457.51237644668,0.434085444322339,0.021704272216117,7.63151695726848,152.63033914537,8.56181352158379,0,1500,1450.1953125,49.8046875,8.56181352158379,8.25284731844051,-510.606271998861,0,8.56181352158379,0.713484460131983,8.56181352158379,0,26.0926776178827,17009,99,1450.1953125,-7.31706394667958,1457.51237644668,1450.1953125,0,1,1,1,17009,0,0,17009,26.0926776178827,17009,0
0.281,1458.18063660218,0.453089083244677,0.0226544541622339,7.6350159592605,152.70031918521,8.47516569198443,0,1500,1464.84375,35.15625,8.47516569198443,8.25707190153035,2015.90102333428,0,8.47516569198443,0.706263807665369,8.47516569198443,0,26.2453421750008,17109,100,1464.84375,6.66311339781828,1458.18063660218,1464.84375,0,1,1,1,17109,0,0,17109,26.2453421750008,17109,0
0.282,1458.82636881022,0.431584605252762,0.0215792302626381,7.63839700519545,152.767940103909,8.56902016332528,0,1500,1450.1953125,49.8046875,8.56902016332528,8.260053960182,-761.488730554765,0,8.56902016332528,0.71408501361044,8.56902016332528,0,26.3980771930224,17208,99,1450.1953125,-8.63105631022245,1458.82636881022,1450.1953125,0,0,0,0,17208,0,0,17208,26.3980771930224,17208,0
0.283,1459.48607617374,0.45228159973151,0.0226140799865755,7.64185122487337,152.837024497467,8.48237233372592,0,1500,1464.84375,35.15625,8.48237233372592,8.26427854327184,1806.83230787103,0,8.48237233372592,0.706864361143826,8.48237233372592,0,26.5508788337656,17308,100,1464.84375,5.3576738262575,1459.48607617374,1464.84375,0,0,0,0,17308,0,0,17308,26.5508788337656,17308,0
0.284,1460.12840077351,0.431408604323798,0.0215704302161899,7.64521442861313,152.904288572263,8.48535439237757,0,1500,1464.84375,35.15625,8.48535439237757,8.26726060192349,1505.69358989252,0,8.48535439237757,0.707112866031464,8.48535439237757,0,26.7037503527538,17408,100,1464.84375,4.71534922648789,1460.12840077351,1464.84375,0,0,0,0,17408,0,0,17408,26.7037503527538,17408,0
0.285,1460.70691784075,0.423679098799983,0.0211839549399992,7.64824353689383,152.964870737877,8.57920886371842,0,1500,1450.1953125,49.8046875,8.57920886371842,8.27024266057514,-1186.66159175623,0,8.57920886371842,0.714934071976535,8.57920886371842,0,26.8566852553644,17507,99,1450.1953125,-10.5116053407532,1460.70691784075,1450.1953125,1,0,2,2,17507,0,0,17507,26.8566852553644,17507,0
0.286,1461.34125150006,0.449509132655603,0.0224754566327802,7.65156490016718,153.031298003344,8.49256103411905,0,1500,1464.84375,35.15625,8.49256103411905,8.27446724366497,1452.52159020314,0,8.49256103411905,0.707713419509921,8.49256103411905,0,27.0096822874781,17607,100,1464.84375,3.50249849993725,1461.34125150006,1464.84375,1,0,2,2,17607,0,0,17607,27.0096822874781,17607,0
0.287,1461.97379581486,0.430549428001222,0.0215274714000611,7.65487689445458,153.097537889092,8.4955430927707,0,1500,1464.84375,35.15625,8.4955430927707,8.27744930231662,1210.43465850262,0,8.4955430927707,0.707961924397559,8.4955430927707,0,27.162747489338,17707,100,1464.84375,2.86995418514016,1461.97379581486,1464.84375,1,0,2,2,17707,0,0,17707,27.162747489338,17707,0
0.288,1462.548346696,0.423533615359127,0.0211766807679563,7.65788523583342,153.157704716668,8.49852515142235,0,1500,1464.84375,35.15625,8.49852515142235,8.28043136096827,1008.69554875218,0,8.49852515142235,0.708210429285196,8.49852515142235,0,27.3158754042963,17807,100,1464.84375,2.2954033040005,1462.548346696,1464.84375,1,0,2,2,17807,0,0,17807,27.3158754042963,17807,0
0.289,1463.1011820748,0.420968043508318,0.0210484021754159,7.66077987510791,153.215597502158,8.501507210074,0,1500,1464.84375,35.15625,8.501507210074,8.28341341961992,840.579623960152,0,8.501507210074,0.708458934172834,8.501507210074,0,27.469062166392,17907,100,1464.84375,1.74256792519668,1463.1011820748,1464.84375,1,0,2,3,17907,1,0,17907,27.469062166392,17907,0
0.29,1463.64581954681,0.420060788771089,0.0210030394385545,7.66363159024277,153.272631804855,8.59536168141485,0,1500,1450.1953125,49.8046875,8.59536168141485,8.28639547827157,-1740.92323003321,0,8.59536168141485,0.716280140117904,8.59536168141485,0,27.6223063239617,18006,99,1450.1953125,-13.4505070468069,1463.64581954681,1450.1953125,1,1,3,3,18006,0,0,18006,27.6223063239617,18006,0
0.291,1464.26699947685,0.448434007673801,0.02242170038369,7.66688408075075,153.337681615015,8.50871385181549,0,1500,1464.84375,35.15625,8.50871385181549,8.29062006136141,990.636891638994,0,8.50871385181549,0.709059487651291,8.50871385181549,0,27.7756103240167,18106,100,1464.84375,0.576750523148121,1464.26699947685,1464.84375,1,1,3,3,18106,0,0,18106,27.7756103240167,18106,0
0.292,1464.89411913958,0.430423211618887,0.0215211605809444,7.67016767162632,153.403353432526,8.51169591046714,0,1500,1464.84375,35.15625,8.51169591046714,8.29360212001306,825.530743032495,0,8.51169591046714,0.709307992538928,8.51169591046714,0,27.928981586496,18206,100,1464.84375,-0.0503691395786063,1464.89411913958,1464.84375,1,1,3,3,18206,0,0,18206,27.928981586496,18206,0
0.293,1465.46613211673,0.423762306960917,0.0211881153480458,7.67316272457093,153.463254491418,8.51467796911879,0,1500,1464.84375,35.15625,8.51467796911879,8.29658417866471,687.942285860413,0,8.51467796911879,0.709556497426566,8.51467796911879,0,28.0824151695371,18306,100,1464.84375,-0.62238211672593,1465.46613211673,1464.84375,1,1,3,3,18306,0,0,18306,28.0824151695371,18306,0
0.294,1466.01751212989,0.421330316853074,0.0210665158426537,7.67604974356877,153.520994871375,8.51766002777044,0,1500,1464.84375,35.15625,8.51766002777044,8.29956623731636,573.285238217011,0,8.51766002777044,0.709805002314203,8.51766002777044,0,28.2359073997131,18406,100,1464.84375,-1.17376212989416,1466.01751212989,1464.84375,1,1,3,3,18406,0,0,18406,28.2359073997131,18406,0
0.295,1466.56110448245,0.420474165665527,0.0210237082832763,7.67889598647098,153.57791972942,8.42976967373289,0,1500,1479.4921875,20.5078125,8.42976967373289,8.30254829596801,2919.14394851418,0,8.42976967373289,0.702480806144407,8.42976967373289,-1.77635683940025e-15,28.3894568978236,18507,101,1479.4921875,12.9310830175532,1466.56110448245,1479.4921875,1,0,2,3,18507,1,0,18507,28.3894568978236,18507,0
0.296,1467.02199369157,0.391543038638225,0.0195771519319112,7.68130919672682,153.626183934536,8.52238162063555,0,1500,1464.84375,35.15625,8.52238162063555,8.30428783018147,-8.78629290485378,0,8.52238162063555,0.710198468386296,8.52238162063555,0,28.5430601405518,18607,100,1464.84375,-2.1782436915712,1467.02199369157,1464.84375,1,0,2,2,18607,0,0,18607,28.5430601405518,18607,0
0.297,1467.47444573509,0.40944559704436,0.020472279852218,7.68367823008683,153.673564601737,8.5253636792872,0,1500,1464.84375,35.15625,8.5253636792872,8.30726988883312,-7.32191075404482,0,8.5253636792872,0.710446973273934,8.5253636792872,0,28.6967092856448,18707,100,1464.84375,-2.63069573508506,1467.47444573509,1464.84375,1,0,2,2,18707,0,0,18707,28.6967092856448,18707,0
0.298,1467.98087459922,0.416166327636152,0.0208083163818076,7.68632988541872,153.726597708374,8.52834573793885,0,1500,1464.84375,35.15625,8.52834573793885,8.31025194748477,-6.10159229503735,0,8.52834573793885,0.710695478161571,8.52834573793885,0,28.8504090965994,18807,100,1464.84375,-3.13712459922044,1467.98087459922,1464.84375,1,0,2,2,18807,0,0,18807,28.8504090965994,18807,0
0.299,1468.50731878685,0.418721281412626,0.0209360640706313,7.68908634073934,153.781726814787,8.5313277965905,0,1500,1464.84375,35.15625,8.5313277965905,8.31323400613642,-5.08466024586446,0,8.5313277965905,0.710943983049209,8.5313277965905,0,29.0041631596502,18907,100,1464.84375,-3.66356878684678,1468.50731878685,1464.84375,1,0,2,2,18907,0,0,18907,29.0041631596502,18907,0
0.3,1469.04112650578,0.419724434549107,0.0209862217274554,7.69188135141974,153.837627028395,8.44343744255295,0,1500,1479.4921875,20.5078125,8.44343744255295,8.31621606478807,2437.16903312845,0,8.44343744255295,0.703619786879413,8.44343744255295,0,29.1579728010554,19008,101,1479.4921875,10.451060994216,1469.04112650578,1479.4921875,0,0,0,2,19008,1,0,19008,29.1579728010554,19008,0
0.301,1469.49788269348,0.391487325135009,0.0195743662567504,7.69427292122599,153.88545842452,8.53604938945561,0,1500,1464.84375,35.15625,8.53604938945561,8.31795559900153,-410.432055726295,0,8.53604938945561,0.711337449121301,8.53604938945561,-1.77635683940025e-15,29.3118355061828,19108,100,1464.84375,-4.65413269348096,1469.49788269348,1464.84375,0,0,0,0,19108,0,0,19108,29.3118355061828,19108,0
0.302,1469.94831396535,0.409649731136747,0.0204824865568374,7.69663137385042,153.932627477008,8.53903144810726,0,1500,1464.84375,35.15625,8.53903144810726,8.32093765765318,-342.026713105246,0,8.53903144810726,0.711585954008939,8.53903144810726,-1.77635683940025e-15,29.4657438092846,19208,100,1464.84375,-5.1045639653521,1469.94831396535,1464.84375,0,0,0,0,19208,0,0,19208,29.4657438092846,19208,0
0.303,1470.4535155527,0.416468532678951,0.0208234266339476,7.69927660317609,153.985532063522,8.45114109406971,0,1500,1479.4921875,20.5078125,8.45114109406971,8.32391971630483,2156.38398907896,0,8.45114109406971,0.704261757839143,8.45114109406971,0,29.6197026148211,19309,101,1479.4921875,9.03867194729855,1470.4535155527,1479.4921875,0,1,1,0,19309,1,0,19309,29.6197026148211,19309,0
0.304,1470.89933190096,0.390398915792351,0.0195199457896176,7.70161089211699,154.03221784234,8.54375304097238,0,1500,1464.84375,35.15625,8.54375304097238,8.3256592505183,-644.419592434198,0,8.54375304097238,0.711979420081031,8.54375304097238,0,29.7737125632021,19409,100,1464.84375,-6.05558190096053,1470.89933190096,1464.84375,0,1,1,1,19409,0,0,19409,29.7737125632021,19409,0
0.305,1471.34540911754,0.409369605793772,0.0204684802896886,7.7039465469612,154.078930939224,8.54673509962403,0,1500,1464.84375,35.15625,8.54673509962403,8.32864130916995,-537.016327028499,0,8.54673509962403,0.712227924968669,8.54673509962403,0,29.927767364562,19509,100,1464.84375,-6.50165911753584,1471.34540911754,1464.84375,0,1,1,1,19509,0,0,19509,29.927767364562,19509,0
0.306,1471.84871410189,0.416490279151462,0.0208245139575731,7.70658184569682,154.131636913936,8.45884474558648,0,1500,1479.4921875,20.5078125,8.45884474558648,8.3316233678216,1993.89264414292,0,8.45884474558648,0.704903728798873,8.45884474558648,0,30.0818723618595,19610,101,1479.4921875,7.64347339810593,1471.84871410189,1479.4921875,1,1,3,3,19610,0,0,19610,30.0818723618595,19610,0
0.307,1472.29355314999,0.390533849517747,0.0195266924758873,7.70891101750605,154.178220350121,8.55145669248914,0,1500,1464.84375,35.15625,8.55145669248914,8.33336290203506,-779.829046547568,0,8.55145669248914,0.712621391040761,8.55145669248914,0,30.2360283592691,19710,100,1464.84375,-7.44980314999339,1472.29355314999,1464.84375,1,1,3,3,19710,0,0,19710,30.2360283592691,19710,0
0.308,1472.7389992482,0.409547418552864,0.0204773709276432,7.71124336782222,154.224867356444,8.46356633845159,0,1500,1479.4921875,20.5078125,8.46356633845159,8.33634496068671,1791.54871121036,0,8.46356633845159,0.705297194870966,8.46356633845159,0,30.390229128327,19811,101,1479.4921875,6.7531882517992,1472.7389992482,1479.4921875,1,0,2,2,19811,0,0,19811,30.390229128327,19811,0
0.309,1473.16210307917,0.388022415321343,0.0194011207660672,7.71345873430068,154.269174686014,8.55617828535425,0,1500,1464.84375,35.15625,8.55617828535425,8.33808449490017,-948.448990658034,0,8.55617828535425,0.713014857112854,8.55617828535425,0,30.5444770362276,19911,100,1464.84375,-8.31835307917027,1473.16210307917,1464.84375,1,0,2,2,19911,0,0,19911,30.5444770362276,19911,0
0.31,1473.59927503056,0.408687474634369,0.0204343737317185,7.71574776128542,154.314955225708,8.4682879313167,0,1500,1479.4921875,20.5078125,8.4682879313167,8.34106655355182,1651.03209111831,0,8.4682879313167,0.705690660943058,8.4682879313167,0,30.698768258597,20012,101,1479.4921875,5.89291246943958,1473.59927503056,1479.4921875,0,0,0,0,20012,0,0,20012,30.698768258597,20012,0
0.311,1474.01912231707,0.387778230772374,0.0193889115386187,7.71794607653696,154.358921530739,8.47002746553016,0,1500,1479.4921875,20.5078125,8.47002746553016,8.34280608776528,1375.86007593192,0,8.47002746553016,0.705835622127513,8.47002746553016,-1.77635683940025e-15,30.853106058577,20113,101,1479.4921875,5.47306518293226,1474.01912231707,1479.4921875,0,1,1,0,20113,1,0,20113,30.853106058577,20113,0
0.312,1474.37520686118,0.380010808355294,0.0190005404177647,7.71981053085001,154.396210617,8.56263941243282,0,1500,1464.84375,35.15625,8.56263941243282,8.34454562197874,-1294.8561867234,0,8.56263941243282,0.713553284369402,8.56263941243282,0,31.0074839468236,20213,100,1464.84375,-9.53145686117682,1474.37520686118,1464.84375,0,1,1,1,20213,0,0,20213,31.0074839468236,20213,0
0.313,1474.78714751473,0.405802243108102,0.0202901121554051,7.72196744706822,154.439348941364,8.47474905839527,0,1500,1479.4921875,20.5078125,8.47474905839527,8.34752768063039,1362.3594277305,0,8.47474905839527,0.706229088199606,8.47474905839527,0,31.1619006735916,20314,101,1479.4921875,4.70503998526692,1474.78714751473,1479.4921875,1,1,3,3,20314,0,0,20314,31.1619006735916,20314,0
0.314,1475.19733606665,0.386803625405103,0.0193401812702551,7.72411518930368,154.482303786074,8.47648859260873,0,1500,1479.4921875,20.5078125,8.47648859260873,8.34926721484385,1135.29952310875,0,8.47648859260873,0.706374049384061,8.47648859260873,0,31.316362283128,20415,101,1479.4921875,4.29485143335364,1475.19733606665,1479.4921875,1,0,2,3,20415,1,0,20415,31.316362283128,20415,0
0.315,1475.54956727452,0.379748723784855,0.0189874361892428,7.7259594675954,154.519189351908,8.5691005395114,0,1500,1464.84375,35.15625,8.5691005395114,8.35100674905732,-1495.32331407604,0,8.5691005395114,0.71409171162595,8.5691005395114,0,31.470863322619,20515,100,1464.84375,-10.7058172745228,1475.54956727452,1464.84375,1,0,2,2,20515,0,0,20515,31.470863322619,20515,0
0.316,1475.95982097677,0.40580629041833,0.0202903145209165,7.72810755095722,154.562151019144,8.48121018547385,0,1500,1479.4921875,20.5078125,8.48121018547385,8.35398880770897,1195.30348826997,0,8.48121018547385,0.706767515456154,8.48121018547385,0,31.6254029288653,20616,101,1479.4921875,3.53236652322812,1475.95982097677,1479.4921875,0,0,0,0,20616,0,0,20616,31.6254029288653,20616,0
0.317,1476.36913312316,0.386907483816041,0.0193453741908021,7.73025070434406,154.605014086881,8.48294971968731,0,1500,1479.4921875,20.5078125,8.48294971968731,8.35572834192243,996.086240224972,0,8.48294971968731,0.706912476640609,8.48294971968731,0,31.7799872904899,20717,101,1479.4921875,3.12305437684427,1476.36913312316,1479.4921875,0,1,1,1,20717,0,0,20717,31.7799872904899,20717,0
0.318,1476.72079327813,0.379890418003289,0.0189945209001645,7.73209199260975,154.641839852195,8.48468925390077,0,1500,1479.4921875,20.5078125,8.48468925390077,8.35746787613589,830.071866854143,0,8.48468925390077,0.707057437825064,8.48468925390077,0,31.9346110088243,20818,101,1479.4921875,2.77139422187406,1476.72079327813,1479.4921875,1,1,3,3,20818,0,0,20818,31.9346110088243,20818,0
0.319,1477.05089037545,0.377300370240974,0.0188650185120487,7.7338203769696,154.676407539392,8.57730120080343,0,1500,1464.84375,35.15625,8.57730120080343,8.35920741034935,-1749.67969428821,0,8.57730120080343,0.714775100066953,8.57730120080343,0,32.0892702421694,20918,100,1464.84375,-12.2071403754455,1477.05089037545,1464.84375,1,1,3,3,20918,0,0,20918,32.0892702421694,20918,0
0.32,1477.45257389133,0.405022272568354,0.0202511136284177,7.73592358694055,154.718471738811,8.48941084676588,0,1500,1479.4921875,20.5078125,8.48941084676588,8.362189469001,983.339838093155,0,8.48941084676588,0.707450903897157,8.48941084676588,-1.77635683940025e-15,32.2439665495486,21019,101,1479.4921875,2.03961360867197,1477.45257389133,1479.4921875,1,0,2,2,21019,0,0,21019,32.2439665495486,21019,0
0.321,1477.85837377616,0.386744397159238,0.0193372198579619,7.73804835016889,154.760967003378,8.49115038097934,0,1500,1479.4921875,20.5078125,8.49115038097934,8.36392900321446,819.449865077629,0,8.49115038097934,0.707595865081612,8.49115038097934,0,32.3987070224989,21120,101,1479.4921875,1.63381372384356,1477.85837377616,1479.4921875,0,0,0,0,21120,0,0,21120,32.3987070224989,21120,0
0.322,1478.20841044302,0.379959508407875,0.0189979754203937,7.73988113787072,154.797622757414,8.4928899151928,0,1500,1479.4921875,20.5078125,8.4928899151928,8.36566853742792,682.874887564691,0,8.4928899151928,0.707740826266067,8.4928899151928,0,32.5534865992088,21221,101,1479.4921875,1.28377705698244,1478.20841044302,1479.4921875,0,1,1,1,21221,0,0,21221,32.5534865992088,21221,0
0.323,1478.53759203179,0.377456787703501,0.0188728393851751,7.74160472863901,154.83209457278,8.49462944940626,0,1500,1479.4921875,20.5078125,8.49462944940626,8.36740807164139,569.062406303909,0,8.49462944940626,0.707885787450522,8.49462944940626,0,32.7083015639337,21322,101,1479.4921875,0.954595468213483,1478.53759203179,1479.4921875,1,1,3,3,21322,0,0,21322,32.7083015639337,21322,0
0.324,1478.85892539221,0.376549687759676,0.0188274843879838,7.74328722617977,154.865744523595,8.49636898361973,0,1500,1479.4921875,20.5078125,8.49636898361973,8.36914760585485,474.218671919924,0,8.49636898361973,0.708030748634977,8.49636898361973,0,32.8631505240454,21423,101,1479.4921875,0.633262107789506,1478.85892539221,1479.4921875,1,0,2,2,21423,0,0,21423,32.8631505240454,21423,0
0.325,1479.17725756616,0.376237275206076,0.0188118637603038,7.7449540095449,154.899080190898,8.49810851783319,0,1500,1479.4921875,20.5078125,8.49810851783319,8.37088714006831,395.182226599937,0,8.49810851783319,0.708175709819432,8.49810851783319,0,33.0180329525549,21524,101,1479.4921875,0.314929933840858,1479.17725756616,1479.4921875,0,0,0,0,21524,0,0,21524,33.0180329525549,21524,0
0.326,1479.49439547043,0.376146628163815,0.0188073314081908,7.74661453972865,154.932290794573,8.49984805204665,0,1500,1479.4921875,20.5078125,8.49984805204665,8.37262667428177,329.318522166614,0,8.49984805204665,0.708320671003887,8.49984805204665,-1.77635683940025e-15,33.1729486450961,21625,101,1479.4921875,-0.00220797043471066,1479.49439547043,1479.4921875,0,1,1,1,21625,0,0,21625,33.1729486450961,21625,0
0.327,1479.81101334411,0.376138803881275,0.0188069401940638,7.74827234703856,154.965446940771,8.50158758626011,0,1500,1479.4921875,20.5078125,8.50158758626011,8.37436620849523,274.432101805512,0,8.50158758626011,0.708465632188343,8.50158758626011,0,33.3278975176113,21726,101,1479.4921875,-0.318825844113917,1479.81101334411,1479.4921875,1,1,3,3,21726,0,0,21726,33.3278975176113,21726,0
0.328,1480.12736340897,0.376162033563523,0.0188081016781761,7.74992875210473,154.998575042095,8.50332712047357,0,1500,1479.4921875,20.5078125,8.50332712047357,8.37610574270869,228.69341817126,0,8.50332712047357,0.708610593372798,8.50332712047357,0,33.4828795309743,21827,101,1479.4921875,-0.635175908965493,1480.12736340897,1479.4921875,1,0,2,2,21827,0,0,21827,33.4828795309743,21827,0
0.329,1480.44354064134,0.37619702697115,0.0188098513485575,7.75158425222217,155.031685044443,8.50506665468703,0,1500,1479.4921875,20.5078125,8.50506665468703,8.37784527692216,190.57784847605,0,8.50506665468703,0.708755554557253,8.50506665468703,0,33.6378946629048,21928,101,1479.4921875,-0.95135314134177,1480.44354064134,1479.4921875,0,0,0,0,21928,0,0,21928,33.6378946629048,21928,0
0.33,1480.75958141882,0.376236594480293,0.0188118297240147,7.75323903786346,155.064780757269,8.5068061889005,0,1500,1479.4921875,20.5078125,8.5068061889005,8.37958481113562,158.814873730042,0,8.5068061889005,0.708900515741708,8.5068061889005,0,33.7929428975042,22029,101,1479.4921875,-1.26739391882393,1480.75958141882,1479.4921875,0,1,1,1,22029,0,0,22029,33.7929428975042,22029,0
0.331,1481.07550027326,0.376278054845535,0.0188139027422767,7.75489318511717,155.097863702343,8.50854572311396,0,1500,1479.4921875,20.5078125,8.50854572311396,8.38132434534908,132.345728108368,0,8.50854572311396,0.709045476926163,8.50854572311396,0,33.9480242213537,22130,101,1479.4921875,-1.58331277326124,1481.07550027326,1479.4921875,1,1,3,3,22130,0,0,22130,33.9480242213537,22130,0
0.332,1481.39130358415,0.376320406549379,0.0188160203274689,7.7565467273863,155.130934547726,8.51028525732742,0,1500,1479.4921875,20.5078125,8.51028525732742,8.38306387956254,110.288106756973,0,8.51028525732742,0.709190438110618,8.51028525732742,-1.77635683940025e-15,34.1031386220606,22231,101,1479.4921875,-1.89911608415241,1481.39130358415,1479.4921875,1,0,2,2,22231,0,0,22231,34.1031386220606,22231,0
0.333,1481.70699468054,0.37636327392761,0.0188181636963805,7.75819968210165,155.163993642033,8.51202479154088,0,1500,1479.4921875,20.5078125,8.51202479154088,8.384803413776,91.9067556308111,0,8.51202479154088,0.709335399295073,8.51202479154088,0,34.2582860877151,22332,101,1479.4921875,-2.21480718053908,1481.70699468054,1479.4921875,0,0,0,0,22332,0,0,22332,34.2582860877151,22332,0
0.334,1482.02257574202,0.376406514525349,0.0188203257262674,7.7598520606756,155.197041213512,8.42289191306514,0,1500,1494.140625,5.859375,8.42289191306514,8.38654294798946,2517.99521302568,0,8.42289191306514,0.701907659422095,8.42289191306514,0,34.413466606686,22434,102,1494.140625,12.1180492579776,1482.02257574202,1494.140625,1,1,3,1,22434,1,0,22434,34.413466606686,22434,0
0.335,1482.25834586878,0.347787721638353,0.0173893860819177,7.7610865501725,155.22173100345,8.51426133552962,0,1500,1479.4921875,20.5078125,8.51426133552962,8.38703995776474,-343.076905811936,0,8.51426133552962,0.709521777960801,8.51426133552962,0,34.568677168521,22535,101,1479.4921875,-2.76615836877522,1482.25834586878,1479.4921875,1,0,2,2,22535,0,0,22535,34.568677168521,22535,0
0.336,1482.48678769822,0.365783810208298,0.0182891905104149,7.76228266879443,155.245653375889,8.51600086974308,0,1500,1479.4921875,20.5078125,8.51600086974308,8.3887794919782,-285.897421509947,0,8.51600086974308,0.709666739145257,8.51600086974308,0,34.7239101253475,22636,101,1479.4921875,-2.9946001982189,1482.48678769822,1479.4921875,0,0,0,0,22636,0,0,22636,34.7239101253475,22636,0
0.337,1482.76965036982,0.372516468882742,0.0186258234441371,7.76376373427953,155.275274685591,8.51774040395654,0,1500,1479.4921875,20.5078125,8.51774040395654,8.39051902619166,-238.247851258289,0,8.51774040395654,0.709811700329712,8.51774040395654,0,34.8791703163399,22737,101,1479.4921875,-3.27746286981528,1482.76965036982,1479.4921875,0,1,1,1,22737,0,0,22737,34.8791703163399,22737,0
0.338,1483.07272426407,0.375052867269547,0.0187526433634774,7.76535062547901,155.30701250958,8.51947993817,0,1500,1479.4921875,20.5078125,8.51947993817,8.39225856040512,-198.539876048574,0,8.51947993817,0.709956661514167,8.51947993817,-1.77635683940025e-15,35.0344613591403,22838,101,1479.4921875,-3.58053676407144,1483.07272426407,1479.4921875,1,1,3,3,22838,0,0,22838,35.0344613591403,22838,0
0.339,1483.38326473175,0.376026027971489,0.0188013013985744,7.76697661156553,155.339532231311,8.43034705969426,0,1500,1494.140625,5.859375,8.43034705969426,8.39399809461858,2275.95635329285,0,8.43034705969426,0.702528921641189,8.43034705969426,0,35.1897845948781,22940,102,1494.140625,10.7573602682478,1483.38326473175,1494.140625,0,0,0,0,22940,0,0,22940,35.1897845948781,22940,0
0.34,1483.61682170627,0.347754586314542,0.0173877293157271,7.76819951302443,155.363990260489,8.52171648215874,0,1500,1479.4921875,20.5078125,8.52171648215874,8.39449510439386,-544.775955589288,0,8.52171648215874,0.710143040179895,8.52171648215874,0,35.3451375175873,23041,101,1479.4921875,-4.12463420627023,1483.61682170627,1479.4921875,0,1,1,1,23041,0,0,23041,35.3451375175873,23041,0
0.341,1483.84410835891,0.365880965560813,0.0182940482780407,7.76938958315474,155.387791663095,8.5234560163722,0,1500,1479.4921875,20.5078125,8.5234560163722,8.39623463860732,-453.979962991073,0,8.5234560163722,0.71028800136435,8.5234560163722,0,35.5005126678325,23142,101,1479.4921875,-4.35192085890844,1483.84410835891,1479.4921875,1,1,3,3,23142,0,0,23142,35.5005126678325,23142,0
0.342,1484.12621451492,0.372663032450473,0.0186331516225236,7.77086668753352,155.41733375067,8.43432313789646,0,1500,1494.140625,5.859375,8.43432313789646,8.39797417282078,2063.08961417411,0,8.43432313789646,0.702860261491372,8.43432313789646,0,35.6559149554675,23244,102,1494.140625,10.014410485076,1484.12621451492,1494.140625,0,0,0,2,23244,1,0,23244,35.6559149554675,23244,0
0.343,1484.34898221385,0.34655634163877,0.0173278170819385,7.77203309647755,155.440661929551,8.52569256036094,0,1500,1479.4921875,20.5078125,8.52569256036094,8.39847118259606,-722.164904854912,0,8.52569256036094,0.710474380030078,8.52569256036094,0,35.8113450259119,23345,101,1479.4921875,-4.85679471385447,1484.34898221385,1479.4921875,0,1,1,1,23345,0,0,23345,35.8113450259119,23345,0
0.344,1484.5720562803,0.365489756807193,0.0182744878403596,7.77320110955812,155.464022191162,8.5274320945744,0,1500,1479.4921875,20.5078125,8.5274320945744,8.40021071680952,-601.804087379093,0,8.5274320945744,0.710619341214533,8.5274320945744,-1.77635683940025e-15,35.9667965941263,23446,101,1479.4921875,-5.07986878029737,1484.5720562803,1479.4921875,1,1,3,3,23446,0,0,23446,35.9667965941263,23446,0
0.345,1484.85240275458,0.372573006986486,0.0186286503493243,7.77466900026492,155.493380005298,8.43829921609866,0,1500,1494.140625,5.859375,8.43829921609866,8.40195025102298,1939.90284385076,0,8.43829921609866,0.703191601341555,8.43829921609866,0,36.1222750077869,23548,102,1494.140625,9.28822224541591,1484.85240275458,1494.140625,0,0,0,2,23548,1,0,23548,36.1222750077869,23548,0
0.346,1485.07432723657,0.346579026410316,0.0173289513205158,7.77583099413537,155.516619882707,8.52966863856314,0,1500,1479.4921875,20.5078125,8.52966863856314,8.40244726079826,-824.820546791037,0,8.52966863856314,0.710805719880261,8.52966863856314,0,36.2777810757057,23649,101,1479.4921875,-5.58213973657371,1485.07432723657,1479.4921875,0,1,1,1,23649,0,0,23649,36.2777810757057,23649,0
0.347,1485.29690208239,0.365554925391421,0.0182777462695711,7.77699639330286,155.539927866057,8.5314081727766,0,1500,1479.4921875,20.5078125,8.5314081727766,8.40418679501172,-687.350455659198,0,8.5314081727766,0.710950681064716,8.5314081727766,0,36.4333085739874,23750,101,1479.4921875,-5.80471458238981,1485.29690208239,1479.4921875,1,1,3,3,23750,0,0,23750,36.4333085739874,23750,0
0.348,1485.5768800124,0.372654488359476,0.0186327244179738,7.77846235431635,155.569247086327,8.44227529430086,0,1500,1494.140625,5.859375,8.44227529430086,8.40592632922518,1868.61420361734,0,8.44227529430086,0.703522941191738,8.44227529430086,0,36.5888628733533,23852,102,1494.140625,8.56374498759692,1485.5768800124,1494.140625,0,0,0,0,23852,0,0,23852,36.5888628733533,23852,0
0.349,1485.79848711544,0.346667063418222,0.0173333531709111,7.7796226863945,155.59245372789,8.53364471676533,0,1500,1479.4921875,20.5078125,8.53364471676533,8.40642333900045,-884.227746985554,0,8.53364471676533,0.711137059730444,8.53364471676533,0,36.7444447914632,23953,101,1479.4921875,-6.30629961544241,1485.79848711544,1479.4921875,0,1,1,1,23953,0,0,23953,36.7444447914632,23953,0
0.35,1486.02076609043,0.365645876307482,0.0182822938153741,7.78078653638596,155.615730727719,8.4445118382896,0,1500,1494.140625,5.859375,8.4445118382896,8.40816287321392,1704.54979417871,0,8.4445118382896,0.703709319857466,8.4445118382896,0,36.9000481079755,24055,102,1494.140625,8.11985890956862,1486.02076609043,1494.140625,1,0,2,3,24055,1,0,24055,36.9000481079755,24055,0
0.351,1486.2207559367,0.344084638807674,0.0172042319403837,7.78183368077234,155.636673615447,8.53588126075407,0,1500,1479.4921875,20.5078125,8.53588126075407,8.40865988298919,-1020.94808818441,0,8.53588126075407,0.711323438396173,8.53588126075407,0,37.0556751961678,24156,101,1479.4921875,-6.72856843669865,1486.2207559367,1479.4921875,0,0,0,0,24156,0,0,24156,37.0556751961678,24156,0
0.352,1486.43486229537,0.364712837249408,0.0182356418624704,7.78295473904483,155.659094780897,8.44674838227833,0,1500,1494.140625,5.859375,8.44674838227833,8.41039941720265,1590.61617651299,0,8.44674838227833,0.703895698523194,8.44674838227833,0,37.2113222369468,24258,102,1494.140625,7.70576270462766,1486.43486229537,1494.140625,1,1,3,1,24258,1,0,24258,37.2113222369468,24258,0
0.353,1486.63169022441,0.343766424195562,0.0171883212097781,7.78398532767131,155.679706553426,8.53811780474281,0,1500,1479.4921875,20.5078125,8.53811780474281,8.41089642697793,-1115.89276957251,0,8.53811780474281,0.711509817061901,8.53811780474281,0,37.3669924983963,24359,101,1479.4921875,-7.1395027244107,1486.63169022441,1479.4921875,1,0,2,2,24359,0,0,24359,37.3669924983963,24359,0
0.354,1486.84450309814,0.364623995036033,0.0182311997518017,7.78509961327247,155.701992265449,8.53985733895627,0,1500,1479.4921875,20.5078125,8.53985733895627,8.41263596119139,-929.910641310424,0,8.53985733895627,0.711654778246356,8.53985733895627,0,37.5226824949697,24460,101,1479.4921875,-7.35231559814019,1486.84450309814,1479.4921875,0,0,0,0,24460,0,0,24460,37.5226824949697,24460,0
0.355,1487.12043787277,0.372425693000154,0.0186212846500077,7.7865444043739,155.730888087478,8.45072446048053,0,1500,1494.140625,5.859375,8.45072446048053,8.41437549540485,1666.48071557465,0,8.45072446048053,0.704227038373378,8.45072446048053,-1.77635683940025e-15,37.6783986182088,24562,102,1494.140625,7.02018712722793,1487.12043787277,1494.140625,1,1,3,3,24562,0,0,24562,37.6783986182088,24562,0
0.356,1487.34013800295,0.346700926773756,0.0173350463386878,7.78769475156548,155.75389503131,8.45122147025581,0,1500,1494.140625,5.859375,8.45122147025581,8.41487250518013,1388.73392964554,0,8.45122147025581,0.70426845585465,8.45122147025581,0,37.834142066683,24664,102,1494.140625,6.8004869970523,1487.34013800295,1494.140625,0,0,0,2,24664,1,0,24664,37.834142066683,24664,0
0.357,1487.48160868743,0.337116296495646,0.0168558148247823,7.78843549033726,155.768709806745,8.54259089272028,0,1500,1479.4921875,20.5078125,8.54259089272028,8.4153695149554,-1284.12797529538,0,8.54259089272028,0.711882574393357,8.54259089272028,0,37.9899037635178,24765,101,1479.4921875,-7.98942118742957,1487.48160868743,1479.4921875,0,1,1,1,24765,0,0,24765,37.9899037635178,24765,0
0.358,1487.67357523454,0.362207530818341,0.018110376540917,7.78944062482747,155.788812496549,8.45345801424454,0,1500,1494.140625,5.859375,8.45345801424454,8.41710904916886,1371.29960392051,0,8.45345801424454,0.704454834520378,8.45345801424454,0,38.1456814980522,24867,102,1494.140625,6.46704976546448,1487.67357523454,1494.140625,1,0,2,2,24867,0,0,24867,38.1456814980522,24867,0
0.359,1487.86182183556,0.342924800067594,0.0171462400033797,7.79042628172555,155.808525634511,8.54482743670902,0,1500,1479.4921875,20.5078125,8.54482743670902,8.41760605894414,-1298.65658006624,0,8.54482743670902,0.712068953059085,8.54482743670902,0,38.3014809596058,24968,101,1479.4921875,-8.36963433556275,1487.86182183556,1479.4921875,0,0,0,0,24968,0,0,24968,38.3014809596058,24968,0
0.36,1488.07110940153,0.364403082276832,0.0182201541138416,7.79152210885841,155.830442177168,8.45569455823328,0,1500,1494.140625,5.859375,8.45569455823328,8.4193455931576,1359.19243327813,0,8.45569455823328,0.704641213186107,8.45569455823328,0,38.4572995651923,25070,102,1494.140625,6.06951559847403,1488.07110940153,1494.140625,1,1,3,3,25070,0,0,25070,38.4572995651923,25070,0
0.361,1488.26570441462,0.343774547521383,0.0171887273760691,7.79254100596437,155.850820119287,8.54706398069775,0,1500,1479.4921875,20.5078125,8.54706398069775,8.41984260293287,-1308.74588893489,0,8.54706398069775,0.712255331724813,8.54706398069775,0,38.6131410440676,25171,101,1479.4921875,-8.77351691462377,1488.26570441462,1479.4921875,1,0,2,2,25171,0,0,25171,38.6131410440676,25171,0
0.362,1488.47725373834,0.364751696377242,0.0182375848188621,7.79364867563313,155.872973512663,8.45793110222202,0,1500,1494.140625,5.859375,8.45793110222202,8.42158213714634,1350.78467588759,0,8.45793110222202,0.704827591851835,8.45793110222202,0,38.7690020831321,25273,102,1494.140625,5.66337126166059,1488.47725373834,1494.140625,0,1,1,1,25273,0,0,25273,38.7690020831321,25273,0
0.363,1488.67258934414,0.343936724623722,0.0171968362311861,7.79467145047338,155.893429009468,8.45842811199729,0,1500,1494.140625,5.859375,8.45842811199729,8.42207914692161,1125.65389657299,0,8.45842811199729,0.704869009333108,8.45842811199729,0,38.9248861397713,25375,102,1494.140625,5.46803565586447,1488.67258934414,1494.140625,1,0,2,3,25375,1,0,25375,38.9248861397713,25375,0
0.364,1488.80461126579,0.336182328477952,0.0168091164238976,7.79536271563867,155.907254312773,8.54979753446177,0,1500,1479.4921875,20.5078125,8.54979753446177,8.42257615669689,-1503.36133618917,0,8.54979753446177,0.712483127871814,8.54979753446177,0,39.0807868007169,25476,101,1479.4921875,-9.31242376578666,1488.80461126579,1479.4921875,0,0,0,0,25476,0,0,25476,39.0807868007169,25476,0
0.365,1488.99269127702,0.361956427596351,0.0180978213798175,7.79634750027463,155.926950005493,8.46066465598603,0,1500,1494.140625,5.859375,8.46066465598603,8.42431569091035,1188.60513650902,0,8.46066465598603,0.705055387998836,8.46066465598603,0,39.2367028482234,25578,102,1494.140625,5.14793372298118,1488.99269127702,1494.140625,1,1,3,3,25578,0,0,25578,39.2367028482234,25578,0
0.366,1489.17912864162,0.342929071498144,0.0171464535749072,7.79732368403294,155.946473680659,8.4611616657613,0,1500,1494.140625,5.859375,8.4611616657613,8.42481270068562,990.504280424187,0,8.4611616657613,0.705096805480109,8.4611616657613,0,39.3926403420664,25680,102,1494.140625,4.96149635837924,1489.17912864162,1494.140625,0,0,0,2,25680,1,0,25680,39.3926403420664,25680,0
0.367,1489.30768318051,0.335841093588985,0.0167920546794493,7.79799679402456,155.959935880491,8.55253108822578,0,1500,1479.4921875,20.5078125,8.55253108822578,8.4253097104609,-1615.98601631318,0,8.55253108822578,0.712710924018815,8.55253108822578,0,39.5485938387747,25781,101,1479.4921875,-9.81549568051378,1489.30768318051,1479.4921875,0,1,1,1,25781,0,0,25781,39.5485938387747,25781,0
0.368,1489.49432125751,0.361863879423063,0.0180931939711531,7.79897402871053,155.979480574211,8.46339820975004,0,1500,1494.140625,5.859375,8.46339820975004,8.42704924467436,1094.75123640569,0,8.46339820975004,0.705283184145837,8.46339820975004,0,39.7045624821391,25883,102,1494.140625,4.64630374248713,1489.49432125751,1494.140625,1,0,2,2,25883,0,0,25883,39.7045624821391,25883,0
0.369,1489.68007335019,0.342929569833634,0.0171464784916817,7.79994662439344,155.998932487869,8.46389521952531,0,1500,1494.140625,5.859375,8.46389521952531,8.42754625444963,912.292697004738,0,8.46389521952531,0.70532460162711,8.46389521952531,0,39.8605524668483,25985,102,1494.140625,4.46055164980976,1489.68007335019,1494.140625,0,1,1,0,25985,1,0,25985,39.8605524668483,25985,0
0.37,1489.80822653839,0.335876646014651,0.0167938323007325,7.80061763291775,156.012352658355,8.55526464198979,0,1500,1479.4921875,20.5078125,8.55526464198979,8.42804326422491,-1681.16233582939,0,8.55526464198979,0.712938720165816,8.55526464198979,0,40.0165583999079,26086,101,1479.4921875,-10.316039038391,1489.80822653839,1479.4921875,1,1,3,3,26086,0,0,26086,40.0165583999079,26086,0
0.371,1489.99457102885,0.361912874361119,0.0180956437180559,7.80159333038816,156.031866607763,8.46613176351405,0,1500,1494.140625,5.859375,8.46613176351405,8.42978279843837,1040.43763680885,0,8.46613176351405,0.705510980292838,8.46613176351405,0,40.1725794441239,26188,102,1494.140625,4.14605397115474,1489.99457102885,1494.140625,0,0,0,0,26188,0,0,26188,40.1725794441239,26188,0
0.372,1490.18007164111,0.342983950236786,0.0171491975118393,7.80256460932271,156.051292186454,8.46662877328933,0,1500,1494.140625,5.859375,8.46662877328933,8.43027980821365,867.031364007371,0,8.46662877328933,0.70555239777411,8.46662877328933,0,40.3286218014757,26290,102,1494.140625,3.96055335888877,1490.18007164111,1494.140625,1,1,3,3,26290,0,0,26290,40.3286218014757,26290,0
0.373,1490.30799096617,0.335933404935843,0.0167966702467921,7.80323439334247,156.064687866849,8.5579981957538,0,1500,1479.4921875,20.5078125,8.5579981957538,8.43077681798892,-1718.88011332719,0,8.5579981957538,0.713166516312817,8.5579981957538,0,40.4846800818888,26391,101,1479.4921875,-10.8158034661703,1490.30799096617,1479.4921875,1,0,2,2,26391,0,0,26391,40.4846800818888,26391,0
0.374,1490.49411006069,0.361970886445538,0.0180985443222769,7.80420891064254,156.084178212851,8.46886531727806,0,1500,1494.140625,5.859375,8.46886531727806,8.43251635220238,1009.00615556067,0,8.46886531727806,0.705738776439839,8.46886531727806,0,40.6407534494578,26493,102,1494.140625,3.6465149393091,1490.49411006069,1494.140625,0,1,1,1,26493,0,0,26493,40.6407534494578,26493,0
0.375,1490.67939030934,0.343042791225583,0.0171521395612792,7.80517903575588,156.103580715118,8.46936232705334,0,1500,1494.140625,5.859375,8.46936232705334,8.43301336197766,840.838462967229,0,8.46936232705334,0.705780193921111,8.46936232705334,0,40.7968481068401,26595,102,1494.140625,3.46123469066174,1490.67939030934,1494.140625,1,0,2,2,26595,0,0,26595,40.7968481068401,26595,0
0.376,1490.80709299785,0.335992911846124,0.0167996455923062,7.80584768546933,156.116953709387,8.46985933682861,0,1500,1494.140625,5.859375,8.46985933682861,8.43351037175293,700.698719139357,0,8.46985933682861,0.705821611402384,8.46985933682861,0,40.9529586644093,26697,102,1494.140625,3.33353200215038,1490.80709299785,1494.140625,0,1,1,1,26697,0,0,26697,40.9529586644093,26697,0
0.377,1490.91329603303,0.333368642534764,0.0166684321267382,7.80640376326116,156.128075265223,8.56122875929309,0,1500,1479.4921875,20.5078125,8.56122875929309,8.43400738152821,-1857.4906507172,0,8.56122875929309,0.713435729941091,8.56122875929309,0,41.1090812875964,26798,101,1479.4921875,-11.4211085330257,1490.91329603303,1479.4921875,1,1,3,3,26798,0,0,26798,41.1090812875964,26798,0
0.378,1491.0911442983,0.361055705337772,0.0180527852668886,7.80733497460057,156.146699492011,8.47209588081735,0,1500,1494.140625,5.859375,8.47209588081735,8.43574691574167,893.497374402331,0,8.47209588081735,0.706007990068112,8.47209588081735,0,41.2652175417914,26900,102,1494.140625,3.04948070169871,1491.0911442983,1494.140625,0,0,0,0,26900,0,0,26900,41.2652175417914,26900,0
0.379,1491.27316555505,0.342742668031353,0.0171371334015676,7.80828803567225,156.165760713445,8.47259289059262,0,1500,1494.140625,5.859375,8.47259289059262,8.43624392551694,744.581145335276,0,8.47259289059262,0.706049407549385,8.47259289059262,-1.77635683940025e-15,41.4213745245636,27002,102,1494.140625,2.86745944494601,1491.27316555505,1494.140625,1,1,3,3,27002,0,0,27002,41.4213745245636,27002,0
0.38,1491.39947892941,0.335922406393927,0.0167961203196963,7.80894941095381,156.178988219076,8.4730899003679,0,1500,1494.140625,5.859375,8.4730899003679,8.43674093529222,620.484287779397,0,8.4730899003679,0.706090825030658,8.4730899003679,0,41.5775471799589,27104,102,1494.140625,2.74114607058846,1491.39947892941,1494.140625,0,0,0,0,27104,0,0,27104,41.5775471799589,27104,0
0.381,1491.50499161679,0.333384144547488,0.0166692072273744,7.80950187409304,156.190037481861,8.47358691014317,0,1500,1494.140625,5.859375,8.47358691014317,8.43723794506749,517.070239816164,0,8.47358691014317,0.706132242511931,8.47358691014317,0,41.7337317979761,27206,102,1494.140625,2.63563338320705,1491.50499161679,1494.140625,1,1,3,3,27206,0,0,27206,41.7337317979761,27206,0
0.382,1491.60270965639,0.332441352344023,0.0166220676172012,7.81001352455192,156.200270491038,8.56495633260765,0,1500,1479.4921875,20.5078125,8.56495633260765,8.43773495484277,-2010.51438348653,0,8.56495633260765,0.713746361050637,8.56495633260765,0,41.8899269916397,27307,101,1479.4921875,-12.1105221563935,1491.60270965639,1479.4921875,1,0,2,2,27307,0,0,27307,41.8899269916397,27307,0
0.383,1491.77718197408,0.36075545516974,0.018037772758487,7.8109270594711,156.218541189422,8.47582345413191,0,1500,1494.140625,5.859375,8.47582345413191,8.43947448905623,765.977597094558,0,8.47582345413191,0.706318621177659,8.47582345413191,0,42.0461352385549,27409,102,1494.140625,2.3634430259176,1491.77718197408,1494.140625,0,1,1,1,27409,0,0,27409,42.0461352385549,27409,0
0.384,1491.95773368357,0.342676597098831,0.0171338298549416,7.81187242601131,156.237448520226,8.47632046390719,0,1500,1494.140625,5.859375,8.47632046390719,8.43997149883151,638.314664245465,0,8.47632046390719,0.706360038658932,8.47632046390719,0,42.2023639764634,27511,102,1494.140625,2.18289131642814,1491.95773368357,1494.140625,1,0,2,2,27511,0,0,27511,42.2023639764634,27511,0
0.385,1492.08329065665,0.33594413838959,0.0167972069194795,7.81252984078501,156.2505968157,8.47681747368246,0,1500,1494.140625,5.859375,8.47681747368246,8.44046850860678,531.928886871221,0,8.47681747368246,0.706401456140205,8.47681747368246,-1.77635683940025e-15,42.3586082764529,27613,102,1494.140625,2.05733434335298,1492.08329065665,1494.140625,0,1,1,1,27613,0,0,27613,42.3586082764529,27613,0
0.386,1492.18831547727,0.333439136323219,0.0166719568161609,7.81307974945989,156.261594989198,8.47731448345774,0,1500,1494.140625,5.859375,8.47731448345774,8.44096551838206,443.274072392684,0,8.47731448345774,0.706442873621478,8.47731448345774,0,42.5148644761534,27715,102,1494.140625,1.95230952272505,1492.18831547727,1494.140625,1,0,2,2,27715,0,0,27715,42.5148644761534,27715,0
0.387,1492.28564849665,0.332509275258114,0.0166254637629057,7.8135893839576,156.271787679152,8.47781149323301,0,1500,1494.140625,5.859375,8.47781149323301,8.44146252815733,369.395060327237,0,8.47781149323301,0.706484291102751,8.47781149323301,0,42.6711312066307,27817,102,1494.140625,1.85497650334787,1492.28564849665,1494.140625,0,1,1,1,27817,0,0,27817,42.6711312066307,27817,0
0.388,1492.38007423362,0.332166376855852,0.0166083188427926,7.81408379596021,156.281675919204,8.47830850300829,0,1500,1494.140625,5.859375,8.47830850300829,8.44195953793261,307.829216939364,0,8.47830850300829,0.706525708584024,8.47830850300829,0,42.8274079534794,27919,102,1494.140625,1.76055076638204,1492.38007423362,1494.140625,1,0,2,2,27919,0,0,27919,42.8274079534794,27919,0
0.389,1492.4733758269,0.332042272681111,0.0166021136340555,7.81457232196024,156.291446439205,8.47880551278356,0,1500,1494.140625,5.859375,8.47880551278356,8.44245654770788,256.52434744947,0,8.47880551278356,0.706567126065297,8.47880551278356,0,42.9836945207267,28021,102,1494.140625,1.66724917310125,1492.4733758269,1494.140625,0,1,1,0,28021,1,0,28021,42.9836945207267,28021,0
0.39,1492.56621817934,0.331999792245806,0.0165999896122903,7.81505844338085,156.301168867617,8.57017493524804,0,1500,1479.4921875,20.5078125,8.57017493524804,8.44295355748316,-2227.63596045878,0,8.57017493524804,0.714181244604003,8.57017493524804,0,43.1399908310971,28122,101,1479.4921875,-13.0740306793389,1492.56621817934,1479.4921875,1,1,3,3,28122,0,0,28122,43.1399908310971,28122,0
0.391,1492.73855220198,0.360650179469408,0.0180325089734704,7.81596078221335,156.319215644267,8.4810420567723,0,1500,1494.140625,5.859375,8.4810420567723,8.44469309169662,585.042949617687,0,8.4810420567723,0.706753504731025,8.4810420567723,-1.77635683940025e-15,43.2962998506194,28224,102,1494.140625,1.40207279801825,1492.73855220198,1494.140625,0,0,0,0,28224,0,0,28224,43.2962998506194,28224,0
0.392,1492.91798985979,0.342697453759442,0.0171348726879721,7.81690031559262,156.338006311852,8.48153906654757,0,1500,1494.140625,5.859375,8.48153906654757,8.44519010147189,487.535791348073,0,8.48153906654757,0.706794922212298,8.48153906654757,0,43.4526291994685,28326,102,1494.140625,1.22263514020574,1492.91798985979,1494.140625,1,1,3,3,28326,0,0,28326,43.4526291994685,28326,0
0.393,1493.04281869508,0.336012819342562,0.0168006409671281,7.81755391784574,156.351078356915,8.48203607632285,0,1500,1494.140625,5.859375,8.48203607632285,8.44568711124717,406.279826123394,0,8.48203607632285,0.706836339693571,8.48203607632285,0,43.6089740171562,28428,102,1494.140625,1.09780630492446,1493.04281869508,1494.140625,0,0,0,0,28428,0,0,28428,43.6089740171562,28428,0
0.394,1493.14726340999,0.333526454940666,0.0166763227470333,7.81810078909421,156.362015781884,8.48253308609812,0,1500,1494.140625,5.859375,8.48253308609812,8.44618412102244,338.566521769495,0,8.48253308609812,0.706877757174843,8.48253308609812,0,43.7653306672532,28530,102,1494.140625,0.993361590010409,1493.14726340999,1494.140625,1,1,3,3,28530,0,0,28530,43.7653306672532,28530,0
0.395,1493.24407567004,0.332604346306903,0.0166302173153452,7.81860769690248,156.37215393805,8.4830300958734,0,1500,1494.140625,5.859375,8.4830300958734,8.44668113079772,282.138768141246,0,8.4830300958734,0.706919174656116,8.4830300958734,0,43.921697790933,28632,102,1494.140625,0.89654932995677,1493.24407567004,1494.140625,0,0,0,0,28632,0,0,28632,43.921697790933,28632,0
0.396,1493.33800689537,0.332265133829392,0.0166132566914696,7.8190995196482,156.381990392964,8.48352710564867,0,1500,1494.140625,5.859375,8.48352710564867,8.44717814057299,235.115640117705,0,8.48352710564867,0.706960592137389,8.48352710564867,0,44.0780748779918,28734,102,1494.140625,0.802618104629801,1493.33800689537,1494.140625,1,1,3,3,28734,0,0,28734,44.0780748779918,28734,0
0.397,1493.4308278369,0.332143189684078,0.0166071594842039,7.81958552896157,156.391710579231,8.48402411542395,0,1500,1494.140625,5.859375,8.48402411542395,8.44767515034827,195.929700098087,0,8.48402411542395,0.707002009618662,8.48402411542395,-1.77635683940025e-15,44.2344617344523,28836,102,1494.140625,0.7097971630958,1493.4308278369,1494.140625,0,0,0,0,28836,0,0,28836,44.2344617344523,28836,0
0.398,1493.52319872672,0.33210229008894,0.016605114504447,7.82006918180965,156.401383636193,8.48452112519922,0,1500,1494.140625,5.859375,8.48452112519922,8.44817216012354,163.27475008174,0,8.48452112519922,0.707043427099935,8.48452112519922,0,44.3908582842073,28938,102,1494.140625,0.617426273280898,1493.52319872672,1494.140625,1,1,3,3,28938,0,0,28938,44.3908582842073,28938,0
0.399,1493.61536604258,0.332091680653768,0.0166045840326884,7.82055176874702,156.41103537494,8.4850181349745,0,1500,1494.140625,5.859375,8.4850181349745,8.44866916989882,136.062291734783,0,8.4850181349745,0.707084844581208,8.4850181349745,0,44.5472644951161,29040,102,1494.140625,0.525258957416781,1493.61536604258,1494.140625,0,0,0,0,29040,0,0,29040,44.5472644951161,29040,0
0.4,1493.70742210254,0.332092450452902,0.0166046225226451,7.82103377314983,156.420675462997,8.48551514474977,0,1500,1494.140625,5.859375,8.48551514474977,8.44916617967409,113.385243112319,0,8.48551514474977,0.707126262062481,8.48551514474977,0,44.703680351471,29142,102,1494.140625,0.433202897455885,1493.70742210254,1494.140625,1,1,3,3,29142,0,0,29142,44.703680351471,29142,0
0.401,1493.79940178254,0.332097552540849,0.0166048776270424,7.82151537762811,156.430307552562,8.48601215452505,0,1500,1494.140625,5.859375,8.48601215452505,8.44966318944937,94.4877025935993,0,8.48601215452505,0.707167679543754,8.48601215452505,0,44.8601058437359,29244,102,1494.140625,0.341223217457127,1493.79940178254,1494.140625,0,0,0,0,29244,0,0,29244,44.8601058437359,29244,0
0.402,1493.8913185507,0.332104360168553,0.0166052180084277,7.82199665270075,156.439933054015,8.48650916430032,0,1500,1494.140625,5.859375,8.48650916430032,8.45016019922464,78.7397521613327,0,8.48650916430032,0.707209097025027,8.48650916430032,0,45.0165409647259,29346,102,1494.140625,0.249306449299638,1493.8913185507,1494.140625,1,1,3,3,29346,0,0,29346,45.0165409647259,29346,0
0.403,1493.98317789275,0.332111893442617,0.0166055946721309,7.82247762709101,156.44955254182,8.4870061740756,0,1500,1494.140625,5.859375,8.4870061740756,8.45065720899992,65.6164601344439,0,8.4870061740756,0.7072505145063,8.4870061740756,-1.77635683940025e-15,45.1729857081801,29448,102,1494.140625,0.157447107246071,1493.98317789275,1494.140625,0,0,0,0,29448,0,0,29448,45.1729857081801,29448,0
0.404,1494.07498231409,0.33211978605775,0.0166059893028875,7.82295831391709,156.459166278342,8.48750318385087,0,1500,1494.140625,5.859375,8.48750318385087,8.45115421877519,54.68038344537,0,8.48750318385087,0.707291931987573,8.48750318385087,0,45.3294400682313,29550,102,1494.140625,0.0656426859075054,1494.07498231409,1494.140625,1,1,3,3,29550,0,0,29550,45.3294400682313,29550,0
0.405,1494.16673320343,0.332127900330633,0.0166063950165316,7.82343872045026,156.468774409005,8.48800019362615,0,1500,1494.140625,5.859375,8.48800019362615,8.45165122855047,45.566986204475,0,8.48800019362615,0.707333349468846,8.48800019362615,0,45.4859040392065,29652,102,1494.140625,-0.0261082034303399,1494.16673320343,1494.140625,0,0,0,0,29652,0,0,29652,45.4859040392065,29652,0
0.406,1494.25843152726,0.332136183772379,0.016606809188619,7.82391885175108,156.478377035022,8.48849720340142,0,1500,1494.140625,5.859375,8.48849720340142,8.45214823832574,37.9724885037291,0,8.48849720340142,0.707374766950118,8.48849720340142,0,45.6423776155523,29754,102,1494.140625,-0.117806527259518,1494.25843152726,1494.140625,1,1,3,3,29754,0,0,29754,45.6423776155523,29754,0
0.407,1494.35007808867,0.332144615651273,0.0166072307825636,7.8243987120245,156.48797424049,8.4889942131767,0,1500,1494.140625,5.859375,8.4889942131767,8.45264524810102,31.6437404197743,0,8.4889942131767,0.707416184431391,8.4889942131767,0,45.7988607918074,29856,102,1494.140625,-0.209453088669761,1494.35007808867,1494.140625,0,0,0,0,29856,0,0,29856,45.7988607918074,29856,0
0.408,1494.44167362385,0.332153187083397,0.0166076593541699,7.82487830512521,156.497566102504,8.48949122295197,0,1500,1494.140625,5.859375,8.48949122295197,8.45314225787629,26.3697836831452,0,8.48949122295197,0.707457601912664,8.48949122295197,0,45.9553535625899,29958,102,1494.140625,-0.301048623850647,1494.44167362385,1494.140625,1,1,3,3,29958,0,0,29958,45.9553535625899,29958,0
0.409,1494.53321883814,0.332161893614723,0.0166080946807362,7.82535763474637,156.507152694927,8.48998823272725,0,1500,1494.140625,5.859375,8.48998823272725,8.45363926765157,21.9748197359544,0,8.48998823272725,0.707499019393937,8.48998823272725,-1.77635683940025e-15,46.1118559225934,30060,102,1494.140625,-0.392593838144649,1494.53321883814,1494.140625,0,0,0,0,30060,0,0,30060,46.1118559225934,30060,0
0.41,1494.62471441953,0.332170732457215,0.0166085366228607,7.82583670449024,156.516734089805,8.49048524250252,0,1500,1494.140625,5.859375,8.49048524250252,8.45413627742684,18.312349779962,0,8.49048524250252,0.70754043687521,8.49048524250252,0,46.2683678665847,30162,102,1494.140625,-0.484089419532211,1494.62471441953,1494.140625,1,1,3,3,30162,0,0,30162,46.2683678665847,30162,0
0.411,1494.71616104376,0.332179701458857,0.0166089850729428,7.826315517895,156.5263103579,8.4909822522778,0,1500,1494.140625,5.859375,8.4909822522778,8.45463328720212,15.2602914833016,0,8.4909822522778,0.707581854356483,8.4909822522778,0,46.4248893894016,30264,102,1494.140625,-0.575536043756074,1494.71616104376,1494.140625,0,0,0,0,30264,0,0,30264,46.4248893894016,30264,0
0.412,1494.80755937631,0.332188798719733,0.0166094399359866,7.82679407844517,156.535881568903,8.49147926205307,0,1500,1494.140625,5.859375,8.49147926205307,8.45513029697739,12.716909569418,0,8.49147926205307,0.707623271837756,8.49147926205307,0,46.5814204859525,30366,102,1494.140625,-0.666934376308518,1494.80755937631,1494.140625,1,1,3,3,30366,0,0,30366,46.5814204859525,30366,0
0.413,1494.89891007324,0.332198022448734,0.0166099011224367,7.82727238957582,156.545447791516,8.49197627182835,0,1500,1494.140625,5.859375,8.49197627182835,8.45562730675267,10.5974246411817,0,8.49197627182835,0.707664689319029,8.49197627182835,0,46.7379611512145,30468,102,1494.140625,-0.758285073243542,1494.89891007324,1494.140625,0,0,0,0,30468,0,0,30468,46.7379611512145,30468,0
0.414,1494.99021378155,0.332207370910033,0.0166103685455016,7.8277504546746,156.555009093492,8.49247328160362,0,1500,1494.140625,5.859375,8.49247328160362,8.45612431652794,8.83118720098475,0,8.49247328160362,0.707706106800302,8.49247328160362,0,46.8945113802331,30570,102,1494.140625,-0.849588781552256,1494.99021378155,1494.140625,1,1,3,3,30570,0,0,30570,46.8945113802331,30570,0
0.415,1495.08147113938,0.332216842402887,0.0166108421201444,7.82822827708285,156.564565541657,8.4929702913789,0,1500,1494.140625,5.859375,8.4929702913789,8.45662132630322,7.35932266748729,0,8.4929702913789,0.707747524281575,8.4929702913789,-1.77635683940025e-15,47.0510711681213,30672,102,1494.140625,-0.940846139383893,1495.08147113938,1494.140625,0,0,0,0,30672,0,0,30672,47.0510711681213,30672,0
0.416,1495.1726827762,0.332226435253948,0.0166113217626974,7.82870586009642,156.574117201928,8.49346730115417,0,1500,1494.140625,5.859375,8.49346730115417,8.45711833607849,6.13276888957274,0,8.49346730115417,0.707788941762848,8.49346730115417,0,47.2076405100581,30774,102,1494.140625,-1.03205777619996,1495.1726827762,1494.140625,1,1,3,3,30774,0,0,30774,47.2076405100581,30774,0
0.417,1495.2638493129,0.332236147814206,0.0166118073907103,7.82918320696636,156.583664139327,8.49396431092945,0,1500,1494.140625,5.859375,8.49396431092945,8.45761534585377,5.11064074131062,0,8.49396431092945,0.707830359244121,8.49396431092945,0,47.3642194012885,30876,102,1494.140625,-1.12322431290363,1495.2638493129,1494.140625,0,0,0,0,30876,0,0,30876,47.3642194012885,30876,0
0.418,1495.35497136197,0.332245978457619,0.0166122989228809,7.82966032089957,156.593206417991,8.49446132070472,0,1500,1494.140625,5.859375,8.49446132070472,8.45811235562904,4.25886728442552,0,8.49446132070472,0.707871776725393,8.49446132070472,0,47.5208078371216,30978,102,1494.140625,-1.21434636197159,1495.35497136197,1494.140625,1,1,3,3,30978,0,0,30978,47.5208078371216,30978,0
0.419,1495.44604952755,0.332255925580462,0.0166127962790231,7.83013720505939,156.602744101188,8.49495833048,0,1500,1494.140625,5.859375,8.49495833048,8.45860936540432,3.5490560703546,0,8.49495833048,0.707913194206666,8.49495833048,0,47.6774058129302,31080,102,1494.140625,-1.30542452755117,1495.44604952755,1494.140625,0,0,0,0,31080,0,0,31080,47.6774058129302,31080,0
0.42,1495.5370844056,0.332265987600865,0.0166132993800432,7.83061386256621,156.612277251324,8.49545534025527,0,1500,1494.140625,5.859375,8.49545534025527,8.45910637517959,2.9575467252955,0,8.49545534025527,0.707954611687939,8.49545534025527,0,47.8340133241505,31182,102,1494.140625,-1.39645940559785,1495.5370844056,1494.140625,1,1,3,3,31182,0,0,31182,47.8340133241505,31182,0
0.421,1495.62807658395,0.332276162958485,0.0166138081479242,7.83109029649798,156.621805929959,8.40507993734135,0,1500,1508.7890625,-8.7890625,8.40507993734135,8.45960338495487,2443.87087227108,0,8.40507993734135,0.700423328111779,8.40507993734135,0,47.9906303662799,31285,103,1508.7890625,13.1609859160451,1495.62807658395,1508.7890625,0,1,1,0,31285,1,0,31285,47.9906303662799,31285,0
0.422,1495.63932400409,0.303624098943817,0.0151812049471908,7.8311491878521,156.622983757042,8.49520683536764,0,1500,1494.140625,5.859375,8.49520683536764,8.45885787029196,-404.8471897741,0,8.49520683536764,0.707933902947303,8.49520683536764,0,48.1472539358547,31387,102,1494.140625,-1.4986990040918,1495.63932400409,1494.140625,1,0,2,2,31387,0,0,31387,48.1472539358547,31387,0
0.423,1495.64330831371,0.321586732096532,0.0160793366048266,7.83117004964848,156.62340099297,8.49570384514291,0,1500,1494.140625,5.859375,8.49570384514291,8.45935488006723,-337.372658145084,0,8.49570384514291,0.707975320428576,8.49570384514291,0,48.3038763918799,31489,102,1494.140625,-1.50268331371012,1495.64330831371,1494.140625,0,1,1,1,31489,0,0,31489,48.3038763918799,31489,0
0.424,1495.70177773311,0.328285760571969,0.0164142880285985,7.83147619481254,156.629523896251,8.49620085491819,0,1500,1494.140625,5.859375,8.49620085491819,8.45985188984251,-281.14388178757,0,8.49620085491819,0.708016737909849,8.49620085491819,0,48.4605025803071,31591,102,1494.140625,-1.56115273310797,1495.70177773311,1494.140625,1,0,2,2,31591,0,0,31591,48.4605025803071,31591,0
0.425,1495.78052175739,0.330788358961471,0.0165394179480736,7.83188849755955,156.637769951191,8.49669786469346,0,1500,1494.140625,5.859375,8.49669786469346,8.46034889961778,-234.286568156308,0,8.49669786469346,0.708058155391122,8.49669786469346,0,48.6171361254623,31693,102,1494.140625,-1.63989675739208,1495.78052175739,1494.140625,0,1,1,1,31693,0,0,31693,48.6171361254623,31693,0
0.426,1495.86679487188,0.331727553146074,0.0165863776573037,7.83234022253065,156.646804450613,8.49719487446874,0,1500,1494.140625,5.859375,8.49719487446874,8.46084590939306,-195.238806796923,0,8.49719487446874,0.708099572872395,8.49719487446874,0,48.7737783750667,31795,102,1494.140625,-1.72616987187507,1495.86679487188,1494.140625,1,0,2,2,31795,0,0,31795,48.7737783750667,31795,0
0.427,1495.95584879764,0.332084332245762,0.0166042166122881,7.83280650779556,156.656130155911,8.49769188424401,0,1500,1494.140625,5.859375,8.49769188424401,8.46134291916833,-162.699005664103,0,8.49769188424401,0.708140990353668,8.49769188424401,-1.77635683940025e-15,48.9304298286793,31897,102,1494.140625,-1.81522379763624,1495.95584879764,1494.140625,0,1,1,1,31897,0,0,31897,48.9304298286793,31897,0
0.428,1496.04591479216,0.332224183825439,0.016611209191272,7.8332780922401,156.665561844802,8.49818889401929,0,1500,1494.140625,5.859375,8.49818889401929,8.46183992894361,-135.582504720086,0,8.49818889401929,0.70818240783494,8.49818889401929,0,49.0870906698926,31999,102,1494.140625,-1.90528979215583,1496.04591479216,1494.140625,1,0,2,2,31999,0,0,31999,49.0870906698926,31999,0
0.429,1496.13633419833,0.332283277216302,0.0166141638608151,7.83375152714371,156.675030542874,8.49868590379456,0,1500,1494.140625,5.859375,8.49868590379456,8.46233693871888,-112.985420600071,0,8.49868590379456,0.708223825316213,8.49868590379456,0,49.2437609646138,32101,102,1494.140625,-1.99570919832604,1496.13633419833,1494.140625,0,1,1,1,32101,0,0,32101,49.2437609646138,32101,0
0.43,1496.22686194063,0.332312344357264,0.0166156172178632,7.83422552929397,156.684510585879,8.40831050088064,0,1500,1508.7890625,-8.7890625,8.40831050088064,8.46283394849416,2347.25173283327,0,8.40831050088064,0.700692541740053,8.40831050088064,0,49.4004407349379,32204,103,1508.7890625,12.5622005593734,1496.22686194063,1508.7890625,0,0,0,2,32204,1,0,32204,49.4004407349379,32204,0
0.431,1496.23770438941,0.303667934503866,0.0151833967251933,7.83428230022307,156.685646004461,8.49843739890692,0,1500,1494.140625,5.859375,8.49843739890692,8.46208843383124,-485.363139305605,0,8.49843739890692,0.708203116575577,8.49843739890692,0,49.5571269876465,32306,102,1494.140625,-2.09707938941438,1496.23770438941,1494.140625,1,1,3,3,32306,0,0,32306,49.5571269876465,32306,0
0.432,1496.24130903228,0.321634026641502,0.0160817013320751,7.83430117408898,156.68602348178,8.4989344086822,0,1500,1494.140625,5.859375,8.4989344086822,8.46258544360652,-404.469282754671,0,8.4989344086822,0.70824453405685,8.4989344086822,0,49.7138120858938,32408,102,1494.140625,-2.1006840322807,1496.24130903228,1494.140625,0,0,0,0,32408,0,0,32408,49.7138120858938,32408,0
0.433,1496.29941131966,0.328334942852558,0.0164167471426279,7.83460539695431,156.692107939086,8.49943141845747,0,1500,1494.140625,5.859375,8.49943141845747,8.46308245338179,-337.057735628892,0,8.49943141845747,0.708285951538123,8.49943141845747,-1.77635683940025e-15,49.8705008775054,32510,102,1494.140625,-2.15878631966234,1496.29941131966,1494.140625,1,1,3,3,32510,0,0,32510,49.8705008775054,32510,0
0.434,1496.37779594679,0.330838835440411,0.0165419417720205,7.8350158179022,156.700316358044,8.49992842823275,0,1500,1494.140625,5.859375,8.49992842823275,8.46357946315707,-280.88144635741,0,8.49992842823275,0.708327369019396,8.49992842823275,0,50.0271969878286,32612,102,1494.140625,-2.23717094678841,1496.37779594679,1494.140625,0,0,0,0,32612,0,0,32612,50.0271969878286,32612,0
0.435,1496.46371556905,0.331779094664076,0.0165889547332038,7.83546569199234,156.709313839847,8.50042543800802,0,1500,1494.140625,5.859375,8.50042543800802,8.46407647293234,-234.067871964509,0,8.50042543800802,0.708368786500669,8.50042543800802,0,50.1839017652837,32714,102,1494.140625,-2.32309056904683,1496.46371556905,1494.140625,1,1,3,3,32714,0,0,32714,50.1839017652837,32714,0
0.436,1496.5524211847,0.332136845509295,0.0166068422754647,7.83593015350977,156.718603070195,8.5009224477833,0,1500,1494.140625,5.859375,8.5009224477833,8.46457348270762,-195.056559970424,0,8.5009224477833,0.708410203981942,8.5009224477833,0,50.3406157100045,32816,102,1494.140625,-2.41179618469619,1496.5524211847,1494.140625,0,0,0,0,32816,0,0,32816,50.3406157100045,32816,0
0.437,1496.64214374141,0.33227762626815,0.0166138813134075,7.83639993971817,156.727998794363,8.41054704486938,0,1500,1508.7890625,-8.7890625,8.41054704486938,8.46507049248289,2278.85911669131,0,8.41054704486938,0.700878920405781,8.41054704486938,0,50.4973390061079,32919,103,1508.7890625,12.1469187585876,1496.64214374141,1508.7890625,1,0,2,2,32919,0,0,32919,50.4973390061079,32919,0
0.438,1496.65252178829,0.303675274107034,0.0151837637053517,7.83645427904455,156.729085580891,8.50067394289566,0,1500,1494.140625,5.859375,8.50067394289566,8.46432497781998,-542.356986090572,0,8.50067394289566,0.708389495241305,8.50067394289566,0,50.6540687209798,33021,102,1494.140625,-2.51189678828996,1496.65252178829,1494.140625,0,1,1,1,33021,0,0,33021,50.6540687209798,33021,0
0.439,1496.65579122823,0.321657466208283,0.0160828733104142,7.83647139779205,156.729427955841,8.50117095267094,0,1500,1494.140625,5.859375,8.50117095267094,8.46482198759526,-451.964155075477,0,8.50117095267094,0.708430912722578,8.50117095267094,-1.77635683940025e-15,50.8107972405889,33123,102,1494.140625,-2.51516622823146,1496.65579122823,1494.140625,1,0,2,2,33123,0,0,33123,50.8107972405889,33123,0
0.44,1496.71360865098,0.328364805431024,0.0164182402715512,7.83677412910964,156.735482582193,8.50166796244621,0,1500,1494.140625,5.859375,8.50166796244621,8.46531899737053,-376.636795896231,0,8.50166796244621,0.708472330203851,8.50166796244621,0,50.9675294214929,33225,102,1494.140625,-2.57298365097859,1496.71360865098,1494.140625,0,1,1,1,33225,0,0,33225,50.9675294214929,33225,0
0.441,1496.79172934061,0.330871509908979,0.016543575495449,7.83718316808405,156.743663361681,8.50216497222149,0,1500,1494.140625,5.859375,8.50216497222149,8.46581600714581,-313.863996580192,0,8.50216497222149,0.708513747685124,8.50216497222149,0,51.1242688925215,33327,102,1494.140625,-2.65110434061171,1496.79172934061,1494.140625,1,0,2,2,33327,0,0,33327,51.1242688925215,33327,0
0.442,1496.87739496526,0.331813229934078,0.0165906614967039,7.83763171224581,156.752634244916,8.41178956930756,0,1500,1508.7890625,-8.7890625,8.41178956930756,8.46631301692108,2179.85291951651,0,8.41178956930756,0.700982464108964,8.41178956930756,0,51.2810170036183,33430,103,1508.7890625,11.9116675347407,1496.87739496526,1508.7890625,1,1,3,1,33430,1,0,33430,51.2810170036183,33430,0
0.443,1496.88614976212,0.303509581422496,0.0151754790711248,7.83767755225498,156.7535510451,8.50191646733385,0,1500,1494.140625,5.859375,8.50191646733385,8.46556750225817,-624.862150402911,0,8.50191646733385,0.708493038944488,8.50191646733385,0,51.4377712566849,33532,102,1494.140625,-2.74552476211989,1496.88614976212,1494.140625,0,0,0,0,33532,0,0,33532,51.4377712566849,33532,0
0.444,1496.8887041899,0.321603354543054,0.0160801677271527,7.83769092720755,156.753818544151,8.50241347710913,0,1500,1494.140625,5.859375,8.50241347710913,8.46606451203345,-520.718458669093,0,8.50241347710913,0.708534456425761,8.50241347710913,0,51.5945241997384,33634,102,1494.140625,-2.74807918989791,1496.8887041899,1494.140625,1,1,3,3,33634,0,0,33634,51.5945241997384,33634,0
0.445,1496.9461464809,0.328352554280504,0.0164176277140252,7.83799169433993,156.759833886799,8.5029104868844,0,1500,1494.140625,5.859375,8.5029104868844,8.46656152180872,-433.93204889091,0,8.5029104868844,0.708575873907033,8.5029104868844,-1.77635683940025e-15,51.7512807498688,33736,102,1494.140625,-2.80552148090464,1496.9461464809,1494.140625,0,0,0,0,33736,0,0,33736,51.7512807498688,33736,0
0.446,1497.0240201452,0.330875139491048,0.0165437569745524,7.83839943989268,156.767988797854,8.50340749665968,0,1500,1494.140625,5.859375,8.50340749665968,8.467058531584,-361.610040742425,0,8.50340749665968,0.708617291388306,8.50340749665968,0,51.908044558614,33838,102,1494.140625,-2.88339514519612,1497.0240201452,1494.140625,1,1,3,3,33838,0,0,33838,51.908044558614,33838,0
0.447,1497.10948792993,0.331823057059885,0.0165911528529943,7.83884694816707,156.776938963341,8.50390450643495,0,1500,1494.140625,5.859375,8.50390450643495,8.46755554135927,-301.341700618688,0,8.50390450643495,0.708658708869579,8.50390450643495,0,52.064816984532,33940,102,1494.140625,-2.96886292992826,1497.10948792993,1494.140625,0,0,0,0,33940,0,0,33940,52.064816984532,33940,0
0.448,1497.19776728723,0.332184345769783,0.0166092172884891,7.839309177801,156.78618355602,8.41352910352103,0,1500,1508.7890625,-8.7890625,8.41352910352103,8.46805255113455,2190.28816615109,0,8.41352910352103,0.701127425293419,8.41352910352103,0,52.221598531908,34043,103,1508.7890625,11.5912952127701,1497.19776728723,1508.7890625,1,0,2,2,34043,0,0,34043,52.221598531908,34043,0
0.449,1497.20737397981,0.303664768753188,0.0151832384376594,7.83935947832574,156.787189566515,8.50365600154731,0,1500,1494.140625,5.859375,8.50365600154731,8.46730703647163,-616.166111540756,0,8.50365600154731,0.708638000128943,8.50365600154731,0,52.378386387752,34145,102,1494.140625,-3.06674897981156,1497.20737397981,1494.140625,0,1,1,1,34145,0,0,34145,52.378386387752,34145,0
0.45,1497.21012554886,0.321678412278775,0.0160839206139387,7.83937388550759,156.787477710152,8.50415301132259,0,1500,1494.140625,5.859375,8.50415301132259,8.46780404624691,-513.471759617296,0,8.50415301132259,0.708679417610216,8.50415301132259,0,52.5351729829361,34247,102,1494.140625,-3.06950054886079,1497.21012554886,1494.140625,1,0,2,2,34247,0,0,34247,52.5351729829361,34247,0
0.451,1497.26752267142,0.328398072870029,0.0164199036435015,7.83967441613853,156.793488322771,8.50465002109786,0,1500,1494.140625,5.859375,8.50465002109786,8.46830105602218,-427.893133014414,0,8.50465002109786,0.708720835091489,8.50465002109786,-1.77635683940025e-15,52.6919631910781,34349,102,1494.140625,-3.12689767141842,1497.26752267142,1494.140625,0,1,1,1,34349,0,0,34349,52.6919631910781,34349,0
0.452,1497.34526250046,0.330909963210531,0.0165454981605265,7.84008146093153,156.801629218631,8.41427461818394,0,1500,1508.7890625,-8.7890625,8.41427461818394,8.46879806579746,2084.82863915466,0,8.41427461818394,0.701189551515328,8.41427461818394,0,52.8487606476888,34452,103,1508.7890625,11.4437999995425,1497.34526250046,1508.7890625,0,0,0,2,34452,1,0,34452,52.8487606476888,34452,0
0.453,1497.35086236578,0.303191851358793,0.0151595925679396,7.8401107817578,156.802215635156,8.50440151621023,0,1500,1494.140625,5.859375,8.50440151621023,8.46805255113455,-704.049050704454,0,8.50440151621023,0.708700126350852,8.50440151621023,0,53.0055637064996,34554,102,1494.140625,-3.21023736578081,1497.35086236578,1494.140625,1,1,3,3,34554,0,0,34554,53.0055637064996,34554,0
0.454,1497.35204209259,0.32150430756689,0.0160752153783445,7.84011695879295,156.802339175859,8.5048985259855,0,1500,1494.140625,5.859375,8.5048985259855,8.46854956090982,-586.707542253711,0,8.5048985259855,0.708741543832125,8.5048985259855,0,53.1623652331844,34656,102,1494.140625,-3.21141709259496,1497.35204209259,1494.140625,0,0,0,0,34656,0,0,34656,53.1623652331844,34656,0
0.455,1497.4087756516,0.328335504078376,0.0164167752039188,7.84041401501324,156.808280300265,8.50539553576078,0,1500,1494.140625,5.859375,8.50539553576078,8.4690465706851,-488.922951878093,0,8.50539553576078,0.708782961313398,8.50539553576078,0,53.3191702634685,34758,102,1494.140625,-3.26815065159803,1497.4087756516,1494.140625,1,1,3,3,34758,0,0,34758,53.3191702634685,34758,0
0.456,1497.48619137414,0.330889153573455,0.0165444576786728,7.8408193627886,156.816387255772,8.50589254553605,0,1500,1494.140625,5.859375,8.50589254553605,8.46954358046037,-407.435793231744,0,8.50589254553605,0.708824378794671,8.50589254553605,0,53.475982493371,34860,102,1494.140625,-3.34556637414039,1497.48619137414,1494.140625,0,0,0,0,34860,0,0,34860,53.475982493371,34860,0
0.457,1497.57129728743,0.331849152451555,0.0165924576225777,7.84126497630855,156.825299526171,8.41551714262213,0,1500,1508.7890625,-8.7890625,8.41551714262213,8.47004059023565,2101.87642230688,0,8.41551714262213,0.701293095218511,8.41551714262213,0,53.6328032983003,34963,103,1508.7890625,11.2177652125681,1497.57129728743,1508.7890625,1,0,2,2,34963,0,0,34963,53.6328032983003,34963,0
0.458,1497.57955052521,0.303553091893689,0.0151776545946845,7.84130819016053,156.826163803211,8.50564404064842,0,1500,1494.140625,5.859375,8.50564404064842,8.46929507557274,-689.842564744267,0,8.50564404064842,0.708803670054035,8.50564404064842,0,53.7896301900704,35065,102,1494.140625,-3.43892552521447,1497.57955052521,1494.140625,0,1,1,1,35065,0,0,35065,53.7896301900704,35065,0
0.459,1497.58162903916,0.321650459282797,0.0160825229641399,7.84131907323409,156.826381464682,8.50614105042369,0,1500,1494.140625,5.859375,8.50614105042369,8.46979208534801,-574.868803953556,0,8.50614105042369,0.708845087535308,8.50614105042369,0,53.9464557208109,35167,102,1494.140625,-3.44100403915809,1497.58162903916,1494.140625,1,0,2,2,35167,0,0,35167,53.9464557208109,35167,0
0.46,1497.63860889635,0.328401754937161,0.016420087746858,7.84161741906866,156.832348381373,8.50663806019897,0,1500,1494.140625,5.859375,8.50663806019897,8.47028909512329,-479.057336627963,0,8.50663806019897,0.70888650501658,8.50663806019897,0,54.1032848095582,35269,102,1494.140625,-3.49798389634543,1497.63860889635,1494.140625,0,1,1,1,35269,0,0,35269,54.1032848095582,35269,0
0.461,1497.71602902111,0.330925867544272,0.0165462933772136,7.84202278989397,156.840455797879,8.41626265728504,0,1500,1508.7890625,-8.7890625,8.41626265728504,8.47078610489856,2042.19180281003,0,8.41626265728504,0.70135522144042,8.41626265728504,0,54.2601211089833,35372,103,1508.7890625,11.0730334788941,1497.71602902111,1508.7890625,0,0,0,2,35372,1,0,35372,54.2601211089833,35372,0
0.462,1497.72134776108,0.303212739387055,0.0151606369693527,7.84205063875136,156.841012775027,8.50638955531133,0,1500,1494.140625,5.859375,8.50638955531133,8.47004059023565,-739.579747658307,0,8.50638955531133,0.708865796275944,8.50638955531133,0,54.4169629794465,35474,102,1494.140625,-3.58072276108078,1497.72134776108,1494.140625,1,1,3,3,35474,0,0,35474,54.4169629794465,35474,0
0.463,1497.72226293611,0.321527476565215,0.0160763738282608,7.84205543059662,156.841108611932,8.5068865650866,0,1500,1494.140625,5.859375,8.5068865650866,8.47053760001092,-616.316456381923,0,8.5068865650866,0.708907213757217,8.5068865650866,-1.77635683940025e-15,54.5738032893228,35576,102,1494.140625,-3.58163793611266,1497.72226293611,1494.140625,0,0,0,0,35576,0,0,35576,54.5738032893228,35576,0
0.464,1497.77874028847,0.32835994132849,0.0164179970664245,7.84235114532203,156.847022906441,8.50738357486188,0,1500,1494.140625,5.859375,8.50738357486188,8.4710346097862,-513.597046984936,0,8.50738357486188,0.70894863123849,8.50738357486188,0,54.7306470755732,35678,102,1494.140625,-3.63811528846531,1497.77874028847,1494.140625,1,1,3,3,35678,0,0,35678,54.7306470755732,35678,0
0.465,1497.85590505434,0.330914476083189,0.0165457238041595,7.84275517909132,156.855103581826,8.41700817194796,0,1500,1508.7890625,-8.7890625,8.41700817194796,8.47153161956147,2013.40871084589,0,8.41700817194796,0.70141734766233,8.41700817194796,0,54.8874980349031,35781,103,1508.7890625,10.9331574456639,1497.85590505434,1508.7890625,0,1,1,0,35781,1,0,35781,54.8874980349031,35781,0
0.466,1497.86106144027,0.303212860753482,0.0151606430376741,7.84278217786496,156.855643557299,8.50713506997424,0,1500,1494.140625,5.859375,8.50713506997424,8.47078610489856,-763.565657628428,0,8.50713506997424,0.708927922497854,8.50713506997424,0,55.0443545441755,35883,102,1494.140625,-3.72043644027485,1497.86106144027,1494.140625,1,0,2,2,35883,0,0,35883,55.0443545441755,35883,0
0.467,1497.86184982501,0.321532063265421,0.0160766031632711,7.84278630583777,156.855726116755,8.50763207974952,0,1500,1494.140625,5.859375,8.50763207974952,8.47128311467384,-636.304714690356,0,8.50763207974952,0.708969339979126,8.50763207974952,0,55.2012094780113,35985,102,1494.140625,-3.72122482500731,1497.86184982501,1494.140625,0,1,1,1,35985,0,0,35985,55.2012094780113,35985,0
0.468,1497.91821453748,0.328366365278321,0.0164183182639161,7.84308143078214,156.861628615643,8.50812908952479,0,1500,1494.140625,5.859375,8.50812908952479,8.47178012444911,-530.25392890863,0,8.50812908952479,0.709010757460399,8.50812908952479,0,55.3580678757923,36087,102,1494.140625,-3.77758953747843,1497.91821453748,1494.140625,1,0,2,2,36087,0,0,36087,55.3580678757923,36087,0
0.469,1497.99527282367,0.330921755776343,0.0165460877888171,7.84348490702513,156.869698140503,8.41775368661087,0,1500,1508.7890625,-8.7890625,8.41775368661087,8.47227713422439,1999.52797590947,0,8.41775368661087,0.701479473884239,8.41775368661087,0,55.5149334352199,36190,103,1508.7890625,10.7937896763299,1497.99527282367,1508.7890625,1,1,3,3,36190,0,0,36190,55.5149334352199,36190,0
0.47,1498.00032590115,0.3032206281834,0.01516103140917,7.84351136487693,156.870227297539,8.50788058463716,0,1500,1494.140625,5.859375,8.50788058463716,8.47153161956148,-775.132936742104,0,8.50788058463716,0.708990048719763,8.50788058463716,0,55.6718045336209,36292,102,1494.140625,-3.85970090114711,1498.00032590115,1494.140625,0,0,0,0,36292,0,0,36292,55.6718045336209,36292,0
0.471,1498.00101302314,0.32154017902955,0.0160770089514775,7.84351496263927,156.870299252785,8.50837759441243,0,1500,1494.140625,5.859375,8.50837759441243,8.47202862933675,-645.944113951754,0,8.50837759441243,0.709031466201036,8.50837759441243,0,55.8286740458794,36394,102,1494.140625,-3.86038802313942,1498.00101302314,1494.140625,1,1,3,3,36394,0,0,36394,55.8286740458794,36394,0
0.472,1498.05727808752,0.32837477517655,0.0164187387588275,7.84380956582744,156.876191316549,8.50887460418771,0,1500,1494.140625,5.859375,8.50887460418771,8.47252563911203,-538.286761626461,0,8.50887460418771,0.709072883682309,8.50887460418771,0,55.9855470115659,36496,102,1494.140625,-3.91665308751658,1498.05727808752,1494.140625,0,0,0,0,36496,0,0,36496,55.9855470115659,36496,0
0.473,1498.13423816809,0.330930437383285,0.0165465218691642,7.844212527867,156.88425055734,8.41849920127378,0,1500,1508.7890625,-8.7890625,8.41849920127378,8.4730226488873,1992.83394864462,0,8.41849920127378,0.701541600106149,8.41849920127378,0,56.1424271285402,36599,103,1508.7890625,10.6548243319146,1498.13423816809,1508.7890625,1,0,2,2,36599,0,0,36599,56.1424271285402,36599,0
0.474,1498.13919440684,0.303229570942329,0.0151614785471164,7.84423847867243,156.884769573449,8.50862609930007,0,1500,1494.140625,5.859375,8.50862609930007,8.47227713422439,-780.711292796154,0,8.50862609930007,0.709052174941672,8.50862609930007,0,56.2993127742757,36701,102,1494.140625,-3.99856940684026,1498.13919440684,1494.140625,0,1,1,1,36701,0,0,36701,56.2993127742757,36701,0
0.475,1498.13978601758,0.321549376835561,0.016077468841778,7.84424157633904,156.884831526781,8.50912310907534,0,1500,1494.140625,5.859375,8.50912310907534,8.47277414399966,-650.592743996795,0,8.50912310907534,0.709093592422945,8.50912310907534,-1.77635683940025e-15,56.4561968237977,36803,102,1494.140625,-3.99916101758299,1498.13978601758,1494.140625,1,0,2,2,36803,0,0,36803,56.4561968237977,36803,0
0.476,1498.19595687239,0.328384223612869,0.0164192111806434,7.84453568624703,156.890713724941,8.50962011885062,0,1500,1494.140625,5.859375,8.50962011885062,8.47327115377494,-542.160619997329,0,8.50962011885062,0.709135009904218,8.50962011885062,0,56.6130843168139,36905,102,1494.140625,-4.05533187238552,1498.19595687239,1494.140625,0,1,1,1,36905,0,0,36905,56.6130843168139,36905,0
0.477,1498.27282402449,0.330940132691165,0.0165470066345582,7.84493816171429,156.898763234286,8.4192447159367,0,1500,1508.7890625,-8.7890625,8.4192447159367,8.47376816355021,1989.60573333556,0,8.4192447159367,0.701603726328058,8.4192447159367,0,56.7699789513197,37008,103,1508.7890625,10.5162384755085,1498.27282402449,1508.7890625,0,0,0,0,37008,0,0,37008,56.7699789513197,37008,0
0.478,1498.2776885974,0.303239509636894,0.0151619754818447,7.8449636325585,156.89927265117,8.50937161396298,0,1500,1494.140625,5.859375,8.50937161396298,8.4730226488873,-783.401472220367,0,8.50937161396298,0.709114301163582,8.50937161396298,0,56.9268791049217,37110,102,1494.140625,-4.13706359740445,1498.2776885974,1494.140625,1,1,3,3,37110,0,0,37110,56.9268791049217,37110,0
0.479,1498.27818978739,0.32155955556227,0.0160779777781135,7.84496625678315,156.899325135663,8.50986862373826,0,1500,1494.140625,5.859375,8.50986862373826,8.47351965866258,-652.834560183639,0,8.50986862373826,0.709155718644855,8.50986862373826,0,57.083777652776,37212,102,1494.140625,-4.13756478739288,1498.27818978739,1494.140625,0,0,0,0,37212,0,0,37212,57.083777652776,37212,0
0.48,1498.33427144947,0.328394639093658,0.0164197319546829,7.8452598996791,156.905197993582,8.41949322082433,0,1500,1508.7890625,-8.7890625,8.41949322082433,8.47401666843785,1897.37744984697,0,8.41949322082433,0.701624435068694,8.41949322082433,-1.77635683940025e-15,57.2406796347204,37315,103,1508.7890625,10.4547910505325,1498.33427144947,1508.7890625,1,0,2,2,37315,0,0,37315,57.2406796347204,37315,0
0.481,1498.33134798171,0.302288430533682,0.0151144215266841,7.84524459243771,156.904891848754,8.50962011885062,0,1500,1494.140625,5.859375,8.50962011885062,8.47327115377494,-860.258375127527,0,8.50962011885062,0.709135009904218,8.50962011885062,-1.77635683940025e-15,57.3975857498549,37417,102,1494.140625,-4.19072298170818,1498.33134798171,1494.140625,0,1,1,1,37417,0,0,37417,57.3975857498549,37417,0
0.482,1498.3289042053,0.321202624725082,0.0160601312362541,7.84523179685437,156.904635937087,8.5101171286259,0,1500,1494.140625,5.859375,8.5101171286259,8.47376816355022,-716.88197927294,0,8.5101171286259,0.709176427385491,8.5101171286259,0,57.5544897383204,37519,102,1494.140625,-4.18827920530271,1498.3289042053,1494.140625,1,0,2,2,37519,0,0,37519,57.5544897383204,37519,0
0.483,1498.38384588062,0.32825918441983,0.0164129592209915,7.84551947079364,156.910389415873,8.51061413840117,0,1500,1494.140625,5.859375,8.51061413840117,8.47426517332549,-597.401649394116,0,8.51061413840117,0.709217844866764,8.51061413840117,0,57.7113969622851,37621,102,1494.140625,-4.2432208806224,1498.38384588062,1494.140625,0,1,1,1,37621,0,0,37621,57.7113969622851,37621,0
0.484,1498.46015812915,0.330897954703042,0.0165448977351521,7.84591904079256,156.918380815851,8.42023873548725,0,1500,1508.7890625,-8.7890625,8.42023873548725,8.47476218310077,1943.57154217157,0,8.42023873548725,0.701686561290604,8.42023873548725,0,57.8683112400243,37724,103,1508.7890625,10.3289043708501,1498.46015812915,1508.7890625,0,0,0,0,37724,0,0,37724,57.8683112400243,37724,0
0.485,1498.46472033094,0.303228457189111,0.0151614228594555,7.84594292842526,156.918858568505,8.51036563351354,0,1500,1494.140625,5.859375,8.51036563351354,8.47401666843786,-821.763298190358,0,8.51036563351354,0.709197136126128,8.51036563351354,0,58.0252309940967,37826,102,1494.140625,-4.32409533093733,1498.46472033094,1494.140625,1,1,3,3,37826,0,0,37826,58.0252309940967,37826,0
0.486,1498.46501453482,0.321560349981352,0.0160780174990676,7.84594446887319,156.918889377464,8.51086264328881,0,1500,1494.140625,5.859375,8.51086264328881,8.47451367821313,-684.802748491965,0,8.51086264328881,0.709238553607401,8.51086264328881,0,58.1821491165428,37928,102,1494.140625,-4.32438953482006,1498.46501453482,1494.140625,0,0,0,0,37928,0,0,37928,58.1821491165428,37928,0
0.487,1498.52092602956,0.328400094297945,0.0164200047148972,7.84623722077509,156.924744415502,8.42048724037489,0,1500,1508.7890625,-8.7890625,8.42048724037489,8.47501068798841,1870.73729292336,0,8.42048724037489,0.70170727003124,8.42048724037489,0,58.3390706536263,38031,103,1508.7890625,10.2681364704356,1498.52092602956,1508.7890625,1,0,2,2,38031,0,0,38031,58.3390706536263,38031,0
0.488,1498.51784737574,0.302295865840945,0.0151147932920473,7.84622110098135,156.924422019627,8.51061413840117,0,1500,1494.140625,5.859375,8.51061413840117,8.47426517332549,-882.458505897198,0,8.51061413840117,0.709217844866764,8.51061413840117,0,58.4959963069741,38133,102,1494.140625,-4.37722237573894,1498.51784737574,1494.140625,0,1,1,1,38133,0,0,38133,58.4959963069741,38133,0
0.489,1498.51525524133,0.321211038081405,0.0160605519040702,7.84620752859735,156.924150571947,8.51111114817645,0,1500,1494.140625,5.859375,8.51111114817645,8.47476218310077,-735.382088247665,0,8.51111114817645,0.709259262348037,8.51111114817645,0,58.6529198178008,38235,102,1494.140625,-4.37463024133376,1498.51525524133,1494.140625,1,0,2,2,38235,0,0,38235,58.6529198178008,38235,0
0.49,1498.57005233216,0.328268199225038,0.0164134099612519,7.84649444549395,156.929888909879,8.42073574526252,0,1500,1508.7890625,-8.7890625,8.42073574526252,8.47525919287604,1828.58784312695,0,8.42073574526252,0.701727978771877,8.42073574526252,0,58.8098465488037,38338,103,1508.7890625,10.2190101678443,1498.57005233216,1508.7890625,1,1,3,1,38338,1,0,38338,58.8098465488037,38338,0
0.491,1498.56651997652,0.302245076257095,0.0151122538128547,7.84647595012309,156.929519002462,8.51086264328881,0,1500,1494.140625,5.859375,8.51086264328881,8.47451367821313,-917.583047394212,0,8.51086264328881,0.709238553607401,8.51086264328881,0,58.9667773195606,38440,102,1494.140625,-4.42589497651988,1498.56651997652,1494.140625,0,0,0,0,38440,0,0,38440,58.9667773195606,38440,0
0.492,1498.56372082192,0.321190566899313,0.0160595283449656,7.84646129378386,156.929225875677,8.51135965306409,0,1500,1494.140625,5.859375,8.51135965306409,8.47501068798841,-764.652539495177,0,8.51135965306409,0.709279971088674,8.51135965306409,0,59.1237059152854,38542,102,1494.140625,-4.42309582191547,1498.56372082192,1494.140625,1,1,3,3,38542,0,0,38542,59.1237059152854,38542,0
0.493,1498.61840331487,0.328259123261845,0.0164129561630922,7.84674761064742,156.934952212948,8.51185666283936,0,1500,1494.140625,5.859375,8.51185666283936,8.47550769776368,-637.210449579314,0,8.51185666283936,0.709321388569947,8.51185666283936,-1.77635683940025e-15,59.2806377151235,38644,102,1494.140625,-4.47777831486701,1498.61840331487,1494.140625,0,0,0,0,38644,0,0,38644,59.2806377151235,38644,0
0.494,1498.69449394252,0.33090269509677,0.0165451347548385,7.84714602024217,156.942920404843,8.42148125992544,0,1500,1508.7890625,-8.7890625,8.42148125992544,8.47600470753896,1910.39754201724,0,8.42148125992544,0.701790104993786,8.42148125992544,0,59.4375765438565,38747,103,1508.7890625,10.094568557477,1498.69449394252,1508.7890625,1,0,2,2,38747,0,0,38747,59.4375765438565,38747,0
0.495,1498.69885021607,0.30323531393266,0.015161765696633,7.84716882963714,156.943376592743,8.51160815795173,0,1500,1494.140625,5.859375,8.51160815795173,8.47525919287605,-849.408298318968,0,8.51160815795173,0.70930067982931,8.51160815795173,0,59.5945208266464,38849,102,1494.140625,-4.55822521607342,1498.69885021607,1494.140625,0,1,1,1,38849,0,0,38849,59.5945208266464,38849,0
0.496,1498.69894601359,0.321568318198856,0.0160784159099428,7.84716933123179,156.943386624636,8.512105167727,0,1500,1494.140625,5.859375,8.512105167727,8.47575620265132,-707.84024859914,0,8.512105167727,0.709342097310583,8.512105167727,0,59.7514634566806,38951,102,1494.140625,-4.55832101359488,1498.69894601359,1494.140625,1,0,2,2,38951,0,0,38951,59.7514634566806,38951,0
0.497,1498.75466355689,0.328408795215273,0.0164204397607636,7.84746106760629,156.949221352126,8.42172976481308,0,1500,1508.7890625,-8.7890625,8.42172976481308,8.4762532124266,1851.53937616738,0,8.42172976481308,0.701810813734423,8.42172976481308,0,59.9084094808239,39054,103,1508.7890625,10.0343989431087,1498.75466355689,1508.7890625,1,1,3,3,39054,0,0,39054,59.9084094808239,39054,0
0.498,1498.75139424144,0.302305154011092,0.0151152577005546,7.84744394951061,156.948878990212,8.51185666283936,0,1500,1494.140625,5.859375,8.51185666283936,8.47550769776368,-898.456769860514,0,8.51185666283936,0.709321388569947,8.51185666283936,0,60.0653596010993,39156,102,1494.140625,-4.61076924144027,1498.75139424144,1494.140625,0,0,0,0,39156,0,0,39156,60.0653596010993,39156,0
0.499,1498.74861427902,0.321220855047129,0.0160610427523565,7.84742939366141,156.948587873228,8.51235367261464,0,1500,1494.140625,5.859375,8.51235367261464,8.47600470753896,-748.713974883761,0,8.51235367261464,0.70936280605122,8.51235367261464,-1.77635683940025e-15,60.2223075590383,39258,102,1494.140625,-4.60798927901783,1498.74861427902,1494.140625,1,1,3,3,39258,0,0,39258,60.2223075590383,39258,0
0.5,1498.80322618361,0.328278518996946,0.0164139259498473,7.84771534092521,156.954306818504,8.42197826970071,0,1500,1508.7890625,-8.7890625,8.42197826970071,8.47650171731423,1817.47793759687,0,8.42197826970071,0.70183152247506,8.42197826970071,0,60.3792587176236,39361,103,1508.7890625,9.98583631638553,1498.80322618361,1508.7890625,0,1,1,1,39361,0,0,39361,60.3792587176236,39361,0
0.501,1498.79951119055,0.30225588499955,0.0151127942499775,7.84769588926701,156.95391778534,8.512105167727,0,1500,1494.140625,5.859375,8.512105167727,8.47575620265132,-926.841302002612,0,8.512105167727,0.709342097310584,8.512105167727,0,60.5362138967042,39463,102,1494.140625,-4.65888619055067,1498.79951119055,1494.140625,1,0,2,2,39463,0,0,39463,60.5362138967042,39463,0
0.502,1498.79653189142,0.321201855361229,0.0160600927680614,7.84768028969323,156.953605793865,8.51260217750228,0,1500,1494.140625,5.859375,8.51260217750228,8.4762532124266,-772.367751668843,0,8.51260217750228,0.709383514791856,8.51260217750228,0,60.693166881758,39565,102,1494.140625,-4.65590689141823,1498.79653189142,1494.140625,0,1,1,1,39565,0,0,39565,60.693166881758,39565,0
0.503,1498.85103669096,0.328270883955813,0.0164135441977907,7.84796567615625,156.959313523125,8.42222677458835,0,1500,1508.7890625,-8.7890625,8.42222677458835,8.47675022220187,1797.76645694263,0,8.42222677458835,0.701852231215696,8.42222677458835,0,60.8501230521889,39668,103,1508.7890625,9.93802580904412,1498.85103669096,1508.7890625,0,0,0,0,39668,0,0,39668,60.8501230521889,39668,0
0.504,1498.84724940164,0.302252570077041,0.015112628503852,7.84794584595579,156.958916919116,8.51235367261464,0,1500,1494.140625,5.859375,8.51235367261464,8.47600470753896,-943.267535881141,0,8.51235367261464,0.70936280605122,8.51235367261464,0,61.0070832340107,39770,102,1494.140625,-4.70662440164392,1498.84724940164,1494.140625,1,1,3,3,39770,0,0,39770,61.0070832340107,39770,0
0.505,1498.84421121492,0.321200234801126,0.0160600117400563,7.8479299380473,156.958598760946,8.51285068238992,0,1500,1494.140625,5.859375,8.51285068238992,8.47650171731424,-786.056279900951,0,8.51285068238992,0.709404223532493,8.51285068238991,-1.77635683940025e-15,61.1640412150451,39872,102,1494.140625,-4.7035862149196,1498.84421121492,1494.140625,0,0,0,0,39872,0,0,39872,61.1640412150451,39872,0
0.506,1498.89866255646,0.328269978324848,0.0164134989162424,7.8482150446049,156.964300892098,8.42247527947599,0,1500,1508.7890625,-8.7890625,8.42247527947599,8.47699872708951,1786.35935008254,0,8.42247527947599,0.701872939956333,8.42247527947599,0,61.3210023756141,39975,103,1508.7890625,9.89039994353971,1498.89866255646,1508.7890625,1,0,2,3,39975,1,0,39975,61.3210023756141,39975,0
0.507,1498.8948242601,0.302252013330329,0.0151126006665164,7.84819494733214,156.963898946643,8.51260217750228,0,1500,1494.140625,5.859375,8.51260217750228,8.4762532124266,-952.773458264549,0,8.51260217750228,0.709383514791857,8.51260217750228,0,61.4779675421195,40077,102,1494.140625,-4.7541992600959,1498.8948242601,1494.140625,0,1,1,1,40077,0,0,40077,61.4779675421195,40077,0
0.508,1498.89173640168,0.321199889440157,0.0160599944720079,7.84817877934329,156.963575586866,8.51309918727755,0,1500,1494.140625,5.859375,8.51309918727755,8.47675022220187,-793.977881887124,0,8.51309918727755,0.709424932273129,8.51309918727755,0,61.6349305025712,40179,102,1494.140625,-4.75111140168224,1498.89173640168,1494.140625,1,0,2,2,40179,0,0,40179,61.6349305025712,40179,0
0.509,1498.94613898553,0.328269792016164,0.0164134896008082,7.84846363060621,156.969272612124,8.42272378436363,0,1500,1508.7890625,-8.7890625,8.42272378436363,8.47724723197715,1779.75801509406,0,8.42272378436363,0.701893648696969,8.42272378436363,0,61.7918966374064,40282,103,1508.7890625,9.84292351447016,1498.94613898553,1508.7890625,1,1,3,1,40282,1,0,40282,61.7918966374064,40282,0
0.51,1498.94225268281,0.302251965485553,0.0151125982742777,7.84844328197276,156.968865639455,8.51285068238992,0,1500,1494.140625,5.859375,8.51285068238992,8.47650171731424,-958.274570754947,0,8.51285068238992,0.709404223532493,8.51285068238992,0,61.9488667731118,40384,102,1494.140625,-4.8016276828107,1498.94225268281,1494.140625,0,0,0,0,40384,0,0,40384,61.9488667731118,40384,0
0.511,1498.93911750322,0.321199971313024,0.0160599985656512,7.8484268662108,156.968537324216,8.51334769216519,0,1500,1494.140625,5.859375,8.51334769216519,8.47699872708951,-798.56214229579,0,8.51334769216519,0.709445641013766,8.51334769216519,-1.77635683940025e-15,62.1058346977728,40486,102,1494.140625,-4.79849250321809,1498.93911750322,1494.140625,1,1,3,3,40486,0,0,40486,62.1058346977728,40486,0
0.512,1498.9934734209,0.328269999287042,0.0164134999643521,7.84871147313024,156.974229462605,8.42297228925127,0,1500,1508.7890625,-8.7890625,8.42297228925127,8.47749573686479,1775.93779808684,0,8.42297228925127,0.701914357437606,8.42297228925127,0,62.2628057918962,40589,103,1508.7890625,9.79558907910018,1498.9934734209,1508.7890625,0,1,1,0,40589,1,0,40589,62.2628057918962,40589,0
0.513,1498.98954109037,0.302252295498456,0.0151126147749228,7.84869088349575,156.973817669915,8.51309918727756,0,1500,1494.140625,5.859375,8.51309918727756,8.47675022220188,-961.458084927631,0,8.51309918727756,0.70942493227313,8.51309918727756,0,62.4197808820367,40691,102,1494.140625,-4.84891609037163,1498.98954109037,1494.140625,1,0,2,2,40691,0,0,40691,62.4197808820367,40691,0
0.514,1498.98636050976,0.321200422046002,0.0160600211023001,7.84867423001459,156.973484600292,8.51359619705283,0,1500,1494.140625,5.859375,8.51359619705283,8.47724723197715,-801.215070773026,0,8.51359619705283,0.709466349754402,8.51359619705283,0,62.5767537563456,40793,102,1494.140625,-4.84573550975711,1498.98636050976,1494.140625,0,1,1,1,40793,0,0,40793,62.5767537563456,40793,0
0.515,1499.04067164362,0.32827056896839,0.0164135284484195,7.84895860244651,156.97917204893,8.42322079413891,0,1500,1508.7890625,-8.7890625,8.42322079413891,8.47774424175243,1773.72702435581,0,8.42322079413891,0.701935066178242,8.42322079413891,0,62.7337297953947,40896,103,1508.7890625,9.74839085638064,1499.04067164362,1508.7890625,0,0,0,2,40896,1,0,40896,62.7337297953947,40896,0
0.516,1499.03669513768,0.30225298246354,0.015112649123177,7.84893778151008,156.978755630202,8.51334769216519,0,1500,1494.140625,5.859375,8.51334769216519,8.47699872708951,-963.300396370157,0,8.51334769216519,0.709445641013766,8.51334769216519,0,62.8907098258032,40998,102,1494.140625,-4.89607013767704,1499.03669513768,1494.140625,1,1,3,3,40998,0,0,40998,62.8907098258032,40998,0
0.517,1499.03347098165,0.321201224683724,0.0160600612341862,7.8489208998686,156.978417997372,8.51384470194047,0,1500,1494.140625,5.859375,8.51384470194047,8.47749573686479,-802.750330308464,0,8.51384470194047,0.709487058495039,8.51384470194047,-1.77635683940025e-15,63.0476876357855,41100,102,1494.140625,-4.89284598165,1499.03347098165,1494.140625,0,0,0,0,41100,0,0,41100,63.0476876357855,41100,0
0.518,1499.08773913189,0.328271485701055,0.0164135742850527,7.8492050472388,156.984100944776,8.42346929902654,0,1500,1508.7890625,-8.7890625,8.42346929902654,8.47799274664006,1772.44764140961,0,8.42346929902654,0.701955774918879,8.42346929902654,0,63.2046686059761,41203,103,1508.7890625,9.70132336810912,1499.08773913189,1508.7890625,1,0,2,3,41203,1,0,41203,63.2046686059761,41203,0
0.519,1499.08372022608,0.302254011739156,0.0151127005869578,7.84918400429718,156.983680085944,8.51359619705283,0,1500,1494.140625,5.859375,8.51359619705283,8.47724723197715,-964.366548825323,0,8.51359619705283,0.709466349754403,8.51359619705283,0,63.3616535630554,41305,102,1494.140625,-4.94309522607955,1499.08372022608,1494.140625,0,1,1,1,41305,0,0,41305,63.3616535630554,41305,0
0.52,1499.08045424599,0.321202364972975,0.0160601182486487,7.8491669036654,156.983338073308,8.51409320682811,0,1500,1494.140625,5.859375,8.51409320682811,8.47774424175243,-803.638790687769,0,8.51409320682811,0.709507767235676,8.51409320682811,0,63.5186362952987,41407,102,1494.140625,-4.93982924598663,1499.08045424599,1494.140625,1,0,2,2,41407,0,0,41407,63.5186362952987,41407,0
0.521,1499.13468114014,0.328272735495997,0.0164136367747999,7.84945083501924,156.989016700385,8.42371780391418,0,1500,1508.7890625,-8.7890625,8.42371780391418,8.4782412515277,1771.70725776019,0,8.42371780391418,0.701976483659515,8.42371780391418,0,63.6756221834001,41510,103,1508.7890625,9.6543813598596,1499.13468114014,1508.7890625,1,1,3,1,41510,1,0,41510,63.6756221834001,41510,0
0.522,1499.1306215385,0.302255369552552,0.0151127684776276,7.84942957899478,156.988591579896,8.51384470194047,0,1500,1494.140625,5.859375,8.51384470194047,8.47749573686479,-964.983535199839,0,8.51384470194047,0.709487058495039,8.51384470194047,0,63.8326120540992,41612,102,1494.140625,-4.98999653850456,1499.1306215385,1494.140625,0,0,0,0,41612,0,0,41612,63.8326120540992,41612,0
0.523,1499.12731541524,0.321203829337875,0.0160601914668938,7.84941226817383,156.988245363476,8.51434171171575,0,1500,1494.140625,5.859375,8.51434171171575,8.47799274664007,-804.152945999866,0,8.51434171171575,0.709528475976312,8.51434171171574,-1.77635683940025e-15,63.9895996957295,41714,102,1494.140625,-4.98669041523635,1499.12731541524,1494.140625,1,1,3,3,41714,0,0,41714,63.9895996957295,41714,0
0.524,1499.18150271138,0.328274304965391,0.0164137152482696,7.84969599219296,156.993919843859,8.42396630880182,0,1500,1508.7890625,-8.7890625,8.42396630880182,8.47848975641534,1771.27879500011,0,8.42396630880182,0.701997192400152,8.42396630880182,0,64.146590489043,41817,103,1508.7890625,9.60755978862016,1499.18150271138,1508.7890625,0,1,1,0,41817,1,0,41817,64.146590489043,41817,0
0.525,1499.17740404949,0.302257042699086,0.0151128521349543,7.84967453164947,156.993490632989,8.51409320682811,0,1500,1494.140625,5.859375,8.51409320682811,8.47774424175243,-965.340587499907,0,8.51409320682811,0.709507767235676,8.51409320682811,0,64.3035852608359,41919,102,1494.140625,-5.0367790494854,1499.17740404949,1494.140625,1,0,2,2,41919,0,0,41919,64.3035852608359,41919,0
0.526,1499.17405939641,0.321205604753568,0.0160602802376784,7.84965701908694,156.993140381739,8.51459021660338,0,1500,1494.140625,5.859375,8.51459021660338,8.4782412515277,-804.450489583256,0,8.51459021660338,0.709549184716949,8.51459021660338,0,64.4605777994972,42021,102,1494.140625,-5.03343439641412,1499.17405939641,1494.140625,0,1,1,1,42021,0,0,42021,64.4605777994972,42021,0
0.527,1499.228208686,0.328276181261395,0.0164138090630698,7.84994054410419,156.998810882084,8.42421481368946,0,1500,1508.7890625,-8.7890625,8.42421481368946,8.47873826130298,1771.03084201395,0,8.42421481368946,0.702017901140788,8.42421481368946,0,64.6175734858343,42124,103,1508.7890625,9.56085381400248,1499.228208686,1508.7890625,0,0,0,0,42124,0,0,42124,64.6175734858343,42124,0
0.528,1499.22407253368,0.302259018505421,0.015112950925271,7.8499188872613,156.998377745226,8.51434171171575,0,1500,1494.140625,5.859375,8.51434171171575,8.47799274664007,-965.547214988372,0,8.51434171171575,0.709528475976312,8.51434171171575,0,64.7745731466978,42226,102,1494.140625,-5.08344753368033,1499.22407253368,1494.140625,1,1,3,3,42226,0,0,42226,64.7745731466978,42226,0
0.529,1499.22069089931,0.321207678718865,0.0160603839359433,7.84990118106514,156.998023621303,8.51483872149102,0,1500,1494.140625,5.859375,8.51483872149102,8.47848975641534,-804.622679156977,0,8.51483872149102,0.709569893457585,8.51483872149102,-1.77635683940025e-15,64.9315705705308,42328,102,1494.140625,-5.08006589931006,1499.22069089931,1494.140625,0,0,0,0,42328,0,0,42328,64.9315705705308,42328,0
0.53,1499.27480370981,0.32827835205264,0.016413917602632,7.85018451507836,157.003690301567,8.4244633185771,0,1500,1508.7890625,-8.7890625,8.4244633185771,8.47898676619062,1770.88735070252,0,8.4244633185771,0.702038609881425,8.4244633185771,0,65.0885711381934,42431,103,1508.7890625,9.51425879019075,1499.27480370981,1508.7890625,1,0,2,2,42431,0,0,42431,65.0885711381934,42431,0
0.531,1499.2706315738,0.302261284807693,0.0151130642403847,7.8501626698253,157.003253396506,8.51459021660339,0,1500,1494.140625,5.859375,8.51459021660339,8.47824125152771,-965.666791081234,0,8.51459021660339,0.709549184716949,8.51459021660339,0,65.245575676588,42533,102,1494.140625,-5.13000657380098,1499.2706315738,1494.140625,0,1,1,1,42533,0,0,42533,65.245575676588,42533,0
0.532,1499.26721444441,0.321210039235107,0.0160605019617553,7.85014477777765,157.002895555553,8.51508722637866,0,1500,1494.140625,5.859375,8.51508722637866,8.47873826130298,-804.722325901028,0,8.51508722637866,0.709590602198222,8.51508722637866,0,65.4025779742093,42635,102,1494.140625,-5.12658944440909,1499.26721444441,1494.140625,1,0,2,2,42635,0,0,42635,65.4025779742093,42635,0
0.533,1499.32129224191,0.328280805503406,0.0164140402751703,7.85042792846324,157.008558569265,8.42471182346474,0,1500,1508.7890625,-8.7890625,8.42471182346474,8.47923527107826,1770.80431174914,0,8.42471182346474,0.702059318622061,8.42471182346474,0,65.5595834119686,42738,103,1508.7890625,9.46777025808956,1499.32129224191,1508.7890625,1,1,3,3,42738,0,0,42738,65.5595834119686,42738,0
0.534,1499.31708556839,0.302263829930915,0.0151131914965458,7.85040590237219,157.008118047444,8.51483872149102,0,1500,1494.140625,5.859375,8.51483872149102,8.47848975641534,-965.735990209047,0,8.51483872149102,0.709569893457585,8.51483872149102,0,65.7165928168181,42840,102,1494.140625,-5.17646056838976,1499.31708556839,1494.140625,0,0,0,0,42840,0,0,42840,65.7165928168181,42840,0
0.535,1499.31363437051,0.321212674785857,0.0160606337392928,7.85038783194236,157.007756638847,8.5153357312663,0,1500,1494.140625,5.859375,8.5153357312663,8.47898676619062,-804.779991840873,0,8.5153357312663,0.709611310938858,8.5153357312663,-1.77635683940025e-15,65.8735999773026,42942,102,1494.140625,-5.17300937051209,1499.31363437051,1494.140625,1,1,3,3,42942,0,0,42942,65.8735999773026,42942,0
0.536,1499.36767856219,0.328283530253655,0.0164141765126827,7.85067080666825,157.013416133365,8.42496032835238,0,1500,1508.7890625,-8.7890625,8.42496032835238,8.47948377596589,1770.75625679927,0,8.42496032835238,0.702080027362698,8.42496032835238,0,66.0306102743811,43045,103,1508.7890625,9.42138393781283,1499.36767856219,1508.7890625,0,1,1,1,43045,0,0,43045,66.0306102743811,43045,0
0.537,1499.36343873922,0.302266642669309,0.0151133321334654,7.85064860700711,157.012972140142,8.51508722637866,0,1500,1494.140625,5.859375,8.51508722637866,8.47873826130298,-965.776036000606,0,8.51508722637866,0.709590602198222,8.51508722637866,0,66.1876245350556,43147,102,1494.140625,-5.22281373922124,1499.36343873922,1494.140625,1,0,2,2,43147,0,0,43147,66.1876245350556,43147,0
0.538,1499.35995484207,0.321215574317488,0.0160607787158744,7.8506303653643,157.012607307286,8.51558423615394,0,1500,1494.140625,5.859375,8.51558423615394,8.47923527107826,-804.813363333839,0,8.51558423615394,0.709632019679495,8.51558423615394,0,66.3446365479167,43249,102,1494.140625,-5.21932984207183,1499.35995484207,1494.140625,0,1,1,1,43249,0,0,43249,66.3446365479167,43249,0
0.539,1499.41396677854,0.32828651539985,0.0164143257699925,7.85091317120234,157.018263424047,8.42520883324001,0,1500,1508.7890625,-8.7890625,8.42520883324001,8.47973228085353,1770.7284472218,0,8.42520883324001,0.702100736103334,8.42520883324001,0,66.5016516939713,43352,103,1508.7890625,9.37509572145564,1499.41396677854,1508.7890625,0,0,0,0,43352,0,0,43352,66.5016516939713,43352,0
0.54,1499.4096951384,0.302269712267409,0.0151134856133705,7.85089080494684,157.017816098937,8.5153357312663,0,1500,1494.140625,5.859375,8.5153357312663,8.47898676619062,-965.799210648499,0,8.5153357312663,0.709611310938858,8.5153357312663,0,66.6586708002667,43454,102,1494.140625,-5.26907013839809,1499.4096951384,1494.140625,1,1,3,3,43454,0,0,43454,66.6586708002667,43454,0
0.541,1499.40617985616,0.321218727220617,0.0160609363610309,7.85087239897209,157.017447979442,8.42496032835238,0,1500,1508.7890625,-8.7890625,8.42496032835238,8.4794837759659,1636.57357445958,0,8.42496032835238,0.702080027362698,8.42496032835238,0,66.8156876554395,43557,103,1508.7890625,9.38288264383823,1499.40617985616,1508.7890625,0,1,1,0,43557,1,0,43557,66.8156876554395,43557,0
0.542,1499.38045819534,0.299627399306365,0.0149813699653183,7.85073772067095,157.014754413419,8.51508722637866,0,1500,1494.140625,5.859375,8.51508722637866,8.47873826130298,-1077.59493795035,0,8.51508722637866,0.709590602198222,8.51508722637866,0,66.9727046415188,43659,102,1494.140625,-5.23983319533818,1499.38045819534,1494.140625,1,0,2,2,43659,0,0,43659,66.9727046415188,43659,0
0.543,1499.36893445405,0.320225264119285,0.0160112632059643,7.85067738250265,157.013547650053,8.51558423615394,0,1500,1494.140625,5.859375,8.51558423615394,8.47923527107826,-897.995781625289,0,8.51558423615394,0.709632019679495,8.51558423615394,0,67.1297179480041,43761,102,1494.140625,-5.22830945404735,1499.36893445405,1494.140625,0,1,1,1,43761,0,0,43761,67.1297179480041,43761,0
0.544,1499.41991514145,0.327910645570032,0.0163955322785016,7.85094431675769,157.018886335154,8.42520883324002,0,1500,1508.7890625,-8.7890625,8.42520883324002,8.47973228085353,1693.07643197893,0,8.42520883324002,0.702100736103335,8.42520883324002,0,67.2867338504643,43864,103,1508.7890625,9.36914735854975,1499.41991514145,1508.7890625,0,0,0,0,43864,0,0,43864,67.2867338504643,43864,0
0.545,1499.41447879789,0.302122859136118,0.0151061429568059,7.85091585212938,157.018317042588,8.5153357312663,0,1500,1494.140625,5.859375,8.5153357312663,8.47898676619062,-1030.50922335089,0,8.5153357312663,0.709611310938859,8.5153357312663,0,67.4437535092858,43966,102,1494.140625,-5.27385379789257,1499.41447879789,1494.140625,1,1,3,3,43966,0,0,43966,67.4437535092858,43966,0
0.546,1499.4104947137,0.321157291696552,0.0160578645848276,7.85089499151335,157.017899830267,8.51583274104158,0,1500,1494.140625,5.859375,8.51583274104158,8.4794837759659,-858.757686125746,0,8.51583274104158,0.709652728420131,8.51583274104158,0,67.6007708373495,44068,102,1494.140625,-5.26986971370366,1499.4104947137,1494.140625,0,0,0,0,44068,0,0,44068,67.6007708373495,44068,0
0.547,1499.46426663579,0.328260230395682,0.0164130115197841,7.851176540639,157.02353081278,8.42545733812765,0,1500,1508.7890625,-8.7890625,8.42545733812765,8.47998078574117,1725.77484489521,0,8.42545733812765,0.702121444843971,8.42545733812765,0,67.7577912620454,44171,103,1508.7890625,9.32479586421118,1499.46426663579,1508.7890625,1,0,2,2,44171,0,0,44171,67.7577912620454,44171,0
0.548,1499.45985264284,0.302255489150776,0.0151127744575388,7.85115342902597,157.023068580519,8.51558423615394,0,1500,1494.140625,5.859375,8.51558423615394,8.47923527107826,-1003.26054592066,0,8.51558423615394,0.709632019679495,8.51558423615394,0,67.9148156277798,44273,102,1494.140625,-5.31922764284081,1499.45985264284,1494.140625,0,1,1,1,44273,0,0,44273,67.9148156277798,44273,0
0.549,1499.45623211252,0.321209136602037,0.0160604568301019,7.85113447197353,157.02268943947,8.51608124592922,0,1500,1494.140625,5.859375,8.51608124592922,8.47973228085354,-836.050454933881,0,8.51608124592922,0.709673437160768,8.51608124592922,0,68.0718377297325,44375,102,1494.140625,-5.315607112517,1499.45623211252,1494.140625,1,0,2,2,44375,0,0,44375,68.0718377297325,44375,0
0.55,1499.51012237522,0.328282022496497,0.0164141011248248,7.85141664072921,157.028332814584,8.42570584301529,0,1500,1508.7890625,-8.7890625,8.42570584301529,8.48022929062881,1744.6975375551,0,8.42570584301529,0.702142153584608,8.42570584301529,0,68.2288629514674,44478,103,1508.7890625,9.27894012477987,1499.51012237522,1508.7890625,1,1,3,3,44478,0,0,44478,68.2288629514674,44478,0
0.551,1499.50573559581,0.302266129233406,0.0151133064616703,7.85139367160593,157.027873432119,8.51583274104158,0,1500,1494.140625,5.859375,8.51583274104158,8.4794837759659,-987.49163537075,0,8.51583274104158,0.709652728420132,8.51583274104158,0,68.3858921210859,44580,102,1494.140625,-5.36511059581017,1499.50573559581,1494.140625,0,0,0,0,44580,0,0,44580,68.3858921210859,44580,0
0.552,1499.50210855687,0.321215665949692,0.0160607832974846,7.85137468047443,157.027493609489,8.42545733812766,0,1500,1508.7890625,-8.7890625,8.42545733812766,8.47998078574117,1618.49655385771,0,8.42545733812766,0.702121444843971,8.42545733812765,-1.77635683940025e-15,68.5429190277179,44683,103,1508.7890625,9.2869539431324,1499.50210855687,1508.7890625,1,0,2,3,44683,1,0,44683,68.5429190277179,44683,0
0.553,1499.47627733471,0.299624712719156,0.0149812356359578,7.85123942851148,157.02478857023,8.51558423615394,0,1500,1494.140625,5.859375,8.51558423615394,8.47923527107826,-1092.65912178524,0,8.51558423615394,0.709632019679495,8.51558423615394,-1.77635683940025e-15,68.699946053674,44785,102,1494.140625,-5.3356523347079,1499.47627733471,1494.140625,0,1,1,1,44785,0,0,44785,68.699946053674,44785,0
0.554,1499.46464577244,0.320222894969862,0.0160111447484931,7.85117852579385,157.023570515877,8.51608124592922,0,1500,1494.140625,5.859375,8.51608124592922,8.47973228085354,-910.549268154369,0,8.51608124592922,0.709673437160768,8.51608124592922,0,68.8569693886566,44887,102,1494.140625,-5.32402077243637,1499.46464577244,1494.140625,1,0,2,2,44887,0,0,44887,68.8569693886566,44887,0
0.555,1499.51552019716,0.327908570115075,0.0163954285057538,7.85144490365879,157.028898073176,8.42570584301529,0,1500,1508.7890625,-8.7890625,8.42570584301529,8.48022929062881,1682.61519320469,0,8.42570584301529,0.702142153584608,8.42570584301529,0,69.0139953084055,44990,103,1508.7890625,9.27354230284072,1499.51552019716,1508.7890625,1,1,3,3,44990,0,0,44990,69.0139953084055,44990,0
0.556,1499.50997906904,0.302121066147216,0.0151060533073608,7.85141589037981,157.028317807596,8.51583274104158,0,1500,1494.140625,5.859375,8.51583274104158,8.4794837759659,-1039.22692232942,0,8.51583274104158,0.709652728420132,8.51583274104158,0,69.1710249734661,45092,102,1494.140625,-5.36935406904104,1499.50997906904,1494.140625,0,0,0,0,45092,0,0,45092,69.1710249734661,45092,0
0.557,1499.50589163634,0.321155774640354,0.0160577887320177,7.85139448863224,157.027889772645,8.51632975081686,0,1500,1494.140625,5.859375,8.51632975081686,8.47998078574118,-866.022435274519,0,8.51632975081686,0.709694145901405,8.51632975081686,0,69.3280522968709,45194,102,1494.140625,-5.36526663634095,1499.50589163634,1494.140625,1,1,3,3,45194,0,0,45194,69.3280522968709,45194,0
0.558,1499.55956161828,0.328258984519982,0.0164129492259991,7.85167550400056,157.033510080011,8.42595434790293,0,1500,1508.7890625,-8.7890625,8.42595434790293,8.48047779551645,1719.72088727123,0,8.42595434790293,0.702162862325244,8.42595434790293,-1.77635683940025e-15,69.4850827061599,45297,103,1508.7890625,9.22950088171524,1499.55956161828,1508.7890625,0,1,1,1,45297,0,0,45297,69.4850827061599,45297,0
0.559,1499.55504707137,0.302254510398454,0.0151127255199227,7.8516518658882,157.033037317764,8.51608124592922,0,1500,1494.140625,5.859375,8.51608124592922,8.47973228085354,-1008.3055106073,0,8.51608124592922,0.709673437160768,8.51608124592922,-1.77635683940025e-15,69.6421170458847,45399,102,1494.140625,-5.41442207137311,1499.55504707137,1494.140625,1,0,2,2,45399,0,0,45399,69.6421170458847,45399,0
0.56,1499.55132735331,0.321208421205997,0.0160604210602999,7.85163238948996,157.032647789799,8.51657825570449,0,1500,1494.140625,5.859375,8.51657825570449,8.48022929062881,-840.254592172754,0,8.51657825570449,0.709714854642041,8.51657825570449,0,69.7991491113696,45501,102,1494.140625,-5.41070235330881,1499.55132735331,1494.140625,0,1,1,1,45501,0,0,45501,69.7991491113696,45501,0
0.561,1499.60511977552,0.328281566828327,0.0164140783414163,7.851914045954,157.03828091908,8.42620285279057,0,1500,1508.7890625,-8.7890625,8.42620285279057,8.48072630040409,1741.19408985604,0,8.42620285279057,0.702183571065881,8.42620285279057,0,69.9561842863203,45604,103,1508.7890625,9.18394272448404,1499.60511977552,1508.7890625,0,0,0,0,45604,0,0,45604,69.9561842863203,45604,0
0.562,1499.6006364844,0.302265929746577,0.0151132964873289,7.85189057149659,157.037811429932,8.51632975081686,0,1500,1494.140625,5.859375,8.51632975081686,8.47998078574118,-990.411175119968,0,8.51632975081686,0.709694145901405,8.51632975081686,0,70.1132233989786,45706,102,1494.140625,-5.46001148439609,1499.6006364844,1494.140625,1,1,3,3,45706,0,0,45706,70.1132233989786,45706,0
0.563,1499.59691424443,0.321215719157991,0.0160607859578996,7.85187108189372,157.037421637874,8.42595434790293,0,1500,1508.7890625,-8.7890625,8.42595434790293,8.48047779551645,1616.06360406669,0,8.42595434790293,0.702162862325244,8.42595434790293,0,70.2702602386123,45809,103,1508.7890625,9.19214825556764,1499.59691424443,1508.7890625,0,1,1,0,45809,1,0,45809,70.2702602386123,45809,0
0.564,1499.57098911412,0.299625015188233,0.0149812507594117,7.85173533822883,157.034706764577,8.51608124592922,0,1500,1494.140625,5.859375,8.51608124592922,8.47973228085354,-1094.68657994442,0,8.51608124592922,0.709673437160768,8.51608124592922,0,70.4272971876686,45911,102,1494.140625,-5.43036411411913,1499.57098911412,1494.140625,1,0,2,2,45911,0,0,45911,70.4272971876686,45911,0
0.565,1499.55926491899,0.320223443313694,0.0160111721656847,7.8516739504867,157.033479009734,8.5165782557045,0,1500,1494.140625,5.859375,8.5165782557045,8.48022929062882,-912.238816620352,0,8.5165782557045,0.709714854642041,8.51657825570449,-1.77635683940025e-15,70.5843304359844,46013,102,1494.140625,-5.41863991899299,1499.55926491899,1494.140625,0,1,1,1,46013,0,0,46013,70.5843304359844,46013,0
0.566,1499.61004796884,0.327909360994251,0.0163954680497126,7.8519398499139,157.038796998278,8.42620285279057,0,1500,1508.7890625,-8.7890625,8.42620285279057,8.48072630040409,1681.20723614971,0,8.42620285279057,0.702183571065881,8.42620285279057,0,70.7413662594319,46116,103,1508.7890625,9.17901453116065,1499.61004796884,1508.7890625,0,0,0,0,46116,0,0,46116,70.7413662594319,46116,0
0.567,1499.60441670674,0.302122096267912,0.0151061048133956,7.8519103646945,157.03820729389,8.51632975081686,0,1500,1494.140625,5.859375,8.51632975081686,8.47998078574118,-1040.40021987524,0,8.51632975081686,0.709694145901405,8.51632975081686,0,70.8984058186874,46218,102,1494.140625,-5.46379170673936,1499.60441670674,1494.140625,1,1,3,3,46218,0,0,46218,70.8984058186874,46218,0
0.568,1499.6002403641,0.321157040753551,0.0160578520376776,7.85188849741559,157.037769948312,8.51682676059214,0,1500,1494.140625,5.859375,8.51682676059214,8.48047779551645,-867.00018322937,0,8.51682676059214,0.709735563382678,8.51682676059214,0,71.0554430269127,46320,102,1494.140625,-5.45961536410232,1499.6002403641,1494.140625,0,0,0,0,46320,0,0,46320,71.0554430269127,46320,0
0.569,1499.65382264352,0.328260483420832,0.0164130241710416,7.85216905357456,157.043381071491,8.42645135767821,0,1500,1508.7890625,-8.7890625,8.42645135767821,8.48097480529173,1718.90609730886,0,8.42645135767821,0.702204279806518,8.42645135767821,0,71.2124833117743,46423,103,1508.7890625,9.13523985647976,1499.65382264352,1508.7890625,1,0,2,2,46423,0,0,46423,71.2124833117743,46423,0
0.57,1499.64922158511,0.302256238925634,0.0151128119462817,7.85214496248906,157.042899249781,8.5165782557045,0,1500,1494.140625,5.859375,8.5165782557045,8.48022929062882,-1008.98450224262,0,8.5165782557045,0.709714854642042,8.5165782557045,0,71.3695275179502,46525,102,1494.140625,-5.50859658511081,1499.64922158511,1494.140625,0,1,1,1,46525,0,0,46525,71.3695275179502,46525,0
0.571,1499.64541653039,0.32121037624113,0.0160605188120565,7.85212503926912,157.042500785382,8.42620285279057,0,1500,1508.7890625,-8.7890625,8.42620285279057,8.48072630040409,1600.58583146448,0,8.42620285279057,0.702183571065881,8.42620285279057,0,71.5265694408886,46628,103,1508.7890625,9.1436459696115,1499.64541653039,1508.7890625,0,0,0,2,46628,1,0,46628,71.5265694408886,46628,0
0.572,1499.61942213642,0.299621394125037,0.0149810697062518,7.85198893294057,157.039778658811,8.51632975081686,0,1500,1494.140625,5.859375,8.51632975081686,8.47998078574118,-1107.5847237796,0,8.51632975081686,0.709694145901405,8.51632975081686,0,71.6836114653943,46730,102,1494.140625,-5.47879713641805,1499.61942213642,1494.140625,1,1,3,3,46730,0,0,46730,71.6836114653943,46730,0
0.573,1499.60763424798,0.32022056432852,0.016011028216426,7.85192721170106,157.038544234021,8.51682676059214,0,1500,1494.140625,5.859375,8.51682676059214,8.48047779551646,-922.98726981633,0,8.51682676059214,0.709735563382678,8.51682676059214,0,71.8406497822382,46832,102,1494.140625,-5.46700924798347,1499.60763424798,1494.140625,0,0,0,0,46832,0,0,46832,71.8406497822382,46832,0
0.574,1499.65835619441,0.32790685768508,0.016395342884254,7.85219279119148,157.04385582383,8.42645135767821,0,1500,1508.7890625,-8.7890625,8.42645135767821,8.48097480529173,1672.25019181972,0,8.42645135767821,0.702204279806518,8.42645135767821,0,71.9976906676945,46935,103,1508.7890625,9.13070630559469,1499.65835619441,1508.7890625,1,0,2,2,46935,0,0,46935,71.9976906676945,46935,0
0.575,1499.65266530132,0.302119830776701,0.0151059915388351,7.85216299374499,157.0432598749,8.5165782557045,0,1500,1494.140625,5.859375,8.5165782557045,8.48022929062882,-1047.86442348356,0,8.5165782557045,0.709714854642042,8.5165782557045,0,72.1547352826428,47037,102,1494.140625,-5.51204030132385,1499.65266530132,1494.140625,0,1,1,1,47037,0,0,47037,72.1547352826428,47037,0
0.576,1499.64843037694,0.321154960389509,0.0160577480194754,7.85214081973277,157.042816394655,8.51707526547978,0,1500,1494.140625,5.859375,8.51707526547978,8.4807263004041,-873.220352902969,0,8.51707526547978,0.709756272123315,8.51707526547978,0,72.3117775403737,47139,102,1494.140625,-5.5078053769405,1499.64843037694,1494.140625,1,0,2,2,47139,0,0,47139,72.3117775403737,47139,0
0.577,1499.70195495938,0.328258567242062,0.0164129283621031,7.85242107379105,157.048421475821,8.42669986256585,0,1500,1508.7890625,-8.7890625,8.42669986256585,8.48122331017937,1713.72262258086,0,8.42669986256585,0.702224988547154,8.42669986256585,0,72.4688228686535,47242,103,1508.7890625,9.08710754062372,1499.70195495938,1508.7890625,1,1,3,3,47242,0,0,47242,72.4688228686535,47242,0
0.578,1499.69729702076,0.302254477836785,0.0151127238918393,7.85239668488146,157.047933697629,8.51682676059214,0,1500,1494.140625,5.859375,8.51682676059214,8.48047779551646,-1013.30406451595,0,8.51682676059214,0.709735563382678,8.51682676059214,0,72.6258721122485,47344,102,1494.140625,-5.5566720207562,1499.69729702076,1494.140625,0,0,0,0,47344,0,0,47344,72.6258721122485,47344,0
0.579,1499.69343587065,0.321208765578089,0.0160604382789045,7.8523764679468,157.047529358936,8.42645135767821,0,1500,1508.7890625,-8.7890625,8.42645135767821,8.48097480529173,1596.98619623671,0,8.42645135767821,0.702204279806518,8.42645135767821,0,72.7829190666908,47447,103,1508.7890625,9.09562662934582,1499.69343587065,1508.7890625,1,0,2,3,47447,1,0,47447,72.7829190666908,47447,0
0.58,1499.6673861477,0.299619930891963,0.0149809965445982,7.85224007191639,157.044801438328,8.5165782557045,0,1500,1494.140625,5.859375,8.5165782557045,8.48022929062882,-1110.58441980274,0,8.5165782557045,0.709714854642042,8.5165782557045,0,72.9399661168664,47549,102,1494.140625,-5.52676114770361,1499.6673861477,1494.140625,0,1,1,1,47549,0,0,47549,72.9399661168664,47549,0
0.581,1499.65554368339,0.320219246168215,0.0160109623084108,7.85217806491826,157.043561298365,8.51707526547978,0,1500,1494.140625,5.859375,8.51707526547978,8.4807263004041,-925.487016502286,0,8.51707526547978,0.709756272123315,8.51707526547978,0,73.0970094536254,47651,102,1494.140625,-5.51491868339326,1499.65554368339,1494.140625,1,0,2,2,47651,0,0,47651,73.0970094536254,47651,0
0.582,1499.70621179573,0.327905682495131,0.0163952841247566,7.85244336253407,157.048867250681,8.42669986256585,0,1500,1508.7890625,-8.7890625,8.42669986256585,8.48122331017937,1670.16706958143,0,8.42669986256585,0.702224988547154,8.42669986256585,-1.77635683940025e-15,73.2540553533211,47754,103,1508.7890625,9.08285070427019,1499.70621179573,1508.7890625,1,1,3,3,47754,0,0,47754,73.2540553533211,47754,0
0.583,1499.70046779989,0.302118796566243,0.0151059398283122,7.85241328704217,157.048265740843,8.51682676059214,0,1500,1494.140625,5.859375,8.51682676059214,8.48047779551646,-1049.60035868214,0,8.51682676059214,0.709735563382678,8.51682676059214,-1.77635683940025e-15,73.4111049769095,47856,102,1494.140625,-5.55984279988752,1499.70046779989,1494.140625,0,0,0,0,47856,0,0,47856,73.4111049769095,47856,0
0.584,1499.69618049397,0.321154065225641,0.0160577032612821,7.8523908387609,157.047816775218,8.51732377036742,0,1500,1494.140625,5.859375,8.51732377036742,8.48097480529174,-874.666965568452,0,8.51732377036742,0.709776980863951,8.51732377036742,0,73.5681522377573,47958,102,1494.140625,-5.55555549397423,1499.69618049397,1494.140625,1,1,3,3,47958,0,0,47958,73.5681522377573,47958,0
0.585,1499.74965340627,0.32825780922966,0.016412890461483,7.85267082227498,157.0534164455,8.42694836745349,0,1500,1508.7890625,-8.7890625,8.42694836745349,8.48147181506701,1712.51711202629,0,8.42694836745349,0.702245697287791,8.42694836745349,0,73.7252025637061,48061,103,1508.7890625,9.03940909372682,1499.74965340627,1508.7890625,0,1,1,1,48061,0,0,48061,73.7252025637061,48061,0
0.586,1499.74494449922,0.302253855110752,0.0151126927555376,7.85264616649529,157.052923329906,8.51707526547978,0,1500,1494.140625,5.859375,8.51707526547978,8.4807263004041,-1014.30865664476,0,8.51707526547978,0.709756272123315,8.51707526547978,0,73.8822567995962,48163,102,1494.140625,-5.60431949921781,1499.74494449922,1494.140625,1,0,2,2,48163,0,0,48163,73.8822567995962,48163,0
0.587,1499.74103307285,0.321208276300252,0.0160604138150126,7.8526256863147,157.052513726294,8.42669986256585,0,1500,1508.7890625,-8.7890625,8.42669986256585,8.48122331017937,1596.14903612937,0,8.42669986256585,0.702224988547155,8.42669986256585,0,74.039308741032,48266,103,1508.7890625,9.04802942715378,1499.74103307285,1508.7890625,1,1,3,3,48266,0,0,48266,74.039308741032,48266,0
0.588,1499.71493375639,0.299619573249722,0.0149809786624861,7.85248903061328,157.049780612266,8.51682676059214,0,1500,1494.140625,5.859375,8.51682676059214,8.48047779551646,-1111.28205322553,0,8.51682676059214,0.709735563382679,8.51682676059214,0,74.1963607729721,48368,102,1494.140625,-5.57430875638784,1499.71493375639,1494.140625,0,0,0,0,48368,0,0,48368,74.1963607729721,48368,0
0.589,1499.70304237206,0.320219018373795,0.0160109509186897,7.85242676747056,157.048535349411,8.51732377036742,0,1500,1494.140625,5.859375,8.51732377036742,8.48097480529174,-926.068377687939,0,8.51732377036742,0.709776980863951,8.51732377036742,-1.77635683940025e-15,74.353409086338,48470,102,1494.140625,-5.56241737206324,1499.70304237206,1494.140625,1,1,3,3,48470,0,0,48470,74.353409086338,48470,0
0.59,1499.75366222873,0.327905582785121,0.016395279139256,7.85269181242028,157.053836248406,8.42694836745349,0,1500,1508.7890625,-8.7890625,8.42694836745349,8.48147181506701,1669.68260192672,0,8.42694836745349,0.702245697287791,8.42694836745349,0,74.5104599575522,48573,103,1508.7890625,9.03540027126928,1499.75366222873,1508.7890625,0,1,1,1,48573,0,0,48573,74.5104599575522,48573,0
0.591,1499.74787063255,0.302118823201207,0.0151059411600603,7.85266148769357,157.053229753871,8.51707526547978,0,1500,1494.140625,5.859375,8.51707526547978,8.4807263004041,-1050.00408172774,0,8.51707526547978,0.709756272123315,8.51707526547978,0,74.6675145476404,48675,102,1494.140625,-5.60724563254666,1499.74787063255,1494.140625,1,0,2,2,48675,0,0,48675,74.6675145476404,48675,0
0.592,1499.74353637272,0.321154216489772,0.0160577108244886,7.85263879356217,157.052775871243,8.42669986256586,0,1500,1508.7890625,-8.7890625,8.42669986256586,8.48122331017938,1566.40284856022,0,8.42669986256586,0.702224988547155,8.42669986256586,0,74.824566770037,48778,103,1508.7890625,9.04552612728321,1499.74353637272,1508.7890625,1,1,3,1,48778,1,0,48778,74.824566770037,48778,0
0.593,1499.71726033031,0.299595732260128,0.0149797866130064,7.85250121252587,157.050024250517,8.51682676059214,0,1500,1494.140625,5.859375,8.51682676059214,8.48047779551646,-1136.07054286648,0,8.51682676059214,0.709735563382679,8.51682676059214,0,74.9816190536284,48880,102,1494.140625,-5.57663533031337,1499.71726033031,1494.140625,0,0,0,0,48880,0,0,48880,74.9816190536284,48880,0
0.594,1499.70528417327,0.320206486295965,0.0160103243147983,7.85243850551421,157.048770110284,8.51732377036742,0,1500,1494.140625,5.859375,8.51732377036742,8.48097480529174,-946.725452388736,0,8.51732377036742,0.709776980863952,8.51732377036742,0,75.1386676057294,48982,102,1494.140625,-5.56465917326614,1499.70528417327,1494.140625,1,1,3,3,48982,0,0,48982,75.1386676057294,48982,0
0.595,1499.75585377341,0.327897313646341,0.016394865682317,7.85270328732138,157.054065746428,8.42694836745349,0,1500,1508.7890625,-8.7890625,8.42694836745349,8.48147181506701,1652.46837300939,0,8.42694836745349,0.702245697287791,8.42694836745349,0,75.2957187088978,49085,103,1508.7890625,9.03320872659174,1499.75585377341,1508.7890625,0,1,1,1,49085,0,0,49085,75.2957187088978,49085,0
0.596,1499.75002503403,0.302112191200837,0.0151056095600418,7.85267276811336,157.053455362267,8.51707526547978,0,1500,1494.140625,5.859375,8.51707526547978,8.4807263004041,-1064.34927249218,0,8.51707526547978,0.709756272123315,8.51707526547978,0,75.4527735264717,49187,102,1494.140625,-5.60940003402902,1499.75002503403,1494.140625,1,0,2,2,49187,0,0,49187,75.4527735264717,49187,0
0.597,1499.74565876679,0.321148242665788,0.0160574121332894,7.85264990639156,157.052998127831,8.51757227525506,0,1500,1494.140625,5.859375,8.51757227525506,8.48122331017938,-886.957727076814,0,8.51757227525506,0.709797689604588,8.51757227525506,0,75.6098259727734,49289,102,1494.140625,-5.60503376679208,1499.74565876679,1494.140625,0,1,1,1,49289,0,0,49289,75.6098259727734,49289,0
0.598,1499.79905551558,0.32825240239476,0.016412620119738,7.85292949111444,157.058589822289,8.42719687234113,0,1500,1508.7890625,-8.7890625,8.42719687234113,8.48172031995465,1702.27481076932,0,8.42719687234113,0.702266406028428,8.42719687234113,0,75.7668814760691,49392,103,1508.7890625,8.9900069844166,1499.79905551558,1508.7890625,0,0,0,0,49392,0,0,49392,75.7668814760691,49392,0
0.599,1499.79427212222,0.302248725552133,0.0151124362776067,7.85290444532536,157.058088906507,8.51732377036742,0,1500,1494.140625,5.859375,8.51732377036742,8.48097480529174,-1022.84390769223,0,8.51732377036742,0.709776980863952,8.51732377036742,0,75.923940881424,49494,102,1494.140625,-5.6536471222189,1499.79427212222,1494.140625,1,1,3,3,49494,0,0,49494,75.923940881424,49494,0
0.6,1499.7902874606,0.321203370773831,0.0160601685386915,7.85288358168593,157.057671633719,8.4269483674535,0,1500,1508.7890625,-8.7890625,8.4269483674535,8.48147181506702,1589.03632692314,0,8.4269483674535,0.702245697287791,8.42694836745349,-1.77635683940025e-15,76.080997984592,49597,103,1508.7890625,8.99877503939638,1499.7902874606,1508.7890625,0,1,1,0,49597,1,0,49597,76.080997984592,49597,0
0.601,1499.76411599269,0.299614870278778,0.0149807435139389,7.85274654820036,157.054930964007,8.51707526547978,0,1500,1494.140625,5.859375,8.51707526547978,8.4807263004041,-1117.20931089738,0,8.51707526547978,0.709756272123315,8.51707526547978,-1.77635683940025e-15,76.2380551706531,49699,102,1494.140625,-5.62349099268613,1499.76411599269,1494.140625,1,0,2,2,49699,0,0,49699,76.2380551706531,49699,0
0.602,1499.75215346999,0.320214508339483,0.0160107254169742,7.85268391257798,157.05367825156,8.51757227525506,0,1500,1494.140625,5.859375,8.51757227525506,8.48122331017938,-931.007759081153,0,8.51757227525506,0.709797689604588,8.51757227525506,0,76.3951086306374,49801,102,1494.140625,-5.61152846998925,1499.75215346999,1494.140625,0,1,1,1,49801,0,0,49801,76.3951086306374,49801,0
0.603,1499.80270316674,0.327901260508462,0.0163950630254231,7.85294859017123,157.058971803425,8.42719687234113,0,1500,1508.7890625,-8.7890625,8.42719687234113,8.48172031995465,1665.56645076571,0,8.42719687234113,0.702266406028428,8.42719687234113,0,76.5521646410718,49904,103,1508.7890625,8.98635933326159,1499.80270316674,1508.7890625,0,0,0,0,49904,0,0,49904,76.5521646410718,49904,0
0.604,1499.79684236804,0.302114685179056,0.0151057342589528,7.85291790310101,157.05835806202,8.51732377036742,0,1500,1494.140625,5.859375,8.51732377036742,8.48097480529174,-1053.43420769524,0,8.51732377036742,0.709776980863952,8.51732377036742,0,76.7092243630832,50006,102,1494.140625,-5.65621736804133,1499.79684236804,1494.140625,1,1,3,3,50006,0,0,50006,76.7092243630832,50006,0
0.605,1499.79243984721,0.321150259864711,0.0160575129932355,7.85289485155583,157.057897031117,8.4269483674535,0,1500,1508.7890625,-8.7890625,8.4269483674535,8.48147181506702,1563.54441025396,0,8.4269483674535,0.702245697287792,8.4269483674535,0,76.8662817102057,50109,103,1508.7890625,8.99662265279244,1499.79243984721,1508.7890625,0,1,1,0,50109,1,0,50109,76.8662817102057,50109,0
0.606,1499.76609647144,0.299591954436411,0.0149795977218205,7.85275691796286,157.055138359257,8.51707526547979,0,1500,1494.140625,5.859375,8.51707526547979,8.48072630040411,-1138.45257478836,0,8.51707526547979,0.709756272123315,8.51707526547979,0,77.0233391114233,50211,102,1494.140625,-5.62547147144073,1499.76609647144,1494.140625,1,0,2,2,50211,0,0,50211,77.0233391114233,50211,0
0.607,1499.75405389567,0.320202884796123,0.0160101442398062,7.85269386318357,157.053877263671,8.51757227525506,0,1500,1494.140625,5.859375,8.51757227525506,8.48122331017938,-948.710478990304,0,8.51757227525506,0.709797689604588,8.51757227525506,-1.77635683940025e-15,77.1803927741474,50313,102,1494.140625,-5.61342889566822,1499.75405389567,1494.140625,0,1,1,1,50313,0,0,50313,77.1803927741474,50313,0
0.608,1499.80455797916,0.327893886057484,0.0163946943028742,7.85295830194635,157.059166038927,8.42719687234114,0,1500,1508.7890625,-8.7890625,8.42719687234114,8.48172031995466,1650.81418417475,0,8.42719687234114,0.702266406028428,8.42719687234114,0,77.3374489810311,50416,103,1508.7890625,8.98450452084148,1499.80455797916,1508.7890625,0,0,0,0,50416,0,0,50416,77.3374489810311,50416,0
0.609,1499.79866461289,0.302108935154373,0.0151054467577186,7.85292744435273,157.058548887055,8.51732377036742,0,1500,1494.140625,5.859375,8.51732377036742,8.48097480529174,-1065.72776318771,0,8.51732377036742,0.709776980863952,8.51732377036742,0,77.494508895506,50518,102,1494.140625,-5.65803961288975,1499.79866461289,1494.140625,1,1,3,3,50518,0,0,50518,77.494508895506,50518,0
0.61,1499.79423459642,0.321145155829586,0.0160572577914793,7.85290424884073,157.058084976815,8.5178207801427,0,1500,1494.140625,5.859375,8.5178207801427,8.48147181506702,-888.106469323092,0,8.5178207801427,0.709818398345225,8.5178207801427,0,77.6515664319872,50620,102,1494.140625,-5.65360959642021,1499.79423459642,1494.140625,0,0,0,0,50620,0,0,50620,77.6515664319872,50620,0
0.611,1499.84756846172,0.328249482469951,0.0164124741234975,7.8531835043064,157.063670086128,8.42744537722877,0,1500,1508.7890625,-8.7890625,8.42744537722877,8.48196882484229,1701.31752556409,0,8.42744537722877,0.702287114769065,8.42744537722877,0,77.8086270188318,50723,103,1508.7890625,8.94149403828419,1499.84756846172,1508.7890625,1,0,2,2,50723,0,0,50723,77.8086270188318,50723,0
0.612,1499.84272303884,0.302245970271666,0.0151122985135833,7.85315813373153,157.063162674631,8.51757227525506,0,1500,1494.140625,5.859375,8.51757227525506,8.48122331017938,-1023.64164536326,0,8.51757227525506,0.709797689604589,8.51757227525506,0,77.965691501195,50825,102,1494.140625,-5.70209803883608,1499.84272303884,1494.140625,0,1,1,1,50825,0,0,50825,77.965691501195,50825,0
0.613,1499.83867719008,0.321200777901666,0.0160600388950833,7.85313694971696,157.062738994339,8.42719687234114,0,1500,1508.7890625,-8.7890625,8.42719687234114,8.48172031995466,1588.37154553062,0,8.42719687234114,0.702266406028428,8.42719687234114,0,78.1227536749202,50928,103,1508.7890625,8.95038530992451,1499.83867719008,1508.7890625,0,0,0,0,50928,0,0,50928,78.1227536749202,50928,0
0.614,1499.81244536595,0.299612437609327,0.0149806218804664,7.85299960020702,157.05999200414,8.51732377036743,0,1500,1494.140625,5.859375,8.51732377036743,8.48097480529175,-1117.76329539115,0,8.51732377036743,0.709776980863952,8.51732377036743,0,78.2798159251743,51030,102,1494.140625,-5.67182036594932,1499.81244536595,1494.140625,1,1,3,3,51030,0,0,51030,78.2798159251743,51030,0
0.615,1499.80042330669,0.320212233697134,0.0160106116848567,7.85293665285194,157.058733057039,8.5178207801427,0,1500,1494.140625,5.859375,8.5178207801427,8.48147181506702,-931.46941282596,0,8.5178207801427,0.709818398345225,8.5178207801427,0,78.4368744430742,51132,102,1494.140625,-5.65979830669175,1499.80042330669,1494.140625,0,0,0,0,51132,0,0,51132,78.4368744430742,51132,0
0.616,1499.85091427541,0.327899141747161,0.016394957087358,7.85320102294594,157.064020458919,8.42744537722878,0,1500,1508.7890625,-8.7890625,8.42744537722878,8.4819688248423,1665.1817393117,0,8.42744537722878,0.702287114769065,8.42744537722878,0,78.5939355052321,51235,103,1508.7890625,8.9381482245899,1499.85091427541,1508.7890625,1,0,2,2,51235,0,0,51235,78.5939355052321,51235,0
0.617,1499.84499554622,0.302112720181899,0.015105636009095,7.85317003255235,157.063400651047,8.51757227525506,0,1500,1494.140625,5.859375,8.51757227525506,8.48122331017938,-1053.75480057358,0,8.51757227525506,0.709797689604589,8.51757227525506,0,78.7510002728589,51337,102,1494.140625,-5.70437054621652,1499.84499554622,1494.140625,0,1,1,1,51337,0,0,51337,78.7510002728589,51337,0
0.618,1499.8405358816,0.321148446543546,0.0160574223271773,7.85314668180301,157.06293363606,8.42719687234114,0,1500,1508.7890625,-8.7890625,8.42719687234114,8.48172031995466,1563.27724952201,0,8.42719687234114,0.702266406028428,8.42719687234114,-1.77635683940025e-15,78.9080626595715,51440,103,1508.7890625,8.94852661840196,1499.8405358816,1508.7890625,0,0,0,2,51440,1,0,51440,78.9080626595715,51440,0
0.619,1499.81413613807,0.29959029073144,0.014979514536572,7.85300845306914,157.060169061383,8.51732377036743,0,1500,1494.140625,5.859375,8.51732377036743,8.48097480529175,-1138.67520873165,0,8.51732377036743,0.709776980863952,8.51732377036743,-1.77635683940025e-15,79.0651250944359,51542,102,1494.140625,-5.6735111380699,1499.81413613807,1494.140625,1,1,3,3,51542,0,0,51542,79.0651250944359,51542,0
0.62,1499.80203796002,0.320201368675525,0.0160100684337762,7.85294510715702,157.05890214314,8.5178207801427,0,1500,1494.140625,5.859375,8.5178207801427,8.48147181506702,-948.896007276379,0,8.5178207801427,0.709818398345225,8.5178207801427,0,79.2221837849444,51644,102,1494.140625,-5.66141296002479,1499.80203796002,1494.140625,0,0,0,0,51644,0,0,51644,79.2221837849444,51644,0
0.621,1499.85248719633,0.327892515517027,0.0163946257758514,7.85320925874064,157.064185174813,8.42744537722878,0,1500,1508.7890625,-8.7890625,8.42744537722878,8.4819688248423,1650.65957726968,0,8.42744537722878,0.702287114769065,8.42744537722878,0,79.379245013829,51747,103,1508.7890625,8.93657530366568,1499.85248719633,1508.7890625,1,0,2,2,51747,0,0,51747,79.379245013829,51747,0
0.622,1499.84653972772,0.302107708217053,0.0151053854108526,7.85317811786778,157.063562357356,8.51757227525507,0,1500,1494.140625,5.859375,8.51757227525507,8.48122331017939,-1065.85660227526,0,8.51757227525507,0.709797689604589,8.51757227525507,0,79.5363099446002,51849,102,1494.140625,-5.70591472771753,1499.84653972772,1494.140625,0,1,1,1,51849,0,0,51849,79.5363099446002,51849,0
0.623,1499.84205634363,0.321144070545237,0.0160572035272618,7.85315464292358,157.063092858472,8.42719687234114,0,1500,1508.7890625,-8.7890625,8.42719687234114,8.48172031995466,1553.19241477061,0,8.42719687234114,0.702266406028428,8.42719687234114,0,79.6933724917508,51952,103,1508.7890625,8.94700615637225,1499.84205634363,1508.7890625,0,0,0,2,51952,1,0,51952,79.6933724917508,51952,0
0.624,1499.81563492763,0.299586185744555,0.0149793092872277,7.85301630071293,157.060326014258,8.51732377036743,0,1500,1494.140625,5.859375,8.51732377036743,8.48097480529175,-1147.07923769115,0,8.51732377036743,0.709776980863952,8.51732377036743,0,79.8504350846915,52054,102,1494.140625,-5.67500992763053,1499.81563492763,1494.140625,1,1,3,3,52054,0,0,52054,79.8504350846915,52054,0
0.625,1499.80351601407,0.320197398265578,0.0160098699132789,7.8529528462299,157.059056924598,8.5178207801427,0,1500,1494.140625,5.859375,8.5178207801427,8.48147181506702,-955.899364742629,0,8.5178207801427,0.709818398345225,8.5178207801427,-1.77635683940025e-15,80.007493931061,52156,102,1494.140625,-5.66289101406915,1499.80351601407,1494.140625,0,0,0,0,52156,0,0,52156,80.007493931061,52156,0
0.626,1499.85394503589,0.327888628396062,0.0163944314198031,7.8532168919707,157.064337839414,8.42744537722878,0,1500,1508.7890625,-8.7890625,8.42744537722878,8.4819688248423,1644.82344604781,0,8.42744537722878,0.702287114769065,8.42744537722878,0,80.1645553136653,52259,103,1508.7890625,8.93511746410991,1499.85394503589,1508.7890625,1,0,2,2,52259,0,0,52259,80.1645553136653,52259,0
0.627,1499.84797771651,0.302103884826469,0.0151051942413234,7.85318564715948,157.06371294319,8.51757227525507,0,1500,1494.140625,5.859375,8.51757227525507,8.48122331017939,-1070.72004496016,0,8.51757227525507,0.709797689604589,8.51757227525507,0,80.3216203960594,52361,102,1494.140625,-5.70735271650847,1499.84797771651,1494.140625,0,1,1,1,52361,0,0,52361,80.3216203960594,52361,0
0.628,1499.84347478447,0.321140303153991,0.0160570151576995,7.85316206986245,157.063241397249,8.51806928503034,0,1500,1494.140625,5.859375,8.51806928503034,8.48172031995466,-892.266704133466,0,8.51806928503034,0.709839107085862,8.51806928503034,0,80.4786830927698,52463,102,1494.140625,-5.70284978446784,1499.84347478447,1494.140625,1,0,2,2,52463,0,0,52463,80.4786830927698,52463,0
0.629,1499.89673673678,0.328244822204582,0.0164122411102291,7.85344094879264,157.068818975853,8.42769388211642,0,1500,1508.7890625,-8.7890625,8.42769388211642,8.48221732972994,1697.85066322211,0,8.42769388211642,0.702307823509702,8.42769388211642,0,80.6357488322609,52566,103,1508.7890625,8.89232576321615,1499.89673673678,1508.7890625,1,1,3,3,52566,0,0,52566,80.6357488322609,52566,0
0.63,1499.89182038213,0.302241498850546,0.0151120749425273,7.85341520681986,157.068304136397,8.51782078014271,0,1500,1494.140625,5.859375,8.51782078014271,8.48147181506703,-1026.53069731491,0,8.51782078014271,0.709818398345226,8.51782078014271,0,80.7928184597911,52668,102,1494.140625,-5.75119538212834,1499.89182038213,1494.140625,0,0,0,0,52668,0,0,52668,80.7928184597911,52668,0
0.631,1499.88770456658,0.321196492405192,0.0160598246202596,7.85339365646005,157.067873129201,8.42744537722878,0,1500,1508.7890625,-8.7890625,8.42744537722878,8.4819688248423,1585.96400223758,0,8.42744537722878,0.702287114769065,8.42744537722878,0,80.9498857713063,52771,103,1508.7890625,8.90135793341892,1499.88770456658,1508.7890625,1,0,2,2,52771,0,0,52771,80.9498857713063,52771,0
0.632,1499.86140372647,0.299608335380308,0.0149804167690154,7.85325594558328,157.065118911666,8.51757227525507,0,1500,1494.140625,5.859375,8.51757227525507,8.48122331017939,-1119.76958146869,0,8.51757227525507,0.709797689604589,8.51757227525507,0,81.1069531520732,52873,102,1494.140625,-5.72077872647446,1499.86140372647,1494.140625,0,1,1,1,52873,0,0,52873,81.1069531520732,52873,0
0.633,1499.84931358873,0.320208312197472,0.0160104156098736,7.85319264177007,157.063852835401,8.51806928503034,0,1500,1494.140625,5.859375,8.51806928503034,8.48172031995466,-933.141317890571,0,8.51806928503034,0.709839107085862,8.51806928503034,0,81.2640167933079,52975,102,1494.140625,-5.70868858872745,1499.84931358873,1494.140625,1,0,2,2,52975,0,0,52975,81.2640167933079,52975,0
0.634,1499.89973740357,0.327895398504146,0.0163947699252073,7.85345666024718,157.069133204944,8.42769388211642,0,1500,1508.7890625,-8.7890625,8.42769388211642,8.48221732972994,1663.78848509119,0,8.42769388211642,0.702307823509702,8.42769388211642,0,81.4210829717198,53078,103,1508.7890625,8.88932509643246,1499.89973740357,1508.7890625,1,1,3,3,53078,0,0,53078,81.4210829717198,53078,0
0.635,1499.89375243249,0.302109152767925,0.0151054576383963,7.85342532301192,157.068506460238,8.51782078014271,0,1500,1494.140625,5.859375,8.51782078014271,8.48147181506703,-1054.91584575734,0,8.51782078014271,0.709818398345226,8.51782078014271,0,81.5781528486163,53180,102,1494.140625,-5.75312743249333,1499.89375243249,1494.140625,0,0,0,0,53180,0,0,53180,81.5781528486163,53180,0
0.636,1499.88922742558,0.321145052568269,0.0160572526284135,7.85340163013114,157.068032602623,8.42744537722878,0,1500,1508.7890625,-8.7890625,8.42744537722878,8.4819688248423,1562.30971186888,0,8.42744537722878,0.702287114769065,8.42744537722878,-1.77635683940025e-15,81.7352203377089,53283,103,1508.7890625,8.89983507441616,1499.88922742558,1508.7890625,1,0,2,3,53283,1,0,53283,81.7352203377089,53283,0
0.637,1499.86276322714,0.299587067838571,0.0149793533919286,7.85326306391211,157.065261278242,8.51757227525507,0,1500,1494.140625,5.859375,8.51757227525507,8.48122331017939,-1139.48149010926,0,8.51757227525507,0.709797689604589,8.51757227525507,-1.77635683940025e-15,81.8922878681576,53385,102,1494.140625,-5.72213822713888,1499.86276322714,1494.140625,0,1,1,1,53385,0,0,53385,81.8922878681576,53385,0
0.638,1499.85060146949,0.320198314541368,0.0160099157270684,7.85319938509795,157.063987701959,8.51806928503035,0,1500,1494.140625,5.859375,8.51806928503035,8.48172031995467,-949.567908424387,0,8.51806928503035,0.709839107085862,8.51806928503035,0,82.0493516475461,53487,102,1494.140625,-5.70997646948535,1499.85060146949,1494.140625,1,0,2,2,53487,0,0,53487,82.0493516475461,53487,0
0.639,1499.90098798961,0.327889627849676,0.0163944813924838,7.85346320830041,157.069264166008,8.42769388211642,0,1500,1508.7890625,-8.7890625,8.42769388211642,8.48221732972994,1650.09965964634,0,8.42769388211642,0.702307823509702,8.42769388211642,0,82.2064179586982,53590,103,1508.7890625,8.8880745103852,1499.90098798961,1508.7890625,1,1,3,3,53590,0,0,53590,82.2064179586982,53590,0
0.64,1499.89497865652,0.302104984755792,0.0151052492377896,7.85343174350592,157.068634870118,8.51782078014271,0,1500,1494.140625,5.859375,8.51782078014271,8.48147181506703,-1066.32320029471,0,8.51782078014271,0.709818398345226,8.51782078014271,0,82.3634879652143,53692,102,1494.140625,-5.7543536565222,1499.89497865652,1494.140625,0,0,0,0,53692,0,0,53692,82.3634879652143,53692,0
0.641,1499.89043424808,0.321141509060093,0.0160570754530047,7.85340794903898,157.06815898078,8.42744537722879,0,1500,1508.7890625,-8.7890625,8.42744537722879,8.4819688248423,1552.80358308774,0,8.42744537722879,0.702287114769065,8.42744537722879,0,82.5205555816749,53795,103,1508.7890625,8.89862825191517,1499.89043424808,1508.7890625,1,0,2,3,53795,1,0,53795,82.5205555816749,53795,0
0.642,1499.86395263647,0.299583784035846,0.0149791892017923,7.85326929164478,157.065385832896,8.51757227525507,0,1500,1494.140625,5.859375,8.51757227525507,8.48122331017939,-1147.40326409355,0,8.51757227525507,0.709797689604589,8.51757227525507,0,82.6776232375791,53897,102,1494.140625,-5.72332763646546,1499.86395263647,1494.140625,0,1,1,1,53897,0,0,53897,82.6776232375791,53897,0
0.643,1499.85177434476,0.320195154163503,0.0160097577081751,7.85320552625852,157.06411052517,8.51806928503035,0,1500,1494.140625,5.859375,8.51806928503035,8.48172031995467,-956.169386744626,0,8.51806928503035,0.709839107085862,8.51806928503035,-1.77635683940025e-15,82.8346871406514,53999,102,1494.140625,-5.71114934475918,1499.85177434476,1494.140625,1,0,2,2,53999,0,0,53999,82.8346871406514,53999,0
0.644,1499.9021447948,0.327886539760287,0.0163943269880143,7.85346926531819,157.069385306364,8.42769388211642,0,1500,1508.7890625,-8.7890625,8.42769388211642,8.48221732972994,1644.59842771281,0,8.42769388211642,0.702307823509702,8.42769388211642,0,82.9917535737823,54102,103,1508.7890625,8.8869177052004,1499.9021447948,1508.7890625,1,1,3,3,54102,0,0,54102,82.9917535737823,54102,0
0.645,1499.89611969906,0.302101949545717,0.0151050974772859,7.85343771799067,157.068754359813,8.51782078014271,0,1500,1494.140625,5.859375,8.51782078014271,8.48147181506703,-1070.90756023932,0,8.51782078014271,0.709818398345226,8.51782078014271,0,83.148823700611,54204,102,1494.140625,-5.755494699059,1499.89611969906,1494.140625,0,0,0,0,54204,0,0,54204,83.148823700611,54204,0
0.646,1499.89155977526,0.321138519145677,0.0160569259572838,7.85341384228551,157.06827684571,8.51831778991799,0,1500,1494.140625,5.859375,8.51831778991799,8.48196882484231,-892.422966866103,0,8.51831778991799,0.709859815826499,8.51831778991799,0,83.3058914357472,54306,102,1494.140625,-5.75093477526389,1499.89155977526,1494.140625,1,1,3,3,54306,0,0,54306,83.3058914357472,54306,0
0.647,1499.9447655098,0.328243187414396,0.0164121593707198,7.85369242686006,157.073848537201,8.42794238700406,0,1500,1508.7890625,-8.7890625,8.42794238700406,8.48246583461758,1697.72044427825,0,8.42794238700406,0.702328532250339,8.42794238700406,0,83.4629622077367,54409,103,1508.7890625,8.84429699020438,1499.9447655098,1508.7890625,0,1,1,1,54409,0,0,54409,83.4629622077367,54409,0
0.648,1499.9397937008,0.30224001125207,0.0151120005626035,7.85366639452904,157.073327890581,8.51806928503035,0,1500,1494.140625,5.859375,8.51806928503035,8.48172031995467,-1026.63921310146,0,8.51806928503035,0.709839107085863,8.51806928503035,0,83.6200368619185,54511,102,1494.140625,-5.79916870079956,1499.9397937008,1494.140625,1,0,2,2,54511,0,0,54511,83.6200368619185,54511,0
0.649,1499.935623184,0.32119514999953,0.0160597574999765,7.85364455775413,157.072891155083,8.42769388211643,0,1500,1508.7890625,-8.7890625,8.42769388211643,8.48221732972995,1585.87357241545,0,8.42769388211643,0.702307823509702,8.42769388211643,0,83.7771091943171,54614,103,1508.7890625,8.85343931600187,1499.935623184,1508.7890625,1,1,3,3,54614,0,0,54614,83.7771091943171,54614,0
0.65,1499.9092683855,0.299607136195704,0.0149803568097852,7.85350656435186,157.070131287037,8.51782078014271,0,1500,1494.140625,5.859375,8.51782078014271,8.48147181506703,-1119.84493965379,0,8.51782078014271,0.709818398345226,8.51782078014271,0,83.9341815902781,54716,102,1494.140625,-5.76864338549603,1499.9092683855,1494.140625,0,0,0,0,54716,0,0,54716,83.9341815902781,54716,0
0.651,1499.89712502212,0.320207254288949,0.0160103627144475,7.85344298184992,157.068859636998,8.51831778991799,0,1500,1494.140625,5.859375,8.51831778991799,8.48196882484231,-933.20411637816,0,8.51831778991799,0.709859815826499,8.51831778991799,0,84.0912502410949,54818,102,1494.140625,-5.75650002212228,1499.89712502212,1494.140625,1,1,3,3,54818,0,0,54818,84.0912502410949,54818,0
0.652,1499.94749633415,0.327894479953144,0.0163947239976572,7.85370672542293,157.074134508459,8.42794238700406,0,1500,1508.7890625,-8.7890625,8.42794238700406,8.48246583461758,1663.7361530182,0,8.42794238700406,0.702328532250339,8.42794238700406,0,84.2483214235531,54921,103,1508.7890625,8.84156616585392,1499.94749633415,1508.7890625,0,1,1,1,54921,0,0,54921,84.2483214235531,54921,0
0.653,1499.94145957326,0.302108371681933,0.0151054185840967,7.85367511701684,157.073502340337,8.51806928503035,0,1500,1494.140625,5.859375,8.51806928503035,8.48172031995467,-1054.95945581817,0,8.51806928503035,0.709839107085863,8.51806928503035,0,84.4053962990354,55023,102,1494.140625,-5.80083457325964,1499.94145957326,1494.140625,1,0,2,2,55023,0,0,55023,84.4053962990354,55023,0
0.654,1499.93688347985,0.321144407080483,0.0160572203540241,7.85365115664778,157.073023132956,8.42769388211643,0,1500,1508.7890625,-8.7890625,8.42769388211643,8.48221732972995,1562.27337015153,0,8.42769388211643,0.702307823509702,8.42769388211643,-1.77635683940025e-15,84.5624687813272,55126,103,1508.7890625,8.85217902014938,1499.93688347985,1508.7890625,1,1,3,3,55126,0,0,55126,84.5624687813272,55126,0
0.655,1499.91036888867,0.299586556107547,0.0149793278053773,7.853512326573,157.07024653146,8.51782078014272,0,1500,1494.140625,5.859375,8.51782078014272,8.48147181506704,-1139.51177487373,0,8.51782078014272,0.709818398345226,8.51782078014271,-1.77635683940025e-15,84.7195412996614,55228,102,1494.140625,-5.76974388866847,1499.91036888867,1494.140625,0,0,0,0,55228,0,0,55228,84.7195412996614,55228,0
0.656,1499.89815742263,0.320197934750658,0.0160098967375329,7.85344838748634,157.068967749727,8.51831778991799,0,1500,1494.140625,5.859375,8.51831778991799,8.48196882484231,-949.593145728106,0,8.51831778991799,0.709859815826499,8.51831778991799,0,84.8766100616944,55330,102,1494.140625,-5.75753242263067,1499.89815742263,1494.140625,1,1,3,3,55330,0,0,55330,84.8766100616944,55330,0
0.657,1499.94849490943,0.32788937820749,0.0163944689103745,7.85371195395088,157.074239079018,8.42794238700407,0,1500,1508.7890625,-8.7890625,8.42794238700407,8.48246583461759,1650.07862855991,0,8.42794238700407,0.702328532250339,8.42794238700407,0,85.0336813503211,55433,103,1508.7890625,8.84056759057057,1499.94849490943,1508.7890625,0,1,1,1,55433,0,0,55433,85.0336813503211,55433,0
0.658,1499.94243720889,0.302104863494678,0.0151052431747339,7.85368023590504,157.073604718101,8.51806928503035,0,1500,1494.140625,5.859375,8.51806928503035,8.48172031995467,-1066.34072620007,0,8.51806928503035,0.709839107085863,8.51806928503035,0,85.1907563292118,55535,102,1494.140625,-5.80181220889108,1499.94243720889,1494.140625,1,0,2,2,55535,0,0,55535,85.1907563292118,55535,0
0.659,1499.93784508985,0.321141514436607,0.0160570757218303,7.85365619162594,157.073123832519,8.42769388211643,0,1500,1508.7890625,-8.7890625,8.42769388211643,8.48221732972995,1552.78897816661,0,8.42769388211643,0.702307823509702,8.42769388211643,0,85.3478289130168,55638,103,1508.7890625,8.85121741015382,1499.93784508985,1508.7890625,1,1,3,3,55638,0,0,55638,85.3478289130168,55638,0
0.66,1499.91131641554,0.299583914330226,0.0149791957165113,7.85351728781207,157.070345756241,8.51782078014272,0,1500,1494.140625,5.859375,8.51782078014272,8.48147181506704,-1147.41543486116,0,8.51782078014272,0.709818398345226,8.51782078014272,0,85.5049015313028,55740,102,1494.140625,-5.77069141553557,1499.91131641554,1494.140625,0,0,0,0,55740,0,0,55740,85.5049015313028,55740,0
0.661,1499.89909170026,0.320195407679343,0.0160097703839672,7.85345327935256,157.069065587051,8.51831778991799,0,1500,1494.140625,5.859375,8.51831778991799,8.48196882484231,-956.179529050968,0,8.51831778991799,0.709859815826499,8.51831778991799,-1.77635683940025e-15,85.6619703918622,55842,102,1494.140625,-5.75846670025862,1499.89909170026,1494.140625,1,1,3,3,55842,0,0,55842,85.6619703918622,55842,0
0.662,1499.94941635717,0.327886914824212,0.0163943457412106,7.85371677864,157.0743355728,8.42794238700407,0,1500,1508.7890625,-8.7890625,8.42794238700407,8.48246583461759,1644.58997579086,0,8.42794238700407,0.702328532250339,8.42794238700407,0,85.8190417776515,55945,103,1508.7890625,8.83964614282536,1499.94941635717,1508.7890625,0,1,1,1,55945,0,0,55945,85.8190417776515,55945,0
0.663,1499.94334609019,0.302102444507067,0.0151051222253534,7.85368499479641,157.073699895928,8.51806928503036,0,1500,1494.140625,5.859375,8.51806928503036,8.48172031995468,-1070.91460350762,0,8.51806928503036,0.709839107085863,8.51806928503036,0,85.9761168523762,56047,102,1494.140625,-5.80272109019461,1499.94334609019,1494.140625,1,0,2,2,56047,0,0,56047,85.9761168523762,56047,0
0.664,1499.9387416086,0.321139132376212,0.0160569566188106,7.85366088578717,157.073217715743,8.42769388211643,0,1500,1508.7890625,-8.7890625,8.42769388211643,8.48221732972995,1548.97741374365,0,8.42769388211643,0.702307823509703,8.42769388211643,0,86.1331895307102,56150,103,1508.7890625,8.85032089139827,1499.9387416086,1508.7890625,1,1,3,3,56150,0,0,56150,86.1331895307102,56150,0
0.665,1499.91220075201,0.299581566137656,0.0149790783068828,7.85352191818702,157.07043836374,8.51782078014272,0,1500,1494.140625,5.859375,8.51782078014272,8.48147181506704,-1150.59173854696,0,8.51782078014272,0.709818398345227,8.51782078014272,0,86.29026224224,56252,102,1494.140625,-5.77157575200977,1499.91220075201,1494.140625,0,0,0,0,56252,0,0,56252,86.29026224224,56252,0
0.666,1499.8999640245,0.320193091941662,0.0160096545970831,7.85345784683162,157.069156936632,8.51831778991799,0,1500,1494.140625,5.859375,8.51831778991799,8.48196882484231,-958.82644878913,0,8.51831778991799,0.709859815826499,8.51831778991799,0,86.4473311947765,56354,102,1494.140625,-5.75933902450333,1499.8999640245,1494.140625,1,1,3,3,56354,0,0,56354,86.4473311947765,56354,0
0.667,1499.95027683403,0.327884630745613,0.0163942315372806,7.85372128408629,157.074425681726,8.42794238700407,0,1500,1508.7890625,-8.7890625,8.42794238700407,8.48246583461759,1642.38420934239,0,8.42794238700407,0.702328532250339,8.42794238700407,0,86.6044026712938,56457,103,1508.7890625,8.8387856659665,1499.95027683403,1508.7890625,0,1,1,1,56457,0,0,56457,86.6044026712938,56457,0
0.668,1499.9441948812,0.302100191525331,0.0151050095762666,7.85368943905573,157.073788781115,8.51806928503036,0,1500,1494.140625,5.859375,8.51806928503036,8.48172031995468,-1072.75274221467,0,8.51806928503036,0.709839107085863,8.51806928503036,0,86.7614778355139,56559,102,1494.140625,-5.80356988120116,1499.9441948812,1494.140625,1,0,2,2,56559,0,0,56559,86.7614778355139,56559,0
0.669,1499.93957887268,0.321136910019756,0.0160568455009878,7.85366526969165,157.073305393833,8.42769388211643,0,1500,1508.7890625,-8.7890625,8.42769388211643,8.48221732972995,1547.44563148777,0,8.42769388211643,0.702307823509703,8.42769388211643,0,86.9185506021281,56662,103,1508.7890625,8.84948362731711,1499.93957887268,1508.7890625,1,1,3,1,56662,1,0,56662,86.9185506021281,56662,0
0.67,1499.9130266458,0.299579373972221,0.014978968698611,7.8535262425568,157.070524851136,8.51782078014272,0,1500,1494.140625,5.859375,8.51782078014272,8.48147181506704,-1151.86822376019,0,8.51782078014272,0.709818398345227,8.51782078014272,0,87.0756234007391,56764,102,1494.140625,-5.77240164580098,1499.9130266458,1494.140625,0,0,0,0,56764,0,0,56764,87.0756234007391,56764,0
0.671,1499.90077870245,0.320190929550398,0.0160095464775199,7.85346211247537,157.069242249507,8.518317789918,0,1500,1494.140625,5.859375,8.518317789918,8.48196882484232,-959.890186466825,0,8.518317789918,0.7098598158265,8.518317789918,0,87.2326924391742,56866,102,1494.140625,-5.76015370244772,1499.90077870245,1494.140625,1,1,3,3,56866,0,0,56866,87.2326924391742,56866,0
0.672,1499.95108044845,0.327882497721637,0.0163941248860818,7.85372549180156,157.074509836031,8.42794238700407,0,1500,1508.7890625,-8.7890625,8.42794238700407,8.48246583461759,1641.49776127765,0,8.42794238700407,0.702328532250339,8.42794238700407,-1.77635683940025e-15,87.3897640004239,56969,103,1508.7890625,8.83798205154517,1499.95108044845,1508.7890625,0,1,1,1,56969,0,0,56969,87.3897640004239,56969,0
0.673,1499.94498758234,0.302098087468887,0.0151049043734444,7.85369358962919,157.073871792584,8.51806928503036,0,1500,1494.140625,5.859375,8.51806928503036,8.48172031995468,-1073.4914489353,0,8.51806928503036,0.709839107085863,8.51806928503036,-1.77635683940025e-15,87.5468392482259,57071,102,1494.140625,-5.8043625823409,1499.94498758234,1494.140625,1,0,2,2,57071,0,0,57071,87.5468392482259,57071,0
0.674,1499.94036080876,0.321134834537102,0.0160567417268551,7.85366936389936,157.073387277987,8.42769388211643,0,1500,1508.7890625,-8.7890625,8.42769388211643,8.48221732972995,1546.83004255392,0,8.42769388211643,0.702307823509703,8.42769388211643,0,87.7039120972865,57174,103,1508.7890625,8.84870169124224,1499.94036080876,1508.7890625,1,1,3,1,57174,1,0,57174,87.7039120972865,57174,0
0.675,1499.913797963,0.299577326675182,0.0149788663337591,7.85353028116423,157.070605623285,8.51782078014272,0,1500,1494.140625,5.859375,8.51782078014272,8.48147181506704,-1152.3812145384,0,8.51782078014272,0.709818398345227,8.51782078014272,0,87.8609849772245,57276,102,1494.140625,-5.77317296300293,1499.913797963,1494.140625,0,0,0,0,57276,0,0,57276,87.8609849772245,57276,0
0.676,1499.90153954498,0.320188910056161,0.0160094455028081,7.85346609623755,157.069321924751,8.518317789918,0,1500,1494.140625,5.859375,8.518317789918,8.48196882484232,-960.317678782,0,8.518317789918,0.7098598158265,8.518317789918,0,88.0180540958821,57378,102,1494.140625,-5.76091454497941,1499.90153954498,1494.140625,1,1,3,3,57378,0,0,57378,88.0180540958821,57378,0
0.677,1499.95183095857,0.32788050565261,0.0163940252826305,7.85372942146336,157.074588429267,8.42794238700407,0,1500,1508.7890625,-8.7890625,8.42794238700407,8.48246583461759,1641.14151768167,0,8.42794238700407,0.702328532250339,8.42794238700407,0,88.1751257362648,57481,103,1508.7890625,8.83723154142535,1499.95183095857,1508.7890625,0,1,1,1,57481,0,0,57481,88.1751257362648,57481,0
0.678,1499.94572790036,0.302096122452617,0.0151048061226308,7.85369746592529,157.073949318506,8.51806928503036,0,1500,1494.140625,5.859375,8.51806928503036,8.48172031995468,-1073.78831859861,0,8.51806928503036,0.709839107085863,8.51806928503036,0,88.3322010621252,57583,102,1494.140625,-5.80510290036341,1499.94572790036,1494.140625,1,0,2,2,57583,0,0,57583,88.3322010621252,57583,0
0.679,1499.94109107309,0.3211328962062,0.01605664481031,7.85367318755448,157.07346375109,8.42769388211644,0,1500,1508.7890625,-8.7890625,8.42769388211644,8.48221732972996,1546.58265116782,0,8.42769388211644,0.702307823509703,8.42769388211644,0,88.4892739881843,57686,103,1508.7890625,8.8479714269065,1499.94109107309,1508.7890625,1,1,3,1,57686,1,0,57686,88.4892739881843,57686,0
0.68,1499.91451831018,0.299575414667251,0.0149787707333626,7.85353405289325,157.070681057865,8.51782078014272,0,1500,1494.140625,5.859375,8.51782078014272,8.48147181506704,-1152.58737402681,0,8.51782078014272,0.709818398345227,8.51782078014272,0,88.6463469440749,57788,102,1494.140625,-5.77389331018435,1499.91451831018,1494.140625,0,0,0,0,57788,0,0,57788,88.6463469440749,57788,0
0.681,1499.90225010969,0.32018702401373,0.0160093512006865,7.85346981674565,157.069396334913,8.518317789918,0,1500,1494.140625,5.859375,8.518317789918,8.48196882484232,-960.489478355678,0,8.518317789918,0.7098598158265,8.518317789918,0,88.803416137654,57890,102,1494.140625,-5.76162510968538,1499.90225010969,1494.140625,1,1,3,3,57890,0,0,57890,88.803416137654,57890,0
0.682,1499.95253187365,0.32787864522306,0.016393932261153,7.85373309144611,157.074661828922,8.42794238700407,0,1500,1508.7890625,-8.7890625,8.42794238700407,8.48246583461759,1640.99835137027,0,8.42794238700407,0.70232853225034,8.42794238700407,0,88.9604878519402,57993,103,1508.7890625,8.8365306263504,1499.95253187365,1508.7890625,0,1,1,1,57993,0,0,57993,88.9604878519402,57993,0
0.683,1499.94641929685,0.302094287288127,0.0151047143644064,7.85370108606882,157.074021721376,8.51806928503036,0,1500,1494.140625,5.859375,8.51806928503036,8.48172031995468,-1073.90762385811,0,8.51806928503036,0.709839107085864,8.51806928503036,0,89.1175632507004,58095,102,1494.140625,-5.80579429684849,1499.94641929685,1494.140625,1,0,2,2,58095,0,0,58095,89.1175632507004,58095,0
0.684,1499.94177308025,0.321131085963669,0.0160565542981835,7.85367675853561,157.073535170712,8.42769388211644,0,1500,1508.7890625,-8.7890625,8.42769388211644,8.48221732972996,1546.48323011824,0,8.42769388211644,0.702307823509703,8.42769388211644,-1.77635683940025e-15,89.2746362486696,58198,103,1508.7890625,8.84728941974799,1499.94177308025,1508.7890625,1,1,3,1,58198,1,0,58198,89.2746362486696,58198,0
0.685,1499.91519105552,0.299573629008237,0.0149786814504118,7.85353757537961,157.070751507592,8.51782078014273,0,1500,1494.140625,5.859375,8.51782078014273,8.48147181506705,-1152.67022490146,0,8.51782078014273,0.709818398345227,8.51782078014272,-1.77635683940025e-15,89.4317092754937,58300,102,1494.140625,-5.77456605552493,1499.91519105552,1494.140625,0,0,0,0,58300,0,0,58300,89.4317092754937,58300,0
0.686,1499.90291371899,0.320185262604385,0.0160092631302192,7.85347329139581,157.069465827916,8.518317789918,0,1500,1494.140625,5.859375,8.518317789918,8.48196882484232,-960.558520751221,0,8.518317789918,0.7098598158265,8.518317789918,0,89.5887785390429,58402,102,1494.140625,-5.76228871898502,1499.90291371899,1494.140625,1,1,3,3,58402,0,0,58402,89.5887785390429,58402,0
0.687,1499.95318647098,0.327876907734066,0.0163938453867033,7.85373651890972,157.074730378194,8.42794238700408,0,1500,1508.7890625,-8.7890625,8.42794238700408,8.4824658346176,1640.94081604065,0,8.42794238700408,0.70232853225034,8.42794238700408,0,89.7458503223494,58505,103,1508.7890625,8.83587602902048,1499.95318647098,1508.7890625,0,1,1,1,58505,0,0,58505,89.7458503223494,58505,0
0.688,1499.9470650046,0.302092573394635,0.0151046286697317,7.85370446698669,157.074089339734,8.51806928503036,0,1500,1494.140625,5.859375,8.51806928503036,8.48172031995468,-1073.95556996613,0,8.51806928503036,0.709839107085864,8.51806928503036,0,89.9029257891923,58607,102,1494.140625,-5.80644000459779,1499.9470650046,1494.140625,1,0,2,2,58607,0,0,58607,89.9029257891923,58607,0
0.689,1499.94241001914,0.321129395345245,0.0160564697672623,7.85368009353985,157.073601870797,8.51856629480564,0,1500,1494.140625,5.859375,8.51856629480564,8.48221732972996,-894.962974971771,0,8.51856629480564,0.709880524567137,8.51856629480564,0,90.0599988543198,58709,102,1494.140625,-5.80178501914338,1499.94241001914,1494.140625,0,1,1,1,58709,0,0,58709,90.0599988543198,58709,0
0.69,1499.99552198306,0.328234312519142,0.0164117156259571,7.8539581871326,157.079163742652,8.42819089189171,0,1500,1508.7890625,-8.7890625,8.42819089189171,8.48271433950523,1695.60377085686,0,8.42819089189171,0.702349240990976,8.42819089189171,-1.77635683940025e-15,90.217074946413,58812,103,1508.7890625,8.79354051694236,1499.99552198306,1508.7890625,0,0,0,0,58812,0,0,58812,90.217074946413,58812,0
0.691,1499.99045767691,0.302231381874909,0.0151115690937455,7.85393167048764,157.078633409753,8.518317789918,0,1500,1494.140625,5.859375,8.518317789918,8.48196882484232,-1028.40310761929,0,8.518317789918,0.7098598158265,8.518317789918,-1.77635683940025e-15,90.3741549109458,58914,102,1494.140625,-5.84983267691337,1499.99045767691,1494.140625,1,1,3,3,58914,0,0,58914,90.3741549109458,58914,0
0.692,1499.9861959191,0.321186762803694,0.0160593381401847,7.85390935597592,157.078187119518,8.42794238700408,0,1500,1508.7890625,-8.7890625,8.42794238700408,8.4824658346176,1584.40366031726,0,8.42794238700408,0.70232853225034,8.42794238700408,0,90.5312325440753,59017,103,1508.7890625,8.80286658089858,1499.9861959191,1508.7890625,0,1,1,1,59017,0,0,59017,90.5312325440753,59017,0
0.693,1499.95975111867,0.299598987891367,0.0149799493945683,7.85377089132465,157.075417826493,8.51806928503037,0,1500,1494.140625,5.859375,8.51806928503037,8.48172031995469,-1121.06986640228,0,8.51806928503037,0.709839107085864,8.51806928503037,0,90.6883102312775,59119,102,1494.140625,-5.81912611867006,1499.95975111867,1494.140625,1,0,2,2,59119,0,0,59119,90.6883102312775,59119,0
0.694,1499.94751897561,0.32019934163155,0.0160099670815775,7.85370684397338,157.074136879468,8.51856629480564,0,1500,1494.140625,5.859375,8.51856629480564,8.48221732972996,-934.224888668568,0,8.51856629480564,0.709880524567137,8.51856629480564,0,90.8453841639748,59221,102,1494.140625,-5.806893975614,1499.94751897561,1494.140625,0,1,1,1,59221,0,0,59221,90.8453841639748,59221,0
0.695,1499.99780271361,0.327886799742415,0.0163943399871207,7.85397012900983,157.079402580197,8.42819089189172,0,1500,1508.7890625,-8.7890625,8.42819089189172,8.48271433950524,1662.88550944286,0,8.42819089189172,0.702349240990976,8.42819089189172,0,91.0024606190796,59324,103,1508.7890625,8.79125978639331,1499.99780271361,1508.7890625,0,0,0,0,59324,0,0,59324,91.0024606190796,59324,0
0.696,1499.99167956796,0.302100920761144,0.0151050460380572,7.85393806829422,157.078761365884,8.518317789918,0,1500,1494.140625,5.859375,8.518317789918,8.48196882484232,-1055.66832546428,0,8.518317789918,0.7098598158265,8.518317789918,0,91.1595407581,59426,102,1494.140625,-5.85105456796487,1499.99167956796,1494.140625,1,1,3,3,59426,0,0,59426,91.1595407581,59426,0
0.697,1499.98701826292,0.321137182335807,0.0160568591167904,7.8539136617581,157.078273235162,8.42794238700408,0,1500,1508.7890625,-8.7890625,8.42794238700408,8.4824658346176,1561.68264544643,0,8.42794238700408,0.70232853225034,8.42794238700408,0,91.3166184949455,59529,103,1508.7890625,8.80204423707551,1499.98701826292,1508.7890625,0,1,1,1,59529,0,0,59529,91.3166184949455,59529,0
0.698,1499.96041961731,0.299579554467441,0.0149789777233721,7.85377439157535,157.075487831507,8.51806928503037,0,1500,1494.140625,5.859375,8.51806928503037,8.48172031995469,-1140.00404546131,0,8.51806928503037,0.709839107085864,8.51806928503037,0,91.4736962589706,59631,102,1494.140625,-5.81979461731157,1499.96041961731,1494.140625,1,0,2,2,59631,0,0,59631,91.4736962589706,59631,0
0.699,1499.94812523832,0.320191153185311,0.0160095576592655,7.85371001835746,157.074200367149,8.51856629480564,0,1500,1494.140625,5.859375,8.51856629480564,8.48221732972996,-950.003371217757,0,8.51856629480564,0.709880524567137,8.51856629480564,0,91.6307702579525,59733,102,1494.140625,-5.80750023831501,1499.94812523832,1494.140625,0,1,1,1,59733,0,0,59733,91.6307702579525,59733,0
0.7,1499.99838093813,0.327882813728241,0.016394140686412,7.85397315658635,157.079463131727,8.42819089189172,0,1500,1508.7890625,-8.7890625,8.42819089189172,8.48271433950524,1649.7367739852,0,8.42819089189172,0.702349240990977,8.42819089189172,0,91.7878467749046,59836,103,1508.7890625,8.790681561871,1499.99838093813,1508.7890625,0,0,0,0,59836,0,0,59836,91.7878467749046,59836,0
0.701,1499.99224256129,0.302098513153447,0.0151049256576723,7.8539410161204,157.078820322408,8.51831778991801,0,1500,1494.140625,5.859375,8.51831778991801,8.48196882484233,-1066.62560501233,0,8.51831778991801,0.7098598158265,8.51831778991801,0,91.9449269736143,59938,102,1494.140625,-5.85161756129423,1499.99224256129,1494.140625,1,1,3,3,59938,0,0,59938,91.9449269736143,59938,0
0.702,1499.98757086156,0.321135375325353,0.0160567687662676,7.85391655515779,157.078331103156,8.42794238700408,0,1500,1508.7890625,-8.7890625,8.42794238700408,8.4824658346176,1552.55157915639,0,8.42794238700408,0.70232853225034,8.42794238700408,-1.77635683940025e-15,92.1020047688474,60041,103,1508.7890625,8.80149163844021,1499.98757086156,1508.7890625,0,1,1,1,60041,0,0,60041,92.1020047688474,60041,0
0.703,1499.96096368728,0.299577983580392,0.0149788991790196,7.85377724031905,157.075544806381,8.51806928503037,0,1500,1494.140625,5.859375,8.51806928503037,8.48172031995469,-1147.61326736967,0,8.51806928503037,0.709839107085864,8.51806928503037,-1.77635683940025e-15,92.2590825902842,60143,102,1494.140625,-5.82033868728104,1499.96096368728,1494.140625,1,0,2,2,60143,0,0,60143,92.2590825902842,60143,0
0.704,1499.94866153809,0.320189682461331,0.0160094841230665,7.85371282641649,157.07425652833,8.51856629480564,0,1500,1494.140625,5.859375,8.51856629480564,8.48221732972996,-956.344389474729,0,8.51856629480564,0.709880524567137,8.51856629480564,0,92.4161566458303,60245,102,1494.140625,-5.80803653808562,1499.94866153809,1494.140625,0,1,1,1,60245,0,0,60245,92.4161566458303,60245,0
0.705,1499.99890981266,0.327881392346848,0.0163940696173424,7.85397592576689,157.079518515338,8.42819089189172,0,1500,1508.7890625,-8.7890625,8.42819089189172,8.48271433950524,1644.45259210439,0,8.42819089189172,0.702349240990977,8.42819089189172,0,92.5732332185526,60348,103,1508.7890625,8.79015268734497,1499.99890981266,1508.7890625,0,0,0,0,60348,0,0,60348,92.5732332185526,60348,0
0.706,1499.99276420061,0.3020971220171,0.015104856100855,7.85394374741746,157.078874948349,8.51831778991801,0,1500,1494.140625,5.859375,8.51831778991801,8.48196882484233,-1071.02908991301,0,8.51831778991801,0.709859815826501,8.51831778991801,0,92.7303134722655,60450,102,1494.140625,-5.85213920060687,1499.99276420061,1494.140625,1,1,3,3,60450,0,0,60450,92.7303134722655,60450,0
0.707,1499.98808539715,0.32113400715777,0.0160567003578885,7.85391924925984,157.078384985197,8.42794238700408,0,1500,1508.7890625,-8.7890625,8.42794238700408,8.4824658346176,1548.88200840583,0,8.42794238700408,0.70232853225034,8.42794238700408,0,92.8873913217514,60553,103,1508.7890625,8.80097710285031,1499.98808539715,1508.7890625,0,1,1,1,60553,0,0,60553,92.8873913217514,60553,0
0.708,1499.96147122801,0.299576635511748,0.0149788317755874,7.85377989779609,157.075597955922,8.51806928503037,0,1500,1494.140625,5.859375,8.51806928503037,8.48172031995469,-1150.67124299514,0,8.51806928503037,0.709839107085864,8.51806928503037,0,93.0444691967029,60655,102,1494.140625,-5.82084622801017,1499.96147122801,1494.140625,1,0,2,2,60655,0,0,60655,93.0444691967029,60655,0
0.709,1499.94916218355,0.320188353265668,0.0160094176632834,7.85371544779003,157.074308955801,8.51856629480565,0,1500,1494.140625,5.859375,8.51856629480565,8.48221732972997,-958.892702495952,0,8.51856629480565,0.709880524567137,8.51856629480564,-1.77635683940025e-15,93.2015433050363,60757,102,1494.140625,-5.80853718355479,1499.94916218355,1494.140625,0,1,1,1,60757,0,0,60757,93.2015433050363,60757,0
0.71,1499.99940365822,0.327880081412809,0.0163940040706404,7.85397851153622,157.079570230724,8.42819089189172,0,1500,1508.7890625,-8.7890625,8.42819089189172,8.48271433950524,1642.32899792004,0,8.42819089189172,0.702349240990977,8.42819089189172,0,93.3586199298291,60860,103,1508.7890625,8.78965884178024,1499.99940365822,1508.7890625,0,0,0,0,60860,0,0,60860,93.3586199298291,60860,0
0.711,1499.99325133926,0.302095828964398,0.0151047914482199,7.85394629806946,157.078925961389,8.51831778991801,0,1500,1494.140625,5.859375,8.51831778991801,8.48196882484233,-1072.7987517333,0,8.51831778991801,0.709859815826501,8.51831778991801,0,93.5157002349056,60962,102,1494.140625,-5.85262633925618,1499.99325133926,1494.140625,1,1,3,3,60962,0,0,60962,93.5157002349056,60962,0
0.712,1499.9885659202,0.321132731694291,0.0160566365847146,7.85392176527266,157.078435305453,8.42794238700409,0,1500,1508.7890625,-8.7890625,8.42794238700409,8.4824658346176,1547.40729022225,0,8.42794238700409,0.70232853225034,8.42794238700409,0,93.6727781350574,61065,103,1508.7890625,8.80049657979885,1499.9885659202,1508.7890625,0,1,1,1,61065,0,0,61065,93.6727781350574,61065,0
0.713,1499.9619452254,0.299575377380257,0.0149787688690128,7.85378237964061,157.075647592812,8.51806928503037,0,1500,1494.140625,5.859375,8.51806928503037,8.48172031995469,-1151.90017481479,0,8.51806928503037,0.709839107085864,8.51806928503037,0,93.8298560599871,61167,102,1494.140625,-5.82132022539872,1499.9619452254,1494.140625,1,0,2,2,61167,0,0,61167,93.8298560599871,61167,0
0.714,1499.94962974393,0.320187112223954,0.0160093556111977,7.85371789593043,157.074357918609,8.51856629480565,0,1500,1494.140625,5.859375,8.51856629480565,8.48221732972997,-959.91681234566,0,8.51856629480565,0.709880524567137,8.51856629480565,0,93.9869302176196,61269,102,1494.140625,-5.80900474392865,1499.94962974393,1494.140625,0,1,1,1,61269,0,0,61269,93.9869302176196,61269,0
0.715,1499.999864869,0.327878857226241,0.0163939428613121,7.85398092643024,157.079618528605,8.42819089189172,0,1500,1508.7890625,-8.7890625,8.42819089189172,8.48271433950524,1641.47557304528,0,8.42819089189172,0.702349240990977,8.42819089189172,0,94.1440068910421,61372,103,1508.7890625,8.78919763099566,1499.999864869,1508.7890625,0,0,0,0,61372,0,0,61372,94.1440068910421,61372,0
0.716,1499.99370628669,0.302094621403138,0.0151047310701569,7.85394868016866,157.078973603373,8.51831778991801,0,1500,1494.140625,5.859375,8.51831778991801,8.48196882484233,-1073.50993912893,0,8.51831778991801,0.709859815826501,8.51831778991801,0,94.3010872440877,61474,102,1494.140625,-5.85308128669226,1499.99370628669,1494.140625,1,1,3,3,61474,0,0,61474,94.3010872440877,61474,0
0.717,1499.98901468935,0.321131540532199,0.0160565770266099,7.85392411502242,157.078482300448,8.42794238700409,0,1500,1508.7890625,-8.7890625,8.42794238700409,8.48246583461761,1546.81463405922,0,8.42794238700409,0.702328532250341,8.42794238700409,0,94.4581651915574,61577,103,1508.7890625,8.80004781065145,1499.98901468935,1508.7890625,0,1,1,1,61577,0,0,61577,94.4581651915574,61577,0
0.718,1499.96238790016,0.299574202394492,0.0149787101197246,7.85378469748023,157.075693949605,8.51806928503037,0,1500,1494.140625,5.859375,8.51806928503037,8.48172031995469,-1152.39405495065,0,8.51806928503037,0.709839107085865,8.51806928503037,0,94.6152431631622,61679,102,1494.140625,-5.82176290015741,1499.96238790016,1494.140625,1,0,2,2,61679,0,0,61679,94.6152431631622,61679,0
0.719,1499.95006640706,0.320185953194797,0.0160092976597398,7.85372018229323,157.074403645865,8.51856629480565,0,1500,1494.140625,5.859375,8.51856629480565,8.48221732972997,-960.328379125539,0,8.51856629480565,0.709880524567137,8.51856629480565,0,94.7723173668359,61781,102,1494.140625,-5.80944140705947,1499.95006640706,1494.140625,0,1,1,1,61781,0,0,61781,94.7723173668359,61781,0
0.72,1500.00029560215,0.327877713936982,0.0163938856968491,7.85398318174374,157.079663634875,8.42819089189173,0,1500,1508.7890625,-8.7890625,8.42819089189173,8.48271433950524,1641.13260072872,0,8.42819089189173,0.702349240990977,8.42819089189172,-1.77635683940025e-15,94.9293940856745,61884,103,1508.7890625,8.78876689784738,1500.00029560215,1508.7890625,0,0,0,0,61884,0,0,61884,94.9293940856745,61884,0
0.721,1499.99413117038,0.302093493640005,0.0151046746820003,7.85395090485448,157.07901809709,8.51831778991801,0,1500,1494.140625,5.859375,8.51831778991801,8.48196882484233,-1073.79574939274,0,8.51831778991801,0.709859815826501,8.51831778991801,-1.77635683940025e-15,95.0864744835193,61986,102,1494.140625,-5.85350617038489,1499.99413117038,1494.140625,1,1,3,3,61986,0,0,61986,95.0864744835193,61986,0
0.722,1499.98943380302,0.321130428084346,0.0160565214042173,7.85392630949649,157.07852618993,8.42794238700409,0,1500,1508.7890625,-8.7890625,8.42794238700409,8.48246583461761,1546.57645883939,0,8.42794238700409,0.702328532250341,8.42794238700409,0,95.2435524751799,62089,103,1508.7890625,8.79962869697533,1499.98943380302,1508.7890625,0,1,1,1,62089,0,0,62089,95.2435524751799,62089,0
0.723,1499.96280132216,0.299573105053944,0.0149786552526972,7.8537868621528,157.075737243056,8.51806928503038,0,1500,1494.140625,5.859375,8.51806928503038,8.4817203199547,-1152.59253430051,0,8.51806928503038,0.709839107085865,8.51806928503038,0,95.4006304903754,62191,102,1494.140625,-5.82217632216498,1499.96280132216,1494.140625,1,0,2,2,62191,0,0,62191,95.4006304903754,62191,0
0.724,1499.9504742147,0.320184870756389,0.0160092435378195,7.85372231756907,157.074446351381,8.51856629480565,0,1500,1494.140625,5.859375,8.51856629480565,8.48221732972997,-960.493778583759,0,8.51856629480565,0.709880524567138,8.51856629480565,0,95.5577047370482,62293,102,1494.140625,-5.80984921470485,1499.9504742147,1494.140625,0,1,1,1,62293,0,0,62293,95.5577047370482,62293,0
0.725,1500.00069787168,0.327876646198337,0.0163938323099168,7.85398528802204,157.079705760441,8.42819089189173,0,1500,1508.7890625,-8.7890625,8.42819089189173,8.48271433950525,1640.99476784687,0,8.42819089189173,0.702349240990977,8.42819089189173,0,95.7147814983017,62396,103,1508.7890625,8.78836462832328,1500.00069787168,1508.7890625,0,0,0,0,62396,0,0,62396,95.7147814983017,62396,0
0.726,1499.99452797699,0.302092440401503,0.0151046220200752,7.853952982529,157.07905965058,8.51831778991802,0,1500,1494.140625,5.859375,8.51831778991802,8.48196882484234,-1073.91061012761,0,8.51831778991802,0.709859815826501,8.51831778991802,0,95.8718619379855,62498,102,1494.140625,-5.85390297698927,1499.99452797699,1494.140625,1,1,3,3,62498,0,0,62498,95.8718619379855,62498,0
0.727,1499.9898252209,0.321129389149077,0.0160564694574538,7.85392835895569,157.078567179114,8.42794238700409,0,1500,1508.7890625,-8.7890625,8.42794238700409,8.48246583461761,1546.48074156032,0,8.42794238700409,0.702328532250341,8.42794238700409,0,96.0289399709167,62601,103,1508.7890625,8.79923727910068,1499.9898252209,1508.7890625,0,1,1,1,62601,0,0,62601,96.0289399709167,62601,0
0.728,1499.9631874245,0.29957208022766,0.014978604011383,7.85378888377989,157.075777675598,8.51806928503038,0,1500,1494.140625,5.859375,8.51806928503038,8.4817203199547,-1152.67229869973,0,8.51806928503038,0.709839107085865,8.51806928503038,0,96.1860180268224,62703,102,1494.140625,-5.82256242449762,1499.9631874245,1494.140625,1,0,2,2,62703,0,0,62703,96.1860180268224,62703,0
0.729,1499.95085507368,0.320183859847484,0.0160091929923742,7.85372431174199,157.07448623484,8.51856629480565,0,1500,1494.140625,5.859375,8.51856629480565,8.48221732972997,-960.560248916441,0,8.51856629480565,0.709880524567138,8.51856629480565,0,96.3430923136526,62805,102,1494.140625,-5.81023007367753,1499.95085507368,1494.140625,0,1,1,1,62805,0,0,62805,96.3430923136526,62805,0
0.73,1500.0010735585,0.327875649017802,0.0163937824508901,7.85398725511365,157.079745102273,8.42819089189173,0,1500,1508.7890625,-8.7890625,8.42819089189173,8.48271433950525,1640.93937590297,0,8.42819089189173,0.702349240990977,8.42819089189173,0,96.5001691145181,62908,103,1508.7890625,8.78798894149941,1500.0010735585,1508.7890625,0,0,0,0,62908,0,0,62908,96.5001691145181,62908,0
0.731,1499.9948985619,0.302091456762903,0.0151045728381451,7.85395492290708,157.079098458142,8.51831778991802,0,1500,1494.140625,5.859375,8.51831778991802,8.48196882484234,-1073.95677008086,0,8.51831778991802,0.709859815826501,8.51831778991802,0,96.6572495932758,63010,102,1494.140625,-5.85427356190439,1499.9948985619,1494.140625,1,1,3,3,63010,0,0,63010,96.6572495932758,63010,0
0.732,1499.99019077318,0.321128418868514,0.0160564209434257,7.85393027298297,157.078605459659,8.42794238700409,0,1500,1508.7890625,-8.7890625,8.42794238700409,8.48246583461761,1546.44227493261,0,8.42794238700409,0.702328532250341,8.42794238700409,-1.77635683940025e-15,96.8143276647504,63113,103,1508.7890625,8.79887172681833,1499.99019077318,1508.7890625,0,1,1,1,63113,0,0,63113,96.8143276647504,63113,0
0.733,1499.96354801249,0.299571123123736,0.0149785561561868,7.85379077181422,157.075815436284,8.51806928503038,0,1500,1494.140625,5.859375,8.51806928503038,8.4817203199547,-1152.70435422282,0,8.51806928503038,0.709839107085865,8.51806928503038,-1.77635683940025e-15,96.9714057586761,63215,102,1494.140625,-5.82292301249345,1499.96354801249,1494.140625,1,0,2,2,63215,0,0,63215,96.9714057586761,63215,0
0.734,1499.9512107648,0.320182915741256,0.0160091457870628,7.85372617413637,157.074523482727,8.51856629480566,0,1500,1494.140625,5.859375,8.51856629480566,8.48221732972998,-960.586961852351,0,8.51856629480566,0.709880524567138,8.51856629480566,0,97.1284800830098,63317,102,1494.140625,-5.81058576480405,1499.9512107648,1494.140625,0,1,1,1,63317,0,0,63317,97.1284800830098,63317,0
0.735,1500.00142441925,0.327874717732764,0.0163937358866382,7.85398909221626,157.079781844325,8.42819089189173,0,1500,1508.7890625,-8.7890625,8.42819089189173,8.48271433950525,1640.91711512304,0,8.42819089189173,0.702349240990978,8.42819089189173,0,97.2855569208695,63420,103,1508.7890625,8.78763808074564,1500.00142441925,1508.7890625,0,0,0,0,63420,0,0,63420,97.2855569208695,63420,0
0.736,1499.99524465789,0.302090538124935,0.0151045269062468,7.8539567350614,157.079134701228,8.51831778991802,0,1500,1494.140625,5.859375,8.51831778991802,8.48196882484234,-1073.9753207308,0,8.51831778991802,0.709859815826501,8.51831778991802,0,97.4426374361196,63522,102,1494.140625,-5.85461965788704,1499.99524465789,1494.140625,1,1,3,3,63522,0,0,63522,97.4426374361196,63522,0
0.737,1499.99053216911,0.321127512705857,0.0160563756352929,7.85393206052787,157.078641210557,8.42794238700409,0,1500,1508.7890625,-8.7890625,8.42794238700409,8.48246583461761,1546.42681605767,0,8.42794238700409,0.702328532250341,8.42794238700409,0,97.5997155435906,63625,103,1508.7890625,8.79853033088989,1499.99053216911,1508.7890625,0,1,1,1,63625,0,0,63625,97.5997155435906,63625,0
0.738,1499.96388477219,0.299570229266969,0.0149785114633484,7.85379253508385,157.075850701677,8.51806928503038,0,1500,1494.140625,5.859375,8.51806928503038,8.4817203199547,-1152.71723661861,0,8.51806928503038,0.709839107085865,8.51806928503038,0,97.7567936730239,63727,102,1494.140625,-5.82325977218784,1499.96388477219,1494.140625,1,0,2,2,63727,0,0,63727,97.7567936730239,63727,0
0.739,1499.95154295122,0.320182034023269,0.0160091017011634,7.85372791346039,157.074558269208,8.51856629480566,0,1500,1494.140625,5.859375,8.51856629480566,8.48221732972998,-960.597697182175,0,8.51856629480566,0.709880524567138,8.51856629480566,-1.77635683940025e-15,97.9138680323828,63829,102,1494.140625,-5.81091795122165,1499.95154295122,1494.140625,0,1,1,1,63829,0,0,63829,97.9138680323828,63829,0
0.74,1500.0017520945,0.32787384798871,0.0163936923994355,7.85399080791984,157.079816158397,8.42819089189173,0,1500,1508.7890625,-8.7890625,8.42819089189173,8.48271433950525,1640.90816901485,0,8.42819089189173,0.702349240990978,8.42819089189173,0,98.0709449047926,63932,103,1508.7890625,8.78731040549769,1500.0017520945,1508.7890625,0,0,0,0,63932,0,0,63932,98.0709449047926,63932,0
0.741,1499.99556788323,0.302089680192211,0.0151044840096106,7.85395842746534,157.079168549307,8.51831778991802,0,1500,1494.140625,5.859375,8.51831778991802,8.48196882484234,-1073.98277582096,0,8.51831778991802,0.709859815826502,8.51831778991802,0,98.228025454123,64034,102,1494.140625,-5.85494288322866,1499.99556788323,1494.140625,1,1,3,3,64034,0,0,64034,98.228025454123,64034,0
0.742,1499.99085100497,0.321126666424059,0.016056333321203,7.85393372994855,157.078674598971,8.4279423870041,0,1500,1508.7890625,-8.7890625,8.4279423870041,8.48246583461762,1546.42060348254,0,8.4279423870041,0.702328532250341,8.4279423870041,0,98.3851035952117,64137,103,1508.7890625,8.79821149502595,1499.99085100497,1508.7890625,0,1,1,1,64137,0,0,64137,98.3851035952117,64137,0
0.743,1499.96419927819,0.299569394477877,0.0149784697238938,7.85379418183341,157.075883636668,8.51806928503038,0,1500,1494.140625,5.859375,8.51806928503038,8.4817203199547,-1152.72241376455,0,8.51806928503038,0.709839107085865,8.51806928503038,0,98.5421817578061,64239,102,1494.140625,-5.82357427818647,1499.96419927819,1494.140625,1,0,2,2,64239,0,0,64239,98.5421817578061,64239,0
0.744,1499.95185318616,0.320181210570799,0.0160090605285399,7.85372953784674,157.074590756935,8.51856629480566,0,1500,1494.140625,5.859375,8.51856629480566,8.48221732972998,-960.60201147046,0,8.51856629480566,0.709880524567138,8.51856629480566,0,98.699256149876,64341,102,1494.140625,-5.81122818616154,1499.95185318616,1494.140625,0,1,1,1,64341,0,0,64341,98.699256149876,64341,0
0.745,1500.00205811639,0.327873035718905,0.0163936517859453,7.85399241024668,157.079848204934,8.42819089189173,0,1500,1508.7890625,-8.7890625,8.42819089189173,8.48271433950525,1640.90457377462,0,8.42819089189173,0.702349240990978,8.42819089189173,0,98.8563330545522,64444,103,1508.7890625,8.78700438361352,1500.00205811639,1508.7890625,0,0,0,0,64444,0,0,64444,98.8563330545522,64444,0
0.746,1499.99586974926,0.302088878953214,0.0151044439476607,7.8539600080322,157.079200160644,8.51831778991802,0,1500,1494.140625,5.859375,8.51831778991802,8.48196882484234,-1073.98577185449,0,8.51831778991802,0.709859815826502,8.51831778991802,0,99.0134136357112,64546,102,1494.140625,-5.85524474926478,1499.99586974926,1494.140625,1,1,3,3,64546,0,0,64546,99.0134136357112,64546,0
0.747,1499.9911487716,0.321125876066064,0.0160562938033032,7.85393528905098,157.07870578102,8.4279423870041,0,1500,1508.7890625,-8.7890625,8.4279423870041,8.48246583461762,1546.41810678793,0,8.4279423870041,0.702328532250341,8.4279423870041,0,99.1704918081961,64649,103,1508.7890625,8.79791372839509,1499.9911487716,1508.7890625,0,1,1,1,64649,0,0,64649,99.1704918081961,64649,0
0.748,1499.96449300108,0.299568614853117,0.0149784307426558,7.85379571976289,157.075914395258,8.51806928503039,0,1500,1494.140625,5.859375,8.51806928503039,8.48172031995471,-1152.72449434339,0,8.51806928503039,0.709839107085865,8.51806928503039,0,99.3275700017604,64751,102,1494.140625,-5.82386800107997,1499.96449300108,1494.140625,1,0,2,2,64751,0,0,64751,99.3275700017604,64751,0
0.749,1499.95214292023,0.320180441533516,0.0160090220766758,7.85373105489078,157.074621097816,8.51856629480566,0,1500,1494.140625,5.859375,8.51856629480566,8.48221732972998,-960.603745286161,0,8.51856629480566,0.709880524567138,8.51856629480566,0,99.4846444243797,64853,102,1494.140625,-5.81151792023229,1499.95214292023,1494.140625,0,1,1,1,64853,0,0,64853,99.4846444243797,64853,0
0.75,1500.0023439158,0.327872277125326,0.0163936138562663,7.85399390668892,157.079878133778,8.42819089189174,0,1500,1508.7890625,-8.7890625,8.42819089189174,8.48271433950526,1640.9031289282,0,8.42819089189174,0.702349240990978,8.42819089189173,-1.77635683940025e-15,99.6417213591902,64956,103,1508.7890625,8.78671858419852,1500.0023439158,1508.7890625,0,0,0,0,64956,0,0,64956,99.6417213591902,64956,0
0.751,1499.99615166746,0.302088130661506,0.0151044065330753,7.85396148415241,157.079229683048,8.51831778991802,0,1500,1494.140625,5.859375,8.51831778991802,8.48196882484234,-1073.98697589317,0,8.51831778991802,0.709859815826502,8.51831778991802,-1.77635683940025e-15,99.7988019700743,65058,102,1494.140625,-5.85552666745753,1499.99615166746,1494.140625,1,1,3,3,65058,0,0,65058,99.7988019700743,65058,0
0.752,1499.99142686128,0.321125137936333,0.0160562568968166,7.85393674512512,157.078734902502,8.4279423870041,0,1500,1508.7890625,-8.7890625,8.4279423870041,8.48246583461762,1546.41710342236,0,8.4279423870041,0.702328532250342,8.4279423870041,0,99.9558801718807,65161,103,1508.7890625,8.7976356387187,1499.99142686128,1508.7890625,0,1,1,1,65161,0,0,65161,99.9558801718807,65161,0
0.753,1499.96476731423,0.299567886747358,0.0149783943373679,7.8537971560632,157.075943121264,8.51806928503039,0,1500,1494.140625,5.859375,8.51806928503039,8.48172031995471,-1152.72533048137,0,8.51806928503039,0.709839107085866,8.51806928503039,0,100.112958394368,65263,102,1494.140625,-5.824142314234,1499.96476731423,1494.140625,1,0,2,2,65263,0,0,65263,100.112958394368,65263,0
0.754,1499.95241350815,0.320179723315605,0.0160089861657802,7.85373247168581,157.074649433716,8.51856629480566,0,1500,1494.140625,5.859375,8.51856629480566,8.48221732972998,-960.604442067805,0,8.51856629480566,0.709880524567138,8.51856629480566,0,100.270032845518,65365,102,1494.140625,-5.81178850815104,1499.95241350815,1494.140625,0,1,1,1,65365,0,0,65365,100.270032845518,65365,0
0.755,1500.00261082906,0.327871568660987,0.0163935784330493,7.8539953042435,157.07990608487,8.42819089189174,0,1500,1508.7890625,-8.7890625,8.42819089189174,8.48271433950526,1640.90254827683,0,8.42819089189174,0.702349240990978,8.42819089189174,0,100.427109808472,65468,103,1508.7890625,8.78645167093509,1500.00261082906,1508.7890625,0,0,0,0,65468,0,0,65468,100.427109808472,65468,0
0.756,1499.99641495598,0.302087431818281,0.0151043715909141,7.85396286272788,157.079257254558,8.51831778991803,0,1500,1494.140625,5.859375,8.51831778991803,8.48196882484235,-1073.98745976931,0,8.51831778991803,0.709859815826502,8.51831778991803,0,100.584190447117,65570,102,1494.140625,-5.85578995597916,1499.99641495598,1494.140625,1,1,3,3,65570,0,0,65570,100.584190447117,65570,0
0.757,1499.99168657428,0.321124448583563,0.0160562224291781,7.85393810497923,157.078762099585,8.4279423870041,0,1500,1508.7890625,-8.7890625,8.4279423870041,8.48246583461762,1546.41670019224,0,8.4279423870041,0.702328532250342,8.4279423870041,0,100.741268676307,65673,103,1508.7890625,8.79737592571564,1499.99168657428,1508.7890625,0,1,1,0,65673,1,0,65673,100.741268676307,65673,0
0.758,1499.96502350027,0.299567206756164,0.0149783603378082,7.85379849745016,157.075969949003,8.51806928503039,0,1500,1494.140625,5.859375,8.51806928503039,8.48172031995471,-1152.72566650646,0,8.51806928503039,0.709839107085866,8.51806928503039,0,100.898346925807,65775,102,1494.140625,-5.82439850027208,1499.96502350027,1494.140625,1,0,2,2,65775,0,0,65775,100.898346925807,65775,0
0.759,1499.95266621512,0.320179052558854,0.0160089526279427,7.8537337948564,157.074675897128,8.51856629480566,0,1500,1494.140625,5.859375,8.51856629480566,8.48221732972998,-960.604722088721,0,8.51856629480566,0.709880524567139,8.51856629480566,0,101.055421403602,65877,102,1494.140625,-5.81204121511792,1499.95266621512,1494.140625,0,1,1,1,65877,0,0,65877,101.055421403602,65877,0
0.76,1500.00286010422,0.327870907013264,0.0163935453506632,7.85399660944517,157.079932188903,8.42819089189174,0,1500,1508.7890625,-8.7890625,8.42819089189174,8.48271433950526,1640.90231492607,0,8.42819089189174,0.702349240990978,8.42819089189174,0,101.212498392839,65980,103,1508.7890625,8.78620239577845,1500.00286010422,1508.7890625,0,0,0,0,65980,0,0,65980,101.212498392839,65980,0
0.761,1499.99666084592,0.302086779155884,0.0151043389577942,7.85396415020461,157.079283004092,8.51831778991803,0,1500,1494.140625,5.859375,8.51831778991803,8.48196882484235,-1073.98765422828,0,8.51831778991803,0.709859815826502,8.51831778991803,0,101.36957905741,66082,102,1494.140625,-5.8560358459215,1499.99666084592,1494.140625,1,1,3,3,66082,0,0,66082,101.36957905741,66082,0
0.762,1499.99192912498,0.32112380478447,0.0160561902392235,7.85393937497171,157.078787499434,8.4279423870041,0,1500,1508.7890625,-8.7890625,8.4279423870041,8.48246583461762,1546.4165381431,0,8.4279423870041,0.702328532250342,8.4279423870041,-1.77635683940025e-15,101.526657312175,66185,103,1508.7890625,8.79713337501698,1499.99192912498,1508.7890625,0,1,1,0,66185,1,0,66185,101.526657312175,66185,0
0.763,1499.96526275708,0.299566571700008,0.0149783285850004,7.85379975019587,157.075995003917,8.51806928503039,0,1500,1494.140625,5.859375,8.51806928503039,8.48172031995471,-1152.72580154742,0,8.51806928503039,0.709839107085866,8.51806928503039,-1.77635683940025e-15,101.683735586902,66287,102,1494.140625,-5.82463775707856,1499.96526275708,1494.140625,1,0,2,2,66287,0,0,66287,101.683735586902,66287,0
0.764,1499.95290222276,0.320178426126909,0.0160089213063455,7.85373503058951,157.07470061179,8.51856629480567,0,1500,1494.140625,5.859375,8.51856629480567,8.48221732972999,-960.604834622846,0,8.51856629480567,0.709880524567139,8.51856629480567,0,101.840810089581,66389,102,1494.140625,-5.81227722275776,1499.95290222276,1494.140625,0,1,1,1,66389,0,0,66389,101.840810089581,66389,0
0.765,1500.00309290682,0.327870289088416,0.0163935144544208,7.85399782839672,157.079956567934,8.42819089189174,0,1500,1508.7890625,-8.7890625,8.42819089189174,8.48271433950526,1640.90222114763,0,8.42819089189174,0.702349240990978,8.42819089189174,0,101.997887103364,66492,103,1508.7890625,8.78596959318111,1500.00309290682,1508.7890625,0,0,0,0,66492,0,0,66492,101.997887103364,66492,0
0.766,1499.99689048701,0.302086169622601,0.01510430848113,7.85396535260254,157.079307052051,8.51831778991803,0,1500,1494.140625,5.859375,8.51831778991803,8.48196882484235,-1073.98773237698,0,8.51831778991803,0.709859815826502,8.51831778991803,0,102.154967792149,66594,102,1494.140625,-5.8562654870093,1499.99689048701,1494.140625,1,1,3,3,66594,0,0,66594,102.154967792149,66594,0
0.767,1499.9921556475,0.321123203528786,0.0160561601764393,7.85394056104082,157.078811220816,8.42794238700411,0,1500,1508.7890625,-8.7890625,8.42794238700411,8.48246583461762,1546.41647301919,0,8.42794238700411,0.702328532250342,8.42794238700411,0,102.312046070798,66697,103,1508.7890625,8.79690685250421,1499.9921556475,1508.7890625,0,1,1,0,66697,1,0,66697,102.312046070798,66697,0
0.768,1499.96548620336,0.299565978609514,0.0149782989304757,7.85380092015786,157.076018403157,8.51806928503039,0,1500,1494.140625,5.859375,8.51806928503039,8.48172031995471,-1152.72585581734,0,8.51806928503039,0.709839107085866,8.51806928503039,0,102.469124369085,66799,102,1494.140625,-5.82486120335921,1499.96548620336,1494.140625,1,0,2,2,66799,0,0,66799,102.469124369085,66799,0
0.769,1499.95312263459,0.32017784109072,0.016008892054536,7.85373618466317,157.074723693263,8.51856629480567,0,1500,1494.140625,5.859375,8.51856629480567,8.48221732972999,-960.604879847787,0,8.51856629480567,0.709880524567139,8.51856629480567,-1.77635683940025e-15,102.626198895004,66901,102,1494.140625,-5.81249763459209,1499.95312263459,1494.140625,0,1,1,1,66901,0,0,66901,102.626198895004,66901,0
0.77,1500.00331032541,0.327869711997151,0.0163934855998575,7.8539989667978,157.079979335956,8.42819089189174,0,1500,1508.7890625,-8.7890625,8.42819089189174,8.48271433950526,1640.90218346018,0,8.42819089189174,0.702349240990979,8.42819089189174,0,102.783275931712,67004,103,1508.7890625,8.78575217459002,1500.00331032541,1508.7890625,0,0,0,0,67004,0,0,67004,102.783275931712,67004,0
0.771,1499.997104953,0.302085600368369,0.0151042800184185,7.85396647554384,157.079329510877,8.51831778991803,0,1500,1494.140625,5.859375,8.51831778991803,8.48196882484235,-1073.98776378319,0,8.51831778991803,0.709859815826503,8.51831778991803,0,102.940356643109,67106,102,1494.140625,-5.85647995300019,1499.997104953,1494.140625,1,1,3,3,67106,0,0,67106,102.940356643109,67106,0
0.772,1499.99236720098,0.321122642005169,0.0160561321002585,7.85394166873228,157.078833374646,8.42794238700411,0,1500,1508.7890625,-8.7890625,8.42794238700411,8.48246583461763,1546.41644684735,0,8.42794238700411,0.702328532250342,8.42794238700411,0,103.097434944064,67209,103,1508.7890625,8.79669529901867,1499.99236720098,1508.7890625,0,1,1,0,67209,1,0,67209,103.097434944064,67209,0
0.773,1499.96569488391,0.299565424711521,0.0149782712355761,7.85380201280665,157.076040256133,8.51806928503039,0,1500,1494.140625,5.859375,8.51806928503039,8.48172031995471,-1152.72587762721,0,8.51806928503039,0.709839107085866,8.51806928503039,0,103.254513264354,67311,102,1494.140625,-5.82506988390605,1499.96569488391,1494.140625,1,0,2,2,67311,0,0,67311,103.254513264354,67311,0
0.774,1499.95332848121,0.320177294714785,0.0160088647357392,7.85373726247354,157.074745249471,8.51856629480567,0,1500,1494.140625,5.859375,8.51856629480567,8.48221732972999,-960.604898022677,0,8.51856629480567,0.709880524567139,8.51856629480567,0,103.411587811978,67413,102,1494.140625,-5.81270348120961,1499.95332848121,1494.140625,0,1,1,1,67413,0,0,67413,103.411587811978,67413,0
0.775,1500.00351337658,0.327869173041127,0.0163934586520563,7.85400002997124,157.080000599425,8.42819089189175,0,1500,1508.7890625,-8.7890625,8.42819089189175,8.48271433950526,1640.90216831444,0,8.42819089189175,0.702349240990979,8.42819089189175,0,103.568664870095,67516,103,1508.7890625,8.78554912341906,1500.00351337658,1508.7890625,0,0,0,0,67516,0,0,67516,103.568664870095,67516,0
0.776,1499.99730524669,0.302085068731487,0.0151042534365744,7.85396752427917,157.079350485583,8.51831778991803,0,1500,1494.140625,5.859375,8.51831778991803,8.48196882484235,-1073.98777640464,0,8.51831778991803,0.709859815826503,8.51831778991803,0,103.725745602611,67618,102,1494.140625,-5.85668024669462,1499.99730524669,1494.140625,1,1,3,3,67618,0,0,67618,103.725745602611,67618,0
0.777,1499.99256477465,0.321122117588031,0.0160561058794016,7.85394270322556,157.078854064511,8.42794238700411,0,1500,1508.7890625,-8.7890625,8.42794238700411,8.48246583461763,1546.41643632947,0,8.42794238700411,0.702328532250342,8.42794238700411,0,103.882823924398,67721,103,1508.7890625,8.79649772535436,1499.99256477465,1508.7890625,0,1,1,0,67721,1,0,67721,103.882823924398,67721,0
0.778,1499.96588977447,0.299564907416082,0.0149782453708041,7.85380303325127,157.076060665025,8.5180692850304,0,1500,1494.140625,5.859375,8.5180692850304,8.48172031995472,-1152.72588639211,0,8.5180692850304,0.709839107085866,8.5180692850304,0,104.039902265237,67823,102,1494.140625,-5.82526477447277,1499.96588977447,1494.140625,1,0,2,2,67823,0,0,67823,104.039902265237,67823,0
0.779,1499.95352072512,0.320176784444334,0.0160088392222167,7.85373826906029,157.074765381206,8.51856629480567,0,1500,1494.140625,5.859375,8.51856629480567,8.48221732972999,-960.604905326757,0,8.51856629480567,0.709880524567139,8.51856629480567,0,104.19697683313,67925,102,1494.140625,-5.8128957251181,1499.95352072512,1494.140625,0,1,1,1,67925,0,0,67925,104.19697683313,67925,0
0.78,1500.00370300977,0.327868669700267,0.0163934334850134,7.85400102288831,157.080020457766,8.42819089189175,0,1500,1508.7890625,-8.7890625,8.42819089189175,8.48271433950527,1640.9021622277,0,8.42819089189175,0.702349240990979,8.42819089189175,-1.77635683940025e-15,104.354053911242,68028,103,1508.7890625,8.78535949022853,1500.00370300977,1508.7890625,0,0,0,0,68028,0,0,68028,104.354053911242,68028,0
0.781,1499.99749230462,0.302084572226126,0.0151042286113063,7.85396850371216,157.079370074243,8.51831778991803,0,1500,1494.140625,5.859375,8.51831778991803,8.48196882484235,-1073.98778147691,0,8.51831778991803,0.709859815826503,8.51831778991803,-1.77635683940025e-15,104.511134663482,68130,102,1494.140625,-5.85686730461657,1499.99749230462,1494.140625,1,1,3,3,68130,0,0,68130,104.511134663482,68130,0
0.782,1499.99274929228,0.321121627825328,0.0160560813912664,7.85394366935764,157.078873387153,8.42794238700411,0,1500,1508.7890625,-8.7890625,8.42794238700411,8.48246583461763,1546.41643210257,0,8.42794238700411,0.702328532250343,8.42794238700411,0,104.668213004724,68233,103,1508.7890625,8.79631320772,1499.99274929228,1508.7890625,0,1,1,0,68233,1,0,68233,104.668213004724,68233,0
0.783,1499.96607178631,0.299564424304475,0.0149782212152238,7.85380398626303,157.076079725261,8.5180692850304,0,1500,1494.140625,5.859375,8.5180692850304,8.48172031995472,-1152.72588991452,0,8.5180692850304,0.709839107085867,8.5180692850304,0,104.825291364754,68335,102,1494.140625,-5.8254467863128,1499.96607178631,1494.140625,1,0,2,2,68335,0,0,68335,104.825291364754,68335,0
0.784,1499.95370026519,0.320176307893503,0.0160088153946751,7.85373920912992,157.074784182598,8.51856629480567,0,1500,1494.140625,5.859375,8.51856629480567,8.48221732972999,-960.604908262103,0,8.51856629480567,0.709880524567139,8.51856629480567,0,104.982365951578,68437,102,1494.140625,-5.81307526519117,1499.95370026519,1494.140625,0,1,1,1,68437,0,0,68437,104.982365951578,68437,0
0.785,1500.00388011165,0.327868199621105,0.0163934099810553,7.85400195019159,157.080039003832,8.42819089189175,0,1500,1508.7890625,-8.7890625,8.42819089189175,8.48271433950527,1640.90215978158,0,8.42819089189175,0.702349240990979,8.42819089189175,0,105.139443048363,68540,103,1508.7890625,8.7851823883459,1500.00388011165,1508.7890625,0,0,0,0,68540,0,0,68540,105.139443048363,68540,0
0.786,1499.99766700142,0.30208410853074,0.015104205426537,7.85396941842246,157.079388368449,8.51831778991804,0,1500,1494.140625,5.859375,8.51831778991804,8.48196882484236,-1073.98778351535,0,8.51831778991804,0.709859815826503,8.51831778991804,0,105.296523819023,68642,102,1494.140625,-5.85704200141504,1499.99766700142,1494.140625,1,1,3,3,68642,0,0,68642,105.296523819023,68642,0
0.787,1499.99292161665,0.321121170427037,0.0160560585213518,7.85394457164594,157.078891432919,8.42794238700411,0,1500,1508.7890625,-8.7890625,8.42794238700411,8.48246583461763,1546.41643040388,0,8.42794238700411,0.702328532250343,8.42794238700411,0,105.453602178434,68745,103,1508.7890625,8.79614088334824,1499.99292161665,1508.7890625,0,1,1,0,68745,1,0,68745,105.453602178434,68745,0
0.788,1499.96624177049,0.299563973117754,0.0149781986558877,7.85380487629808,157.076097525962,8.5180692850304,0,1500,1494.140625,5.859375,8.5180692850304,8.48172031995472,-1152.7258913301,0,8.5180692850304,0.709839107085867,8.5180692850304,0,105.610680556387,68847,102,1494.140625,-5.82561677048557,1499.96624177049,1494.140625,1,0,2,2,68847,0,0,68847,105.610680556387,68847,0
0.789,1499.95386794094,0.320175862833996,0.0160087931416998,7.8537400870781,157.074801741562,8.51856629480567,0,1500,1494.140625,5.859375,8.51856629480567,8.48221732972999,-960.604909441753,0,8.51856629480567,0.70988052456714,8.51856629480567,0,105.767755160891,68949,102,1494.140625,-5.81324294094179,1499.95386794094,1494.140625,0,1,1,1,68949,0,0,68949,105.767755160891,68949,0
0.79,1500.00404551033,0.327867760605602,0.0163933880302801,7.85400281621704,157.080056324341,8.42819089189175,0,1500,1508.7890625,-8.7890625,8.42819089189175,8.48271433950527,1640.90215879854,0,8.42819089189175,0.702349240990979,8.42819089189175,0,105.924832275116,69052,103,1508.7890625,8.78501698966943,1500.00404551033,1508.7890625,0,0,0,0,69052,0,0,69052,105.924832275116,69052,0
0.791,1499.99783015394,0.302083675477162,0.0151041837738581,7.8539702726871,157.079405453742,8.51831778991804,0,1500,1494.140625,5.859375,8.51831778991804,8.48196882484236,-1073.98778433455,0,8.51831778991804,0.709859815826503,8.51831778991804,0,106.081913062978,69154,102,1494.140625,-5.85720515394473,1499.99783015394,1494.140625,1,1,3,3,69154,0,0,69154,106.081913062978,69154,0
0.792,1499.99308255353,0.32112074325442,0.016056037162721,7.85394541430948,157.078908286189,8.42794238700411,0,1500,1508.7890625,-8.7890625,8.42794238700411,8.48246583461763,1546.41642972121,0,8.42794238700411,0.702328532250343,8.42794238700411,-1.77635683940025e-15,106.238991439359,69257,103,1508.7890625,8.7959799464677,1499.99308255353,1508.7890625,0,1,1,0,69257,1,0,69257,106.238991439359,69257,0
0.793,1499.9664005218,0.299563551746241,0.0149781775873121,7.85380570751803,157.076114150361,8.5180692850304,0,1500,1494.140625,5.859375,8.5180692850304,8.48172031995472,-1152.72589189899,0,8.5180692850304,0.709839107085867,8.5180692850304,-1.77635683940025e-15,106.39606983405,69359,102,1494.140625,-5.82577552180146,1499.9664005218,1494.140625,1,0,2,2,69359,0,0,69359,106.39606983405,69359,0
0.794,1499.95402453638,0.320175447184807,0.0160087723592404,7.85374090700989,157.074818140198,8.51856629480568,0,1500,1494.140625,5.859375,8.51856629480568,8.48221732973,-960.604909915828,0,8.51856629480568,0.70988052456714,8.51856629480568,0,106.553144455065,69461,102,1494.140625,-5.81339953637962,1499.95402453638,1494.140625,0,1,1,1,69461,0,0,69461,106.553144455065,69461,0
0.795,1500.00419997917,0.327867350601027,0.0163933675300513,7.85400362501398,157.08007250028,8.42819089189175,0,1500,1508.7890625,-8.7890625,8.42819089189175,8.48271433950527,1640.90215840348,0,8.42819089189175,0.702349240990979,8.42819089189175,0,106.710221585577,69564,103,1508.7890625,8.78486252083212,1500.00419997917,1508.7890625,0,0,0,0,69564,0,0,69564,106.710221585577,69564,0
0.796,1499.99798252506,0.302083271040542,0.0151041635520271,7.85397107050039,157.079421410008,8.51831778991804,0,1500,1494.140625,5.859375,8.51831778991804,8.48196882484236,-1073.98778466377,0,8.51831778991804,0.709859815826503,8.51831778991804,0,106.867302389505,69666,102,1494.140625,-5.85735752505843,1499.99798252506,1494.140625,1,1,3,3,69666,0,0,69666,106.867302389505,69666,0
0.797,1499.99323285541,0.321120344310147,0.0160560172155074,7.85394620128826,157.078924025765,8.42794238700412,0,1500,1508.7890625,-8.7890625,8.42794238700412,8.48246583461763,1546.41642944686,0,8.42794238700412,0.702328532250343,8.42794238700412,0,107.024380781733,69769,103,1508.7890625,8.79582964459132,1499.99323285541,1508.7890625,0,1,1,0,69769,1,0,69769,107.024380781733,69769,0
0.798,1499.96654878254,0.299563158219729,0.0149781579109864,7.85380648380945,157.076129676189,8.5180692850304,0,1500,1494.140625,5.859375,8.5180692850304,8.48172031995472,-1152.72589212762,0,8.5180692850304,0.709839107085867,8.5180692850304,0,107.181459192057,69871,102,1494.140625,-5.82592378254253,1499.96654878254,1494.140625,1,0,2,2,69871,0,0,69871,107.181459192057,69871,0
0.799,1499.95417078371,0.32017505900248,0.016008752950124,7.8537416727591,157.074833455182,8.51856629480568,0,1500,1494.140625,5.859375,8.51856629480568,8.48221732973,-960.604910106348,0,8.51856629480568,0.70988052456714,8.51856629480568,-1.77635683940025e-15,107.338533828492,69973,102,1494.140625,-5.81354578370519,1499.95417078371,1494.140625,0,1,1,1,69973,0,0,69973,107.338533828492,69973,0
0.8,1500.00434424041,0.32786696769031,0.0163933483845155,7.8540043803641,157.080087607282,8.42819089189175,0,1500,1508.7890625,-8.7890625,8.42819089189175,8.48271433950527,1640.90215824471,0,8.42819089189175,0.70234924099098,8.42819089189175,0,107.495610974215,70076,103,1508.7890625,8.78471825958559,1500.00434424041,1508.7890625,0,0,0,0,70076,0,0,70076,107.495610974215,70076,0
0.801,1499.9981248272,0.302082893329846,0.0151041446664923,7.85397181559269,157.079436311854,8.51831778991804,0,1500,1494.140625,5.859375,8.51831778991804,8.48196882484236,-1073.98778479607,0,8.51831778991804,0.709859815826503,8.51831778991804,0,107.652691793147,70178,102,1494.140625,-5.85749982720472,1499.9981248272,1494.140625,1,1,3,3,70178,0,0,70178,107.652691793147,70178,0
0.802,1499.99337322506,0.321119971728843,0.0160559985864422,7.85394693626206,157.078938725241,8.42794238700412,0,1500,1508.7890625,-8.7890625,8.42794238700412,8.48246583461764,1546.4164293366,0,8.42794238700412,0.702328532250343,8.42794238700412,0,107.809770200176,70281,103,1508.7890625,8.79568927493528,1499.99337322506,1508.7890625,0,1,1,0,70281,1,0,70281,107.809770200176,70281,0
0.803,1499.96668724595,0.299562790698152,0.0149781395349076,7.85380720880217,157.076144176043,8.51806928503041,0,1500,1494.140625,5.859375,8.51806928503041,8.48172031995473,-1152.7258922195,0,8.51806928503041,0.709839107085867,8.51806928503041,0,107.966848625099,70383,102,1494.140625,-5.8260622459527,1499.96668724595,1494.140625,1,0,2,2,70383,0,0,70383,107.966848625099,70383,0
0.804,1499.95430736675,0.32017469647192,0.016008734823596,7.85374238790626,157.074847758125,8.51856629480568,0,1500,1494.140625,5.859375,8.51856629480568,8.48221732973,-960.604910182914,0,8.51856629480568,0.70988052456714,8.51856629480568,0,108.123923275936,70485,102,1494.140625,-5.81368236675235,1499.95430736675,1494.140625,0,1,1,1,70485,0,0,70485,108.123923275936,70485,0
0.805,1500.00447896863,0.327866610082995,0.0163933305041497,7.8540050857994,157.080101715988,8.42819089189176,0,1500,1508.7890625,-8.7890625,8.42819089189176,8.48271433950528,1640.90215818091,0,8.42819089189176,0.70234924099098,8.42819089189176,0,108.281000435864,70588,103,1508.7890625,8.78458353136762,1500.00447896863,1508.7890625,0,0,0,0,70588,0,0,70588,108.281000435864,70588,0
0.806,1499.99825772578,0.302082540578921,0.015104127028946,7.85397251144801,157.07945022896,8.51831778991804,0,1500,1494.140625,5.859375,8.51831778991804,8.48196882484236,-1073.98778484925,0,8.51831778991804,0.709859815826504,8.51831778991804,0,108.438081268809,70690,102,1494.140625,-5.85763272578106,1499.99825772578,1494.140625,1,1,3,3,70690,0,0,70690,108.438081268809,70690,0
0.807,1499.99350431885,0.321119623768362,0.0160559811884181,7.8539476226675,157.07895245335,8.42794238700412,0,1500,1508.7890625,-8.7890625,8.42794238700412,8.48246583461764,1546.4164292923,0,8.42794238700412,0.702328532250343,8.42794238700412,0,108.595159689661,70793,103,1508.7890625,8.79555818115364,1499.99350431885,1508.7890625,0,1,1,0,70793,1,0,70793,108.595159689661,70793,0
0.808,1499.96681655945,0.299562447463063,0.0149781223731531,7.85380788588604,157.076157717721,8.51806928503041,0,1500,1494.140625,5.859375,8.51806928503041,8.48172031995473,-1152.72589225642,0,8.51806928503041,0.709839107085867,8.51806928503041,0,108.752238128218,70895,102,1494.140625,-5.82619155944599,1499.96681655945,1494.140625,1,0,2,2,70895,0,0,70895,108.752238128218,70895,0
0.809,1499.95443492413,0.320174357898049,0.0160087178949025,7.85374305579515,157.074861115903,8.51856629480568,0,1500,1494.140625,5.859375,8.51856629480568,8.48221732973,-960.604910213684,0,8.51856629480568,0.70988052456714,8.51856629480568,0,108.909312792504,70997,102,1494.140625,-5.8138099241346,1499.95443492413,1494.140625,0,1,1,1,70997,0,0,70997,108.909312792504,70997,0
0.81,1500.00460479376,0.327866276107037,0.0163933138053519,7.85400574461822,157.080114892364,8.42819089189176,0,1500,1508.7890625,-8.7890625,8.42819089189176,8.48271433950528,1640.90215815526,0,8.42819089189176,0.70234924099098,8.42819089189176,-1.77635683940025e-15,109.066389965699,71100,103,1508.7890625,8.7844577062408,1500.00460479376,1508.7890625,0,0,0,0,71100,0,0,71100,109.066389965699,71100,0
0.811,1499.99838184217,0.302082211138434,0.0151041105569217,7.85397316131991,157.079463226398,8.51831778991805,0,1500,1494.140625,5.859375,8.51831778991805,8.48196882484237,-1073.98778487061,0,8.51831778991805,0.709859815826504,8.51831778991804,-1.77635683940025e-15,109.223470811731,71202,102,1494.140625,-5.8577568421731,1499.99838184217,1494.140625,1,1,3,3,71202,0,0,71202,109.223470811731,71202,0
0.812,1499.99362674971,0.321119298801753,0.0160559649400877,7.85394826371398,157.07896527428,8.42794238700412,0,1500,1508.7890625,-8.7890625,8.42794238700412,8.48246583461764,1546.41642927449,0,8.42794238700412,0.702328532250343,8.42794238700412,0,109.380549245491,71305,103,1508.7890625,8.79543575029402,1499.99362674971,1508.7890625,0,1,1,0,71305,1,0,71305,109.380549245491,71305,0
0.813,1499.96693732767,0.29956212690958,0.014978106345479,7.85380851822696,157.076170364539,8.51806928503041,0,1500,1494.140625,5.859375,8.51806928503041,8.48172031995473,-1152.72589227126,0,8.51806928503041,0.709839107085867,8.51806928503041,0,109.537627696783,71407,102,1494.140625,-5.82631232766516,1499.96693732767,1494.140625,1,0,2,2,71407,0,0,71407,109.537627696783,71407,0
0.814,1499.9545540523,0.320174041697758,0.0160087020848879,7.85374367954874,157.074873590975,8.51856629480568,0,1500,1494.140625,5.859375,8.51856629480568,8.48221732973,-960.60491022605,0,8.51856629480568,0.70988052456714,8.51856629480568,0,109.694702373629,71509,102,1494.140625,-5.81392905229518,1499.9545540523,1494.140625,0,1,1,1,71509,0,0,71509,109.694702373629,71509,0
0.815,1500.00472230413,0.327865964200822,0.0163932982100411,7.85400635990109,157.080127198022,8.42819089189176,0,1500,1508.7890625,-8.7890625,8.42819089189176,8.48271433950528,1640.90215814496,0,8.42819089189176,0.70234924099098,8.42819089189176,0,109.851779559215,71612,103,1508.7890625,8.78434019586939,1500.00472230413,1508.7890625,0,0,0,0,71612,0,0,71612,109.851779559215,71612,0
0.816,1499.99849775673,0.302081903467977,0.0151040951733989,7.85397376824711,157.079475364942,8.51831778991805,0,1500,1494.140625,5.859375,8.51831778991805,8.48196882484237,-1073.9877848792,0,8.51831778991805,0.709859815826504,8.51831778991805,0,110.008860417468,71714,102,1494.140625,-5.85787275672874,1499.99849775673,1494.140625,1,1,3,3,71714,0,0,71714,110.008860417468,71714,0
0.817,1499.99374109012,0.32111899530953,0.0160559497654765,7.85394886239896,157.078977247979,8.42794238700412,0,1500,1508.7890625,-8.7890625,8.42794238700412,8.48246583461764,1546.41642926733,0,8.42794238700412,0.702328532250344,8.42794238700412,0,110.165938863284,71817,103,1508.7890625,8.79532140988499,1499.99374109012,1508.7890625,0,1,1,0,71817,1,0,71817,110.165938863284,71817,0
0.818,1499.96705011531,0.299561827538849,0.0149780913769424,7.85380910878166,157.076182175633,8.51806928503041,0,1500,1494.140625,5.859375,8.51806928503041,8.48172031995473,-1152.72589227722,0,8.51806928503041,0.709839107085868,8.51806928503041,0,110.323017326468,71919,102,1494.140625,-5.82642511530503,1499.96705011531,1494.140625,1,0,2,2,71919,0,0,71919,110.323017326468,71919,0
0.819,1499.95466530826,0.320173746392547,0.0160086873196274,7.8537442620836,157.074885241672,8.51856629480569,0,1500,1494.140625,5.859375,8.51856629480569,8.48221732973001,-960.604910231019,0,8.51856629480569,0.70988052456714,8.51856629480569,0,110.480092015045,72021,102,1494.140625,-5.81404030825729,1499.95466530826,1494.140625,0,1,1,1,72021,0,0,72021,110.480092015045,72021,0
0.82,1500.00483204921,0.327865672905918,0.0163932836452959,7.85400693452499,157.0801386905,8.42819089189176,0,1500,1508.7890625,-8.7890625,8.42819089189176,8.48271433950528,1640.90215814082,0,8.42819089189176,0.70234924099098,8.42819089189176,0,110.637169212201,72124,103,1508.7890625,8.78423045078853,1500.00483204921,1508.7890625,0,0,0,0,72124,0,0,72124,110.637169212201,72124,0
0.821,1499.99860601144,0.302081616128922,0.0151040808064461,7.85397433506747,157.079486701349,8.51831778991805,0,1500,1494.140625,5.859375,8.51831778991805,8.48196882484237,-1073.98778488265,0,8.51831778991805,0.709859815826504,8.51831778991805,0,110.794250081869,72226,102,1494.140625,-5.85798101144337,1499.99860601144,1494.140625,1,1,3,3,72226,0,0,72226,110.794250081869,72226,0
0.822,1499.99384787471,0.321118711872605,0.0160559355936303,7.85394942152178,157.078988430436,8.42794238700412,0,1500,1508.7890625,-8.7890625,8.42794238700412,8.48246583461764,1546.41642926446,0,8.42794238700412,0.702328532250344,8.42794238700412,-1.77635683940025e-15,110.951328538944,72329,103,1508.7890625,8.79521462529146,1499.99384787471,1508.7890625,0,1,1,0,72329,1,0,72329,110.951328538944,72329,0
0.823,1499.96715544974,0.299561547951063,0.0149780773975531,7.85380966031147,157.076193206229,8.51806928503041,0,1500,1494.140625,5.859375,8.51806928503041,8.48172031995473,-1152.72589227962,0,8.51806928503041,0.709839107085868,8.51806928503041,-1.77635683940025e-15,111.108407013235,72431,102,1494.140625,-5.82653044973904,1499.96715544974,1494.140625,1,0,2,2,72431,0,0,72431,111.108407013235,72431,0
0.824,1499.95476921222,0.320173470601634,0.0160086735300817,7.85374480612348,157.07489612247,8.51856629480569,0,1500,1494.140625,5.859375,8.51856629480569,8.48221732973001,-960.604910233016,0,8.51856629480569,0.709880524567141,8.51856629480569,0,111.265481712768,72533,102,1494.140625,-5.81414421222075,1499.95476921222,1494.140625,0,1,1,1,72533,0,0,72533,111.265481712768,72533,0
0.825,1500.00493454213,0.327865400860315,0.0163932700430157,7.85400747117668,157.080149423534,8.42819089189176,0,1500,1508.7890625,-8.7890625,8.42819089189176,8.48271433950528,1640.90215813915,0,8.42819089189176,0.70234924099098,8.42819089189176,0,111.422558920731,72636,103,1508.7890625,8.78412795786517,1500.00493454213,1508.7890625,0,0,0,0,72636,0,0,72636,111.422558920731,72636,0
0.826,1499.99870711249,0.302081347777764,0.0151040673888882,7.85397486443131,157.079497288626,8.51831778991805,0,1500,1494.140625,5.859375,8.51831778991805,8.48196882484237,-1073.98778488404,0,8.51831778991805,0.709859815826504,8.51831778991805,0,111.579639801058,72738,102,1494.140625,-5.85808211249014,1499.99870711249,1494.140625,1,1,3,3,72738,0,0,72738,111.579639801058,72738,0
0.827,1499.99394760278,0.321118447165714,0.0160559223582857,7.85394994369676,157.078998873935,8.42794238700413,0,1500,1508.7890625,-8.7890625,8.42794238700413,8.48246583461765,1546.4164292633,0,8.42794238700413,0.702328532250344,8.42794238700413,0,111.736718268649,72841,103,1508.7890625,8.79511489721745,1499.99394760278,1508.7890625,0,1,1,0,72841,1,0,72841,111.736718268649,72841,0
0.828,1499.96725382349,0.299561286838942,0.0149780643419471,7.8538101753952,157.076203507904,8.51806928503041,0,1500,1494.140625,5.859375,8.51806928503041,8.48172031995473,-1152.72589228058,0,8.51806928503041,0.709839107085868,8.51806928503041,0,111.893796753311,72943,102,1494.140625,-5.82662882348609,1499.96725382349,1494.140625,1,0,2,2,72943,0,0,72943,111.893796753311,72943,0
0.829,1499.95486625003,0.320173213035468,0.0160086606517734,7.85374531421227,157.074906284245,8.51856629480569,0,1500,1494.140625,5.859375,8.51856629480569,8.48221732973001,-960.604910233819,0,8.51856629480569,0.709880524567141,8.51856629480569,-1.77635683940025e-15,112.050871463076,73045,102,1494.140625,-5.81424125003127,1499.95486625003,1494.140625,0,1,1,1,73045,0,0,73045,112.050871463076,73045,0
0.83,1500.00503026215,0.327865146791952,0.0163932573395976,7.8540079723655,157.08015944731,8.42819089189176,0,1500,1508.7890625,-8.7890625,8.42819089189176,8.48271433950528,1640.90215813848,0,8.42819089189176,0.70234924099098,8.42819089189176,0,112.207948681132,73148,103,1508.7890625,8.78403223785131,1500.00503026215,1508.7890625,0,0,0,0,73148,0,0,73148,112.207948681132,73148,0
0.831,1499.9988015326,0.302081097159711,0.0151040548579856,7.85397535881387,157.079507176277,8.51831778991805,0,1500,1494.140625,5.859375,8.51831778991805,8.48196882484237,-1073.9877848846,0,8.51831778991805,0.709859815826504,8.51831778991805,0,112.365029571415,73250,102,1494.140625,-5.85817653260324,1499.9988015326,1494.140625,1,1,3,3,73250,0,0,73250,112.365029571415,73250,0
0.832,1499.99404074065,0.321118199951118,0.0160559099975559,7.85395043136547,157.079008627309,8.42794238700413,0,1500,1508.7890625,-8.7890625,8.42794238700413,8.48246583461765,1546.41642926284,0,8.42794238700413,0.702328532250344,8.42794238700413,0,112.522108048826,73353,103,1508.7890625,8.79502175935477,1499.99404074065,1508.7890625,0,1,1,0,73353,1,0,73353,112.522108048826,73353,0
0.833,1499.96734569651,0.299561042981585,0.0149780521490793,7.85381065644125,157.076213128825,8.51806928503042,0,1500,1494.140625,5.859375,8.51806928503042,8.48172031995474,-1152.72589228097,0,8.51806928503042,0.709839107085868,8.51806928503042,0,112.679186543176,73455,102,1494.140625,-5.82672069651358,1499.96734569651,1494.140625,1,0,2,2,73455,0,0,73455,112.679186543176,73455,0
0.834,1499.9549568754,0.320172972489759,0.0160086486244879,7.85374578872557,157.074915774511,8.51856629480569,0,1500,1494.140625,5.859375,8.51856629480569,8.48221732973001,-960.604910234141,0,8.51856629480569,0.709880524567141,8.51856629480569,0,112.836261262496,73557,102,1494.140625,-5.81433187539756,1499.9549568754,1494.140625,0,1,1,1,73557,0,0,73557,112.836261262496,73557,0
0.835,1500.0051196568,0.327864909512913,0.0163932454756457,7.85400844043483,157.080168808697,8.42819089189177,0,1500,1508.7890625,-8.7890625,8.42819089189177,8.48271433950529,1640.90215813822,0,8.42819089189177,0.702349240990981,8.42819089189177,0,112.993338489977,73660,103,1508.7890625,8.78394284319529,1500.0051196568,1508.7890625,0,0,0,0,73660,0,0,73660,112.993338489977,73660,0
0.836,1499.99888971326,0.302080863102968,0.0151040431551484,7.85397582052672,157.079516410534,8.51831778991805,0,1500,1494.140625,5.859375,8.51831778991805,8.48196882484237,-1073.98778488482,0,8.51831778991805,0.709859815826504,8.51831778991805,0,113.150419389558,73762,102,1494.140625,-5.858264713263,1499.99888971326,1494.140625,1,1,3,3,73762,0,0,73762,113.150419389558,73762,0
0.837,1499.99412772379,0.321117969072914,0.0160558984536457,7.85395088680814,157.079017736163,8.42794238700413,0,1500,1508.7890625,-8.7890625,8.42794238700413,8.48246583461765,1546.41642926265,0,8.42794238700413,0.702328532250344,8.42794238700413,0,113.307497876141,73865,103,1508.7890625,8.79493477621054,1499.99412772379,1508.7890625,0,1,1,0,73865,1,0,73865,113.307497876141,73865,0
0.838,1499.96743149841,0.299560815238762,0.0149780407619381,7.85381110569891,157.076222113978,8.51806928503042,0,1500,1494.140625,5.859375,8.51806928503042,8.48172031995474,-1152.72589228113,0,8.51806928503042,0.709839107085868,8.51806928503042,0,113.464576379537,73967,102,1494.140625,-5.826806498407,1499.96743149841,1494.140625,1,0,2,2,73967,0,0,73967,113.464576379537,73967,0
0.839,1499.95504151208,0.320172747839734,0.0160086373919867,7.85374623188221,157.074924637644,8.51856629480569,0,1500,1494.140625,5.859375,8.51856629480569,8.48221732973001,-960.604910234271,0,8.51856629480569,0.709880524567141,8.51856629480569,0,113.621651107781,74069,102,1494.140625,-5.8144165120807,1499.95504151208,1494.140625,0,1,1,1,74069,0,0,74069,113.621651107781,74069,0
0.84,1500.0052031441,0.327864687913692,0.0163932343956846,7.85400887757326,157.080177551465,8.42819089189177,0,1500,1508.7890625,-8.7890625,8.42819089189177,8.48271433950529,1640.90215813811,0,8.42819089189177,0.702349240990981,8.42819089189177,-1.77635683940025e-15,113.778728344066,74172,103,1508.7890625,8.78385935590404,1500.0052031441,1508.7890625,0,0,0,0,74172,0,0,74172,113.778728344066,74172,0
0.841,1499.99897206677,0.302080644513132,0.0151040322256566,7.85397625172869,157.079525034574,8.51831778991806,0,1500,1494.140625,5.859375,8.51831778991806,8.48196882484238,-1073.98778488491,0,8.51831778991806,0.709859815826505,8.51831778991805,-1.77635683940025e-15,113.93580925233,74274,102,1494.140625,-5.85834706677247,1499.99897206677,1494.140625,1,1,3,3,74274,0,0,74274,113.93580925233,74274,0
0.842,1499.99420895892,0.321117753451589,0.0160558876725795,7.85395131215428,157.079026243086,8.51881479969333,0,1500,1494.140625,5.859375,8.51881479969333,8.48246583461765,-894.989820737425,0,8.51881479969333,0.709901233307778,8.51881479969333,0,114.092887747478,74376,102,1494.140625,-5.85358395891808,1499.99420895892,1494.140625,0,0,0,0,74376,0,0,74376,114.092887747478,74376,0
0.843,1500.04721426876,0.328222953715975,0.0164111476857987,7.8542288473076,157.084576946152,8.42843939677941,0,1500,1508.7890625,-8.7890625,8.42843939677941,8.48296284439293,1695.58139938548,0,8.42843939677941,0.702369949731617,8.42843939677941,0,114.249969258346,74479,103,1508.7890625,8.74184823124256,1500.04721426876,1508.7890625,1,0,2,2,74479,0,0,74479,114.249969258346,74479,0
0.844,1500.04204475693,0.302220302317796,0.0151110151158898,7.85420177980696,157.084035596139,8.51856629480569,0,1500,1494.140625,5.859375,8.51856629480569,8.48221732973001,-1028.4217505121,0,8.51856629480569,0.709880524567141,8.51856629480569,0,114.407054630562,74581,102,1494.140625,-5.90141975692768,1500.04204475693,1494.140625,0,1,1,1,74581,0,0,74581,114.407054630562,74581,0
0.845,1500.03767922215,0.321175958700404,0.0160587979350202,7.85417892192033,157.083578438407,8.42819089189177,0,1500,1508.7890625,-8.7890625,8.42819089189177,8.48271433950529,1584.38812457325,0,8.42819089189177,0.702349240990981,8.42819089189177,0,114.564137660432,74684,103,1508.7890625,8.75138327784634,1500.03767922215,1508.7890625,0,0,0,0,74684,0,0,74684,114.564137660432,74684,0
0.846,1500.01113205407,0.299588455501172,0.0149794227750586,7.85403992127328,157.080798425466,8.51831778991806,0,1500,1494.140625,5.859375,8.51831778991806,8.48196882484238,-1121.08281285563,0,8.51831778991806,0.709859815826505,8.51831778991806,0,114.721220733581,74786,102,1494.140625,-5.87050705406682,1500.01113205407,1494.140625,1,1,3,3,74786,0,0,74786,114.721220733581,74786,0
0.847,1499.99879893353,0.32018907726453,0.0160094538632265,7.85397534520517,157.079506904103,8.42794238700413,0,1500,1508.7890625,-8.7890625,8.42794238700413,8.48246583461765,1507.17057262031,0,8.42794238700413,0.702328532250344,8.42794238700413,0,114.878300041578,74889,103,1508.7890625,8.79026356646591,1499.99879893353,1508.7890625,0,1,1,0,74889,1,0,74889,114.878300041578,74889,0
0.848,1499.96928042692,0.299214448588413,0.0149607224294206,7.85382078666599,157.07641573332,8.51806928503042,0,1500,1494.140625,5.859375,8.51806928503042,8.48172031995474,-1185.43077281641,0,8.51806928503042,0.709839107085868,8.51806928503042,0,115.035378862457,74991,102,1494.140625,-5.82865542692412,1499.96928042692,1494.140625,1,0,2,2,74991,0,0,74991,115.035378862457,74991,0
0.849,1499.95583746508,0.32004341728769,0.0160021708643845,7.85375039948236,157.075007989647,8.5185662948057,0,1500,1494.140625,5.859375,8.5185662948057,8.48221732973002,-987.858977347005,0,8.5185662948057,0.709880524567141,8.5185662948057,0,115.192453720278,75093,102,1494.140625,-5.81521246507828,1499.95583746508,1494.140625,0,1,1,1,75093,0,0,75093,115.192453720278,75093,0
0.85,1500.00560533421,0.327816222654225,0.0163908111327113,7.85401098343575,157.080219668715,8.42819089189177,0,1500,1508.7890625,-8.7890625,8.42819089189177,8.48271433950529,1618.19043554416,0,8.42819089189177,0.702349240990981,8.42819089189177,0,115.349531015978,75196,103,1508.7890625,8.78345716579452,1500.00560533421,1508.7890625,0,0,0,0,75196,0,0,75196,115.349531015978,75196,0
0.851,1499.99922611749,0.30206231115283,0.0151031155576415,7.85397758193512,157.079551638702,8.51831778991806,0,1500,1494.140625,5.859375,8.51831778991806,8.48196882484238,-1092.91422037986,0,8.51831778991806,0.709859815826505,8.51831778991806,0,115.506611957366,75298,102,1494.140625,-5.85860111748684,1499.99922611749,1494.140625,1,1,3,3,75298,0,0,75298,115.506611957366,75298,0
0.852,1499.99440640199,0.32111065012985,0.0160555325064925,7.85395234596381,157.079046919276,8.42794238700414,0,1500,1508.7890625,-8.7890625,8.42794238700414,8.48246583461765,1530.64439968345,0,8.42794238700414,0.702328532250345,8.42794238700413,-1.77635683940025e-15,115.663690475693,75401,103,1508.7890625,8.79465609800695,1499.99440640199,1508.7890625,0,1,1,0,75401,1,0,75401,115.663690475693,75401,0
0.853,1499.96768658711,0.299557686919708,0.0149778843459854,7.85381244134023,157.076248826805,8.51806928503042,0,1500,1494.140625,5.859375,8.51806928503042,8.48172031995474,-1165.8692502638,0,8.51806928503042,0.709839107085869,8.51806928503042,-1.77635683940025e-15,115.820769006865,75503,102,1494.140625,-5.8270615871088,1499.96768658711,1494.140625,1,0,2,2,75503,0,0,75503,115.820769006865,75503,0
0.854,1499.95528575785,0.320171186279454,0.0160085593139727,7.85374751075008,157.074950215002,8.5185662948057,0,1500,1494.140625,5.859375,8.5185662948057,8.48221732973002,-971.557708553163,0,8.5185662948057,0.709880524567141,8.5185662948057,0,115.97784376119,75605,102,1494.140625,-5.81466075785306,1499.95528575785,1494.140625,0,1,1,1,75605,0,0,75605,115.97784376119,75605,0
0.855,1500.00544132384,0.327863715461128,0.0163931857730564,7.85401012467949,157.08020249359,8.42819089189177,0,1500,1508.7890625,-8.7890625,8.42819089189177,8.48271433950529,1631.7748262057,0,8.42819089189177,0.702349240990981,8.42819089189177,0,116.13492102271,75708,103,1508.7890625,8.78362117615893,1500.00544132384,1508.7890625,0,0,0,0,75708,0,0,75708,116.13492102271,75708,0
0.856,1499.99920598774,0.302079896850471,0.0151039948425236,7.85397747653599,157.07954953072,8.51831778991806,0,1500,1494.140625,5.859375,8.51831778991806,8.48196882484238,-1081.59389482859,0,8.51831778991806,0.709859815826505,8.51831778991806,0,116.292001955684,75810,102,1494.140625,-5.85858098773588,1499.99920598774,1494.140625,1,1,3,3,75810,0,0,75810,116.292001955684,75810,0
0.857,1499.99443932158,0.321117094772416,0.0160558547386208,7.85395251833036,157.079050366607,8.51881479969334,0,1500,1494.140625,5.859375,8.51881479969334,8.48246583461766,-901.328245690488,0,8.51881479969334,0.709901233307778,8.51881479969334,0,116.449080475138,75912,102,1494.140625,-5.85381432157988,1499.99443932158,1494.140625,0,0,0,0,75912,0,0,75912,116.449080475138,75912,0
0.858,1500.04744136088,0.328222333351623,0.0164111166675811,7.85423003635916,157.084600727183,8.42843939677941,0,1500,1508.7890625,-8.7890625,8.42843939677941,8.48296284439293,1690.29937859126,0,8.42843939677941,0.702369949731618,8.42843939677941,-1.77635683940025e-15,116.606162009958,76015,103,1508.7890625,8.74162113912416,1500.04744136088,1508.7890625,1,0,2,2,76015,0,0,76015,116.606162009958,76015,0
0.859,1500.04226871211,0.302219701320481,0.015110985066024,7.85420295243355,157.084059048671,8.5185662948057,0,1500,1494.140625,5.859375,8.5185662948057,8.48221732973002,-1032.82343450728,0,8.5185662948057,0.709880524567142,8.5185662948057,-1.77635683940025e-15,116.763247405789,76117,102,1494.140625,-5.90164371211017,1500.04226871211,1494.140625,0,1,1,1,76117,0,0,76117,116.763247405789,76117,0
0.86,1500.03790011624,0.321175369941579,0.016058768497079,7.85418007851904,157.083601570381,8.42819089189178,0,1500,1508.7890625,-8.7890625,8.42819089189178,8.48271433950529,1580.72005457726,0,8.42819089189178,0.702349240990981,8.42819089189178,0,116.920330458951,76220,103,1508.7890625,8.75116238376472,1500.03790011624,1508.7890625,0,0,0,0,76220,0,0,76220,116.920330458951,76220,0
0.861,1500.01134994101,0.299587876256727,0.0149793938128364,7.85404106212664,157.080821242533,8.51831778991806,0,1500,1494.140625,5.859375,8.51831778991806,8.48196882484238,-1124.13953785228,0,8.51831778991806,0.709859815826505,8.51831778991806,0,117.077413555074,76322,102,1494.140625,-5.87072494100948,1500.01134994101,1494.140625,1,1,3,3,76322,0,0,76322,117.077413555074,76322,0
0.862,1499.99901385878,0.320188506452255,0.0160094253226127,7.85397647055113,157.079529411023,8.42794238700414,0,1500,1508.7890625,-8.7890625,8.42794238700414,8.48246583461766,1504.62330178977,0,8.42794238700414,0.702328532250345,8.42794238700414,0,117.234492885733,76425,103,1508.7890625,8.79004864121998,1499.99901385878,1508.7890625,0,1,1,0,76425,1,0,76425,117.234492885733,76425,0
0.863,1499.96949243243,0.299213885738729,0.0149606942869365,7.8538218967242,157.076437934484,8.51806928503043,0,1500,1494.140625,5.859375,8.51806928503043,8.48172031995475,-1187.55349850853,0,8.51806928503043,0.709839107085869,8.51806928503043,0,117.391571728966,76527,102,1494.140625,-5.82886743242511,1499.96949243243,1494.140625,1,0,2,2,76527,0,0,76527,117.391571728966,76527,0
0.864,1499.95604659111,0.320042862160178,0.0160021431080089,7.85375149446371,157.075029889274,8.5185662948057,0,1500,1494.140625,5.859375,8.5185662948057,8.48221732973002,-989.627915423773,0,8.5185662948057,0.709880524567142,8.5185662948057,0,117.548646608836,76629,102,1494.140625,-5.81542159111154,1499.95604659111,1494.140625,0,1,1,1,76629,0,0,76629,117.548646608836,76629,0
0.865,1500.00581162012,0.32781567509474,0.016390783754737,7.85401206354626,157.080241270925,8.42819089189178,0,1500,1508.7890625,-8.7890625,8.42819089189178,8.4827143395053,1616.71632048019,0,8.42819089189178,0.702349240990981,8.42819089189178,0,117.705723926287,76732,103,1508.7890625,8.78325087988242,1500.00581162012,1508.7890625,0,0,0,0,76732,0,0,76732,117.705723926287,76732,0
0.866,1499.99942960193,0.302061771040237,0.0151030885520118,7.85397864737718,157.079572947544,8.51831778991806,0,1500,1494.140625,5.859375,8.51831778991806,8.48196882484238,-1094.14264959984,0,8.51831778991806,0.709859815826505,8.51831778991806,0,117.86280488913,76834,102,1494.140625,-5.8588046019313,1499.99942960193,1494.140625,1,1,3,3,76834,0,0,76834,117.86280488913,76834,0
0.867,1499.99460712305,0.321110117356179,0.0160555058678089,7.85395339693683,157.079067938737,8.42794238700414,0,1500,1508.7890625,-8.7890625,8.42794238700414,8.48246583461766,1529.6207086668,0,8.42794238700414,0.702328532250345,8.42794238700414,0,118.019883428621,76937,103,1508.7890625,8.79445537694573,1499.99460712305,1508.7890625,0,1,1,0,76937,1,0,76937,118.019883428621,76937,0
0.868,1499.96788458232,0.299557161382739,0.014977858069137,7.85381347804075,157.076269560815,8.51806928503043,0,1500,1494.140625,5.859375,8.51806928503043,8.48172031995475,-1166.722326111,0,8.51806928503043,0.709839107085869,8.51806928503043,0,118.17696198067,77039,102,1494.140625,-5.82725958232322,1499.96788458232,1494.140625,1,0,2,2,77039,0,0,77039,118.17696198067,77039,0
0.869,1499.95548106424,0.320170667879965,0.0160085333939983,7.85374853337195,157.074970667439,8.5185662948057,0,1500,1494.140625,5.859375,8.5185662948057,8.48221732973002,-972.268605092501,0,8.5185662948057,0.709880524567142,8.5185662948057,0,118.334036755588,77141,102,1494.140625,-5.81485606424212,1499.95548106424,1494.140625,0,1,1,1,77141,0,0,77141,118.334036755588,77141,0
0.87,1500.00563397792,0.327863204101842,0.0163931602050921,7.85401113341388,157.080222668278,8.42819089189178,0,1500,1508.7890625,-8.7890625,8.42819089189178,8.4827143395053,1631.18241242292,0,8.42819089189178,0.702349240990982,8.42819089189178,-1.77635683940025e-15,118.491114037421,77244,103,1508.7890625,8.78342852208243,1500.00563397792,1508.7890625,0,0,0,0,77244,0,0,77244,118.491114037421,77244,0
0.871,1499.99939602553,0.302079392435641,0.0151039696217821,7.85397847157156,157.079569431431,8.51831778991807,0,1500,1494.140625,5.859375,8.51831778991807,8.48196882484239,-1082.0875729809,0,8.51831778991807,0.709859815826505,8.51831778991806,-1.77635683940025e-15,118.648194990432,77346,102,1494.140625,-5.85877102553104,1499.99939602553,1494.140625,1,1,3,3,77346,0,0,77346,118.648194990432,77346,0
0.872,1499.99462677862,0.321116597207679,0.0160558298603839,7.85395349985313,157.079069997063,8.51881479969334,0,1500,1494.140625,5.859375,8.51881479969334,8.48246583461766,-901.739644150753,0,8.51881479969334,0.709901233307778,8.51881479969334,0,118.805273529652,77448,102,1494.140625,-5.8540017786197,1499.99462677862,1494.140625,0,0,0,0,77448,0,0,77448,118.805273529652,77448,0
0.873,1500.0476262722,0.328221842543941,0.0164110921271971,7.8542310045526,157.084620091052,8.42843939677942,0,1500,1508.7890625,-8.7890625,8.42843939677942,8.48296284439294,1689.95654654104,0,8.42843939677942,0.702369949731618,8.42843939677942,0,118.962355083968,77551,103,1508.7890625,8.74143622779684,1500.0476262722,1508.7890625,1,0,2,2,77551,0,0,77551,118.962355083968,77551,0
0.874,1500.0424511123,0.302219217178081,0.0151109608589041,7.85420390747874,157.084078149575,8.51856629480571,0,1500,1494.140625,5.859375,8.51856629480571,8.48221732973002,-1033.10912788247,0,8.51856629480571,0.709880524567142,8.51856629480571,0,119.119440499031,77653,102,1494.140625,-5.90182611230489,1500.0424511123,1494.140625,0,1,1,1,77653,0,0,77653,119.119440499031,77653,0
0.875,1500.03808003939,0.321174892373945,0.0160587446186973,7.85418102059448,157.08362041189,8.42819089189178,0,1500,1508.7890625,-8.7890625,8.42819089189178,8.4827143395053,1580.48197676461,0,8.42819089189178,0.702349240990982,8.42819089189178,0,119.276523571163,77756,103,1508.7890625,8.75098246060884,1500.03808003939,1508.7890625,0,0,0,0,77756,0,0,77756,119.276523571163,77756,0
0.876,1500.01152742077,0.299587405174572,0.0149793702587286,7.85404199140847,157.080839828169,8.51831778991807,0,1500,1494.140625,5.859375,8.51831778991807,8.48196882484239,-1124.33793602949,0,8.51831778991807,0.709859815826506,8.51831778991807,0,119.433606686,77858,102,1494.140625,-5.87090242076511,1500.01152742077,1494.140625,1,1,3,3,77858,0,0,77858,119.433606686,77858,0
0.877,1499.99918892832,0.320188041767504,0.0160094020883752,7.85397738721311,157.079547744262,8.42794238700414,0,1500,1508.7890625,-8.7890625,8.42794238700414,8.48246583461766,1504.45796997542,0,8.42794238700414,0.702328532250345,8.42794238700414,0,119.590686035117,77961,103,1508.7890625,8.78987357167784,1499.99918892832,1508.7890625,0,1,1,0,77961,1,0,77961,119.590686035117,77961,0
0.878,1499.96966512448,0.299213427364505,0.0149606713682253,7.85382280093767,157.076456018753,8.51806928503043,0,1500,1494.140625,5.859375,8.51806928503043,8.48172031995475,-1187.69127502048,0,8.51806928503043,0.709839107085869,8.51806928503043,0,119.747764896559,78063,102,1494.140625,-5.82904012447761,1499.96966512448,1494.140625,1,0,2,2,78063,0,0,78063,119.747764896559,78063,0
0.879,1499.95621693797,0.320042410010788,0.0160021205005394,7.85375238639775,157.075047727955,8.51856629480571,0,1500,1494.140625,5.859375,8.51856629480571,8.48221732973003,-989.742729183733,0,8.51856629480571,0.709880524567142,8.51856629480571,0,119.904839794391,78165,102,1494.140625,-5.81559193796579,1499.95621693797,1494.140625,0,1,1,1,78165,0,0,78165,119.904839794391,78165,0
0.88,1500.00597965362,0.327815229085648,0.0163907614542824,7.85401294336762,157.080258867352,8.42819089189178,0,1500,1508.7890625,-8.7890625,8.42819089189178,8.4827143395053,1616.62064234689,0,8.42819089189178,0.702349240990982,8.42819089189178,0,120.061917129559,78268,103,1508.7890625,8.78308284637956,1500.00597965362,1508.7890625,0,0,0,0,78268,0,0,78268,120.061917129559,78268,0
0.881,1499.9995953535,0.302061331088055,0.0151030665544027,7.85397951525036,157.079590305007,8.51831778991807,0,1500,1494.140625,5.859375,8.51831778991807,8.48196882484239,-1094.22238137759,0,8.51831778991807,0.709859815826506,8.51831778991807,0,120.218998109879,78370,102,1494.140625,-5.85897035349967,1499.9995953535,1494.140625,1,1,3,3,78370,0,0,78370,120.218998109879,78370,0
0.882,1499.99477062368,0.321109683378647,0.0160554841689324,7.85395425302409,157.079085060482,8.42794238700415,0,1500,1508.7890625,-8.7890625,8.42794238700415,8.48246583461767,1529.55426551867,0,8.42794238700415,0.702328532250345,8.42794238700414,-1.77635683940025e-15,120.376076666609,78473,103,1508.7890625,8.79429187632263,1499.99477062368,1508.7890625,0,1,1,0,78473,1,0,78473,120.376076666609,78473,0
0.883,1499.96804586257,0.299556733298724,0.0149778366649362,7.85381432250215,157.076286450043,8.51806928503043,0,1500,1494.140625,5.859375,8.51806928503043,8.48172031995475,-1166.77769540111,0,8.51806928503043,0.709839107085869,8.51806928503043,-1.77635683940025e-15,120.533155235663,78575,102,1494.140625,-5.82742086257144,1499.96804586257,1494.140625,1,0,2,2,78575,0,0,78575,120.533155235663,78575,0
0.884,1499.95564015426,0.320170245609435,0.0160085122804717,7.85374936636536,157.074987327307,8.51856629480571,0,1500,1494.140625,5.859375,8.51856629480571,8.48221732973003,-972.314746167588,0,8.51856629480571,0.709880524567142,8.51856629480571,0,120.690230027355,78677,102,1494.140625,-5.81501515426498,1499.95564015426,1494.140625,0,1,1,1,78677,0,0,78677,120.690230027355,78677,0
0.885,1500.00579090747,0.327862787565838,0.0163931393782919,7.85401195509507,157.080239101901,8.42819089189178,0,1500,1508.7890625,-8.7890625,8.42819089189178,8.4827143395053,1631.14396152701,0,8.42819089189178,0.702349240990982,8.42819089189178,0,120.847307325735,78780,103,1508.7890625,8.78327159253422,1500.00579090747,1508.7890625,0,0,0,0,78780,0,0,78780,120.847307325735,78780,0
0.886,1499.99955082394,0.302078981556295,0.0151039490778147,7.85397928209411,157.079585641882,8.51831778991807,0,1500,1494.140625,5.859375,8.51831778991807,8.48196882484239,-1082.11961539416,0,8.51831778991807,0.709859815826506,8.51831778991807,0,121.004388295068,78882,102,1494.140625,-5.85892582393558,1499.99955082394,1494.140625,1,1,3,3,78882,0,0,78882,121.004388295068,78882,0
0.887,1499.99477947482,0.321116191908172,0.0160558095954086,7.85395429936858,157.079085987372,8.51881479969335,0,1500,1494.140625,5.859375,8.51881479969335,8.48246583461767,-901.766346161799,0,8.51881479969335,0.709901233307779,8.51881479969335,0,121.161466850387,78984,102,1494.140625,-5.85415447482319,1499.99477947482,1494.140625,0,0,0,0,78984,0,0,78984,121.161466850387,78984,0
0.888,1500.04777689475,0.328221442748505,0.0164110721374252,7.85423179321043,157.084635864209,8.42843939677942,0,1500,1508.7890625,-8.7890625,8.42843939677942,8.48296284439294,1689.93429486517,0,8.42843939677942,0.702369949731618,8.42843939677942,-1.77635683940025e-15,121.318548420585,79087,103,1508.7890625,8.74128560524605,1500.04777689475,1508.7890625,1,0,2,2,79087,0,0,79087,121.318548420585,79087,0
0.889,1500.04259968936,0.302218822811963,0.0151109411405982,7.8542046854264,157.084093708528,8.51856629480571,0,1500,1494.140625,5.859375,8.51856629480571,8.48221732973003,-1033.12767094569,0,8.51856629480571,0.709880524567142,8.51856629480571,-1.77635683940025e-15,121.475633851314,79189,102,1494.140625,-5.90197468936458,1500.04259968936,1494.140625,0,1,1,1,79189,0,0,79189,121.475633851314,79189,0
0.89,1500.03822659874,0.321174503363409,0.0160587251681705,7.85418178797746,157.083635759549,8.42819089189179,0,1500,1508.7890625,-8.7890625,8.42819089189179,8.48271433950531,1580.46652421192,0,8.42819089189179,0.702349240990982,8.42819089189179,0,121.632716938899,79292,103,1508.7890625,8.75083590125564,1500.03822659874,1508.7890625,0,0,0,0,79292,0,0,79292,121.632716938899,79292,0
0.891,1500.0116719898,0.299587021446891,0.0149793510723445,7.85404274837019,157.080854967404,8.51831778991807,0,1500,1494.140625,5.859375,8.51831778991807,8.48196882484239,-1124.35081315673,0,8.51831778991807,0.709859815826506,8.51831778991807,0,121.789800068979,79394,102,1494.140625,-5.87104698980488,1500.0116719898,1494.140625,1,1,3,3,79394,0,0,79394,121.789800068979,79394,0
0.892,1499.99933153408,0.320187663250936,0.0160093831625468,7.85397813389511,157.079562677902,8.42794238700415,0,1500,1508.7890625,-8.7890625,8.42794238700415,8.48246583461767,1504.44723903606,0,8.42794238700415,0.702328532250346,8.42794238700415,0,121.946879433133,79497,103,1508.7890625,8.78973096591994,1499.99933153408,1508.7890625,0,1,1,0,79497,1,0,79497,121.946879433133,79497,0
0.893,1499.96980579361,0.299213053988289,0.0149606526994144,7.85382353747953,157.076470749591,8.51806928503044,0,1500,1494.140625,5.859375,8.51806928503044,8.48172031995476,-1187.70021746995,0,8.51806928503044,0.70983910708587,8.51806928503044,0,122.103958309407,79599,102,1494.140625,-5.82918079361184,1499.96980579361,1494.140625,1,0,2,2,79599,0,0,79599,122.103958309407,79599,0
0.894,1499.95635569678,0.320042041705116,0.0160021020852558,7.85375311293718,157.075062258744,8.51856629480571,0,1500,1494.140625,5.859375,8.51856629480571,8.48221732973003,-989.75018122496,0,8.51856629480571,0.709880524567143,8.51856629480571,0,122.261033221869,79701,102,1494.140625,-5.81573069677597,1499.95635569678,1494.140625,0,1,1,1,79701,0,0,79701,122.261033221869,79701,0
0.895,1500.00611652806,0.327814865781654,0.0163907432890827,7.8540136600405,157.08027320081,8.42819089189179,0,1500,1508.7890625,-8.7890625,8.42819089189179,8.48271433950531,1616.61443231253,0,8.42819089189179,0.702349240990982,8.42819089189179,0,122.418110571469,79804,103,1508.7890625,8.78294597194258,1500.00611652806,1508.7890625,0,0,0,0,79804,0,0,79804,122.418110571469,79804,0
0.896,1499.99973036915,0.30206097271781,0.0151030486358905,7.85398022219067,157.079604443813,8.51831778991808,0,1500,1494.140625,5.859375,8.51831778991808,8.4819688248424,-1094.22755640622,0,8.51831778991808,0.709859815826506,8.51831778991808,0,122.575191566025,79906,102,1494.140625,-5.8591053691523,1499.99973036915,1494.140625,1,1,3,3,79906,0,0,79906,122.575191566025,79906,0
0.897,1499.99490380578,0.321109329875152,0.0160554664937576,7.85395495036397,157.079099007279,8.42794238700415,0,1500,1508.7890625,-8.7890625,8.42794238700415,8.48246583461767,1529.54995299481,0,8.42794238700415,0.702328532250346,8.42794238700415,0,122.732270136797,80009,103,1508.7890625,8.79415869421518,1499.99490380578,1508.7890625,0,1,1,0,80009,1,0,80009,122.732270136797,80009,0
0.898,1499.96817723604,0.299556384595888,0.0149778192297944,7.853815010372,157.07630020744,8.51806928503044,0,1500,1494.140625,5.859375,8.51806928503044,8.48172031995476,-1166.78128917099,0,8.51806928503044,0.70983910708587,8.51806928503044,0,122.889348719703,80111,102,1494.140625,-5.82755223603522,1499.96817723604,1494.140625,1,0,2,2,80111,0,0,80111,122.889348719703,80111,0
0.899,1499.95576974365,0.320169901642058,0.0160084950821029,7.85375004489379,157.075000897876,8.51856629480571,0,1500,1494.140625,5.859375,8.51856629480571,8.48221732973003,-972.317740975823,0,8.51856629480571,0.709880524567143,8.51856629480571,0,123.046423525059,80213,102,1494.140625,-5.81514474364963,1499.95576974365,1494.140625,0,1,1,1,80213,0,0,80213,123.046423525059,80213,0
0.9,1500.005918737,0.327862448269619,0.016393122413481,7.85401262440894,157.080252488179,8.42819089189179,0,1500,1508.7890625,-8.7890625,8.42819089189179,8.48271433950531,1631.14146585348,0,8.42819089189179,0.702349240990982,8.42819089189179,-1.77635683940025e-15,123.203500836917,80316,103,1508.7890625,8.78314376300204,1500.005918737,1508.7890625,0,0,0,0,80316,0,0,80316,123.203500836917,80316,0
0.901,1499.99967691752,0.302078646867789,0.0151039323433895,7.85397994231856,157.079598846371,8.51831778991808,0,1500,1494.140625,5.859375,8.51831778991808,8.4819688248424,-1082.1216951221,0,8.51831778991808,0.709859815826506,8.51831778991808,-1.77635683940025e-15,123.360581819545,80418,102,1494.140625,-5.85905191751772,1499.99967691752,1494.140625,1,1,3,3,80418,0,0,80418,123.360581819545,80418,0
0.902,1499.99490385603,0.321115861764804,0.0160557930882402,7.85395495062705,157.079099012541,8.51881479969335,0,1500,1494.140625,5.859375,8.51881479969335,8.48246583461767,-901.768079268416,0,8.51881479969335,0.709901233307779,8.51881479969335,0,123.517660387979,80520,102,1494.140625,-5.85427885602985,1499.99490385603,1494.140625,0,0,0,0,80520,0,0,80520,123.517660387979,80520,0
0.903,1500.04789958683,0.328221117088553,0.0164110558544276,7.85423243562466,157.084648712493,8.42843939677943,0,1500,1508.7890625,-8.7890625,8.42843939677943,8.48296284439295,1689.93285060965,0,8.42843939677943,0.702369949731619,8.42843939677943,0,123.674741971113,80623,103,1508.7890625,8.74116291316636,1500.04789958683,1508.7890625,1,0,2,2,80623,0,0,80623,123.674741971113,80623,0
0.904,1500.04272071525,0.302218501574552,0.0151109250787276,7.85420531911648,157.08410638233,8.51856629480572,0,1500,1494.140625,5.859375,8.51856629480572,8.48221732973004,-1033.12887449196,0,8.51856629480572,0.709880524567143,8.51856629480572,0,123.831827414603,80725,102,1494.140625,-5.90209571525475,1500.04272071525,1494.140625,0,1,1,1,80725,0,0,80725,123.831827414603,80725,0
0.905,1500.03834598107,0.321174186488479,0.016058709324424,7.85418241306188,157.083648261238,8.42819089189179,0,1500,1508.7890625,-8.7890625,8.42819089189179,8.48271433950531,1580.4655212567,0,8.42819089189179,0.702349240990983,8.42819089189179,0,123.988910514776,80828,103,1508.7890625,8.75071651892608,1500.03834598107,1508.7890625,0,0,0,0,80828,0,0,80828,123.988910514776,80828,0
0.906,1500.0117897509,0.299586708875194,0.0149793354437597,7.85404336496584,157.080867299317,8.51831778991808,0,1500,1494.140625,5.859375,8.51831778991808,8.4819688248424,-1124.35164895275,0,8.51831778991808,0.709859815826507,8.51831778991808,0,124.145993657272,80930,102,1494.140625,-5.87116475089897,1500.0117897509,1494.140625,1,1,3,3,80930,0,0,80930,124.145993657272,80930,0
0.907,1499.99944769595,0.320187354924032,0.0160093677462016,7.85397874211726,157.079574842345,8.42794238700415,0,1500,1508.7890625,-8.7890625,8.42794238700415,8.48246583461767,1504.44654253938,0,8.42794238700415,0.702328532250346,8.42794238700415,0,124.303073033674,81033,103,1508.7890625,8.78961480404701,1499.99944769595,1508.7890625,0,1,1,0,81033,1,0,81033,124.303073033674,81033,0
0.908,1499.96992037798,0.299212749848527,0.0149606374924264,7.85382413744189,157.076482748838,8.51806928503044,0,1500,1494.140625,5.859375,8.51806928503044,8.48172031995476,-1187.70079788385,0,8.51806928503044,0.70983910708587,8.51806928503044,0,124.46015192203,81135,102,1494.140625,-5.82929537798236,1499.96992037798,1494.140625,1,0,2,2,81135,0,0,81135,124.46015192203,81135,0
0.909,1499.95646872507,0.320041741695635,0.0160020870847817,7.85375370475194,157.075074095039,8.51856629480572,0,1500,1494.140625,5.859375,8.51856629480572,8.48221732973004,-989.75066490321,0,8.51856629480572,0.709880524567143,8.51856629480572,0,124.61722684641,81237,102,1494.140625,-5.81584372506882,1499.95646872507,1494.140625,0,1,1,1,81237,0,0,81237,124.61722684641,81237,0
0.91,1500.0062280214,0.32781456984637,0.0163907284923185,7.85401424381825,157.080284876365,8.42819089189179,0,1500,1508.7890625,-8.7890625,8.42819089189179,8.48271433950531,1616.61402924733,0,8.42819089189179,0.702349240990983,8.42819089189179,0,124.774304207766,81340,103,1508.7890625,8.78283447860463,1500.0062280214,1508.7890625,0,0,0,0,81340,0,0,81340,124.774304207766,81340,0
0.911,1499.99984034838,0.3020606808014,0.01510303404007,7.85398079804057,157.079615960811,8.51831778991808,0,1500,1494.140625,5.859375,8.51831778991808,8.4819688248424,-1094.2278922939,0,8.51831778991808,0.709859815826507,8.51831778991808,0,124.931385213918,81442,102,1494.140625,-5.85921534838371,1499.99984034838,1494.140625,1,1,3,3,81442,0,0,81442,124.931385213918,81442,0
0.912,1499.99501229147,0.321109041923034,0.0160554520961517,7.85395551839371,157.079110367874,8.42794238700416,0,1500,1508.7890625,-8.7890625,8.42794238700416,8.48246583461768,1529.54967308842,0,8.42794238700416,0.702328532250346,8.42794238700415,-1.77635683940025e-15,125.088463796129,81545,103,1508.7890625,8.79405020852619,1499.99501229147,1508.7890625,0,1,1,0,81545,1,0,81545,125.088463796129,81545,0
0.913,1499.96828424846,0.29955610055423,0.0149778050277115,7.85381557068775,157.076311413755,8.51806928503044,0,1500,1494.140625,5.859375,8.51806928503044,8.48172031995476,-1166.78152242632,0,8.51806928503044,0.70983910708587,8.51806928503044,-1.77635683940025e-15,125.245542390318,81647,102,1494.140625,-5.82765924846149,1499.96828424846,1494.140625,1,0,2,2,81647,0,0,81647,125.245542390318,81647,0
0.914,1499.95587530282,0.320169621457756,0.0160084810728878,7.85375059760031,157.075011952006,8.51856629480572,0,1500,1494.140625,5.859375,8.51856629480572,8.48221732973004,-972.317935355264,0,8.51856629480572,0.709880524567143,8.51856629480572,0,125.402617206804,81749,102,1494.140625,-5.81525030282,1499.95587530282,1494.140625,0,1,1,1,81749,0,0,81749,125.402617206804,81749,0
0.915,1500.00602286264,0.327862171890291,0.0163931085945146,7.85401316960955,157.080263392191,8.42819089189179,0,1500,1508.7890625,-8.7890625,8.42819089189179,8.48271433950531,1631.14130387061,0,8.42819089189179,0.702349240990983,8.42819089189179,0,125.559694529641,81852,103,1508.7890625,8.78303963735539,1500.00602286264,1508.7890625,0,0,0,0,81852,0,0,81852,125.559694529641,81852,0
0.916,1499.99977962911,0.302078374241765,0.0151039187120883,7.85398048011521,157.079609602304,8.51831778991808,0,1500,1494.140625,5.859375,8.51831778991808,8.4819688248424,-1082.12183010782,0,8.51831778991808,0.709859815826507,8.51831778991808,0,125.716775523099,81954,102,1494.140625,-5.85915462911134,1499.99977962911,1494.140625,1,1,3,3,81954,0,0,81954,125.716775523099,81954,0
0.917,1499.99500517277,0.321115592841116,0.0160557796420558,7.85395548112027,157.079109622405,8.51881479969336,0,1500,1494.140625,5.859375,8.51881479969336,8.48246583461768,-901.768191756518,0,8.51881479969336,0.70990123330778,8.51881479969336,0,125.873854102216,82056,102,1494.140625,-5.85438017277193,1499.99500517277,1494.140625,0,0,0,0,82056,0,0,82056,125.873854102216,82056,0
0.918,1500.04799952768,0.328220851816909,0.0164110425908454,7.85423295891371,157.084659178274,8.42843939677943,0,1500,1508.7890625,-8.7890625,8.42843939677943,8.48296284439295,1689.93275686957,0,8.42843939677943,0.702369949731619,8.42843939677943,-1.77635683940025e-15,126.030935695888,82159,103,1508.7890625,8.74106297231992,1500.04799952768,1508.7890625,1,0,2,2,82159,0,0,82159,126.030935695888,82159,0
0.919,1500.04281929888,0.302218239905349,0.0151109119952675,7.85420583529916,157.084116705983,8.51856629480572,0,1500,1494.140625,5.859375,8.51856629480572,8.48221732973004,-1033.12895260869,0,8.51856629480572,0.709880524567143,8.51856629480572,-1.77635683940025e-15,126.188021149772,82261,102,1494.140625,-5.90219429888407,1500.04281929888,1494.140625,0,1,1,1,82261,0,0,82261,126.188021149772,82261,0
0.92,1500.03844322592,0.321173928372795,0.0160586964186397,7.85418292223469,157.083658444694,8.4281908918918,0,1500,1508.7890625,-8.7890625,8.4281908918918,8.48271433950532,1580.46545615942,0,8.4281908918918,0.702349240990983,8.4281908918918,0,126.345104260199,82364,103,1508.7890625,8.75061927408115,1500.03844322592,1508.7890625,0,0,0,0,82364,0,0,82364,126.345104260199,82364,0
0.921,1500.01188567513,0.299586454264777,0.0149793227132389,7.85404386722396,157.080877344479,8.51831778991808,0,1500,1494.140625,5.859375,8.51831778991808,8.4819688248424,-1124.35170320048,0,8.51831778991808,0.709859815826507,8.51831778991808,0,126.502187412809,82466,102,1494.140625,-5.87126067513464,1500.01188567513,1494.140625,1,1,3,3,82466,0,0,82466,126.502187412809,82466,0
0.922,1499.99954231751,0.320187103771284,0.0160093551885642,7.85397923755459,157.079584751092,8.42794238700416,0,1500,1508.7890625,-8.7890625,8.42794238700416,8.48246583461768,1504.44649733293,0,8.42794238700416,0.702328532250347,8.42794238700416,0,126.659266799188,82569,103,1508.7890625,8.78952018248606,1499.99954231751,1508.7890625,0,1,1,0,82569,1,0,82569,126.659266799188,82569,0
0.923,1499.97001371456,0.29921250210649,0.0149606251053245,7.85382462615108,157.076492523022,8.51806928503045,0,1500,1494.140625,5.859375,8.51806928503045,8.48172031995477,-1187.70083555589,0,8.51806928503045,0.709839107085871,8.51806928503045,0,126.816345697384,82671,102,1494.140625,-5.82938871456167,1499.97001371456,1494.140625,1,0,2,2,82671,0,0,82671,126.816345697384,82671,0
0.924,1499.95656079412,0.320041497317988,0.0160020748658994,7.85375418682436,157.075083736487,8.51856629480572,0,1500,1494.140625,5.859375,8.51856629480572,8.48221732973004,-989.750696296575,0,8.51856629480572,0.709880524567144,8.51856629480572,0,126.973420631472,82773,102,1494.140625,-5.8159357941181,1499.95656079412,1494.140625,0,1,1,1,82773,0,0,82773,126.973420631472,82773,0
0.925,1500.00631884013,0.327814328787425,0.0163907164393712,7.85401471934403,157.080294386881,8.4281908918918,0,1500,1508.7890625,-8.7890625,8.4281908918918,8.48271433950532,1616.61400308619,0,8.4281908918918,0.702349240990983,8.4281908918918,0,127.130498002403,82876,103,1508.7890625,8.78274365987136,1500.00631884013,1508.7890625,0,0,0,0,82876,0,0,82876,127.130498002403,82876,0
0.926,1499.99992993378,0.302060443016084,0.0151030221508042,7.85398126710861,157.079625342172,8.51831778991809,0,1500,1494.140625,5.859375,8.51831778991809,8.48196882484241,-1094.22791409484,0,8.51831778991809,0.709859815826507,8.51831778991809,0,127.287579018001,82978,102,1494.140625,-5.85930493377873,1499.99992993378,1494.140625,1,1,3,3,82978,0,0,82978,127.287579018001,82978,0
0.927,1499.99510066028,0.321108807366892,0.0160554403683446,7.85395598109172,157.079119621834,8.51881479969336,0,1500,1494.140625,5.859375,8.51881479969336,8.48246583461768,-911.856595079036,0,8.51881479969336,0.70990123330778,8.51881479969336,0,127.44465760953,83080,102,1494.140625,-5.85447566028483,1499.99510066028,1494.140625,0,0,0,0,83080,0,0,83080,127.44465760953,83080,0
0.928,1500.04807405563,0.328218220353744,0.0164109110176872,7.85423334914112,157.084666982822,8.42843939677944,0,1500,1508.7890625,-8.7890625,8.42843939677944,8.48296284439296,1681.5257541008,0,8.42843939677944,0.70236994973162,8.42843939677944,0,127.601739211933,83183,103,1508.7890625,8.74098844437435,1500.04807405563,1508.7890625,1,0,2,2,83183,0,0,83183,127.601739211933,83183,0
0.929,1500.04288548892,0.302217157511753,0.0151108578755877,7.85420618186936,157.084123637387,8.51856629480572,0,1500,1494.140625,5.859375,8.51856629480572,8.48221732973004,-1040.13478824933,0,8.51856629480572,0.709880524567144,8.51856629480572,0,127.758824673122,83285,102,1494.140625,-5.90226048891691,1500.04288548892,1494.140625,0,1,1,1,83285,0,0,83285,127.758824673122,83285,0
0.93,1500.03850578768,0.321173424503142,0.0160586712251571,7.85418324980733,157.083664996147,8.4281908918918,0,1500,1508.7890625,-8.7890625,8.4281908918918,8.48271433950532,1574.62725979222,0,8.4281908918918,0.702349240990983,8.4281908918918,-1.77635683940025e-15,127.915907790266,83388,103,1508.7890625,8.75055671231598,1500.03850578768,1508.7890625,0,0,0,0,83388,0,0,83388,127.915907790266,83388,0
0.931,1500.01194637041,0.299586167302758,0.0149793083651379,7.85404418502365,157.080883700473,8.51831778991809,0,1500,1494.140625,5.859375,8.51831778991809,8.48196882484241,-1129.21686683981,0,8.51831778991809,0.709859815826507,8.51831778991809,-1.77635683940025e-15,128.072990949321,83490,102,1494.140625,-5.87132137040521,1500.01194637041,1494.140625,1,1,3,3,83490,0,0,83490,128.072990949321,83490,0
0.932,1499.99960180966,0.320186898970468,0.0160093449485234,7.85397954905474,157.079590981095,8.42794238700416,0,1500,1508.7890625,-8.7890625,8.42794238700416,8.48246583461768,1500.39219430016,0,8.42794238700416,0.702328532250347,8.42794238700416,0,128.230070341989,83593,103,1508.7890625,8.78946069033941,1499.99960180966,1508.7890625,0,1,1,0,83593,1,0,83593,128.230070341989,83593,0
0.933,1499.97007225764,0.299212329245913,0.0149606164622957,7.85382493268193,157.076498653639,8.51806928503045,0,1500,1494.140625,5.859375,8.51806928503045,8.48172031995477,-1191.07942141654,0,8.51806928503045,0.709839107085871,8.51806928503045,0,128.387149246366,83695,102,1494.140625,-5.82944725764219,1499.97007225764,1494.140625,1,0,2,2,83695,0,0,83695,128.387149246366,83695,0
0.934,1499.95661848958,0.320041337668704,0.0160020668834352,7.85375448891708,157.075089778342,8.51856629480573,0,1500,1494.140625,5.859375,8.51856629480573,8.48221732973005,-992.566184513781,0,8.51856629480573,0.709880524567144,8.51856629480573,0,128.544224186539,83797,102,1494.140625,-5.81599348957798,1499.95661848958,1494.140625,0,1,1,1,83797,0,0,83797,128.544224186539,83797,0
0.935,1500.00637573248,0.327814175353755,0.0163907087676877,7.85401501723167,157.080300344633,8.4281908918918,0,1500,1508.7890625,-8.7890625,8.4281908918918,8.48271433950532,1614.26776290518,0,8.4281908918918,0.702349240990984,8.4281908918918,0,128.70130156347,83900,103,1508.7890625,8.78268676752191,1500.00637573248,1508.7890625,0,0,0,0,83900,0,0,83900,128.70130156347,83900,0
0.936,1499.99998604622,0.302060293174074,0.0151030146587037,7.85398156091267,157.079631218253,8.51831778991809,0,1500,1494.140625,5.859375,8.51831778991809,8.48196882484241,-1096.18311424568,0,8.51831778991809,0.709859815826507,8.51831778991809,0,128.858382584985,84002,102,1494.140625,-5.85936104622169,1499.99998604622,1494.140625,1,1,3,3,84002,0,0,84002,128.858382584985,84002,0
0.937,1499.99515600798,0.321108660121607,0.0160554330060804,7.85395627089158,157.079125417832,8.42794238700417,0,1500,1508.7890625,-8.7890625,8.42794238700417,8.48246583461768,1527.92032146193,0,8.42794238700417,0.702328532250347,8.42794238700417,0,129.01546118235,84105,103,1508.7890625,8.79390649201878,1499.99515600798,1508.7890625,0,1,1,0,84105,1,0,84105,129.01546118235,84105,0
0.938,1499.96842601226,0.299555724147071,0.0149777862073536,7.85381631296124,157.076326259225,8.51806928503045,0,1500,1494.140625,5.859375,8.51806928503045,8.48172031995477,-1168.13931544839,0,8.51806928503045,0.709839107085871,8.51806928503045,0,129.172539791487,84207,102,1494.140625,-5.82780101225535,1499.96842601226,1494.140625,1,0,2,2,84207,0,0,84207,129.172539791487,84207,0
0.939,1499.95601514105,0.320169250240278,0.0160084625120139,7.85375132979159,157.075026595832,8.51856629480573,0,1500,1494.140625,5.859375,8.51856629480573,8.48221732973005,-973.449429540325,0,8.51856629480573,0.709880524567144,8.51856629480573,0,129.329614622717,84309,102,1494.140625,-5.81539014105306,1499.95601514105,1494.140625,0,1,1,1,84309,0,0,84309,129.329614622717,84309,0
0.94,1500.00616080171,0.327861805743078,0.0163930902871539,7.85401389185679,157.080277837136,8.4281908918918,0,1500,1508.7890625,-8.7890625,8.4281908918918,8.48271433950532,1630.19839204973,0,8.4281908918918,0.702349240990984,8.4281908918918,0,129.486691960098,84412,103,1508.7890625,8.78290169829256,1500.00616080171,1508.7890625,0,0,0,0,84412,0,0,84412,129.486691960098,84412,0
0.941,1499.99991569488,0.302078013077735,0.0151039006538868,7.8539811925539,157.079623851078,8.51831778991809,0,1500,1494.140625,5.859375,8.51831778991809,8.48196882484241,-1082.90758995856,0,8.51831778991809,0.709859815826508,8.51831778991809,0,129.643772967903,84514,102,1494.140625,-5.85929069487861,1499.99991569488,1494.140625,1,1,3,3,84514,0,0,84514,129.643772967903,84514,0
0.942,1499.99513939072,0.321115236585804,0.0160557618292902,7.85395618388378,157.079123677676,8.51881479969337,0,1500,1494.140625,5.859375,8.51881479969337,8.48246583461769,-902.422991632132,0,8.51881479969337,0.709901233307781,8.51881479969337,0,129.800851561172,84616,102,1494.140625,-5.85451439071539,1499.99513939072,1494.140625,0,0,0,0,84616,0,0,84616,129.800851561172,84616,0
0.943,1500.0481319229,0.328220500401132,0.0164110250200566,7.85423365213346,157.084673042669,8.42843939677944,0,1500,1508.7890625,-8.7890625,8.42843939677944,8.48296284439296,1689.38709030656,0,8.42843939677944,0.70236994973162,8.42843939677944,0,129.957933168803,84719,103,1508.7890625,8.74093057710002,1500.0481319229,1508.7890625,1,0,2,2,84719,0,0,84719,129.957933168803,84719,0
0.944,1500.04294989615,0.302217893262439,0.015110894663122,7.85420651910483,157.084130382097,8.51856629480573,0,1500,1494.140625,5.859375,8.51856629480573,8.48221732973005,-1033.58367474454,0,8.51856629480573,0.709880524567144,8.51856629480573,0,130.115018636458,84821,102,1494.140625,-5.90232489614709,1500.04294989615,1494.140625,0,1,1,1,84821,0,0,84821,130.115018636458,84821,0
0.945,1500.03857204964,0.321173586437584,0.0160586793218792,7.85418359675412,157.083671935082,8.42819089189181,0,1500,1508.7890625,-8.7890625,8.42819089189181,8.48271433950532,1580.08652104622,0,8.42819089189181,0.702349240990984,8.42819089189181,0,130.272101760468,84924,103,1508.7890625,8.75049045036076,1500.03857204964,1508.7890625,0,0,0,0,84924,0,0,84924,130.272101760468,84924,0
0.946,1500.0120127494,0.299586116973207,0.0149793058486603,7.85404453258323,157.080890651665,8.51831778991809,0,1500,1494.140625,5.859375,8.51831778991809,8.48196882484241,-1124.66748246148,0,8.51831778991809,0.709859815826508,8.51831778991809,0,130.429184926477,85026,102,1494.140625,-5.87138774939558,1500.0120127494,1494.140625,1,1,3,3,85026,0,0,85026,130.429184926477,85026,0
0.947,1499.99966766608,0.320186771060242,0.0160093385530121,7.85397989387814,157.079597877563,8.42794238700417,0,1500,1508.7890625,-8.7890625,8.42794238700417,8.48246583461769,1504.18334794876,0,8.42794238700417,0.702328532250347,8.42794238700417,0,130.586264326072,85129,103,1508.7890625,8.78939483392196,1499.99966766608,1508.7890625,0,1,1,0,85129,1,0,85129,130.586264326072,85129,0
0.948,1499.97013736086,0.299212173913751,0.0149606086956876,7.85382527356161,157.076505471232,8.51806928503046,0,1500,1494.140625,5.859375,8.51806928503046,8.48172031995478,-1187.92012670936,0,8.51806928503046,0.709839107085871,8.51806928503046,0,130.743343237306,85231,102,1494.140625,-5.82951236086433,1499.97013736086,1494.140625,1,0,2,2,85231,0,0,85231,130.743343237306,85231,0
0.949,1499.95668276127,0.320041173582189,0.0160020586791094,7.85375482544289,157.075096508858,8.51856629480573,0,1500,1494.140625,5.859375,8.51856629480573,8.48221732973005,-989.93343892447,0,8.51856629480573,0.709880524567144,8.51856629480573,-1.77635683940025e-15,130.900418184254,85333,102,1494.140625,-5.81605776127435,1499.95668276127,1494.140625,0,1,1,1,85333,0,0,85333,130.900418184254,85333,0
0.95,1500.00643915094,0.327814009448035,0.0163907004724018,7.85401534928997,157.080306985799,8.42819089189181,0,1500,1508.7890625,-8.7890625,8.42819089189181,8.48271433950533,1616.46171756294,0,8.42819089189181,0.702349240990984,8.42819089189181,0,131.05749556787,85436,103,1508.7890625,8.78262334905912,1500.00643915094,1508.7890625,0,0,0,0,85436,0,0,85436,131.05749556787,85436,0
0.951,1500.00004861075,0.302060128013394,0.0151030064006697,7.85398188849976,157.079637769995,8.5183177899181,0,1500,1494.140625,5.859375,8.5183177899181,8.48196882484241,-1094.35481869755,0,8.5183177899181,0.709859815826508,8.5183177899181,0,131.214576595981,85538,102,1494.140625,-5.85942361074672,1500.00004861075,1494.140625,1,1,3,3,85538,0,0,85538,131.214576595981,85538,0
0.952,1499.99521772559,0.321108496642009,0.0160554248321004,7.85395659404423,157.079131880885,8.42794238700417,0,1500,1508.7890625,-8.7890625,8.42794238700417,8.48246583461769,1529.44390108538,0,8.42794238700417,0.702328532250348,8.42794238700417,0,131.371655199854,85641,103,1508.7890625,8.79384477440908,1499.99521772559,1508.7890625,0,1,1,0,85641,1,0,85641,131.371655199854,85641,0
0.953,1499.96848689274,0.299555562678238,0.0149777781339119,7.8538166317307,157.076332634614,8.51806928503046,0,1500,1494.140625,5.859375,8.51806928503046,8.48172031995478,-1166.86966576219,0,8.51806928503046,0.709839107085872,8.51806928503046,0,131.52873381541,85743,102,1494.140625,-5.82786189273634,1499.96848689274,1494.140625,1,0,2,2,85743,0,0,85743,131.52873381541,85743,0
0.954,1499.95607519515,0.320169090886236,0.0160084545443118,7.85375164423408,157.075032884682,8.51856629480573,0,1500,1494.140625,5.859375,8.51856629480573,8.48221732973005,-972.391388135155,0,8.51856629480573,0.709880524567144,8.51856629480573,0,131.685808652972,85845,102,1494.140625,-5.81545019514533,1499.95607519515,1494.140625,0,1,1,1,85845,0,0,85845,131.685808652972,85845,0
0.955,1500.00622004039,0.327861648524042,0.0163930824262021,7.85401420202981,157.080284040596,8.42819089189181,0,1500,1508.7890625,-8.7890625,8.42819089189181,8.48271433950533,1631.0800932207,0,8.42819089189181,0.702349240990984,8.42819089189181,0,131.842885996599,85948,103,1508.7890625,8.7828424596089,1500.00622004039,1508.7890625,0,0,0,0,85948,0,0,85948,131.842885996599,85948,0
0.956,1499.99997412914,0.302077857982941,0.0151038928991471,7.85398149851498,157.0796299703,8.5183177899181,0,1500,1494.140625,5.859375,8.5183177899181,8.48196882484242,-1082.17283898275,0,8.5183177899181,0.709859815826508,8.5183177899181,0,131.999967010565,86050,102,1494.140625,-5.85934912914036,1499.99997412914,1494.140625,1,1,3,3,86050,0,0,86050,131.999967010565,86050,0
0.957,1499.99519703144,0.321115083593202,0.0160557541796601,7.85395648568993,157.079129713799,8.51881479969337,0,1500,1494.140625,5.859375,8.51881479969337,8.48246583461769,-901.810699152289,0,8.51881479969337,0.709901233307781,8.51881479969337,0,132.157045609911,86152,102,1494.140625,-5.85457203144438,1499.99519703144,1494.140625,0,0,0,0,86152,0,0,86152,132.157045609911,86152,0
0.958,1500.04818878086,0.328220349484703,0.0164110174742351,7.85423394984106,157.084678996821,8.42843939677945,0,1500,1508.7890625,-8.7890625,8.42843939677945,8.48296284439297,1689.89733403976,0,8.42843939677945,0.702369949731621,8.42843939677945,0,132.314127223538,86255,103,1508.7890625,8.7408737191372,1500.04818878086,1508.7890625,1,0,2,2,86255,0,0,86255,132.314127223538,86255,0
0.959,1500.04300598197,0.302217744394932,0.0151108872197466,7.8542068127695,157.08413625539,8.51856629480574,0,1500,1494.140625,5.859375,8.51856629480574,8.48221732973006,-1033.15847163353,0,8.51856629480574,0.709880524567145,8.51856629480574,0,132.471212697106,86357,102,1494.140625,-5.90238098196733,1500.04300598197,1494.140625,0,1,1,1,86357,0,0,86357,132.471212697106,86357,0
0.96,1500.0386273738,0.321173439591528,0.0160586719795764,7.85418388643074,157.083677728615,8.42819089189181,0,1500,1508.7890625,-8.7890625,8.42819089189181,8.48271433950533,1580.44085697205,0,8.42819089189181,0.702349240990984,8.42819089189181,-1.77635683940025e-15,132.628295826948,86460,103,1508.7890625,8.75043512620027,1500.0386273738,1508.7890625,0,0,0,0,86460,0,0,86460,132.628295826948,86460,0
0.961,1500.01206732225,0.299585972121271,0.0149792986060636,7.85404481832601,157.08089636652,8.5183177899181,0,1500,1494.140625,5.859375,8.5183177899181,8.48196882484242,-1124.37220252329,0,8.5183177899181,0.709859815826508,8.5183177899181,-1.77635683940025e-15,132.785378998711,86562,102,1494.140625,-5.87144232224591,1500.01206732225,1494.140625,1,1,3,3,86562,0,0,86562,132.785378998711,86562,0
0.962,1499.99972149781,0.3201866281754,0.01600933140877,7.85398017574045,157.079603514809,8.42794238700417,0,1500,1508.7890625,-8.7890625,8.42794238700417,8.48246583461769,1504.42941456393,0,8.42794238700417,0.702328532250348,8.42794238700417,0,132.942458403982,86665,103,1508.7890625,8.78934100218635,1499.99972149781,1508.7890625,0,1,1,0,86665,1,0,86665,132.942458403982,86665,0
0.963,1499.97019046155,0.299212032969308,0.0149606016484654,7.85382555159616,157.076511031923,8.51806928503046,0,1500,1494.140625,5.859375,8.51806928503046,8.48172031995478,-1187.71507119673,0,8.51806928503046,0.709839107085872,8.51806928503046,0,133.099537320815,86767,102,1494.140625,-5.8295654615531,1499.97019046155,1494.140625,1,0,2,2,86767,0,0,86767,133.099537320815,86767,0
0.964,1499.95673514084,0.320041034551804,0.0160020517275902,7.85375509970165,157.075101994033,8.51856629480574,0,1500,1494.140625,5.859375,8.51856629480574,8.48221732973006,-989.762559330606,0,8.51856629480574,0.709880524567145,8.51856629480574,0,133.256612273285,86869,102,1494.140625,-5.81611014083819,1499.95673514084,1494.140625,0,1,1,1,86869,0,0,86869,133.256612273285,86869,0
0.965,1500.00649081918,0.327813872305718,0.0163906936152859,7.85401561982423,157.080312396485,8.42819089189181,0,1500,1508.7890625,-8.7890625,8.42819089189181,8.48271433950533,1616.60411722449,0,8.42819089189181,0.702349240990984,8.42819089189181,0,133.41368966235,86972,103,1508.7890625,8.78257168082087,1500.00649081918,1508.7890625,0,0,0,0,86972,0,0,86972,133.41368966235,86972,0
0.966,1500.00009957731,0.302059992733509,0.0151029996366754,7.85398215536008,157.079643107202,8.5183177899181,0,1500,1494.140625,5.859375,8.5183177899181,8.48196882484242,-1094.23615231292,0,8.5183177899181,0.709859815826508,8.5183177899181,0,133.570770695835,87074,102,1494.140625,-5.85947457731368,1500.00009957731,1494.140625,1,1,3,3,87074,0,0,87074,133.570770695835,87074,0
0.967,1499.99526800001,0.321108363199267,0.0160554181599633,7.8539568572805,157.07913714561,8.42794238700418,0,1500,1508.7890625,-8.7890625,8.42794238700418,8.4824658346177,1529.54278973923,0,8.42794238700418,0.702328532250348,8.42794238700418,0,133.727849305008,87177,103,1508.7890625,8.79379449998578,1499.99526800001,1508.7890625,0,1,1,0,87177,1,0,87177,133.727849305008,87177,0
0.968,1499.96853648442,0.299555431047691,0.0149777715523845,7.85381689139213,157.076337827843,8.51806928503046,0,1500,1494.140625,5.859375,8.51806928503046,8.48172031995478,-1166.78725855064,0,8.51806928503046,0.709839107085872,8.51806928503046,0,133.884927925793,87279,102,1494.140625,-5.82791148441765,1499.96853648442,1494.140625,1,0,2,2,87279,0,0,87279,133.884927925793,87279,0
0.969,1499.95612411336,0.320168961043273,0.0160084480521636,7.85375190036924,157.075038007385,8.51856629480574,0,1500,1494.140625,5.859375,8.51856629480574,8.48221732973006,-972.322715458866,0,8.51856629480574,0.709880524567145,8.51856629480574,0,134.042002768512,87381,102,1494.140625,-5.81549911335696,1499.95612411336,1494.140625,0,1,1,1,87381,0,0,87381,134.042002768512,87381,0
0.97,1500.00626829428,0.327861520444381,0.016393076022219,7.85401445468658,157.080289093732,8.42819089189181,0,1500,1508.7890625,-8.7890625,8.42819089189181,8.48271433950533,1631.13732045094,0,8.42819089189181,0.702349240990985,8.42819089189181,0,134.199080117227,87484,103,1508.7890625,8.78279420572062,1500.00626829428,1508.7890625,0,0,0,0,87484,0,0,87484,134.199080117227,87484,0
0.971,1500.00002172773,0.302077731642637,0.0151038865821318,7.85398174774061,157.079634954812,8.5183177899181,0,1500,1494.140625,5.859375,8.5183177899181,8.48196882484242,-1082.12514962421,0,8.5183177899181,0.709859815826508,8.5183177899181,0,134.356161136212,87586,102,1494.140625,-5.85939672772952,1500.00002172773,1494.140625,1,1,3,3,87586,0,0,87586,134.356161136212,87586,0
0.972,1499.99524398364,0.321114958968625,0.0160557479484313,7.85395673153104,157.079134630621,8.51881479969338,0,1500,1494.140625,5.859375,8.51881479969338,8.4824658346177,-901.770958020177,0,8.51881479969338,0.709901233307781,8.51881479969338,0,134.513239740509,87688,102,1494.140625,-5.85461898363792,1499.99524398364,1494.140625,0,0,0,0,87688,0,0,87688,134.513239740509,87688,0
0.973,1500.04823509544,0.328220226552552,0.0164110113276276,7.85423419234359,157.084683846872,8.42843939677945,0,1500,1508.7890625,-8.7890625,8.42843939677945,8.48296284439297,1689.93045164985,0,8.42843939677945,0.702369949731621,8.42843939677945,0,134.670321359018,87791,103,1508.7890625,8.7408274045647,1500.04823509544,1508.7890625,1,0,2,2,87791,0,0,87791,134.670321359018,87791,0
0.974,1500.04305166758,0.30221762313223,0.0151108811566115,7.85420705197878,157.084141039576,8.51856629480574,0,1500,1494.140625,5.859375,8.51856629480574,8.48221732973006,-1033.13087362512,0,8.51856629480574,0.709880524567145,8.51856629480574,0,134.827406837403,87893,102,1494.140625,-5.90242666757581,1500.04305166758,1494.140625,0,1,1,1,87893,0,0,87893,134.827406837403,87893,0
0.975,1500.03867243898,0.321173319975603,0.0160586659987802,7.85418412239149,157.08368244783,8.42819089189182,0,1500,1508.7890625,-8.7890625,8.42819089189182,8.48271433950534,1580.4638553124,0,8.42819089189182,0.702349240990985,8.42819089189182,0,134.984489971997,87996,103,1508.7890625,8.75039006101633,1500.03867243898,1508.7890625,0,0,0,0,87996,0,0,87996,134.984489971997,87996,0
0.976,1500.01211177543,0.299585854129765,0.0149792927064882,7.85404505108236,157.080901021647,8.5183177899181,0,1500,1494.140625,5.859375,8.5183177899181,8.48196882484242,-1124.35303723967,0,8.5183177899181,0.709859815826509,8.5183177899181,0,135.141573148448,88098,102,1494.140625,-5.87148677543382,1500.01211177543,1494.140625,1,1,3,3,88098,0,0,88098,135.141573148448,88098,0
0.977,1499.99976534732,0.320186511786244,0.0160093255893122,7.85398040533592,157.079608106718,8.42794238700418,0,1500,1508.7890625,-8.7890625,8.42794238700418,8.4824658346177,1504.44538563361,0,8.42794238700418,0.702328532250348,8.42794238700418,0,135.298652558343,88201,103,1508.7890625,8.789297152681,1499.99976534732,1508.7890625,0,1,1,0,88201,1,0,88201,135.298652558343,88201,0
0.978,1499.97023371557,0.299211918160745,0.0149605959080373,7.85382577807366,157.076515561473,8.51806928503047,0,1500,1494.140625,5.859375,8.51806928503047,8.48172031995479,-1187.70176197199,0,8.51806928503047,0.709839107085872,8.51806928503047,0,135.455731479736,88303,102,1494.140625,-5.82960871556975,1499.97023371557,1494.140625,1,0,2,2,88303,0,0,88303,135.455731479736,88303,0
0.979,1499.95677780746,0.320040921302367,0.0160020460651184,7.85375532310357,157.075106462071,8.51856629480574,0,1500,1494.140625,5.859375,8.51856629480574,8.48221732973006,-989.751468309993,0,8.51856629480574,0.709880524567145,8.51856629480574,-1.77635683940025e-15,135.612806436705,88405,102,1494.140625,-5.81615280746223,1499.95677780746,1494.140625,0,1,1,1,88405,0,0,88405,135.612806436705,88405,0
0.98,1500.00653290638,0.327813760594227,0.0163906880297113,7.8540158401923,157.080316803846,8.42819089189182,0,1500,1508.7890625,-8.7890625,8.42819089189182,8.48271433950534,1616.61335974167,0,8.42819089189182,0.702349240990985,8.42819089189182,0,135.769883830207,88508,103,1508.7890625,8.78252959362021,1500.00653290638,1508.7890625,0,0,0,0,88508,0,0,88508,135.769883830207,88508,0
0.981,1500.00014109296,0.30205988253908,0.015102994126954,7.85398237273551,157.07964745471,8.51831778991811,0,1500,1494.140625,5.859375,8.51831778991811,8.48196882484243,-1094.22845021527,0,8.51831778991811,0.709859815826509,8.51831778991811,0,135.926964868069,88610,102,1494.140625,-5.85951609296285,1500.00014109296,1494.140625,1,1,3,3,88610,0,0,88610,135.926964868069,88610,0
0.982,1499.99530895187,0.321108254501301,0.016055412725065,7.85395707170391,157.079141434078,8.42794238700418,0,1500,1508.7890625,-8.7890625,8.42794238700418,8.4824658346177,1529.54920815394,0,8.42794238700418,0.702328532250348,8.42794238700418,0,136.084043481561,88713,103,1508.7890625,8.79375354812987,1499.99530895187,1508.7890625,0,1,1,0,88713,1,0,88713,136.084043481561,88713,0
0.983,1499.96857688014,0.299555323825867,0.0149777661912934,7.85381710290364,157.076342058073,8.51806928503047,0,1500,1494.140625,5.859375,8.51806928503047,8.48172031995479,-1166.78190987172,0,8.51806928503047,0.709839107085872,8.51806928503047,0,136.241122106605,88815,102,1494.140625,-5.82795188014029,1499.96857688014,1494.140625,1,0,2,2,88815,0,0,88815,136.241122106605,88815,0
0.984,1499.9561639605,0.32016885527754,0.016008442763877,7.85375210900838,157.075042180168,8.51856629480574,0,1500,1494.140625,5.859375,8.51856629480574,8.48221732973006,-972.318258226431,0,8.51856629480574,0.709880524567145,8.51856629480574,0,136.398196953526,88917,102,1494.140625,-5.81553896049763,1499.9561639605,1494.140625,0,1,1,1,88917,0,0,88917,136.398196953526,88917,0
0.985,1500.00630760029,0.327861416114974,0.0163930708057487,7.85401466049235,157.080293209847,8.42819089189182,0,1500,1508.7890625,-8.7890625,8.42819089189182,8.48271433950534,1631.14103481131,0,8.42819089189182,0.702349240990985,8.42819089189182,0,136.555274306385,89020,103,1508.7890625,8.78275489971429,1500.00630760029,1508.7890625,0,0,0,0,89020,0,0,89020,136.555274306385,89020,0
0.986,1500.00006049995,0.302077628730054,0.0151038814365027,7.85398195075147,157.079639015029,8.51831778991811,0,1500,1494.140625,5.859375,8.51831778991811,8.48196882484243,-1082.12205432391,0,8.51831778991811,0.709859815826509,8.51831778991811,0,136.712355329458,89122,102,1494.140625,-5.85943549994749,1500.00006049995,1494.140625,1,1,3,3,89122,0,0,89122,136.712355329458,89122,0
0.987,1499.99528222932,0.32111485745362,0.016055742872681,7.85395693178497,157.079138635699,8.51881479969338,0,1500,1494.140625,5.859375,8.51881479969338,8.4824658346177,-901.768378603259,0,8.51881479969338,0.709901233307782,8.51881479969338,0,136.869433937788,89224,102,1494.140625,-5.85465722932145,1499.99528222932,1494.140625,0,0,0,0,89224,0,0,89224,136.869433937788,89224,0
0.988,1500.04827282173,0.328220126416149,0.0164110063208074,7.854234389878,157.08468779756,8.42843939677946,0,1500,1508.7890625,-8.7890625,8.42843939677946,8.48296284439298,1689.93260116395,0,8.42843939677946,0.702369949731621,8.42843939677946,0,137.026515560276,89327,103,1508.7890625,8.74078967827131,1500.04827282173,1508.7890625,1,0,2,2,89327,0,0,89327,137.026515560276,89327,0
0.989,1500.04308888153,0.302217524355711,0.0151108762177855,7.85420724683061,157.084144936612,8.51856629480575,0,1500,1494.140625,5.859375,8.51856629480575,8.48221732973007,-1033.12908236337,0,8.51856629480575,0.709880524567145,8.51856629480575,0,137.183601042585,89429,102,1494.140625,-5.90246388153264,1500.04308888153,1494.140625,0,1,1,1,89429,0,0,89429,137.183601042585,89429,0
0.99,1500.03870914757,0.321173222540495,0.0160586611270248,7.85418431459722,157.083686291944,8.42819089189182,0,1500,1508.7890625,-8.7890625,8.42819089189182,8.48271433950534,1580.46534803052,0,8.42819089189182,0.702349240990985,8.42819089189182,-1.77635683940025e-15,137.340684181049,89532,103,1508.7890625,8.75035335242683,1500.03870914757,1508.7890625,0,0,0,0,89532,0,0,89532,137.340684181049,89532,0
0.991,1500.01214798552,0.299585758017837,0.0149792879008919,7.8540452406779,157.080904813558,8.51831778991811,0,1500,1494.140625,5.859375,8.51831778991811,8.48196882484243,-1124.3517933079,0,8.51831778991811,0.709859815826509,8.51831778991811,-1.77635683940025e-15,137.497767361317,89634,102,1494.140625,-5.87152298551518,1500.01214798552,1494.140625,1,1,3,3,89634,0,0,89634,137.497767361317,89634,0
0.992,1499.99980106566,0.320186416979534,0.0160093208489767,7.85398059235672,157.079611847134,8.42794238700418,0,1500,1508.7890625,-8.7890625,8.42794238700418,8.4824658346177,1504.44642224342,0,8.42794238700418,0.702328532250349,8.42794238700418,0,137.654846774978,89737,103,1508.7890625,8.7892614343391,1499.99980106566,1508.7890625,0,1,1,0,89737,1,0,89737,137.654846774978,89737,0
0.993,1499.97026894885,0.299211824641526,0.0149605912320763,7.8538259625547,157.076519251094,8.51806928503047,0,1500,1494.140625,5.859375,8.51806928503047,8.48172031995479,-1187.70089813049,0,8.51806928503047,0.709839107085873,8.51806928503047,0,137.811925700086,89839,102,1494.140625,-5.82964394885266,1499.97026894885,1494.140625,1,0,2,2,89839,0,0,89839,137.811925700086,89839,0
0.994,1499.95681256227,0.320040829053146,0.0160020414526573,7.85375550507932,157.075110101586,8.51856629480575,0,1500,1494.140625,5.859375,8.51856629480575,8.48221732973007,-989.750748442071,0,8.51856629480575,0.709880524567146,8.51856629480575,0,137.96900066072,89941,102,1494.140625,-5.81618756227112,1499.95681256227,1494.140625,0,1,1,1,89941,0,0,89941,137.96900066072,89941,0
0.995,1500.00656718921,0.327813669597773,0.0163906834798887,7.85401601969677,157.080320393935,8.42819089189182,0,1500,1508.7890625,-8.7890625,8.42819089189182,8.48271433950534,1616.61395963161,0,8.42819089189182,0.702349240990985,8.42819089189182,0,138.126078057838,90044,103,1508.7890625,8.78249531079109,1500.00656718921,1508.7890625,0,0,0,0,90044,0,0,90044,138.126078057838,90044,0
0.996,1500.00017491022,0.302059792778385,0.0151029896389192,7.85398254980225,157.079650996045,8.51831778991811,0,1500,1494.140625,5.859375,8.51831778991811,8.48196882484243,-1094.22795030699,0,8.51831778991811,0.709859815826509,8.51831778991811,0,138.283159099265,90146,102,1494.140625,-5.8595499102189,1500.00017491022,1494.140625,1,1,3,3,90146,0,0,90146,138.283159099265,90146,0
0.997,1499.99534230988,0.321108165959575,0.0160554082979788,7.85395724636606,157.079144927321,8.42794238700419,0,1500,1508.7890625,-8.7890625,8.42794238700419,8.48246583461771,1529.54962474417,0,8.42794238700419,0.702328532250349,8.42794238700419,0,138.440237716274,90249,103,1508.7890625,8.79372019011589,1499.99534230988,1508.7890625,0,1,1,0,90249,1,0,90249,138.440237716274,90249,0
0.998,1499.96860978514,0.299555236486556,0.0149777618243278,7.85381727519384,157.076345503877,8.51806928503047,0,1500,1494.140625,5.859375,8.51806928503047,8.48172031995479,-1166.78156271319,0,8.51806928503047,0.709839107085873,8.51806928503047,0,138.597316344788,90351,102,1494.140625,-5.82798478514383,1499.96860978514,1494.140625,1,0,2,2,90351,0,0,90351,138.597316344788,90351,0
0.999,1499.95619641865,0.320168769124318,0.0160084384562159,7.85375227895884,157.075045579177,8.51856629480575,0,1500,1494.140625,5.859375,8.51856629480575,8.48221732973007,-972.317968927658,0,8.51856629480575,0.709880524567146,8.51856629480575,0,138.754391195131,90453,102,1494.140625,-5.81557141864573,1499.95619641865,1494.140625,0,1,1,1,90453,0,0,90453,138.754391195131,90453,0
1,1500.00633961765,0.327861331131729,0.0163930665565865,7.85401482813485,157.080296562697,8.42819089189183,0,1500,1508.7890625,-8.7890625,8.42819089189183,8.48271433950534,1631.14127589362,0,8.42819089189183,0.702349240990985,8.42819089189183,0,138.911468551367,90556,103,1508.7890625,8.78272288235416,1500.00633961765,1508.7890625,0,0,0,0,90556,0,0,90556,138.911468551367,90556,0
