time_s,rpm,current_A,torque_Nm,back_emf_V,omega_rad_s,voltage_V,load_Nm,reference_rpm,measured_rpm,error_rpm,raw_voltage_V,integrator_V,derivative_rpm_s,aw_error_V,voltage_command_sat_V,duty_cycle,voltage_avg_V,pwm_error_V,shaft_angle_rad,encoder_count,encoder_delta_count,encoder_rpm,encoder_rpm_error,true_rpm,feedback_rpm,encoder_A,encoder_B,quadrature_state,previous_quadrature_state,decoded_encoder_count,encoder_direction,invalid_transition_count,ideal_count_edge,encoder_edge_angle_rad,ideal_encoder_count_phase5a,count_difference_vs_phase5a
0,0,0,0,0,0,0,0,0,0,0,0,0,0,0,0,0,0,0,0,0,0,0,0,0,0,0,0,0,0,0,0,0,0,0,0,0
0.001,0,0,0,0,0,0,0,0,0,0,0,0,0,0,0,0,0,0,0,0,0,0,0,0,0,0,0,0,0,0,0,0,0,0,0,0
0.002,0,0,0,0,0,0,0,0,0,0,0,0,0,0,0,0,0,0,0,0,0,0,0,0,0,0,0,0,0,0,0,0,0,0,0,0
0.003,0,0,0,0,0,0,0,0,0,0,0,0,0,0,0,0,0,0,0,0,0,0,0,0,0,0,0,0,0,0,0,0,0,0,0,0
0.004,0,0,0,0,0,0,0,0,0,0,0,0,0,0,0,0,0,0,0,0,0,0,0,0,0,0,0,0,0,0,0,0,0,0,0,0
0.005,0,0,0,0,0,0,0,0,0,0,0,0,0,0,0,0,0,0,0,0,0,0,0,0,0,0,0,0,0,0,0,0,0,0,0,0
0.006,0,0,0,0,0,0,0,0,0,0,0,0,0,0,0,0,0,0,0,0,0,0,0,0,0,0,0,0,0,0,0,0,0,0,0,0
0.007,0,0,0,0,0,0,0,0,0,0,0,0,0,0,0,0,0,0,0,0,0,0,0,0,0,0,0,0,0,0,0,0,0,0,0,0
0.008,0,0,0,0,0,0,0,0,0,0,0,0,0,0,0,0,0,0,0,0,0,0,0,0,0,0,0,0,0,0,0,0,0,0,0,0
0.009,0,0,0,0,0,0,0,0,0,0,0,0,0,0,0,0,0,0,0,0,0,0,0,0,0,0,0,0,0,0,0,0,0,0,0,0
0.01,0,0,0,0,0,0,0,0,0,0,0,0,0,0,0,0,0,0,0,0,0,0,0,0,0,0,0,0,0,0,0,0,0,0,0,0
0.011,0,0,0,0,0,0,0,0,0,0,0,0,0,0,0,0,0,0,0,0,0,0,0,0,0,0,0,0,0,0,0,0,0,0,0,0
0.012,0,0,0,0,0,0,0,0,0,0,0,0,0,0,0,0,0,0,0,0,0,0,0,0,0,0,0,0,0,0,0,0,0,0,0,0
0.013,0,0,0,0,0,0,0,0,0,0,0,0,0,0,0,0,0,0,0,0,0,0,0,0,0,0,0,0,0,0,0,0,0,0,0,0
0.014,0,0,0,0,0,0,0,0,0,0,0,0,0,0,0,0,0,0,0,0,0,0,0,0,0,0,0,0,0,0,0,0,0,0,0,0
0.015,0,0,0,0,0,0,0,0,0,0,0,0,0,0,0,0,0,0,0,0,0,0,0,0,0,0,0,0,0,0,0,0,0,0,0,0
0.016,0,0,0,0,0,0,0,0,0,0,0,0,0,0,0,0,0,0,0,0,0,0,0,0,0,0,0,0,0,0,0,0,0,0,0,0
0.017,0,0,0,0,0,0,0,0,0,0,0,0,0,0,0,0,0,0,0,0,0,0,0,0,0,0,0,0,0,0,0,0,0,0,0,0
0.018,0,0,0,0,0,0,0,0,0,0,0,0,0,0,0,0,0,0,0,0,0,0,0,0,0,0,0,0,0,0,0,0,0,0,0,0
0.019,0,0,0,0,0,0,0,0,0,0,0,0,0,0,0,0,0,0,0,0,0,0,0,0,0,0,0,0,0,0,0,0,0,0,0,0
0.02,0,0,0,0,0,0,0,0,0,0,0,0,0,0,0,0,0,0,0,0,0,0,0,0,0,0,0,0,0,0,0,0,0,0,0,0
0.021,0,0,0,0,0,0,0,0,0,0,0,0,0,0,0,0,0,0,0,0,0,0,0,0,0,0,0,0,0,0,0,0,0,0,0,0
0.022,0,0,0,0,0,0,0,0,0,0,0,0,0,0,0,0,0,0,0,0,0,0,0,0,0,0,0,0,0,0,0,0,0,0,0,0
0.023,0,0,0,0,0,0,0,0,0,0,0,0,0,0,0,0,0,0,0,0,0,0,0,0,0,0,0,0,0,0,0,0,0,0,0,0
0.024,0,0,0,0,0,0,0,0,0,0,0,0,0,0,0,0,0,0,0,0,0,0,0,0,0,0,0,0,0,0,0,0,0,0,0,0
0.025,0,0,0,0,0,0,0,0,0,0,0,0,0,0,0,0,0,0,0,0,0,0,0,0,0,0,0,0,0,0,0,0,0,0,0,0
0.026,0,0,0,0,0,0,0,0,0,0,0,0,0,0,0,0,0,0,0,0,0,0,0,0,0,0,0,0,0,0,0,0,0,0,0,0
0.027,0,0,0,0,0,0,0,0,0,0,0,0,0,0,0,0,0,0,0,0,0,0,0,0,0,0,0,0,0,0,0,0,0,0,0,0
0.028,0,0,0,0,0,0,0,0,0,0,0,0,0,0,0,0,0,0,0,0,0,0,0,0,0,0,0,0,0,0,0,0,0,0,0,0
0.029,0,0,0,0,0,0,0,0,0,0,0,0,0,0,0,0,0,0,0,0,0,0,0,0,0,0,0,0,0,0,0,0,0,0,0,0
0.03,0,0,0,0,0,0,0,0,0,0,0,0,0,0,0,0,0,0,0,0,0,0,0,0,0,0,0,0,0,0,0,0,0,0,0,0
0.031,0,0,0,0,0,0,0,0,0,0,0,0,0,0,0,0,0,0,0,0,0,0,0,0,0,0,0,0,0,0,0,0,0,0,0,0
0.032,0,0,0,0,0,0,0,0,0,0,0,0,0,0,0,0,0,0,0,0,0,0,0,0,0,0,0,0,0,0,0,0,0,0,0,0
0.033,0,0,0,0,0,0,0,0,0,0,0,0,0,0,0,0,0,0,0,0,0,0,0,0,0,0,0,0,0,0,0,0,0,0,0,0
0.034,0,0,0,0,0,0,0,0,0,0,0,0,0,0,0,0,0,0,0,0,0,0,0,0,0,0,0,0,0,0,0,0,0,0,0,0
0.035,0,0,0,0,0,0,0,0,0,0,0,0,0,0,0,0,0,0,0,0,0,0,0,0,0,0,0,0,0,0,0,0,0,0,0,0
0.036,0,0,0,0,0,0,0,0,0,0,0,0,0,0,0,0,0,0,0,0,0,0,0,0,0,0,0,0,0,0,0,0,0,0,0,0
0.037,0,0,0,0,0,0,0,0,0,0,0,0,0,0,0,0,0,0,0,0,0,0,0,0,0,0,0,0,0,0,0,0,0,0,0,0
0.038,0,0,0,0,0,0,0,0,0,0,0,0,0,0,0,0,0,0,0,0,0,0,0,0,0,0,0,0,0,0,0,0,0,0,0,0
0.039,0,0,0,0,0,0,0,0,0,0,0,0,0,0,0,0,0,0,0,0,0,0,0,0,0,0,0,0,0,0,0,0,0,0,0,0
0.04,0,0,0,0,0,0,0,0,0,0,0,0,0,0,0,0,0,0,0,0,0,0,0,0,0,0,0,0,0,0,0,0,0,0,0,0
0.041,0,0,0,0,0,0,0,0,0,0,0,0,0,0,0,0,0,0,0,0,0,0,0,0,0,0,0,0,0,0,0,0,0,0,0,0
0.042,0,0,0,0,0,0,0,0,0,0,0,0,0,0,0,0,0,0,0,0,0,0,0,0,0,0,0,0,0,0,0,0,0,0,0,0
0.043,0,0,0,0,0,0,0,0,0,0,0,0,0,0,0,0,0,0,0,0,0,0,0,0,0,0,0,0,0,0,0,0,0,0,0,0
0.044,0,0,0,0,0,0,0,0,0,0,0,0,0,0,0,0,0,0,0,0,0,0,0,0,0,0,0,0,0,0,0,0,0,0,0,0
0.045,0,0,0,0,0,0,0,0,0,0,0,0,0,0,0,0,0,0,0,0,0,0,0,0,0,0,0,0,0,0,0,0,0,0,0,0
0.046,0,0,0,0,0,0,0,0,0,0,0,0,0,0,0,0,0,0,0,0,0,0,0,0,0,0,0,0,0,0,0,0,0,0,0,0
0.047,0,0,0,0,0,0,0,0,0,0,0,0,0,0,0,0,0,0,0,0,0,0,0,0,0,0,0,0,0,0,0,0,0,0,0,0
0.048,0,0,0,0,0,0,0,0,0,0,0,0,0,0,0,0,0,0,0,0,0,0,0,0,0,0,0,0,0,0,0,0,0,0,0,0
0.049,0,0,0,0,0,0,0,0,0,0,0,0,0,0,0,0,0,0,0,0,0,0,0,0,0,0,0,0,0,0,0,0,0,0,0,0
0.05,0,0,0,0,0,12,0,2000,0,2000,12.4071134124988,0,0,-0.407113412498752,12,1,12,0,0,0,0,0,0,0,0,0,0,0,0,0,0,0,0,0,0,0
0.051,10.5249946901705,3.7849574349967,0.189247871749835,0.0551087433295185,1.10217486659037,12,0,2000,0,2000,12.5686171475426,0.161503735043874,0,-0.568617147542627,12,1,12,0,0.000396030808243269,0,0,0,-10.5249946901705,10.5249946901705,0,0,0,0,0,0,0,0,0,0.000396030808243269,0,0
0.052,32.3847038429413,5.14751048781617,0.257375524390809,0.169565912802776,3.39131825605551,12,0,2000,14.6484375,1985.3515625,12.6360183951964,0.31977739538687,2441.40625,-0.636018395196423,12,1,12,0,0.00258714815084476,1,1,14.6484375,-17.7362663429413,32.3847038429413,14.6484375,0,1,1,1,1,0,0,1,0.00258714815084476,1,0
0.053,58.2237952920624,5.60819167287654,0.280409583643827,0.304859079256099,6.09718158512198,12,0,2000,43.9453125,1956.0546875,12.6099566807698,0.475460506338603,6917.31770833333,-0.609956680769757,12,1,12,0,0.00731278358813015,4,3,43.9453125,-14.2784827920624,58.2237952920624,43.9453125,0,0,0,0,4,0,0,4,0.00731278358813015,4,0
0.054,85.3051912461233,5.73349906151064,0.286674953075532,0.446656936886489,8.93313873772977,12,0,2000,73.2421875,1926.7578125,12.5819311517552,0.629179802702495,10647.2439236111,-0.581931151755249,12,1,12,0,0.0148230912233261,9,5,73.2421875,-12.0630037461233,85.3051912461233,73.2421875,0,1,1,1,9,0,0,9,0.0148230912233261,9,0
0.055,112.61239825632,5.73448494342024,0.286724247171012,0.589637138441973,11.7927427688395,12,0,2000,102.5390625,1897.4609375,12.5519810844447,0.780974560770302,13755.5157696759,-0.551981084444655,12,1,12,0,0.025186278477808,16,7,102.5390625,-10.0733357563203,112.61239825632,102.5390625,0,0,0,0,16,0,0,16,0.025186278477808,16,0
0.056,139.769918989373,5.68977281104599,0.2844886405523,0.731833584483091,14.6366716896618,12,0,2000,131.8359375,1868.1640625,12.5201449696039,0.930883271307946,16345.7423080633,-0.520144969603901,12,1,12,0,0.038403104060382,25,9,131.8359375,-7.93398148937288,139.769918989373,131.8359375,0,1,1,1,25,0,0,25,0.038403104060382,25,0
0.057,166.641029185611,5.62864709702009,0.281432354851004,0.872530388460265,17.4506077692053,12,0,2000,146.484375,1853.515625,12.5773329408728,1.07894365526603,16062.8581733861,-0.577332940872784,12,1,12,0,0.0544495320210855,35,10,146.484375,-20.1566541856114,166.641029185611,146.484375,1,0,2,2,35,0,0,35,0.0544495320210855,35,0
0.058,193.177921470706,5.56201002828562,0.278100501414281,1.01147723154686,20.2295446309372,12,0,2000,175.78125,1824.21875,12.5412622155889,1.22461775536055,18268.5276444884,-0.541262215588905,12,1,12,0,0.0732926188829649,47,12,175.78125,-17.396671470706,193.177921470706,175.78125,1,0,2,2,47,0,0,47,0.0732926188829649,47,0
0.059,219.36587381882,5.49391526148862,0.274695763074431,1.14859702939585,22.971940587917,12,0,2000,205.078125,1794.921875,12.5034278559343,1.36852822108437,20106.5855370737,-0.503427855934326,12,1,12,0,0.0948964282473127,61,14,205.078125,-14.2877488188199,219.36587381882,205.078125,0,1,1,1,61,0,0,61,0.0948964282473127,61,0
0.06,245.202448899169,5.42586498355885,0.271293249177943,1.28387702017309,25.6775404034619,12,0,2000,234.375,1765.625,12.4638651345965,1.51071032512491,21638.3004475614,-0.463865134596467,12,1,12,0,0.11922422998213,77,16,234.375,-10.827448899169,245.202448899169,234.375,0,1,1,1,77,0,0,77,0.11922422998213,77,0
0.061,270.689744918275,5.35841088676414,0.267920544338207,1.41732819006225,28.3465638012449,12,0,2000,263.671875,1736.328125,12.422608618809,1.65119863471583,22914.7295396345,-0.422608618808988,12,1,12,0,0.146239315212819,95,18,263.671875,-7.0178699182751,270.689744918275,263.671875,1,0,2,2,95,0,0,95,0.146239315212819,95,0
0.062,295.83150906786,5.29175064465649,0.264587532232825,1.54897015931329,30.9794031862657,12,0,2000,278.3203125,1721.6796875,12.4705645971501,1.79002702574613,21537.0141996954,-0.470564597150085,12,1,12,0,0.175905295659712,114,19,278.3203125,-17.5111965678601,295.83150906786,278.3203125,1,1,3,3,114,0,0,114,0.175905295659712,114,0
0.063,320.632062632657,5.22595014044935,0.261297507022468,1.67882555412017,33.5765110824033,12,0,2000,307.6171875,1692.3828125,12.425446518797,1.92665377277142,22830.3243330795,-0.425446518796972,12,1,12,0,0.208186210916458,135,21,307.6171875,-13.0148751326574,320.632062632657,307.6171875,1,0,2,2,135,0,0,135,0.208186210916458,135,0
0.064,345.095901063273,5.16102626149257,0.258051313074629,1.80691791260722,36.1383582521443,12,0,2000,336.9140625,1663.0859375,12.3787457531345,2.06169783248739,23908.0827775663,-0.378745753134549,12,1,12,0,0.243046564230341,158,23,336.9140625,-8.18183856327329,345.095901063273,336.9140625,1,1,3,3,158,0,0,158,0.243046564230341,158,0
0.065,369.227545514267,5.09697774468982,0.254848887234491,1.93327090748435,38.665418149687,12,0,2000,351.5625,1648.4375,12.4213663665982,2.19519085864024,22364.8085646385,-0.421366366598196,12,1,12,0,0.28045133170135,182,24,351.5625,-17.6650455142668,369.227545514267,351.5625,1,1,3,3,182,0,0,182,0.28045133170135,182,0
0.066,393.031488063636,5.03379666720502,0.251689833360251,2.05790805921697,41.1581611843394,12,0,2000,380.859375,1619.140625,12.3710196306652,2.32658894808563,23520.1529705321,-0.371019630665185,12,1,12,0,0.32036596163394,208,26,380.859375,-12.1721130636357,393.031488063636,380.859375,0,0,0,0,208,0,0,208,0.32036596163394,208,0
0.067,416.512171828084,4.97147272617703,0.248573636308852,2.18085263190973,43.6170526381946,12,0,2000,410.15625,1589.84375,12.3191947805745,2.4565089233733,24482.9399754434,-0.319194780574458,12,1,12,0,0.362756370275327,236,28,410.15625,-6.35592182808392,416.512171828084,410.15625,0,0,0,0,236,0,0,236,0.362756370275327,236,0
0.068,439.673984072332,4.90999483184437,0.245499741592218,2.30212759722699,46.0425519445398,12,0,2000,424.8046875,1575.1953125,12.3567937912984,2.58498034678641,22843.8562295362,-0.356793791298372,12,1,12,0,0.407588936262087,265,29,424.8046875,-14.8692965723321,439.673984072332,424.8046875,0,1,1,1,265,0,0,265,0.407588936262087,265,0
0.069,462.521254152594,4.84935169974211,0.242467584987105,2.42175562362488,48.4351124724975,12,0,2000,454.1015625,1545.8984375,12.3015258846804,2.71145726554686,23919.3593579468,-0.301525884680419,12,1,12,0,0.454830494639375,296,31,454.1015625,-8.41969165259383,462.521254152594,454.1015625,0,0,0,0,296,0,0,296,0.454830494639375,296,0
0.07,485.058253254209,4.78953207000028,0.239476603500014,2.53975907497753,50.7951814995506,12,0,2000,468.75,1531.25,12.3357507000077,2.83655449356329,22374.2057149557,-0.335750700007653,12,1,12,0,0.50444833077403,328,32,468.75,-16.3082532542087,485.058253254209,468.75,0,0,0,0,328,0,0,328,0.50444833077403,328,0
0.071,507.289194790862,4.73052478772891,0.236526239386446,2.65616001266742,53.1232002533484,12,0,2000,498.046875,1501.953125,12.277176081901,2.95972470083499,23527.9839291297,-0.277176081900951,12,1,12,0,0.556410174280544,362,34,498.046875,-9.24231979086153,507.289194790862,498.046875,1,1,3,3,362,0,0,362,0.556410174280544,362,0
0.072,529.218235043555,4.67231883166615,0.233615941583308,2.77098019893098,55.4196039786196,12,0,2000,527.34375,1472.65625,12.21728790728,3.08158135159245,24489.4657742748,-0.217287907280012,12,1,12,0,0.610684193003524,398,36,527.34375,-1.87448504355461,529.218235043555,527.34375,1,1,3,3,398,0,0,398,0.610684193003524,398,0
0.073,550.849473882243,4.61490332356801,0.230745166178401,2.88424110063709,57.6848220127419,12,0,2000,527.34375,1472.65625,12.3378572726535,3.20215071696596,20407.888145229,-0.337857272653515,12,1,12,0,0.667238987072172,434,36,527.34375,-23.5057238822428,550.849473882243,527.34375,1,1,3,3,434,0,0,434,0.667238987072172,434,0
0.074,572.186955511702,4.55826753044078,0.227913376522039,2.99596389319246,59.9192778638491,12,0,2000,571.2890625,1428.7109375,12.1833980126519,3.32030869503199,24330.7922043575,-0.183398012651949,12,1,12,0,0.726043583031903,473,39,571.2890625,-0.897893011702422,572.186955511702,571.2890625,0,1,1,1,473,0,0,473,0.726043583031903,473,0
0.075,593.234669219947,4.50240086412364,0.225120043206182,3.10616946446026,62.1233892892052,12,0,2000,585.9375,1414.0625,12.2100451899143,3.43782828498349,22717.0664202979,-0.210045189914251,12,1,12,0,0.78706742805432,513,40,585.9375,-7.29716921994657,593.234669219947,585.9375,0,1,1,1,513,0,0,513,0.78706742805432,513,0
0.076,613.996550121201,4.44729287990146,0.222364643995073,3.2148784186504,64.297568373008,12,0,2000,600.5859375,1399.4140625,12.2349168991931,3.55357240695156,21372.2949335816,-0.23491689919312,12,1,12,0,0.850280384225306,554,41,600.5859375,-13.4106126212006,613.996550121201,600.5859375,1,1,3,3,554,0,0,554,0.850280384225306,554,0
0.077,634.476479890552,4.39293327477246,0.219646663738623,3.32211108016612,66.4422216033223,12,0,2000,615.234375,1384.765625,12.2580486498482,3.66757657029587,20251.6520279847,-0.258048649848226,12,1,12,0,0.915652722910507,596,42,615.234375,-19.2421048905519,634.476479890552,615.234375,0,0,0,0,596,0,0,596,0.915652722910507,596,0
0.078,654.678287489278,4.33931188560429,0.216965594280214,3.42788749740177,68.5577499480354,12,0,2000,644.53125,1355.46875,12.1886028283628,3.77987557418888,21759.1891899872,-0.188602828362839,12,1,12,0,0.983155119197253,640,44,644.53125,-10.1470374892781,654.678287489278,644.53125,0,0,0,0,640,0,0,640,0.983155119197253,640,0
0.079,674.605749880563,4.28641868726447,0.214320934363223,3.53222744649035,70.644548929807,12,0,2000,673.828125,1326.171875,12.1180608744308,3.89107844563523,23015.4701583227,-0.118060874430789,12,1,12,0,1.05275864641194,686,46,673.828125,-0.77762488056328,674.605749880563,673.828125,1,1,3,3,686,0,0,686,1.05275864641194,686,0
0.08,694.262592735595,4.2342437907575,0.211712189537875,3.63515043500058,72.7030087000115,12,0,2000,688.4765625,1311.5234375,12.1373171233902,4.00120710728384,21620.9647152689,-0.137317123390201,12,1,12,0,1.12443477071188,733,47,688.4765625,-5.78603023559458,694.262592735595,688.4765625,0,1,1,0,733,1,0,733,1.12443477071188,733,0
0.081,713.652491130093,4.18277744138025,0.209138872069013,3.73667570558392,74.7335141116785,12,0,2000,703.125,1296.875,12.1549457229322,4.10970811951508,20458.8768460574,-0.15494572293224,12,1,12,0,1.19815534575053,781,48,703.125,-10.5274911300929,713.652491130093,703.125,0,1,1,1,781,0,0,781,1.19815534575053,781,0
0.082,732.779070231411,4.13201001689981,0.206600500844991,3.83682223957226,76.7364447914453,12,0,2000,717.7734375,1282.2265625,12.1709792260453,4.21661403531729,19490.4702883812,-0.170979226045251,12,1,12,0,1.27389260741522,830,49,717.7734375,-15.0056327314106,732.779070231411,717.7734375,1,1,3,3,830,0,0,830,1.27389260741522,830,0
0.083,751.645905976294,4.08193202575504,0.204096601287752,3.93560876052661,78.7121752105323,12,0,2000,747.0703125,1252.9296875,12.0945771219686,4.32195675661905,21124.871073651,-0.094577121968614,12,1,12,0,1.35161916863636,881,51,747.0703125,-4.57559347629365,751.645905976294,747.0703125,0,1,1,1,881,0,0,881,1.35161916863636,881,0
0.084,770.25652573944,4.03253410528228,0.201626705264114,4.0330537377377,80.6610747547541,12,0,2000,761.71875,1238.28125,12.1080904237863,4.42634247112597,20045.4654780425,-0.108090423786336,12,1,12,0,1.43130801426707,933,52,761.71875,-8.53777573944012,770.25652573944,761.71875,0,1,1,1,933,0,0,933,1.43130801426707,933,0
0.085,788.614408992988,3.98380701996496,0.199190350998248,4.12917538967904,82.5835077935809,12,0,2000,776.3671875,1223.6328125,12.1200909351295,4.52921539515835,19145.9608150354,-0.120090935129515,12,1,12,0,1.51293249603239,986,53,776.3671875,-12.2472214929878,788.614408992988,776.3671875,1,1,3,3,986,0,0,986,1.51293249603239,986,0
0.086,806.722987957043,3.93574165970691,0.196787082985345,4.22399168741309,84.4798337482618,12,0,2000,791.015625,1208.984375,12.1306089118076,4.63060578452568,18396.3735958628,-0.130608911807643,12,1,12,0,1.59646632754709,1040,54,791.015625,-15.7073629570432,806.722987957043,791.015625,0,0,0,0,1040,0,0,1040,1.59646632754709,1040,0
0.087,824.585648241364,3.88832903812917,0.194416451906458,4.31752035795108,86.3504071590216,12,0,2000,820.3125,1179.6875,12.0488015918248,4.73054328992126,20213.1238298857,-0.0488015918248212,12,1,12,0,1.6818835794011,1096,56,820.3125,-4.27314824136408,824.585648241364,820.3125,0,0,0,0,1096,0,0,1096,1.6818835794011,1096,0
0.088,842.205729478351,3.8415602908899,0.192078014544495,4.40977888756737,88.1955777513473,12,0,2000,834.9609375,1165.0390625,12.0570177820545,4.82963189284012,19285.6761082381,-0.0570177820544817,12,1,12,0,1.76915867431175,1153,57,834.9609375,-7.24479197835069,842.205729478351,834.9609375,0,1,1,1,1153,0,0,1153,1.76915867431175,1153,0
0.089,859.586525947429,3.79542667402706,0.189771333701353,4.50078452506869,90.0156905013738,12,0,2000,849.609375,1150.390625,12.0638271240414,4.9273136475162,18512.8030068651,-0.0638271240413602,12,1,12,0,1.85826638234175,1211,58,849.609375,-9.97715094742864,859.586525947429,849.609375,1,0,2,2,1211,0,0,1211,1.85826638234175,1211,0
0.09,876.731287190945,3.7499195623236,0.18749597811618,4.59055428501899,91.8110857003798,12,0,2000,864.2578125,1135.7421875,12.0692577547503,5.02361669091435,17868.7420890542,-0.0692577547503159,12,1,12,0,1.94918181618217,1270,59,864.2578125,-12.4734746909447,876.731287190945,864.2578125,1,1,3,3,1270,0,0,1270,1.94918181618217,1270,0
0.091,893.643218621712,3.70503044769494,0.185251522384747,4.67910495092051,93.5820990184102,11.9824648357177,0,2000,893.5546875,1106.4453125,11.9824648357177,5.11856859726014,19773.4309075452,0,11.9824648357177,0.998538736309809,11.9824648357177,0,2.0418804264995,1331,61,893.5546875,-0.0885311217115259,893.643218621712,893.5546875,1,0,2,2,1331,0,0,1331,2.0418804264995,1331,0
0.092,910.310102329717,3.65522011672957,0.182761005836479,4.76637254994602,95.3274509989204,12,0,2000,893.5546875,1106.4453125,12.0763168482821,5.21242060982456,16477.859089621,-0.0763168482821222,12,1,12,0,2.13633741864038,1392,61,893.5546875,-16.7554148297174,910.310102329717,893.5546875,0,0,0,0,1392,0,0,1392,2.13633741864038,1392,0
0.093,926.749253836913,3.61508170416131,0.180754085208065,4.85244774595645,97.048954919129,11.9868976985025,0,2000,922.8515625,1077.1484375,11.9868976985025,5.30474628542334,18614.3617413508,0,11.9868976985025,0.998908141541875,11.9868976985025,0,2.23252743983117,1455,63,922.8515625,-3.89769133691323,926.749253836913,922.8515625,1,0,2,2,1455,0,0,1455,2.23252743983117,1455,0
0.094,942.964189220253,3.56918191466743,0.178459095733371,4.93734894908767,98.7469789817534,11.9873922495013,0,2000,937.5,1062.5,11.9873922495013,5.39611324911138,17953.3743677924,0,11.9873922495013,0.998949354125112,11.9873922495013,0,2.33042745884956,1519,64,937.5,-5.46418922025282,942.964189220253,937.5,1,0,2,2,1519,0,0,1519,2.33042745884956,1519,0
0.095,958.950744461876,3.52584033726774,0.176292016863387,5.02105435659315,100.421087131863,11.986644276062,0,2000,952.1484375,1047.8515625,11.986644276062,5.48623768836124,17402.5515564936,0,11.986644276062,0.998887023005167,11.986644276062,0,2.43001343669886,1584,65,952.1484375,-6.80230696187596,958.950744461876,952.1484375,0,0,0,0,1584,0,0,1584,2.43001343669886,1584,0
0.096,974.71680724529,3.48341647778357,0.174170823889178,5.10360526828717,102.072105365743,11.9846537781845,0,2000,966.796875,1033.203125,11.9846537781845,5.57511960317291,16943.532547078,0,11.9846537781845,0.998721148182039,11.9846537781845,0,2.53126193780088,1650,66,966.796875,-7.91993224529006,974.71680724529,966.796875,1,1,3,3,1650,0,0,1650,2.53126193780088,1650,0
0.097,990.265282912741,3.44129922369043,0.172064961184521,5.18501689650614,103.700337930123,11.9814207558688,0,2000,981.4453125,1018.5546875,11.9814207558688,5.66275899354639,16561.0167058984,0,11.9814207558688,0.998451729655729,11.9814207558688,0,2.63415004944632,1717,67,981.4453125,-8.81997041274121,990.265282912741,981.4453125,0,1,1,1,1717,0,0,1717,2.63415004944632,1717,0
0.098,1005.59722098221,3.39926097937357,0.169963048968679,5.26529473651335,105.305894730267,11.9769452091148,0,2000,996.09375,1003.90625,11.9769452091148,5.74915585948169,16242.2535049153,0,11.9769452091148,0.998078767426237,11.9769452091148,0,2.73865505025977,1785,68,996.09375,-9.50347098220641,1005.59722098221,996.09375,0,1,1,1,1785,0,0,1785,2.73865505025977,1785,0
0.099,1020.71297999189,3.35721703544432,0.167860851772216,5.34444066561046,106.888813312209,11.9712271379228,0,2000,1010.7421875,989.2578125,11.9712271379228,5.83431020097879,15976.6175040961,0,11.9712271379228,0.997602261493563,11.9712271379228,0,2.84475428672653,1854,69,1010.7421875,-9.97079249189187,1020.71297999189,1010.7421875,1,1,3,3,1854,0,0,1854,2.84475428672653,1854,0
0.1,1035.61266148186,3.31513591665735,0.165756795832867,5.42245521545998,108.4491043092,11.9642665422925,0,2000,1025.390625,974.609375,11.9642665422925,5.91822201803771,15755.2541700801,0,11.9642665422925,0.997022211857706,11.9642665422925,0,2.95242512723643,1924,70,1025.390625,-10.2220364818609,1035.61266148186,1025.390625,0,0,0,0,1924,0,0,1924,2.95242512723643,1924,0
0.101,1050.29627167715,3.27300598012905,0.163650299006453,5.49933841865615,109.986768373123,11.956063422224,0,2000,1040.0390625,959.9609375,11.956063422224,6.00089131065845,15570.7847250667,0,11.956063422224,0.996338618518668,11.956063422224,0,3.06164494500784,1995,71,1040.0390625,-10.2572091771522,1050.29627167715,1040.0390625,1,0,2,2,1995,0,0,1995,3.06164494500784,1995,0
0.102,1064.76378172037,3.23082297080638,0.161541148540319,5.57509012410199,111.50180248204,11.8557453650282,0,2000,1069.3359375,930.6640625,11.8557453650282,6.08231807884099,17858.4664375556,0,11.8557453650282,0.987978780419013,11.8557453650282,0,3.17239111177084,2068,73,1069.3359375,4.57215577963234,1064.76378172037,1069.3359375,0,0,0,0,2068,0,0,2068,3.17239111177084,2068,0
0.103,1078.93544746837,3.15992303383615,0.157996151691807,5.64929279244042,112.985855848808,11.9346870843343,0,2000,1069.3359375,930.6640625,11.9346870843343,6.16125979814716,14882.0553646297,0,11.9346870843343,0.994557257027861,11.9346870843343,0,3.28463799643555,2141,73,1069.3359375,-9.59950996837165,1078.93544746837,1069.3359375,0,1,1,1,2141,0,0,2141,3.28463799643555,2141,0
0.104,1092.88370419777,3.13558262756662,0.156779131378331,5.72232569389284,114.446513877857,11.9227563909513,0,2000,1083.984375,916.015625,11.9227563909513,6.24020151745333,14843.1190538581,0,11.9227563909513,0.993563032579275,11.9227563909513,0,3.39835532570739,2215,74,1083.984375,-8.89932919776629,1092.88370419777,1083.984375,1,0,2,2,2215,0,0,2215,3.39835532570739,2215,0
0.105,1106.67025257751,3.09992335235071,0.154996167617535,5.79451189240643,115.890237848129,11.9095831731301,0,2000,1098.6328125,901.3671875,11.9095831731301,6.31790071232132,14810.672128215,0,11.9095831731301,0.992465264427507,11.9095831731301,0,3.51352530830547,2290,75,1098.6328125,-8.0374400775072,1106.67025257751,1098.6328125,1,1,3,3,2290,0,0,2290,3.51352530830547,2290,0
0.106,1120.26083452278,3.06001242560808,0.153000621280404,5.86567201306854,117.313440261371,11.8951674308707,0,2000,1113.28125,886.71875,11.8951674308707,6.39435738275111,14783.6330235125,0,11.8951674308707,0.991263952572557,11.8951674308707,0,3.63012892633597,2366,76,1113.28125,-6.97958452277567,1120.26083452278,1113.28125,1,1,3,3,2366,0,0,2366,3.63012892633597,2366,0
0.107,1133.64265733386,3.01848296736663,0.150924148368331,5.9357390734601,118.714781469202,11.8795091641731,0,2000,1127.9296875,872.0703125,11.8795091641731,6.46957152874272,14761.1004362605,0,11.8795091641731,0.989959097014424,11.8795091641731,0,3.74814488033649,2443,77,1127.9296875,-5.7129698338581,1133.64265733386,1127.9296875,1,0,2,2,2443,0,0,2443,3.74814488033649,2443,0
0.108,1146.810926094,2.97631607895116,0.148815803947558,6.00468796745571,120.093759349114,11.8626083730373,0,2000,1142.578125,857.421875,11.8626083730373,6.54354315029614,14742.323280217,0,11.8626083730373,0.988550697753109,11.8626083730373,0,3.86755101776899,2521,78,1142.578125,-4.23280109400253,1146.810926094,1142.578125,0,1,1,1,2521,0,0,2521,3.86755101776899,2521,0
0.109,1159.76382602132,2.93387736581187,0.146693868290593,6.07250919287961,121.450183857592,11.9353374701525,0,2000,1142.578125,857.421875,11.9353374701525,6.61627224741138,12285.2694001809,0,11.9353374701525,0.994611455846045,11.9353374701525,0,3.98832486527646,2599,78,1142.578125,-17.1857010213184,1159.76382602132,1142.578125,1,0,2,2,2599,0,0,2599,3.98832486527646,2599,0
0.11,1172.58035566999,2.91996546741879,0.145998273370939,6.13961638519422,122.792327703884,11.8263217418894,0,2000,1171.875,828.125,11.8263217418894,6.68900134452661,15120.5370001507,0,11.8263217418894,0.985526811824115,11.8263217418894,0,4.11044682604997,2679,80,1171.875,-0.705355669985693,1172.58035566999,1171.875,1,0,2,2,2679,0,0,2679,4.11044682604997,2679,0
0.111,1185.18774407371,2.85935429600576,0.142967714800288,6.20562851651105,124.112570330221,11.805693377439,0,2000,1186.5234375,813.4765625,11.805693377439,6.75924539276547,15041.8537501256,0,11.805693377439,0.983807781453253,11.805693377439,0,4.23390189233459,2760,81,1186.5234375,1.33569342628971,1185.18774407371,1186.5234375,0,0,0,2,2760,1,0,2760,4.23390189233459,2760,0
0.112,1197.52410837694,2.80994116946388,0.140497058473194,6.2702215689561,125.404431379122,11.8746949012397,0,2000,1186.5234375,813.4765625,11.8746949012397,6.82824691656614,12534.8781251047,0,11.8746949012397,0.989557908436642,11.8746949012397,0,4.35866254853677,2841,81,1186.5234375,-11.000670876939,1197.52410837694,1186.5234375,0,1,1,1,2841,0,0,2841,4.35866254853677,2841,0
0.113,1209.70328508284,2.79332841948887,0.139666420974443,6.33399158906613,126.679831781323,11.8528240123512,0,2000,1201.171875,798.828125,11.8528240123512,6.89724844036682,12887.1380209206,0,11.8528240123512,0.987735334362598,11.8528240123512,0,4.48470548913654,2923,82,1201.171875,-8.53141008283637,1209.70328508284,1201.171875,1,0,2,2,2923,0,0,2923,4.48470548913654,2923,0
0.114,1221.74518659556,2.76027116843173,0.138013558421586,6.39704283794549,127.94085675891,11.8297105990245,0,2000,1215.8203125,784.1796875,11.8297105990245,6.9650074397293,13180.6879341005,0,11.8297105990245,0.985809216585372,11.8297105990245,0,4.6120173151387,3006,83,1215.8203125,-5.92487409555793,1221.74518659556,1215.8203125,1,1,3,3,3006,0,0,3006,4.6120173151387,3006,0
0.115,1233.59998896637,2.72105322804584,0.136052661402292,6.45911443800865,129.182288760173,11.8053546612596,0,2000,1230.46875,769.53125,11.8053546612596,7.0315239146536,13425.3128617504,0,11.8053546612596,0.983779555104964,11.8053546612596,0,4.74058062022655,3090,84,1230.46875,-3.13123896636739,1233.59998896637,1230.46875,1,1,3,3,3090,0,0,3090,4.74058062022655,3090,0
0.116,1245.24910330285,2.67950612075432,0.133975306037716,6.5201090580425,130.40218116085,11.8706286117457,0,2000,1230.46875,769.53125,11.8706286117457,7.09679786513971,11187.7607181253,0,11.8706286117457,0.989219050978806,11.8706286117457,0,4.87037468084019,3174,84,1230.46875,-14.7803533028464,1245.24910330285,1230.46875,1,1,3,3,3174,0,0,3174,4.87037468084019,3174,0
0.117,1256.76528099006,2.66571978106695,0.133285989053347,6.58040762340848,131.60815246817,11.7541577368534,0,2000,1259.765625,740.234375,11.7541577368534,7.16207181562582,14205.9464317711,0,11.7541577368534,0.979513144737782,11.7541577368534,0,5.00138053383723,3260,86,1259.765625,3.000344009939,1256.76528099006,1259.765625,0,0,0,0,3260,0,0,3260,5.00138053383723,3260,0
0.118,1268.07342589704,2.60494921451276,0.130247460725638,6.63961693168429,132.792338633686,11.8169466384631,0,2000,1259.765625,740.234375,11.8169466384631,7.22486071723555,11838.2886931426,0,11.8169466384631,0.98474555320526,11.8169466384631,0,5.13358338953903,3346,86,1259.765625,-8.30780089703671,1268.07342589704,1259.765625,1,1,3,3,3346,0,0,3346,5.13358338953903,3346,0
0.119,1279.19049383649,2.58393332557499,0.129196666278749,6.69782576329769,133.956515265954,11.7888631273837,0,2000,1274.4140625,725.5859375,11.7888631273837,7.28764961884529,12306.6468276188,0,11.7888631273837,0.982405260615304,11.7888631273837,0,5.2669587948588,3433,87,1274.4140625,-4.77643133648985,1279.19049383649,1274.4140625,0,1,1,1,3433,0,0,3433,5.2669587948588,3433,0
0.12,1290.15752063344,2.54906427980132,0.127453213990066,6.75524898132609,135.104979626522,11.759537091866,0,2000,1289.0625,710.9375,11.759537091866,7.34919599601684,12696.9452730157,0,11.759537091866,0.979961424322167,11.759537091866,0,5.40149108701921,3521,88,1289.0625,-1.09502063344485,1290.15752063344,1289.0625,0,1,1,1,3521,0,0,3521,5.40149108701921,3521,0
0.121,1300.9325542183,2.50900037119967,0.125450018559984,6.81166692524672,136.233338504934,11.8198409445994,0,2000,1289.0625,710.9375,11.8198409445994,7.4094998487502,10580.7877275131,0,11.8198409445994,0.98498674538328,11.8198409445994,0,5.53716200174918,3609,88,1289.0625,-11.8700542183046,1300.9325542183,1289.0625,0,1,1,1,3609,0,0,3609,5.53716200174918,3609,0
0.122,1311.57964304567,2.49562984705315,0.124781492352658,6.86741495198368,137.348299039673,11.7892723846435,0,2000,1303.7109375,696.2890625,11.7892723846435,7.46980370148356,11258.7293562609,0,11.7892723846435,0.98243936538696,11.7892723846435,0,5.67395348052578,3698,89,1303.7109375,-7.86870554567167,1311.57964304567,1303.7109375,1,1,3,3,3698,0,0,3698,5.67395348052578,3698,0
0.123,1322.10015265976,2.46354005990006,0.123177002995003,6.92250021150975,138.450004230195,11.7574613002495,0,2000,1318.359375,681.640625,11.7574613002495,7.52886502977873,11823.6807135507,0,11.7574613002495,0.979788441687458,11.7574613002495,0,5.8118540582455,3788,90,1318.359375,-3.74077765976108,1322.10015265976,1318.359375,0,0,0,0,3788,0,0,3788,5.8118540582455,3788,0
0.124,1332.43735178652,2.4244425934946,0.12122212967473,6.97662565956862,139.532513191372,11.7244076914173,0,2000,1333.0078125,666.9921875,11.7244076914173,7.58668383363571,12294.4735112923,0,11.7244076914173,0.977033974284773,11.7244076914173,0,5.95084702840015,3879,91,1333.0078125,0.570460713479861,1332.43735178652,1333.0078125,1,0,2,2,3879,0,0,3879,5.95084702840015,3879,0
0.125,1342.57008072864,2.38270091012447,0.119135045506223,7.02968050424424,140.593610084885,11.7809839708361,0,2000,1333.0078125,666.9921875,11.7809839708361,7.64326011305451,10245.3945927436,0,11.7809839708361,0.98174866423634,11.7809839708361,0,6.09091190773545,3970,91,1333.0078125,-9.56226822863709,1342.57008072864,1333.0078125,1,1,3,3,3970,0,0,3970,6.09091190773545,3970,0
0.126,1352.57013569336,2.36860312287123,0.118430156143561,7.08204066959868,141.640813391974,11.7466878375657,0,2000,1347.65625,652.34375,11.7466878375657,7.69983639247331,10979.2350772863,0,11.7466878375657,0.978890653130473,11.7466878375657,0,6.23202980249448,4062,92,1347.65625,-4.91388569335936,1352.57013569336,1347.65625,1,1,3,3,4062,0,0,4062,6.23202980249448,4062,0
0.127,1362.44176991091,2.33614041720539,0.116807020860269,7.13372842549334,142.674568509867,11.7111491798571,0,2000,1362.3046875,637.6953125,11.7111491798571,7.75517014745392,11590.7688144053,0,11.7111491798571,0.975929098321424,11.7111491798571,0,6.37418892800049,4155,93,1362.3046875,-0.137082410914445,1362.44176991091,1362.3046875,1,0,2,2,4155,0,0,4155,6.37418892800049,4155,0
0.128,1372.1293290568,2.29680225924367,0.114840112962184,7.18445236656654,143.689047331331,11.7652404103995,0,2000,1362.3046875,637.6953125,11.7652404103995,7.80926137799635,9658.97401200438,0,11.7652404103995,0.980436700866626,11.7652404103995,-1.77635683940025e-15,6.51737245040648,4248,93,1362.3046875,-9.82464155679622,1372.1293290568,1362.3046875,0,0,0,0,4248,0,0,4248,6.51737245040648,4248,0
0.129,1381.69175837847,2.28353170494704,0.114176585247352,7.23452112941225,144.690422588245,11.7284592282527,0,2000,1376.953125,623.046875,11.7284592282527,7.86335260853877,10490.5512600037,0,11.7284592282527,0.977371602354395,11.7284592282527,0,6.66156282987568,4342,94,1376.953125,-4.73863337846524,1381.69175837847,1376.953125,1,1,3,3,4342,0,0,4342,6.66156282987568,4342,0
0.13,1391.12852394658,2.2513090934762,0.11256545467381,7.28393191838299,145.67863836766,11.6904355216678,0,2000,1391.6015625,608.3984375,11.6904355216678,7.91620131464301,11183.532300003,0,11.6904355216678,0.974202960138981,11.6904355216678,0,6.80674878049669,4437,95,1391.6015625,0.473038553417837,1391.12852394658,1391.6015625,0,1,1,1,4437,0,0,4437,6.80674878049669,4437,0
0.131,1400.38218860797,2.21199241933692,0.110599620966846,7.33238399324797,146.647679864959,11.7420417033338,0,2000,1391.6015625,608.3984375,11.7420417033338,7.96780749630905,9319.61025000254,0,11.7420417033338,0.978503475277818,11.7420417033338,0,6.9529136486587,4532,95,1391.6015625,-8.78062610796633,1400.38218860797,1391.6015625,0,0,0,0,4532,0,0,4532,6.9529136486587,4532,0
0.132,1409.51103409909,2.1986620396989,0.109933101984945,7.38018251646577,147.603650329315,11.7027754723107,0,2000,1406.25,593.75,11.7027754723107,8.0194136779751,10207.7481250021,0,11.7027754723107,0.975231289359223,11.7027754723107,-1.77635683940025e-15,7.10003995616212,4628,96,1406.25,-3.26103409909365,1409.51103409909,1406.25,0,0,0,0,4628,0,0,4628,7.10003995616212,4628,0
0.133,1418.51427999559,2.1663494463347,0.108317472316735,7.42732340174394,148.546468034879,11.6622667168493,0,2000,1420.8984375,579.1015625,11.6622667168493,8.06977733520296,10947.8630208351,0,11.6622667168493,0.971855559737444,11.6622667168493,0,7.24811643462113,4725,97,1420.8984375,2.38415750440868,1418.51427999559,1420.8984375,0,1,1,0,4725,1,0,4725,7.24811643462113,4725,0
0.134,1427.33439800777,2.1269316898885,0.106346584494425,7.47350543166203,149.470108633241,11.711387849639,0,2000,1420.8984375,579.1015625,11.711387849639,8.11889846799264,9123.21918402925,0,11.711387849639,0.975948987469917,11.711387849639,0,7.39712643158955,4822,97,1420.8984375,-6.4359605077691,1427.33439800777,1420.8984375,1,1,3,3,4822,0,0,4822,7.39712643158955,4822,0
0.135,1436.02963660825,2.11349622546711,0.105674811273355,7.51903359450948,150.38067189019,11.7605089824287,0,2000,1420.8984375,579.1015625,11.7605089824287,8.16801960078231,7602.68265335771,0,11.7605089824287,0.98004241520239,11.7605089824287,0,7.54705246400965,4919,97,1420.8984375,-15.1311991082473,1436.02963660825,1420.8984375,1,0,2,2,4919,0,0,4919,7.54705246400965,4919,0
0.136,1444.67890629949,2.10973953869232,0.105486976934616,7.56432106471103,151.286421294221,11.62788528984,0,2000,1450.1953125,549.8046875,11.62788528984,8.21714073357199,11218.3813777981,0,11.62788528984,0.968990440819996,11.62788528984,-1.77635683940025e-15,7.6978862554884,5018,99,1450.1953125,5.51640620050875,1444.67890629949,1450.1953125,1,1,3,3,5018,0,0,5018,7.6978862554884,5018,0
0.137,1453.15219402506,2.05226272495224,0.102613136247612,7.60868709549501,152.1737419099,11.6745213737533,0,2000,1450.1953125,549.8046875,11.6745213737533,8.26377681748528,9348.65114816507,0,11.6745213737533,0.972876781146104,11.6745213737533,-1.77635683940025e-15,7.84961878242545,5117,99,1450.1953125,-2.95688152505659,1453.15219402506,1450.1953125,0,1,1,1,5117,0,0,5117,7.84961878242545,5117,0
0.138,1461.44599988952,2.0320319041042,0.10160159520521,7.65211336145184,153.042267229037,11.7211574576666,0,2000,1450.1953125,549.8046875,11.7211574576666,8.31041290139858,7790.5426234709,0,11.7211574576666,0.976763121472213,11.7211574576665,-1.77635683940025e-15,8.00222770351624,5216,99,1450.1953125,-11.2506873895202,1461.44599988952,1450.1953125,0,0,0,0,5216,0,0,5216,8.00222770351624,5216,0
0.139,1469.67344584575,2.02567651973118,0.101283825986559,7.6951921677417,153.903843354834,11.6769211288907,0,2000,1464.84375,535.15625,11.6769211288907,8.35704898531188,8933.52510289241,0,11.6769211288907,0.973076760740888,11.6769211288907,0,8.1557011057982,5316,100,1464.84375,-4.82969584575494,1469.67344584575,1464.84375,0,0,0,0,5316,0,0,5316,8.1557011057982,5316,0
0.14,1477.79696832965,1.99582703927619,0.0997913519638096,7.73772683200284,154.754536640057,11.6314422756766,0,2000,1479.4921875,520.5078125,11.6314422756766,8.40244254478699,9886.01050241034,0,11.6314422756766,0.96928685630638,11.6314422756766,0,8.31003160485204,5417,101,1479.4921875,1.69521917034808,1477.79696832965,1479.4921875,0,1,1,1,5417,0,0,5417,8.31003160485204,5417,0
0.141,1485.74533612151,1.95719167025807,0.0978595835129035,7.77934438844107,155.586887768821,11.6755933107135,0,2000,1479.4921875,520.5078125,11.6755933107135,8.44659357982392,8238.34208534195,0,11.6755933107135,0.972966109226124,11.6755933107135,0,8.46520398445674,5518,101,1479.4921875,-6.25314862151345,1485.74533612151,1479.4921875,1,1,3,3,5518,0,0,5518,8.46520398445674,5518,0
0.142,1493.57169376964,1.94391267202166,0.097195633601083,7.82032310126059,156.406462025212,11.6288719330612,0,2000,1494.140625,505.859375,11.6288719330612,8.49074461486084,9306.69132111829,0,11.6288719330612,0.969072661088434,11.6288719330612,-1.77635683940025e-15,8.62120128596832,5620,102,1494.140625,0.568931230363432,1493.57169376964,1494.140625,0,0,0,0,5620,0,0,5620,8.62120128596832,5620,0
0.143,1501.27334893798,1.91141716520588,0.0955708582602938,7.86064887342283,157.212977468457,11.6717804436599,0,2000,1494.140625,505.859375,11.6717804436599,8.53365312545958,7755.57610093191,0,11.6717804436599,0.972648370304996,11.6717804436599,0,8.77801241881487,5722,102,1494.140625,-7.13272393797797,1501.27334893798,1494.140625,1,1,3,3,5722,0,0,5722,8.77801241881487,5722,0
0.144,1508.87176568131,1.90039194621927,0.0950195973109637,7.90043409045576,158.008681809115,11.6238165415695,0,2000,1508.7890625,491.2109375,11.6238165415695,8.57656163605832,8904.38633410993,0,11.6238165415695,0.968651378464124,11.6238165415695,0,8.93562378027781,5825,103,1508.7890625,-0.0827031813073518,1508.87176568131,1508.7890625,0,1,1,1,5825,0,0,5825,8.93562378027781,5825,0
0.145,1516.35244876331,1.86870244179992,0.093435122089996,7.93960285547952,158.79205710959,11.66548252773,0,2000,1508.7890625,491.2109375,11.66548252773,8.61822762221887,7420.32194509161,0,11.66548252773,0.972123543977503,11.66548252773,0,9.09402552747242,5928,103,1508.7890625,-7.5633862633108,1516.35244876331,1508.7890625,0,0,0,0,5928,0,0,5928,9.09402552747242,5928,0
0.146,1523.73246515557,1.85794389045201,0.0928971945226005,7.97824453094836,159.564890618967,11.6162761012014,0,2000,1523.4375,476.5625,11.6162761012014,8.65989360837942,8625.00787090967,0,11.6162761012014,0.968023008433449,11.6162761012014,0,9.25320451993389,6032,104,1523.4375,-0.294965155573664,1523.73246515557,1523.4375,0,0,0,0,6032,0,0,6032,9.25320451993389,6032,0
0.147,1530.99568172927,1.82632017752362,0.0913160088761811,8.01627464399731,160.325492879946,11.6566995629237,0,2000,1523.4375,476.5625,11.6566995629237,8.70031707010178,7187.50655909139,0,11.6566995629237,0.971391630243646,11.6566995629237,0,9.41315108443652,6136,104,1523.4375,-7.55818172927457,1530.99568172927,1523.4375,0,0,0,0,6136,0,0,6136,9.41315108443652,6136,0
0.148,1538.15855555434,1.81555264062402,0.0907776320312011,8.05377936364303,161.075587272861,11.6062506119569,0,2000,1538.0859375,461.9140625,11.6062506119569,8.74074053182414,8430.99504924283,0,11.6062506119569,0.967187550996409,11.6062506119569,-1.77635683940025e-15,9.57385214119696,6241,105,1538.0859375,-0.0726180543445025,1538.15855555434,1538.0859375,0,1,1,1,6241,0,0,6241,9.57385214119696,6241,0
0.149,1545.20472659577,1.78389214515069,0.0891946072575344,8.09067302894248,161.81346057885,11.6454315492411,0,2000,1538.0859375,461.9140625,11.6454315492411,8.77992146910832,7025.82920770236,0,11.6454315492411,0.970452629103424,11.6454315492411,0,9.73529803710342,6346,105,1538.0859375,-7.11878909576831,1545.20472659577,1538.0859375,1,1,3,3,6346,0,0,6346,9.73529803710342,6346,0
0.15,1552.15056770598,1.77307753128064,0.0886538765640319,8.12704136795053,162.540827359011,11.5937400738361,0,2000,1552.734375,447.265625,11.5937400738361,8.81910240639249,8296.2639230853,0,11.5937400738361,0.966145006153005,11.5937400738361,0,9.89747569740599,6452,106,1552.734375,0.583807294024382,1552.15056770598,1552.734375,0,0,0,0,6452,0,0,6452,9.89747569740599,6452,0
0.151,1558.97968778981,1.74136618452553,0.0870683092262765,8.16279855709362,163.255971141872,11.6316784866821,0,2000,1552.734375,447.265625,11.6316784866821,8.85704081923848,6913.55326923775,0,11.6316784866821,0.969306540556838,11.6316784866821,0,10.0603754684411,6558,106,1552.734375,-6.2453127898093,1558.97968778981,1552.734375,1,1,3,3,6558,0,0,6558,10.0603754684411,6558,0
0.152,1565.70844844019,1.73049937344042,0.086524968672021,8.19803026547194,163.960605309439,11.5787444868388,0,2000,1567.3828125,432.6171875,11.5787444868388,8.89497923208447,8202.70064103146,0,11.5787444868388,0.964895373903236,11.5787444868388,0,10.2239842728594,6665,107,1567.3828125,1.67436405981334,1565.70844844019,1567.3828125,0,1,1,0,6665,1,0,6665,10.2239842728594,6665,0
0.153,1572.32045467532,1.69873538746261,0.0849367693731305,8.2326506491616,164.653012983232,11.6154403752466,0,2000,1567.3828125,432.6171875,11.6154403752466,8.93167512049227,6835.58386752621,0,11.6154403752466,0.967953364603886,11.6154403752466,0,10.3882924536672,6772,107,1567.3828125,-4.93764217532407,1572.32045467532,1567.3828125,0,0,0,0,6772,0,0,6772,10.3882924536672,6772,0
0.154,1578.83206694425,1.68781583111662,0.0843907915558311,8.26674537127339,165.334907425468,11.6521362636544,0,2000,1567.3828125,432.6171875,11.6521362636544,8.96837100890007,5696.31988960518,0,11.6521362636544,0.971011355304536,11.6521362636544,0,10.5532869299449,6879,107,1567.3828125,-11.4492544442471,1578.83206694425,1567.3828125,1,0,2,2,6879,0,0,6879,10.5532869299449,6879,0
0.155,1585.30659277744,1.68466146938635,0.0842330734693173,8.30064590926177,166.012918185235,11.597959739373,0,2000,1582.03125,417.96875,11.597959739373,9.00506689730787,7188.33949133765,0,11.597959739373,0.966496644947753,11.597959739373,0,10.7189610400939,6987,108,1582.03125,-3.2753427774378,1585.30659277744,1582.03125,1,0,2,2,6987,0,0,6987,10.7189610400939,6987,0
0.156,1591.68791179715,1.65573701429187,0.0827868507145934,8.33405841751603,166.681168350321,11.5425406906535,0,2000,1596.6796875,403.3203125,11.5425406906535,9.04052026127748,8431.68915944804,0,11.5425406906535,0.961878390887788,11.5425406906535,0,10.8853093361906,7096,109,1596.6796875,4.99177570284519,1591.68791179715,1596.6796875,0,0,0,0,7096,0,0,7096,10.8853093361906,7096,0
0.157,1597.89788162409,1.61717919619081,0.0808589598095404,8.3665737434949,167.331474869898,11.6676239428741,0,2000,1582.03125,417.96875,11.6676239428741,9.07473110080891,4585.00138287337,0,11.6676239428741,0.972301995239506,11.6676239428741,0,11.0523173037563,7204,108,1582.03125,-15.8666316240913,1597.89788162409,1582.03125,0,0,0,0,7204,0,0,7204,11.0523173037563,7204,0
0.158,1604.06677708739,1.63232484553308,0.0816162422766538,8.39887400460867,167.977480092173,11.5213324814653,0,2000,1611.328125,388.671875,11.5213324814653,9.11018446477852,8703.64698572781,0,11.5213324814653,0.960111040122107,11.5213324814653,0,11.2199712251468,7314,110,1611.328125,7.26134791260915,1604.06677708739,1611.328125,1,1,3,3,7314,0,0,7314,11.2199712251468,7314,0
0.159,1610.11846889654,1.58152242814262,0.0790761214071311,8.43056058882438,168.611211776488,11.6451732092477,0,2000,1596.6796875,403.3203125,11.6451732092477,9.14315277987176,4811.63290477317,0,11.6451732092477,0.970431100770644,11.6451732092477,0,11.3882677173503,7423,109,1596.6796875,-13.4387813965445,1610.11846889654,1596.6796875,1,0,2,2,7423,0,0,7423,11.3882677173503,7423,0
0.16,1616.09202242954,1.59207326003452,0.0796036630017261,8.46183804198284,169.236760839657,11.4976392234008,0,2000,1625.9765625,374.0234375,11.4976392234008,9.17736361940318,8892.50658731098,0,11.4976392234008,0.958136601950063,11.4976392234008,0,11.5571913338834,7534,111,1625.9765625,9.88454007046334,1616.09202242954,1625.9765625,1,1,3,3,7534,0,0,7534,11.5571913338834,7534,0
0.161,1621.93454311286,1.53952616847672,0.0769763084238359,8.49242940874481,169.848588174896,11.620237426745,0,2000,1611.328125,388.671875,11.620237426745,9.20908941005824,4969.01590609248,0,11.620237426745,0.968353118895417,11.620237426745,0,11.7267362239863,7644,110,1611.328125,-10.606418112862,1621.93454311286,1611.328125,0,0,0,0,7644,0,0,7644,11.7267362239863,7644,0
0.162,1627.69375318931,1.54939426093587,0.0774697130467937,8.52258456218924,170.451691243785,11.562333329149,0,2000,1625.9765625,374.0234375,11.562333329149,9.24205772515147,6582.2528384104,0,11.562333329149,0.963527777429087,11.562333329149,0,11.896886019658,7755,111,1625.9765625,-1.71719068931384,1627.69375318931,1625.9765625,1,0,2,2,7755,0,0,7755,11.896886019658,7755,0
0.163,1633.3996862948,1.52522247985664,0.0762611239928319,8.55246075806602,171.04921516132,11.5940591198041,0,2000,1625.9765625,374.0234375,11.5940591198041,9.27378351580652,5485.21069867534,0,11.5940591198041,0.966171593317008,11.5940591198041,0,12.0676375237536,7866,111,1625.9765625,-7.42312379479949,1633.3996862948,1625.9765625,1,1,3,3,7866,0,0,7866,12.0676375237536,7866,0
0.164,1639.02878561923,1.51699877349386,0.0758499386746928,8.58193465320595,171.638693064119,11.5349124977699,0,2000,1640.625,359.375,11.5349124977699,9.30550930646158,7012.41516556278,0,11.5349124977699,0.961242708147495,11.5349124977699,0,12.2389818741487,7978,112,1640.625,1.59621438077011,1639.02878561923,1640.625,1,1,3,3,7978,0,0,7978,12.2389818741487,7978,0
0.165,1644.54978524559,1.4860539038483,0.0743026951924152,8.61084253965036,172.216850793007,11.5653957639868,0,2000,1640.625,359.375,11.5653957639868,9.33599257267844,5843.67930463565,0,11.5653957639868,0.963782980332234,11.5653957639868,-1.77635683940025e-15,12.4109109726952,8090,112,1640.625,-3.92478524559033,1644.54978524559,1640.625,1,1,3,3,8090,0,0,8090,12.4109109726952,8090,0
0.166,1649.97350663592,1.47527418672217,0.0737637093361086,8.63924107844197,172.784821568839,11.5050066175145,0,2000,1655.2734375,344.7265625,11.5050066175145,9.3664758388953,7311.13900386304,0,11.5050066175145,0.958750551459539,11.5050066175145,-1.77635683940025e-15,12.5834123077861,8203,113,1655.2734375,5.29993086408354,1649.97350663592,1655.2734375,1,0,2,3,8203,1,0,8203,12.5834123077861,8203,0
0.167,1655.28149249153,1.44334451863497,0.0721672259317485,8.66703362739089,173.340672547818,11.6251197719823,0,2000,1640.625,359.375,11.6251197719823,9.39571658067398,3651.20958655254,0,11.6251197719823,0.968759980998529,11.6251197719823,0,12.7564764195968,8315,112,1640.625,-14.6564924915288,1655.28149249153,1640.625,1,0,2,2,8315,0,0,8315,12.7564764195968,8315,0
0.168,1660.56903929269,1.46082779220533,0.0730413896102667,8.69471915770096,173.894383154019,11.4738582128208,0,2000,1669.921875,330.078125,11.4738582128208,9.42619984689084,7925.48715546045,0,11.4738582128208,0.956154851068401,11.4738582128208,0,12.9300932862641,8429,114,1669.921875,9.35283570730985,1660.56903929269,1669.921875,0,1,1,0,8429,1,0,8429,12.9300932862641,8429,0
0.169,1665.74698696908,1.41076469394341,0.0705382346971703,8.72183082833565,174.436616566713,11.5927288428505,0,2000,1655.2734375,344.7265625,11.5927288428505,9.45419806423133,4163.16637955037,0,11.5927288428505,0.966060736904208,11.5927288428505,0,13.1042608929043,8542,113,1655.2734375,-10.4735494690785,1665.74698696908,1655.2734375,1,1,3,3,8542,0,0,8542,13.1042608929043,8542,0
0.17,1670.84954713871,1.42145958114789,0.0710729790573943,8.74854777090801,174.97095541816,11.53109717194,0,2000,1669.921875,330.078125,11.53109717194,9.48343880601001,5910.71156629198,0,11.53109717194,0.960924764328331,11.53109717194,0,13.2789642940645,8656,114,1669.921875,-0.927672138710477,1670.84954713871,1669.921875,0,0,0,0,8656,0,0,8656,13.2789642940645,8656,0
0.171,1675.90172061441,1.39749733373033,0.0698748666865166,8.77500088936788,175.500017787358,11.5590953892805,0,2000,1669.921875,330.078125,11.5590953892805,9.5114370233505,4925.59297190998,0,11.5590953892805,0.963257949106705,11.5590953892805,0,13.4542008161013,8770,114,1669.921875,-5.97984561441058,1675.90172061441,1669.921875,1,1,3,3,8770,0,0,8770,13.4542008161013,8770,0
0.172,1680.87807633753,1.38925334863009,0.0694626674315046,8.80105702700357,176.021140540071,11.4962211939318,0,2000,1684.5703125,315.4296875,11.4962211939318,9.53943524069098,6546.06705992498,0,11.4962211939318,0.958018432827646,11.4962211939318,0,13.6299617855203,8885,115,1684.5703125,3.69223616246518,1680.87807633753,1684.5703125,0,1,1,1,8885,0,0,8885,13.6299617855203,8885,0
0.173,1685.7466509255,1.35820273793579,0.0679101368967893,8.82654882393523,176.530976478705,11.5229768868341,0,2000,1684.5703125,315.4296875,11.5229768868341,9.56619093359329,5455.05588327082,0,11.5229768868341,0.960248073902838,11.5229768868341,0,13.8062391681274,9000,115,1684.5703125,-1.17633842549708,1685.7466509255,1684.5703125,0,0,0,0,9000,0,0,9000,13.8062391681274,9000,0
0.174,1690.5180067992,1.34728559599473,0.0673642797997367,8.8515315848694,177.030631697388,11.5497325797364,0,2000,1684.5703125,315.4296875,11.5497325797364,9.59294662649559,4545.87990272568,0,11.5497325797364,0.96247771497803,11.5497325797364,0,13.9830204699049,9115,115,1684.5703125,-5.94769429920461,1690.5180067992,1684.5703125,1,0,2,2,9115,0,0,9115,13.9830204699049,9115,0
0.175,1695.25329359057,1.34386920470931,0.0671934602354654,8.87632548853004,177.526509770601,11.4856158599495,0,2000,1699.21875,300.78125,11.4856158599495,9.61970231939789,6229.6395022714,0,11.4856158599495,0.957134654995788,11.4856158599495,-1.77635683940025e-15,14.1602992304503,9231,116,1699.21875,3.96545640943305,1695.25329359057,1699.21875,1,0,2,3,9231,1,0,9231,14.1602992304503,9231,0
0.176,1699.8955892003,1.31458462953977,0.0657292314769884,8.90063249150225,178.012649830045,11.6020014411028,0,2000,1684.5703125,315.4296875,11.6020014411028,9.645215487862,2749.96000189284,0,11.6020014411028,0.966833453425231,11.6020014411028,-1.77635683940025e-15,14.3380700595709,9346,115,1684.5703125,-15.3252767002982,1699.8955892003,1684.5703125,1,1,3,3,9346,0,0,9346,14.3380700595709,9346,0
0.177,1704.52586004651,1.33295527582022,0.066647763791011,8.92487653295988,178.497530659198,11.4470123086267,0,2000,1713.8671875,286.1328125,11.4470123086267,9.6719711807643,7174.4458349107,0,11.4470123086267,0.953917692385556,11.4470123086267,0,14.5163244453474,9463,117,1713.8671875,9.34132745349348,1704.52586004651,1713.8671875,1,0,2,2,9463,0,0,9463,14.5163244453474,9463,0
0.178,1709.0496078977,1.28312483013295,0.0641562415066475,8.94856282131991,178.971256426398,11.5621553653418,0,2000,1699.21875,300.78125,11.5621553653418,9.69624182479023,3537.29861242558,0,11.5621553653418,0.963512947111816,11.5621553653418,0,14.6950609292585,9579,116,1699.21875,-9.83085789770462,1709.0496078977,1699.21875,1,0,2,2,9579,0,0,9579,14.6950609292585,9579,0
0.179,1713.49905632441,1.29380859388382,0.0646904296941909,8.97186007880302,179.43720157606,11.4967961211167,0,2000,1713.8671875,286.1328125,11.4967961211167,9.72175499325434,5389.15509368798,0,11.4967961211167,0.958066343426393,11.4967961211167,0,14.8742647670213,9696,117,1713.8671875,0.368131175589724,1713.49905632441,1713.8671875,0,0,0,0,9696,0,0,9696,14.8742647670213,9696,0
0.18,1717.89846623753,1.26974455089489,0.0634872275447447,8.99489533524164,179.897906704833,11.5210667651426,0,2000,1713.8671875,286.1328125,11.5210667651426,9.74602563728027,4490.96257807332,0,11.5210667651426,0.96008889709522,11.5210667651426,0,15.0539333539103,9813,117,1713.8671875,-4.03127873752578,1717.89846623753,1713.8671875,0,1,1,1,9813,0,0,9813,15.0539333539103,9813,0
0.181,1722.22213168902,1.26136513817411,0.0630682569087056,9.01753399460663,180.350679892133,11.4544649964794,0,2000,1728.515625,271.484375,11.4544649964794,9.7702962813062,6183.8750650611,0,11.4544649964794,0.954538749706614,11.4544649964794,0,15.2340580361582,9931,118,1728.515625,6.29349331097978,1722.22213168902,1728.515625,1,0,2,3,9931,1,0,9931,15.2340580361582,9931,0
0.182,1726.43798764676,1.23016671727137,0.0615083358635687,9.03960816478234,180.792163295647,11.5683655287563,0,2000,1713.8671875,286.1328125,11.5683655287563,9.79332440089394,2711.82297088425,0,11.5683655287563,0.964030460729692,11.5683655287563,0,15.4146307810513,10048,117,1713.8671875,-12.5708001467597,1726.43798764676,1713.8671875,0,0,0,0,10048,0,0,10048,15.4146307810513,10048,0
0.183,1730.63626205429,1.24775964863837,0.0623879824319183,9.06159027817643,181.231805563529,11.501763760093,0,2000,1728.515625,271.484375,11.501763760093,9.81759504491986,4701.25872573688,0,11.501763760093,0.958480313341086,11.501763760093,-1.77635683940025e-15,15.5956420883567,10166,118,1728.515625,-2.12063705428977,1730.63626205429,1728.515625,1,1,3,3,10166,0,0,10166,15.5956420883567,10166,0
0.184,1734.80561038522,1.22623722301794,0.0613118611508969,9.08342093498759,181.668418699752,11.4339194669916,0,2000,1743.1640625,256.8359375,11.4339194669916,9.8406231645076,6359.12185478073,0,11.4339194669916,0.952826622249298,11.4339194669916,0,15.7770931266241,10285,119,1743.1640625,8.35845211478249,1734.80561038522,1743.1640625,0,1,1,0,10285,1,0,10285,15.7770931266241,10285,0
0.185,1738.82735874553,1.19010990219497,0.0595054951097485,9.10447876015981,182.089575203196,11.5465774748303,0,2000,1728.515625,271.484375,11.5465774748303,9.86240875965715,2857.86196231728,0,11.5465774748303,0.962214789569194,11.5465774748303,0,15.9589736468994,10403,118,1728.515625,-10.3117337455251,1738.82735874553,1728.515625,1,0,2,2,10403,0,0,10403,15.9589736468994,10403,0
0.186,1742.8166837984,1.20583432183895,0.0602917160919473,9.12536681729129,182.507336345826,11.4787331817289,0,2000,1743.1640625,256.8359375,11.4787331817289,9.88543687924489,4822.9578852644,0,11.4787331817289,0.956561098477405,11.4787331817289,0,16.1412714999554,10522,119,1743.1640625,0.347378701601883,1742.8166837984,1743.1640625,1,1,3,3,10522,0,0,10522,16.1412714999554,10522,0
0.187,1746.77153642601,1.18358364187901,0.0591791820939507,9.14607437722617,182.921487544523,11.5005187768784,0,2000,1743.1640625,256.8359375,11.5005187768784,9.90722247439444,4019.13157105366,0,11.5005187768784,0.958376564739868,11.5005187768784,0,16.323986865638,10641,119,1743.1640625,-3.6074739260082,1746.77153642601,1743.1640625,0,1,1,1,10641,0,0,10641,16.323986865638,10641,0
0.188,1750.65640880294,1.17581528893676,0.058790764446838,9.16641552142535,183.328310428507,11.522304372028,0,2000,1743.1640625,256.8359375,11.522304372028,9.929008069544,3349.27630921139,0,11.522304372028,0.960192031002331,11.522304372028,0,16.5071121239127,10760,119,1743.1640625,-7.49234630294086,1750.65640880294,1743.1640625,0,0,0,0,10760,0,0,10760,16.5071121239127,10760,0
0.189,1754.51528711572,1.17344242757627,0.0586721213788137,9.18662056102288,183.732411220458,11.4532175544883,0,2000,1757.8125,242.1875,11.4532175544883,9.95079366469355,5232.46984100949,0,11.4532175544883,0.95443479620736,11.4532175544883,0,16.6906426225598,10880,120,1757.8125,3.29721288428073,1754.51528711572,1757.8125,0,0,0,0,10880,0,0,10880,16.6906426225598,10880,0
0.19,1758.2848556518,1.14441721490933,0.0572208607454664,9.20635797572315,184.127159514463,11.4737606251997,0,2000,1757.8125,242.1875,11.4737606251997,9.97133673540491,4360.39153417458,0,11.4737606251997,0.95614671876664,11.4737606251997,0,16.874573637445,11000,120,1757.8125,-0.472355651801081,1758.2848556518,1757.8125,0,0,0,0,11000,0,0,11000,16.874573637445,11000,0
0.191,1761.96399709505,1.13409290339583,0.0567046451697913,9.22562191527255,184.512438305451,11.494303695911,0,2000,1757.8125,242.1875,11.494303695911,9.99187980611628,3633.65961181215,0,11.494303695911,0.957858641325921,11.494303695911,0,17.0588938982649,11120,120,1757.8125,-4.15149709505499,1761.96399709505,1757.8125,0,0,0,0,11120,0,0,11120,17.0588938982649,11120,0
0.192,1765.60951076798,1.13073584526095,0.0565367922630475,9.24470978022827,184.894195604565,11.4239743539332,0,2000,1772.4609375,227.5390625,11.4239743539332,10.0124228768276,5469.45592651012,0,11.4239743539332,0.951997862827768,11.4239743539332,0,17.2435973911487,11241,121,1772.4609375,6.85142673201813,1765.60951076798,1772.4609375,0,1,1,0,11241,1,0,11241,17.2435973911487,11241,0
0.193,1769.16285497998,1.1013120705994,0.0550656035299698,9.26331504701507,185.266300940301,11.5341473128956,0,2000,1757.8125,242.1875,11.5341473128956,10.0317234231008,2116.47368875843,0,11.5341473128956,0.961178942741299,11.5341473128956,0,17.4286788830064,11361,120,1757.8125,-11.3503549799775,1769.16285497998,1757.8125,0,1,1,1,11361,0,0,11361,17.4286788830064,11361,0
0.194,1772.70439392875,1.11946977980516,0.0559734889902579,9.2818585015882,185.637170031764,11.4638179709178,0,2000,1772.4609375,227.5390625,11.4638179709178,10.0522664938122,4205.13432396536,0,11.4638179709178,0.955318164243146,11.4638179709178,0,17.6141299113144,11482,121,1772.4609375,-0.243456428754143,1772.70439392875,1772.4609375,1,1,3,3,11482,0,0,11482,17.6141299113144,11482,0
0.195,1776.21910882788,1.09806150257149,0.0549030751285746,9.30026150576578,186.005230115316,11.4831185171909,0,2000,1772.4609375,227.5390625,11.4831185171909,10.0715670400854,3504.27860330447,0,11.4831185171909,0.956926543099244,11.4831185171909,0,17.7999520259658,11603,121,1772.4609375,-3.75817132787733,1776.21910882788,1772.4609375,1,0,2,2,11603,0,0,11603,17.7999520259658,11603,0
0.196,1779.66666017745,1.09054292073054,0.054527146036527,9.31831284242027,186.366256848405,11.4115466507749,0,2000,1787.109375,212.890625,11.4115466507749,10.0908675863585,5361.63841942039,0,11.4115466507749,0.950962220897909,11.4115466507749,0,17.9861381139012,11725,122,1787.109375,7.44271482254908,1779.66666017745,1787.109375,0,1,1,1,11725,0,0,11725,17.9861381139012,11725,0
0.197,1783.00953182839,1.05953676778335,0.0529768383891673,9.3358160774544,186.716321549088,11.5204770852991,0,2000,1772.4609375,227.5390625,11.5204770852991,10.1089256081935,2026.62576618366,0,11.5204770852991,0.960039757108258,11.5204770852991,0,18.1726807093445,11846,121,1772.4609375,-10.5485943283886,1783.00953182839,1772.4609375,1,1,3,3,11846,0,0,11846,18.1726807093445,11846,0
0.198,1786.33592170693,1.07707305567807,0.0538536527839034,9.35323301413007,187.064660282601,11.4489052188831,0,2000,1787.109375,212.890625,11.4489052188831,10.1282261544667,4130.26105515305,0,11.4489052188831,0.954075434906923,11.4489052188831,0,18.3595705162974,11968,122,1787.109375,0.77345329307127,1786.33592170693,1787.109375,0,0,0,0,11968,0,0,11968,18.3595705162974,11968,0
0.199,1789.63372986066,1.05540142289272,0.0527700711446358,9.37050029724459,187.410005944892,11.4669632407181,0,2000,1787.109375,212.890625,11.4669632407181,10.1462841763017,3441.88421262754,0,11.4669632407181,0.955580270059839,11.4669632407181,0,18.5468087725065,12090,122,1787.109375,-2.52435486066247,1789.63372986066,1787.109375,1,1,3,3,12090,0,0,12090,18.5468087725065,12090,0
0.2,1792.86370447198,1.04775293071216,0.0523876465356082,9.38741240476161,187.748248095232,11.4850212625531,0,2000,1787.109375,212.890625,11.4850212625531,10.1643421981367,2868.23684385628,0,11.4850212625531,0.957085105212755,11.4850212625531,0,18.7343882470199,12212,122,1787.109375,-5.75432947198397,1792.86370447198,1787.109375,0,0,0,0,12212,0,0,12212,18.7343882470199,12212,0
0.201,1796.06843747499,1.04532897608165,0.0522664488040823,9.40419234752654,188.083846950531,11.4122068716988,0,2000,1801.7578125,198.2421875,11.4122068716988,10.1824002199717,4831.60361988024,0,11.4122068716988,0.951017239308237,11.4122068716988,-1.77635683940025e-15,18.9223044275869,12335,123,1801.7578125,5.68937502501058,1796.06843747499,1801.7578125,1,0,2,2,12335,0,0,12335,18.9223044275869,12335,0
0.202,1799.18409434161,1.01618910153383,0.0508094550766914,9.42050588873201,188.41011777464,11.4290223690956,0,2000,1801.7578125,198.2421875,11.4290223690956,10.1992157173685,4026.3363499002,0,11.4290223690956,0.952418530757971,11.4290223690956,0,19.1105526372972,12458,123,1801.7578125,2.57371815839088,1799.18409434161,1801.7578125,1,1,3,3,12458,0,0,12458,19.1105526372972,12458,0
0.203,1802.20936509415,1.00572656657642,0.0502863283288212,9.43634616935087,188.726923387017,11.4458378664925,0,2000,1801.7578125,198.2421875,11.4458378664925,10.2160312147653,3355.2802915835,0,11.4458378664925,0.953819822207704,11.4458378664925,0,19.2991216185842,12581,123,1801.7578125,-0.451552594154236,1802.20936509415,1801.7578125,0,1,1,0,12581,1,0,12581,19.2991216185842,12581,0
0.204,1805.20097790057,1.00222262725387,0.0501111313626936,9.45201021737589,189.040204347518,11.4626533638893,0,2000,1801.7578125,198.2421875,11.4626533638893,10.2328467121621,2796.06690965292,0,11.4626533638893,0.955221113657438,11.4626533638893,-1.77635683940025e-15,19.4880053575311,12704,123,1801.7578125,-3.4431654005682,1805.20097790057,1801.7578125,0,0,0,0,12704,0,0,12704,19.4880053575311,12704,0
0.205,1808.18006781565,1.00131121592923,0.0500655607964616,9.46760869569522,189.352173913904,11.4794688612861,0,2000,1801.7578125,198.2421875,11.4794688612861,10.2496622095589,2330.0557580441,0,11.4794688612861,0.956622405107171,11.4794688612861,0,19.6772016153273,12827,123,1801.7578125,-6.42225531564668,1808.18006781565,1801.7578125,1,0,2,2,12827,0,0,12827,19.6772016153273,12827,0
0.206,1811.15450892314,1.00136566150285,0.0500682830751425,9.48318283291495,189.663656658299,11.4054119459937,0,2000,1816.40625,183.59375,11.4054119459937,10.2664777069557,4383.11938170341,0,11.4054119459937,0.950450995499472,11.4054119459937,0,19.8667095596339,12951,124,1816.40625,5.25174107685802,1811.15450892314,1816.40625,1,0,2,3,12951,1,0,12951,19.8667095596339,12951,0
0.207,1814.04753201365,0.973117562363838,0.0486558781181919,9.49833066639462,189.966613327892,11.5118573316415,0,2000,1801.7578125,198.2421875,11.5118573316415,10.2820506799143,1211.19323475285,0,11.5118573316415,0.959321444303456,11.5118573316415,-1.77635683940025e-15,20.0565258830765,13074,123,1801.7578125,-12.2897195136486,1814.04753201365,1801.7578125,1,1,3,3,13074,0,0,13074,20.0565258830765,13074,0
0.208,1816.9327108486,0.991618060138573,0.0495809030069286,9.51343742744824,190.268748548965,11.4378004163491,0,2000,1816.40625,183.59375,11.4378004163491,10.2988661773111,3450.73394562737,0,11.4378004163491,0.953150034695756,11.4378004163491,0,20.2466428358877,13198,124,1816.40625,-0.52646084859839,1816.9327108486,1816.40625,1,1,3,3,13198,0,0,13198,20.2466428358877,13198,0
0.209,1819.7924973262,0.970242378619697,0.0485121189309848,9.52841123442971,190.568224688594,11.4533733893077,0,2000,1816.40625,183.59375,11.4533733893077,10.3144391502697,2875.61162135614,0,11.4533733893077,0.954447782442308,11.4533733893077,0,20.4370622288667,13322,124,1816.40625,-3.38624732620337,1819.7924973262,1816.40625,1,1,3,3,13322,0,0,13322,20.4370622288667,13322,0
0.21,1822.58561019455,0.96264093889746,0.048132046944873,9.54303593920947,190.860718784189,11.3780739495771,0,2000,1831.0546875,168.9453125,11.3780739495771,10.3300121232283,4837.74926779679,0,11.3780739495771,0.948172829131426,11.3780739495771,0,20.6277770415774,13447,125,1831.0546875,8.46907730544535,1822.58561019455,1831.0546875,1,0,2,2,13447,0,0,13447,20.6277770415774,13447,0
0.211,1825.27418302503,0.931509027174497,0.0465754513587249,9.55711327363092,191.142265472618,11.4832768107867,0,2000,1816.40625,183.59375,11.4832768107867,10.3443425717488,1590.05147316399,0,11.4832768107867,0.956939734232228,11.4832768107867,0,20.8187798382312,13571,124,1816.40625,-8.86793302503293,1825.27418302503,1816.40625,1,0,2,2,13571,0,0,13571,20.8187798382312,13571,0
0.212,1827.94628382205,0.948903684911423,0.0474451842455712,9.57110436068685,191.422087213737,11.4079773710562,0,2000,1831.0546875,168.9453125,11.4079773710562,10.3599155447074,3766.44914430332,0,11.4079773710562,0.950664780921346,11.4079773710561,-1.77635683940025e-15,21.010061329543,13696,125,1831.0546875,3.10840367795231,1827.94628382205,1831.0546875,0,0,0,0,13696,0,0,13696,21.010061329543,13696,0
0.213,1830.58976480241,0.927084619483679,0.046354230974184,9.5849455947332,191.698911894664,11.4223078195766,0,2000,1831.0546875,168.9453125,11.4223078195766,10.3742459932278,3138.70762025277,0,11.4223078195766,0.951858984964715,11.4223078195766,0,21.2016227513616,13821,125,1831.0546875,0.464922697589145,1830.58976480241,1831.0546875,0,1,1,1,13821,0,0,13821,21.2016227513616,13821,0
0.214,1833.16535689469,0.919286642054996,0.0459643321027498,9.59843136339279,191.968627267856,11.436638268097,0,2000,1831.0546875,168.9453125,11.436638268097,10.3885764417482,2615.58968354398,0,11.436638268097,0.953053189008084,11.436638268097,0,21.3934568676887,13946,125,1831.0546875,-2.11066939469129,1833.16535689469,1831.0546875,1,1,3,3,13946,0,0,13946,21.3934568676887,13946,0
0.215,1835.71564616361,0.91671254518463,0.0458356272592315,9.61178464677905,192.235692935581,11.4509687166174,0,2000,1831.0546875,168.9453125,11.4509687166174,10.4029068902687,2179.65806961998,0,11.4509687166174,0.954247393051453,11.4509687166174,0,21.5855591601135,14071,125,1831.0546875,-4.66095866360752,1835.71564616361,1831.0546875,1,0,2,2,14071,0,0,14071,21.5855591601135,14071,0
0.216,1838.25649908402,0.916084741078101,0.0458042370539051,9.62508852156006,192.501770431201,11.3744267524487,0,2000,1845.703125,154.296875,11.3744267524487,10.4172373387891,4257.78797468332,0,11.3744267524487,0.947868896037388,11.3744267524487,0,21.7779279442311,14197,126,1845.703125,7.44662591598421,1838.25649908402,1845.703125,0,1,1,0,14197,1,0,14197,21.7779279442311,14197,0
0.217,1840.71412453698,0.887519742920999,0.04437598714605,9.63795661834057,192.759132366811,11.4783870892201,0,2000,1831.0546875,168.9453125,11.4783870892201,10.4303252628713,1106.75039556943,0,11.4783870892201,0.956532257435008,11.4783870892201,0,21.9705595924963,14322,125,1831.0546875,-9.6594370369794,1840.71412453698,1831.0546875,1,1,3,3,14322,0,0,14322,21.9705595924963,14322,0
0.218,1843.1632061848,0.90583952828659,0.0452919764143295,9.65077997986194,193.015599597239,11.4018451250513,0,2000,1845.703125,154.296875,11.4018451250513,10.4446557113918,3363.69824630786,0,11.4018451250513,0.950153760420944,11.4018451250513,0,22.1634462331774,14448,126,1845.703125,2.53991881520483,1843.1632061848,1845.703125,0,0,0,0,14448,0,0,14448,22.1634462331774,14448,0
0.219,1845.58660978789,0.884333940091192,0.0442166970045596,9.66346889145553,193.269377829111,11.4149330491336,0,2000,1845.703125,154.296875,11.4149330491336,10.457743635474,2803.08187192322,0,11.4149330491336,0.951244420761131,11.4149330491336,-1.77635683940025e-15,22.3565896289914,14574,126,1845.703125,0.116515212112972,1845.58660978789,1845.703125,1,1,3,3,14574,0,0,14574,22.3565896289914,14574,0
0.22,1847.9432086278,0.876621588053525,0.0438310794026762,9.67580801412707,193.516160282541,11.4280209732158,0,2000,1845.703125,154.296875,11.4280209732158,10.4708315595562,2335.90155993601,0,11.4280209732158,0.952335081101317,11.4280209732158,0,22.5499827389819,14700,126,1845.703125,-2.24008362779773,1847.9432086278,1845.703125,0,0,0,0,14700,0,0,14700,22.5499827389819,14700,0
0.221,1850.27489682471,0.874048256650024,0.0437024128325012,9.68801670497687,193.760334099537,11.441108897298,0,2000,1845.703125,154.296875,11.441108897298,10.4839194836385,1946.58463328001,0,11.441108897298,0.953425741441504,11.441108897298,0,22.7436211161677,14826,126,1845.703125,-4.57177182471082,1850.27489682471,1845.703125,1,1,3,3,14826,0,0,14826,22.7436211161677,14826,0
0.222,1852.59728321413,0.873389632354961,0.043669481617748,9.70017669167654,194.003533833531,11.4541968213803,0,2000,1845.703125,154.296875,11.4541968213803,10.4970074077207,1622.15386106668,0,11.4541968213803,0.954516401781691,11.4541968213803,0,22.9375031015365,14952,126,1845.703125,-6.89415821413081,1852.59728321413,1845.703125,0,0,0,0,14952,0,0,14952,22.9375031015365,14952,0
0.223,1854.91618348367,0.873444427573306,0.0436722213786653,9.7123184250952,194.246368501904,11.3764123327733,0,2000,1860.3515625,139.6484375,11.3764123327733,10.510095331803,3793.20113422223,0,11.3764123327733,0.948034361064444,11.3764123327733,0,23.1316280748227,15079,127,1860.3515625,5.43537901632772,1854.91618348367,1860.3515625,1,0,2,2,15079,0,0,15079,23.1316280748227,15079,0
0.224,1857.15406203233,0.845102725052991,0.0422551362526496,9.72403592977534,194.480718595507,11.3882577324174,0,2000,1860.3515625,139.6484375,11.3882577324174,10.521940731447,3161.00094518519,0,11.3882577324174,0.949021477701449,11.3882577324174,0,23.3259928037745,15206,127,1860.3515625,3.19750046767172,1857.15406203233,1860.3515625,1,1,3,3,15206,0,0,15206,23.3259928037745,15206,0
0.225,1859.30450494852,0.834812360652015,0.0417406180326007,9.73529562255445,194.705912451089,11.4001031320614,0,2000,1860.3515625,139.6484375,11.4001031320614,10.5337861310911,2634.16745432099,0,11.4001031320614,0.950008594338453,11.4001031320614,0,23.5205865637539,15333,127,1860.3515625,1.04705755148166,1859.30450494852,1860.3515625,0,1,1,0,15333,1,0,15333,23.5205865637539,15333,0
0.226,1861.4223395046,0.831247493534458,0.0415623746767229,9.74638457835928,194.927691567185,11.4119485317055,0,2000,1860.3515625,139.6484375,11.4119485317055,10.5456315307351,2195.13954526749,0,11.4119485317055,0.950995710975457,11.4119485317055,0,23.7154035341597,15460,127,1860.3515625,-1.07077700459627,1861.4223395046,1860.3515625,0,0,0,2,15460,1,0,15460,23.7154035341597,15460,0
0.227,1863.52799321076,0.830188438718564,0.0415094219359282,9.75740975538308,195.148195107662,11.4237939313495,0,2000,1860.3515625,139.6484375,11.4237939313495,10.5574769303792,1829.28295438958,0,11.4237939313495,0.951982827612462,11.4237939313495,0,23.9104415430381,15587,127,1860.3515625,-3.1764307107585,1863.52799321076,1860.3515625,1,0,2,2,15587,0,0,15587,23.9104415430381,15587,0
0.228,1865.6290772054,0.83006306132183,0.0415031530660915,9.76841100545332,195.368220109066,11.4356393309936,0,2000,1860.3515625,139.6484375,11.4356393309936,10.5693223300232,1524.40246199132,0,11.4356393309936,0.952969944249466,11.4356393309936,0,24.1056997778626,15714,127,1860.3515625,-5.27751470540147,1865.6290772054,1860.3515625,1,1,3,3,15714,0,0,15714,24.1056997778626,15714,0
0.229,1867.72842760809,0.83028562779334,0.041514281389667,9.77940317845732,195.588063569146,11.4474847306376,0,2000,1860.3515625,139.6484375,11.4474847306376,10.5811677296673,1270.33538499276,0,11.4474847306376,0.95395706088647,11.4474847306376,0,24.3011779326354,15841,127,1860.3515625,-7.37686510809021,1867.72842760809,1860.3515625,0,1,1,1,15841,0,0,15841,24.3011779326354,15841,0
0.23,1869.82710149736,0.830637909473838,0.0415318954736919,9.79039180924534,195.807836184907,11.3684577175925,0,2000,1875,125,11.3684577175925,10.5930131293113,3500.0190708273,0,11.3684577175925,0.947371476466041,11.3684577175925,0,24.4968758901212,15969,128,1875,5.17289850264046,1869.82710149736,1875,0,1,1,1,15969,0,0,15969,24.4968758901212,15969,0
0.231,1871.84579048789,0.802376248342724,0.0401188124171362,9.80096164008289,196.019232801658,11.3790605927984,0,2000,1875,125,11.3790605927984,10.6036160045172,2916.68255902275,0,11.3790605927984,0.948255049399863,11.3790605927984,0,24.6927906044332,16097,128,1875,3.15420951211036,1871.84579048789,1875,0,1,1,1,16097,0,0,16097,24.6927906044332,16097,0
0.232,1873.77742031465,0.792084937595594,0.0396042468797797,9.8110756302049,196.221512604098,11.3896634680042,0,2000,1875,125,11.3896634680042,10.6142188797231,2430.56879918563,0,11.3896634680042,0.949138622333686,11.3896634680042,0,24.8889114193319,16225,128,1875,1.22257968534905,1873.77742031465,1875,0,1,1,0,16225,1,0,16225,24.8889114193319,16225,0
0.233,1875.6765723546,0.788488976137075,0.0394244488068538,9.82101956703283,196.420391340656,11.4002663432101,0,2000,1875,125,11.4002663432101,10.6248217549289,2025.47399932136,0,11.4002663432101,0.950022195267508,11.4002663432101,0,25.085232538678,16353,128,1875,-0.676572354600012,1875.6765723546,1875,0,1,1,0,16353,1,0,16353,25.085232538678,16353,0
0.234,1877.56358263593,0.78738762006698,0.039369381003349,9.83089992976131,196.617998595226,11.410869218416,0,2000,1875,125,11.410869218416,10.6354246301348,1687.89499943446,0,11.410869218416,0.95090576820133,11.410869218416,0,25.2817517986237,16481,128,1875,-2.56358263593461,1877.56358263593,1875,0,1,1,1,16481,0,0,16481,25.2817517986237,16481,0
0.235,1879.44602834325,0.787215791062656,0.0393607895531328,9.84075639243611,196.815127848722,11.4214720936218,0,2000,1875,125,11.4214720936218,10.6460275053407,1406.57916619539,0,11.4214720936218,0.951789341135152,11.4214720936218,0,25.478468388669,16609,128,1875,-4.44602834324996,1879.44602834325,1875,0,1,1,1,16609,0,0,16609,25.478468388669,16609,0
0.236,1881.32673307392,0.787390384305436,0.0393695192152718,9.85060373937851,197.01207478757,11.4320749688277,0,2000,1875,125,11.4320749688277,10.6566303805465,1172.14930516282,0,11.4320749688277,0.952672914068974,11.4320749688277,0,25.6753820025902,16737,128,1875,-6.32673307391747,1881.32673307392,1875,0,1,1,1,16737,0,0,16737,25.6753820025902,16737,0
0.237,1883.20674936734,0.787694150191206,0.0393847075095603,9.86044748167191,197.208949633438,11.3518054313444,0,2000,1889.6484375,110.3515625,11.3518054313444,10.6672332557524,3418.19733763569,0,11.3518054313444,0.945983785945363,11.3518054313444,-1.77635683940025e-15,25.872492522101,16866,129,1889.6484375,6.44168813266128,1883.20674936734,1889.6484375,1,1,3,3,16866,0,0,16866,25.872492522101,16866,0
0.238,1885.00676727161,0.759383795136635,0.0379691897568317,9.86987235337922,197.397447067584,11.4520381948012,0,2000,1875,125,11.4520381948012,10.6765936065201,407.091531363071,0,11.4520381948012,0.954336516233436,11.4520381948012,0,26.0697968999689,16994,128,1875,-10.0067672716091,1885.00676727161,1875,1,1,3,3,16994,0,0,16994,26.0697968999689,16994,0
0.239,1886.79941469933,0.777706098960389,0.0388853049480195,9.87925863336158,197.585172667232,11.3717686573179,0,2000,1889.6484375,110.3515625,11.3717686573179,10.6871964817259,2780.64919280256,0,11.3717686573179,0.947647388109825,11.3717686573179,-1.77635683940025e-15,26.2672874775349,17123,129,1889.6484375,2.84902280066581,1886.79941469933,1889.6484375,1,0,2,2,17123,0,0,17123,26.2672874775349,17123,0
0.24,1888.56679190127,0.756109172653294,0.0378054586326647,9.88851259875112,197.770251975022,11.3811290080856,0,2000,1889.6484375,110.3515625,11.3811290080856,10.6965568324936,2317.2076606688,0,11.3811290080856,0.948427417340465,11.3811290080856,-1.77635683940025e-15,26.4649660938084,17252,129,1889.6484375,1.0816455987308,1888.56679190127,1889.6484375,0,0,0,0,17252,0,0,17252,26.4649660938084,17252,0
0.241,1890.2674873503,0.748270591027107,0.0374135295513554,9.89741741929891,197.948348385978,11.3904893588533,0,2000,1889.6484375,110.3515625,11.3904893588533,10.7059171832613,1931.00638389067,0,11.3904893588533,0.949207446571105,11.3904893588533,-1.77635683940025e-15,26.6628257332068,17381,129,1889.6484375,-0.619049850302417,1890.2674873503,1889.6484375,0,1,1,1,17381,0,0,17381,26.6628257332068,17381,0
0.242,1891.94328944796,0.74555810621976,0.037277905310988,9.9061918985637,198.123837971274,11.3998497096209,0,2000,1889.6484375,110.3515625,11.3998497096209,10.715277534029,1609.17198657556,0,11.3998497096209,0.949987475801745,11.3998497096209,-1.77635683940025e-15,26.8608619551935,17510,129,1889.6484375,-2.29485194795961,1891.94328944796,1889.6484375,1,1,3,3,17510,0,0,17510,26.8608619551935,17510,0
0.243,1893.60976802957,0.74475558819813,0.0372377794099065,9.91491756001262,198.298351200252,11.4092100603886,0,2000,1889.6484375,110.3515625,11.4092100603886,10.7246378847966,1340.97665547963,0,11.4092100603886,0.950767505032384,11.4092100603886,-1.77635683940025e-15,27.0590731001889,17639,129,1889.6484375,-3.96133052957111,1893.60976802957,1889.6484375,1,0,2,2,17639,0,0,17639,27.0590731001889,17639,0
0.244,1895.27272463469,0.744664797287371,0.0372332398643685,9.92362478043574,198.472495608715,11.3276979984671,0,2000,1904.296875,95.703125,11.3276979984671,10.7339982355643,3558.88679623302,0,11.3276979984671,0.943974833205591,11.3276979984671,0,27.2574585447881,17769,130,1904.296875,9.02415036531238,1895.27272463469,1904.296875,0,1,1,0,17769,1,0,17769,27.2574585447881,17769,0
0.245,1896.85461876825,0.716176950802204,0.0358088475401102,9.93190755875033,198.638151175007,11.4266882374858,0,2000,1889.6484375,110.3515625,11.4266882374858,10.7421160618938,524.332746860854,0,11.4266882374858,0.952224019790482,11.4266882374858,0,27.456015052682,17898,129,1889.6484375,-7.20618126824888,1896.85461876825,1889.6484375,1,1,3,3,17898,0,0,17898,27.456015052682,17898,0
0.246,1898.42873770569,0.734402657490698,0.0367201328745349,9.94014962623326,198.802992524665,11.3451761755643,0,2000,1904.296875,95.703125,11.3451761755643,10.7514764126615,2878.35020571738,0,11.3451761755643,0.945431347963689,11.3451761755643,0,27.6547348938945,18028,130,1904.296875,5.86813729430582,1898.42873770569,1904.296875,0,0,0,2,18028,1,0,18028,27.6547348938945,18028,0
0.247,1899.97742746984,0.712739294605769,0.0356369647302885,9.94825854687616,198.965170937523,11.444166414583,0,2000,1889.6484375,110.3515625,11.444166414583,10.759594238991,-42.7810785688512,0,11.444166414583,0.953680534548579,11.444166414583,0,27.8536198800038,18157,129,1889.6484375,-10.3289899698436,1899.97742746984,1889.6484375,0,1,1,1,18157,0,0,18157,27.8536198800038,18157,0
0.248,1901.53907085043,0.733507885898121,0.036675394294906,9.95643529249613,199.128705849923,11.3626543526614,0,2000,1904.296875,95.703125,11.3626543526614,10.7689545897587,2405.75535119262,0,11.3626543526614,0.946887862721786,11.3626543526614,0,28.0526659833816,18287,130,1904.296875,2.75780414956785,1901.53907085043,1904.296875,1,0,2,2,18287,0,0,18287,28.0526659833816,18287,0
0.249,1903.08300943936,0.712792202727744,0.0356396101363872,9.96451933604374,199.290386720875,11.3707721789909,0,2000,1904.296875,95.703125,11.3707721789909,10.7770724160882,2004.79612599385,0,11.3707721789909,0.947564348249244,11.3707721789909,0,28.2518763951444,18417,130,1904.296875,1.21386556064203,1903.08300943936,1904.296875,0,1,1,1,18417,0,0,18417,28.2518763951444,18417,0
0.25,1904.56307829027,0.70525179120661,0.0352625895603305,9.97226895842514,199.445379168503,11.3788900053204,0,2000,1904.296875,95.703125,11.3788900053204,10.7851902424176,1670.66343832821,0,11.3788900053204,0.948240833776701,11.3788900053204,0,28.4512446027652,18547,130,1904.296875,-0.266203290273779,1904.56307829027,1904.296875,1,0,2,2,18547,0,0,18547,28.4512446027652,18547,0
0.251,1906.01929490719,0.702620257606455,0.0351310128803227,9.97989369080135,199.597873816027,11.3870078316499,0,2000,1904.296875,95.703125,11.3870078316499,10.7933080687471,1392.21953194018,0,11.3870078316499,0.948917319304159,11.3870078316499,-1.77635683940025e-15,28.6507663524397,18677,130,1904.296875,-1.72241990718544,1906.01929490719,1904.296875,0,1,1,1,18677,0,0,18677,28.6507663524397,18677,0
0.252,1907.4665694288,0.701817778426452,0.0350908889213226,9.98747160247609,199.749432049522,11.3951256579794,0,2000,1904.296875,95.703125,11.3951256579794,10.8014258950766,1160.18294328348,0,11.3951256579794,0.949593804831616,11.3951256579794,0,28.8504400534773,18807,130,1904.296875,-3.1696944288035,1907.4665694288,1904.296875,1,0,2,2,18807,0,0,18807,28.8504400534773,18807,0
0.253,1908.91045769848,0.701696897667371,0.0350848448833685,9.99503178377715,199.900635675543,11.4032434843089,0,2000,1904.296875,95.703125,11.4032434843089,10.8095437214061,966.8191194029,0,11.4032434843089,0.950270290359074,11.4032434843089,0,29.0502651074664,18937,130,1904.296875,-4.61358269848438,1908.91045769848,1904.296875,0,1,1,1,18937,0,0,18937,29.0502651074664,18937,0
0.254,1910.3530304069,0.701830104126826,0.0350915052063413,10.0025850768155,200.051701536311,11.3204888979492,0,2000,1918.9453125,81.0546875,11.3204888979492,10.8176615477356,3247.08884950242,0,11.3204888979492,0.943374074829098,11.3204888979492,0,29.2502412857687,19068,131,1918.9453125,8.59228209309549,1910.3530304069,1918.9453125,0,0,0,0,19068,0,0,19068,29.2502412857687,19068,0
0.255,1911.71535712819,0.673395766264119,0.033669788313206,10.0097182028478,200.194364056957,11.4182366125297,0,2000,1904.296875,95.703125,11.4182366125297,10.8245368496269,264.501124585347,0,11.4182366125297,0.951519717710807,11.4182366125297,0,29.4503654985667,19198,130,1904.296875,-7.41848212818968,1911.71535712819,1904.296875,1,1,3,3,19198,0,0,19198,29.4503654985667,19198,0
0.256,1913.07020736491,0.691611476916543,0.0345805738458272,10.0168121820985,200.33624364197,11.33548202617,0,2000,1918.9453125,81.0546875,11.33548202617,10.8326546759564,2661.82385382112,0,11.33548202617,0.944623502180831,11.33548202617,0,29.6506300698847,19329,131,1918.9453125,5.87510513509346,1913.07020736491,1918.9453125,0,1,1,1,19329,0,0,19329,29.6506300698847,19329,0
0.257,1914.39973430706,0.669914472345831,0.0334957236172915,10.0237735688888,200.475471377777,11.4332297407505,0,2000,1904.296875,95.703125,11.4332297407505,10.8395299778477,-223.219705149064,0,11.4332297407505,0.95276914506254,11.4332297407505,-1.77635683940025e-15,29.8510368308492,19459,130,1904.296875,-10.1028593070582,1914.39973430706,1904.296875,1,0,2,2,19459,0,0,19459,29.8510368308492,19459,0
0.258,1915.74224897391,0.690640626432329,0.0345320313216165,10.0308029592467,200.616059184934,11.3504751543908,0,2000,1918.9453125,81.0546875,11.3504751543908,10.8476478041772,2255.38982904245,0,11.3504751543908,0.945872929532564,11.3504751543908,0,30.0515817605519,19590,131,1918.9453125,3.20306352609123,1915.74224897391,1918.9453125,1,1,3,3,19590,0,0,19590,30.0515817605519,19590,0
0.259,1917.06706629023,0.669879243076422,0.0334939621538211,10.0377396864939,200.754793729878,11.3573504562821,0,2000,1918.9453125,81.0546875,11.3573504562821,10.8545231060685,1879.49152420204,0,11.3573504562821,0.946445871356839,11.3573504562821,0,30.252268052058,19721,131,1918.9453125,1.87824620976517,1917.06706629023,1918.9453125,0,1,1,1,19721,0,0,19721,30.252268052058,19721,0
0.26,1918.32801144581,0.662291929466295,0.0331145964733148,10.0443419798895,200.886839597789,11.3642257581734,0,2000,1918.9453125,81.0546875,11.3642257581734,10.8613984079598,1566.24293683503,0,11.3642257581734,0.947018813181114,11.3642257581734,0,30.4530891930183,19852,131,1918.9453125,0.617301054189056,1918.32801144581,1918.9453125,0,0,0,0,19852,0,0,19852,30.4530891930183,19852,0
0.261,1919.56509834019,0.659613059584374,0.0329806529792187,10.0508193517215,201.01638703443,11.3711010600647,0,2000,1918.9453125,81.0546875,11.3711010600647,10.8682737098511,1305.20244736253,0,11.3711010600647,0.94759175500539,11.3711010600647,-1.77635683940025e-15,30.6540409291549,19983,131,1918.9453125,-0.619785840187205,1919.56509834019,1918.9453125,1,0,2,2,19983,0,0,19983,30.6540409291549,19983,0
0.262,1920.79323583876,0.658763095772108,0.0329381547886054,10.0572498646267,201.144997292534,11.377976361956,0,2000,1918.9453125,81.0546875,11.377976361956,10.8751490117424,1087.66870613544,0,11.377976361956,0.948164696829665,11.377976361956,0,30.8551216690673,20114,131,1918.9453125,-1.84792333876021,1920.79323583876,1918.9453125,1,1,3,3,20114,0,0,20114,30.8551216690673,20114,0
0.263,1922.01797937912,0.658594688344711,0.0329297344172356,10.0636626068082,201.273252136165,11.3848516638473,0,2000,1918.9453125,81.0546875,11.3848516638473,10.8820243136337,906.390588446199,0,11.3848516638473,0.94873763865394,11.3848516638473,0,31.0563308135541,20245,131,1918.9453125,-3.07266687912147,1922.01797937912,1918.9453125,0,1,1,1,20245,0,0,20245,31.0563308135541,20245,0
0.264,1923.24139956849,0.65868036552978,0.032934018276489,10.0700684199402,201.401368398804,11.3917269657386,0,2000,1918.9453125,81.0546875,11.3917269657386,10.888899615525,755.325490371833,0,11.3917269657386,0.949310580478216,11.3917269657386,0,31.2576681331637,20376,131,1918.9453125,-4.29608706849308,1923.24139956849,1918.9453125,0,0,0,0,20376,0,0,20376,31.2576681331637,20376,0
0.265,1924.46426865512,0.658860861470142,0.0329430430735071,10.076471347505,201.5294269501,11.3077298549407,0,2000,1933.59375,66.40625,11.3077298549407,10.8957749174163,3070.84415864319,0,11.3077298549407,0.942310821245058,11.3077298549407,0,31.4591335362874,20508,132,1933.59375,9.1294813448751,1924.46426865512,1933.59375,0,0,0,0,20508,0,0,20508,31.4591335362874,20508,0
0.266,1925.60717250664,0.630414485007135,0.0315207242503567,10.0824555780778,201.649111561555,11.404235045083,0,2000,1918.9453125,81.0546875,11.404235045083,10.9014076948694,117.630548869328,0,11.404235045083,0.950352920423584,11.404235045083,-1.77635683940025e-15,31.6607239837326,20639,131,1918.9453125,-6.66186000663674,1925.60717250664,1918.9453125,1,0,2,2,20639,0,0,20639,31.6607239837326,20639,0
0.267,1926.7427004656,0.648596063754679,0.032429803187734,10.0884011885675,201.76802377135,11.3202379342851,0,2000,1933.59375,66.40625,11.3202379342851,10.9082829967607,2539.43170739111,0,11.3202379342851,0.943353161190426,11.3202379342851,0,31.8624318179624,20771,132,1933.59375,6.85104953439554,1926.7427004656,1933.59375,1,0,2,3,20771,1,0,20771,31.8624318179624,20771,0
0.268,1927.85293865399,0.626856706441053,0.0313428353220527,10.0942143821281,201.884287642562,11.4167431244274,0,2000,1918.9453125,81.0546875,11.4167431244274,10.9139157742139,-325.213160507411,0,11.4167431244274,0.951395260368952,11.4167431244274,0,32.0642588765563,20902,131,1918.9453125,-8.90762615398876,1927.85293865399,1918.9453125,1,1,3,3,20902,0,0,20902,32.0642588765563,20902,0
0.269,1928.97617315713,0.647537455287695,0.0323768727643848,10.1000956242336,202.001912484673,11.3327460136295,0,2000,1933.59375,66.40625,11.3327460136295,10.9207910761052,2170.39528291049,0,11.3327460136295,0.944395501135794,11.3327460136295,0,32.2662011405987,21034,132,1933.59375,4.61757684287386,1928.97617315713,1933.59375,1,1,3,3,21034,0,0,21034,32.2662011405987,21034,0
0.27,1930.08170966309,0.626729539630213,0.0313364769815106,10.1058841998427,202.117683996853,11.3383787910826,0,2000,1933.59375,66.40625,11.3383787910826,10.9264238535583,1808.66273575874,0,11.3383787910826,0.944864899256887,11.3383787910826,0,32.4682618034917,21166,132,1933.59375,3.51204033691033,1930.08170966309,1933.59375,1,1,3,1,21166,1,0,21166,32.4682618034917,21166,0
0.271,1931.12336997256,0.61909528388014,0.030954764194007,10.1113383204689,202.226766409379,11.434883981225,0,2000,1918.9453125,81.0546875,11.434883981225,10.9320566310114,-934.187303534381,0,11.434883981225,0.952906998435413,11.434883981225,0,32.6704343526116,21297,131,1918.9453125,-12.1780574725592,1931.12336997256,1918.9453125,0,1,1,1,21297,0,0,21297,32.6704343526116,21297,0
0.272,1932.22086941237,0.645031680270314,0.0322515840135157,10.117084814098,202.341696281959,11.3508868704271,0,2000,1933.59375,66.40625,11.3508868704271,10.9389319329027,1662.91683038802,0,11.3508868704271,0.945907239202256,11.3508868704271,0,32.8727175322065,21429,132,1933.59375,1.37288058763261,1932.22086941237,1933.59375,0,1,1,1,21429,0,0,21429,32.8727175322065,21429,0
0.273,1933.31663537179,0.626182352455738,0.0313091176227869,10.1228222312449,202.456444624899,11.3565196478802,0,2000,1933.59375,66.40625,11.3565196478802,10.9445647103558,1385.76402532335,0,11.3565196478802,0.946376637323348,11.3565196478802,-1.77635683940025e-15,33.0751173869157,21561,132,1933.59375,0.277114628206846,1933.31663537179,1933.59375,0,1,1,1,21561,0,0,21561,33.0751173869157,21561,0
0.274,1934.35447553333,0.619278287988502,0.0309639143994251,10.1282563496234,202.565126992468,11.3621524253333,0,2000,1933.59375,66.40625,11.3621524253333,10.9501974878089,1154.80335443612,0,11.3621524253333,0.946846035444441,11.3621524253333,0,33.2776284666663,21693,132,1933.59375,-0.760725533328014,1934.35447553333,1933.59375,0,1,1,1,21693,0,0,21693,33.2776284666663,21693,0
0.275,1935.37067157821,0.616824852640403,0.0308412426320201,10.1335771396721,202.671542793442,11.3677852027864,0,2000,1933.59375,66.40625,11.3677852027864,10.955830265262,962.336128696768,0,11.3677852027864,0.947315433565534,11.3677852027864,0,33.480246912817,21825,132,1933.59375,-1.7769215782107,1935.37067157821,1933.59375,0,1,1,1,21825,0,0,21825,33.480246912817,21825,0
0.276,1936.37874187187,0.616029758158235,0.0308014879079117,10.1388553833869,202.777107667737,11.3734179802395,0,2000,1933.59375,66.40625,11.3734179802395,10.9614630427152,801.946773913974,0,11.3734179802395,0.947784831686627,11.3734179802395,-1.77635683940025e-15,33.6829712812349,21957,132,1933.59375,-2.78499187186958,1936.37874187187,1933.59375,0,1,1,1,21957,0,0,21957,33.6829712812349,21957,0
0.277,1937.38372380887,0.615852675709844,0.0307926337854922,10.144117456504,202.882349130079,11.2881783450034,0,2000,1948.2421875,51.7578125,11.2881783450034,10.9670958201683,3109.69522826164,0,11.2881783450034,0.940681528750287,11.2881783450034,0,33.8858010274529,22090,133,1948.2421875,10.8584636911296,1937.38372380887,1948.2421875,1,1,3,1,22090,1,0,22090,33.8858010274529,22090,0
0.278,1938.30779236718,0.587243655210506,0.0293621827605253,10.148955868161,202.97911736322,11.3834410107076,0,2000,1933.59375,66.40625,11.3834410107076,10.9714860731832,150.006440218037,0,11.3834410107076,0.948620084225631,11.3834410107076,0,34.0887329432574,22222,132,1933.59375,-4.71404236718331,1938.30779236718,1933.59375,1,1,3,3,22222,0,0,22222,34.0887329432574,22222,0
0.279,1939.22412898488,0.605335224300551,0.0302667612150275,10.1537537954716,203.075075909432,11.3890737881607,0,2000,1933.59375,66.40625,11.3890737881607,10.9771188506363,125.005366848364,0,11.3890737881607,0.949089482346724,11.3890737881607,-1.77635683940025e-15,34.2917593078441,22354,132,1933.59375,-5.63037898487551,1939.22412898488,1933.59375,1,1,3,3,22354,0,0,22354,34.2917593078441,22354,0
0.28,1940.19474305814,0.612195277311441,0.030609763865572,10.158835918875,203.176718377499,11.3038341529246,0,2000,1948.2421875,51.7578125,11.3038341529246,10.9827516280894,2545.5773890403,0,11.3038341529246,0.941986179410384,11.3038341529246,0,34.4948849339527,22487,133,1948.2421875,8.0474444418619,1940.19474305814,1948.2421875,1,0,2,2,22487,0,0,22487,34.4948849339527,22487,0
0.281,1941.10581919822,0.586208590712021,0.029310429535601,10.1636063023892,203.272126047784,11.3990968186287,0,2000,1933.59375,66.40625,11.3990968186287,10.9871418811044,-320.09175913308,0,11.3990968186287,0.949924734885728,11.3990968186287,0,34.6981104310821,22619,132,1933.59375,-7.51206919821539,1941.10581919822,1933.59375,1,0,2,2,22619,0,0,22619,34.6981104310821,22619,0
0.282,1942.0171298285,0.605277658348493,0.0302638829174247,10.1683779136912,203.367558273825,11.3138571833926,0,2000,1948.2421875,51.7578125,11.3138571833926,10.9927746585575,2174.6631173891,0,11.3138571833926,0.942821431949387,11.3138571833926,0,34.901429501067,22752,133,1948.2421875,6.22505767150369,1942.0171298285,1948.2421875,0,0,0,0,22752,0,0,22752,34.901429501067,22752,0
0.283,1942.90598585739,0.583840033524142,0.0291920016762071,10.1730319529753,203.460639059507,11.4091198490968,0,2000,1933.59375,66.40625,11.4091198490968,10.9971649115724,-629.186985509083,0,11.4091198490968,0.950759987424731,11.4091198490968,0,35.1048444879246,22884,132,1933.59375,-9.31223585738667,1942.90598585739,1933.59375,0,0,0,0,22884,0,0,22884,35.1048444879246,22884,0
0.284,1943.80889426573,0.604604279439193,0.0302302139719597,10.1777595703462,203.555191406924,11.3238802138607,0,2000,1948.2421875,51.7578125,11.3238802138607,11.0027976890255,1917.08376207576,0,11.3238802138607,0.943656684488391,11.3238802138607,0,35.3083515613987,23017,133,1948.2421875,4.43329323426792,1943.80889426573,1948.2421875,0,1,1,1,23017,0,0,23017,35.3083515613987,23017,0
0.285,1944.69449790147,0.583798553208084,0.0291899276604042,10.1823965801396,203.647931602792,11.3282704668756,0,2000,1948.2421875,51.7578125,11.3282704668756,11.0071879420404,1597.5698017298,0,11.3282704668756,0.944022538906302,11.3282704668756,0,35.5119539851552,23150,133,1948.2421875,3.54768959852959,1944.69449790147,1948.2421875,1,1,3,3,23150,0,0,23150,35.5119539851552,23150,0
0.286,1945.51637161324,0.57613619460136,0.028806809730068,10.1866999008313,203.733998016627,11.4235331325798,0,2000,1933.59375,66.40625,11.4235331325798,11.0115781950554,-1110.09808189183,0,11.4235331325798,0.951961094381646,11.4235331325798,0,35.7156452727245,23282,132,1933.59375,-11.9226216132354,1945.51637161324,1933.59375,1,1,3,3,23282,0,0,23282,35.7156452727245,23282,0
0.287,1946.39413872375,0.602033202704706,0.0301016601352353,10.1912958786746,203.825917573492,11.3382934973437,0,2000,1948.2421875,51.7578125,11.3382934973437,11.0172109725085,1516.32451509014,0,11.3382934973437,0.944857791445306,11.3382934973437,0,35.9194241780747,23415,133,1948.2421875,1.84804877625379,1946.39413872375,1948.2421875,1,0,2,2,23415,0,0,23415,35.9194241780747,23415,0
0.288,1947.27019234729,0.583140282573719,0.029157014128686,10.195882884721,203.917657694421,11.3426837503586,0,2000,1948.2421875,51.7578125,11.3426837503586,11.0216012255234,1263.60376257512,0,11.3426837503586,0.945223645863216,11.3426837503586,0,36.123296749443,23548,133,1948.2421875,0.971995152712907,1947.27019234729,1948.2421875,0,0,0,0,23548,0,0,23548,36.123296749443,23548,0
0.289,1948.08832739953,0.576191060079353,0.0288095530039677,10.2001666298373,204.003332596747,11.3470740033735,0,2000,1948.2421875,51.7578125,11.3470740033735,11.0259914785384,1053.00313547926,0,11.3470740033735,0.945589500281127,11.3470740033735,0,36.3272575380734,23681,133,1948.2421875,0.153860100467909,1948.08832739953,1948.2421875,0,1,1,1,23681,0,0,23681,36.3272575380734,23681,0
0.29,1948.88482080819,0.573691883947401,0.0286845941973701,10.2043370595728,204.086741191456,11.3514642563885,0,2000,1948.2421875,51.7578125,11.3514642563885,11.0303817315533,877.502612899387,0,11.3514642563885,0.945955354699038,11.3514642563885,0,36.531302685792,23814,133,1948.2421875,-0.642633308192671,1948.88482080819,1948.2421875,1,1,3,3,23814,0,0,23814,36.531302685792,23814,0
0.291,1949.67318917064,0.572850832137255,0.0286425416068627,10.2084649466658,204.169298933316,11.3558545094034,0,2000,1948.2421875,51.7578125,11.3558545094034,11.0347719845682,731.252177416156,0,11.3558545094034,0.946321209116949,11.3558545094034,0,36.7354307486174,23947,133,1948.2421875,-1.4310016706429,1949.67318917064,1948.2421875,1,0,2,2,23947,0,0,23947,36.7354307486174,23947,0
0.292,1950.45846922565,0.572627712249286,0.0286313856124643,10.2125766634188,204.251533268377,11.3602447624183,0,2000,1948.2421875,51.7578125,11.3602447624183,11.0391622375831,609.376814513464,0,11.3602447624183,0.946687063534859,11.3602447624183,0,36.9396411821162,24080,133,1948.2421875,-2.2162817256542,1950.45846922565,1948.2421875,0,0,0,0,24080,0,0,24080,36.9396411821162,24080,0
0.293,1951.2425383482,0.57263497619227,0.0286317488096135,10.2166820397443,204.333640794886,11.273762602744,0,2000,1962.890625,37.109375,11.273762602744,11.0435524905981,2949.22026209455,0,11.273762602744,0.939480216895337,11.273762602744,0,37.1439337770882,24214,134,1962.890625,11.6480866518039,1951.2425383482,1962.890625,1,1,3,1,24214,1,0,24214,37.1439337770882,24214,0
0.294,1951.94639417512,0.544065881305925,0.0272032940652963,10.220367420236,204.407348404721,11.36778274401,0,2000,1948.2421875,51.7578125,11.36778274401,11.0467002191748,16.277301745461,0,11.36778274401,0.947315228667498,11.36778274401,0,37.3483054502953,24347,133,1948.2421875,-3.7042066751153,1951.94639417512,1948.2421875,1,0,2,2,24347,0,0,24347,37.3483054502953,24347,0
0.295,1952.64277949261,0.562143567371103,0.0281071783685552,10.2240136852319,204.480273704638,11.3721729970249,0,2000,1948.2421875,51.7578125,11.3721729970249,11.0510904721897,13.5644181212175,0,11.3721729970249,0.947681083085409,11.3721729970249,0,37.5527485275584,24480,133,1948.2421875,-4.40059199261282,1952.64277949261,1948.2421875,0,0,0,0,24480,0,0,24480,37.5527485275584,24480,0
0.296,1953.39354025963,0.568969688228469,0.0284484844114235,10.2279446594157,204.558893188314,11.3765632500398,0,2000,1948.2421875,51.7578125,11.3765632500398,11.0554807252047,11.3036817676813,0,11.3765632500398,0.94804693750332,11.3765632500398,-1.77635683940025e-15,37.7572678390512,24613,133,1948.2421875,-5.15135275963326,1953.39354025963,1948.2421875,0,1,1,1,24613,0,0,24613,37.7572678390512,24613,0
0.297,1954.16450282576,0.571603949364474,0.0285801974682237,10.2319814099722,204.639628199445,11.2900810903656,0,2000,1962.890625,37.109375,11.2900810903656,11.0598709782196,2450.8259848064,0,11.2900810903656,0.940840090863797,11.2900810903656,0,37.9618669998521,24747,134,1962.890625,8.72612217424285,1954.16450282576,1962.890625,1,0,2,2,24747,0,0,24747,37.9618669998521,24747,0
0.298,1954.86323320266,0.544014241563689,0.0272007120781844,10.2356399536704,204.712799073409,11.3841012316315,0,2000,1948.2421875,51.7578125,11.3841012316315,11.0630187067963,-399.051262661332,0,11.3841012316315,0.948675102635959,11.3841012316315,0,38.1665443518913,24880,133,1948.2421875,-6.62104570266024,1954.86323320266,1948.2421875,0,0,0,0,24880,0,0,24880,38.1665443518913,24880,0
0.299,1955.55746989254,0.562457453656879,0.028122872682844,10.2392749684784,204.785499369568,11.2976190719572,0,2000,1962.890625,37.109375,11.2976190719572,11.0674089598113,2108.86353111556,0,11.2976190719572,0.941468255996436,11.2976190719572,0,38.3712927523136,25014,134,1962.890625,7.33315510745888,1955.55746989254,1962.890625,1,1,3,3,25014,0,0,25014,38.3712927523136,25014,0
0.3,1956.22749171837,0.5407580337126,0.02703790168563,10.2427831945547,204.855663891094,11.3916392132232,0,2000,1948.2421875,51.7578125,11.3916392132232,11.070556688388,-684.019974070369,0,11.3916392132232,0.949303267768598,11.3916392132232,0,38.5761142305681,25147,133,1948.2421875,-7.98530421836608,1956.22749171837,1948.2421875,1,0,2,2,25147,0,0,25147,38.5761142305681,25147,0
0.301,1956.91091140298,0.561396119533379,0.028069805976669,10.2463615716555,204.92723143311,11.3051570535489,0,2000,1962.890625,37.109375,11.3051570535489,11.0749469414029,1871.38960494136,0,11.3051570535489,0.942096421129075,11.3051570535489,0,38.7810048393368,25281,134,1962.890625,5.9797135970191,1956.91091140298,1962.890625,0,1,1,1,25281,0,0,25281,38.7810048393368,25281,0
0.302,1957.57678374443,0.540514763521711,0.0270257381760855,10.2498480710824,204.996961421647,11.3991771948148,0,2000,1948.2421875,51.7578125,11.3991771948148,11.0780946699797,-881.914912548868,0,11.3991771948148,0.949931432901237,11.3991771948148,0,38.9859677988076,25414,133,1948.2421875,-9.33459624442503,1957.57678374443,1948.2421875,1,1,3,3,25414,0,0,25414,38.9859677988076,25414,0
0.303,1958.2585396931,0.561457949087329,0.0280728974543665,10.2534177368822,205.068354737644,11.3126950351406,0,2000,1962.890625,37.109375,11.3126950351406,11.0824849229946,1706.47715620928,0,11.3126950351406,0.942724586261715,11.3126950351406,0,39.1909996054687,25548,134,1962.890625,4.63208530689917,1958.2585396931,1962.890625,0,0,0,0,25548,0,0,25548,39.1909996054687,25548,0
0.304,1958.92367601643,0.54069057281566,0.027034528640783,10.2569003825272,205.138007650544,11.3158427637173,0,2000,1962.890625,37.109375,11.3158427637173,11.0856326515713,1422.06429684106,0,11.3158427637173,0.942986896976443,11.3158427637173,0,39.3961036450258,25682,134,1962.890625,3.96694898357123,1958.92367601643,1962.890625,1,1,3,3,25682,0,0,25682,39.3961036450258,25682,0
0.305,1959.5253405271,0.533014176925625,0.0266507088462813,10.2600506905383,205.201013810766,11.3189904922941,0,2000,1962.890625,37.109375,11.3189904922941,11.0887803801481,1185.05358070089,0,11.3189904922941,0.943249207691171,11.3189904922941,0,39.6012734767779,25816,134,1962.890625,3.36528447290152,1959.5253405271,1962.890625,0,0,0,2,25816,1,0,25816,39.6012734767779,25816,0
0.306,1960.10329476942,0.530215271140437,0.0265107635570219,10.2630768518746,205.261537037492,11.41301063356,0,2000,1948.2421875,51.7578125,11.41301063356,11.0919281087248,-1453.86159941593,0,11.41301063356,0.951084219463333,11.41301063356,0,39.806504873018,25949,133,1948.2421875,-11.8611072694209,1960.10329476942,1948.2421875,0,1,1,1,25949,0,0,25949,39.806504873018,25949,0
0.307,1960.7520562427,0.557896093213249,0.0278948046606625,10.2664737590052,205.329475180105,11.3265284738857,0,2000,1962.890625,37.109375,11.3265284738857,11.0963183617398,1229.85491715339,0,11.3265284738857,0.94387737282381,11.3265284738857,-1.77635683940025e-15,40.0117992511469,26083,134,1962.890625,2.13856875730221,1960.7520562427,1962.890625,1,0,2,2,26083,0,0,26083,40.0117992511469,26083,0
0.308,1961.40466430102,0.539639592275748,0.0269819796137874,10.2698908068081,205.397816136162,11.3296762024625,0,2000,1962.890625,37.109375,11.3296762024625,11.0994660903165,1024.87909762783,0,11.3296762024625,0.944139683538539,11.3296762024625,0,40.2171636521013,26217,134,1962.890625,1.48596069897508,1961.40466430102,1962.890625,0,1,1,1,26217,0,0,26217,40.2171636521013,26217,0
0.309,1962.00142886807,0.532899293113763,0.0266449646556881,10.2730154587743,205.460309175487,11.3328239310392,0,2000,1962.890625,37.109375,11.3328239310392,11.1026138188932,854.065914689857,0,11.3328239310392,0.944401994253267,11.3328239310392,-1.77635683940025e-15,40.4225929973509,26351,134,1962.890625,0.889196131930476,1962.00142886807,1962.890625,1,0,2,2,26351,0,0,26351,40.4225929973509,26351,0
0.31,1962.57732841505,0.530449758292211,0.0265224879146106,10.276030861751,205.52061723502,11.3359716596159,0,2000,1962.890625,37.109375,11.3359716596159,11.10576154747,711.72159557488,0,11.3359716596159,0.944664304967995,11.3359716596159,0,40.6280835670278,26485,134,1962.890625,0.313296584946329,1962.57732841505,1962.890625,0,1,1,1,26485,0,0,26485,40.6280835670278,26485,0
0.311,1963.14539572403,0.529598994689202,0.0264799497344601,10.2790052552254,205.580105104508,11.3391193881927,0,2000,1962.890625,37.109375,11.3391193881927,11.1089092760467,593.101329645734,0,11.3391193881927,0.944926615682724,11.3391193881927,-1.77635683940025e-15,40.833633969044,26619,134,1962.890625,-0.254770724026457,1963.14539572403,1962.890625,1,0,2,2,26619,0,0,26619,40.833633969044,26619,0
0.312,1963.71048723104,0.529344040682049,0.0264672020341024,10.2819640674371,205.639281348742,11.3422671167694,0,2000,1962.890625,37.109375,11.3422671167694,11.1120570046235,494.251108038111,0,11.3422671167694,0.945188926397452,11.3422671167694,0,41.0392436786602,26753,134,1962.890625,-0.81986223103695,1963.71048723104,1962.890625,0,1,1,1,26753,0,0,26753,41.0392436786602,26753,0
0.313,1964.27441308908,0.529311219423405,0.0264655609711703,10.2849167763251,205.698335526501,11.3454148453462,0,2000,1962.890625,37.109375,11.3454148453462,11.1152047332002,411.875923365093,0,11.3454148453462,0.945451237112181,11.3454148453462,-1.77635683940025e-15,41.2449124943685,26887,134,1962.890625,-1.3837880890751,1964.27441308908,1962.890625,1,0,2,2,26887,0,0,26887,41.2449124943685,26887,0
0.314,1964.83784848267,0.529361307572785,0.0264680653786392,10.2878669171472,205.757338342944,11.3485625739229,0,2000,1962.890625,37.109375,11.3485625739229,11.1183524617769,343.229936137577,0,11.3485625739229,0.945713547826909,11.3485625739229,0,41.4506403351699,27021,134,1962.890625,-1.94722348267055,1964.83784848267,1962.890625,0,1,1,1,27021,0,0,27021,41.4506403351699,27021,0
0.315,1965.40104572915,0.529442432477259,0.026472121623863,10.290815811034,205.81631622068,11.3517103024996,0,2000,1962.890625,37.109375,11.3517103024996,11.1215001903537,286.024946781314,0,11.3517103024996,0.945975858541637,11.3517103024996,-1.77635683940025e-15,41.6564271650434,27155,134,1962.890625,-2.51042072914947,1965.40104572915,1962.890625,1,0,2,2,27155,0,0,27155,41.6564271650434,27155,0
0.316,1965.96409958725,0.529535265875007,0.0264767632937504,10.2937639541409,205.875279082819,11.3548580310764,0,2000,1962.890625,37.109375,11.3548580310764,11.1246479189304,238.354122317762,0,11.3548580310764,0.946238169256366,11.3548580310764,0,41.8622729648055,27289,134,1962.890625,-3.07347458724689,1965.96409958725,1962.890625,0,1,1,1,27289,0,0,27289,41.8622729648055,27289,0
0.317,1966.52704610367,0.529632604639118,0.0264816302319559,10.2967115352082,205.934230704164,11.2671333469639,0,2000,1977.5390625,22.4609375,11.2671333469639,11.1277956475072,2640.0346852648,0,11.2671333469639,0.938927778913661,11.2671333469639,0,42.0681777216233,27424,135,1977.5390625,11.0120163963322,1966.52704610367,1977.5390625,0,0,0,0,27424,0,0,27424,42.0681777216233,27424,0
0.318,1967.0101968022,0.501069411976962,0.0250534705988481,10.29924130635,205.984826127,11.3599109637917,0,2000,1962.890625,37.109375,11.3599109637917,11.1297008516457,-241.377345612665,0,11.3599109637917,0.94665924698264,11.3599109637917,0,42.2741384260853,27558,134,1962.890625,-4.11957180220156,1967.0101968022,1962.890625,1,1,3,3,27558,0,0,27558,42.2741384260853,27558,0
0.319,1967.48603875729,0.519121623443355,0.0259560811721678,10.3017328090006,206.034656180013,11.3630586923684,0,2000,1962.890625,37.109375,11.3630586923684,11.1328485802225,-201.147788010554,0,11.3630586923684,0.946921557697369,11.3630586923684,-1.77635683940025e-15,42.4801474321742,27692,134,1962.890625,-4.59541375728782,1967.48603875729,1962.890625,0,0,0,0,27692,0,0,27692,42.4801474321742,27692,0
0.32,1968.01632257244,0.525910563296191,0.0262955281648096,10.3045093685639,206.090187371279,11.275334008256,0,2000,1977.5390625,22.4609375,11.275334008256,11.1359963087992,2273.78309332454,0,11.275334008256,0.939611167354664,11.275334008256,0,42.6862095812038,27827,135,1977.5390625,9.52273992756295,1968.01632257244,1977.5390625,1,0,2,3,27827,1,0,27827,42.6862095812038,27827,0
0.321,1968.4871363487,0.499840914706861,0.0249920457353431,10.3069745437318,206.139490874636,11.3681116250837,0,2000,1962.890625,37.109375,11.3681116250837,11.1379015129377,-546.587005562885,0,11.3681116250837,0.947342635423643,11.3681116250837,-1.77635683940025e-15,42.8923254940187,27961,134,1962.890625,-5.59651134870205,1968.4871363487,1962.890625,0,1,1,1,27961,0,0,27961,42.8923254940187,27961,0
0.322,1968.95821646234,0.518822588428042,0.0259411294214021,10.3094411134389,206.188822268779,11.3712593536605,0,2000,1962.890625,37.109375,11.3712593536605,11.1410492415145,-455.489171302404,0,11.3712593536605,0.947604946138372,11.3712593536605,0,43.098488877372,28095,134,1962.890625,-6.06759146234435,1968.95821646234,1962.890625,1,0,2,2,28095,0,0,28095,43.098488877372,28095,0
0.323,1969.48656294109,0.525958252496381,0.0262979126248191,10.3122075291325,206.244150582651,11.283534669548,0,2000,1977.5390625,22.4609375,11.283534669548,11.1441969700912,2061.83194058133,0,11.283534669548,0.940294555795667,11.283534669548,0,43.3047050768171,28230,135,1977.5390625,8.05249955891395,1969.48656294109,1977.5390625,1,1,3,3,28230,0,0,28230,43.3047050768171,28230,0
0.324,1969.95649392705,0.500018210741208,0.0250009105370604,10.3146680820212,206.293361640424,11.3763122863758,0,2000,1962.890625,37.109375,11.3763122863758,11.1461021742298,-723.212966182225,0,11.3763122863758,0.948026023864646,11.3763122863758,0,43.5109749012979,28364,134,1962.890625,-7.06586892704513,1969.95649392705,1962.890625,0,0,0,0,28364,0,0,28364,43.5109749012979,28364,0
0.325,1970.42708633038,0.519048593777399,0.0259524296888699,10.3171320980831,206.342641961662,11.2885876022633,0,2000,1977.5390625,22.4609375,11.2885876022633,11.1492499028065,1838.72877818148,0,11.2885876022633,0.940715633521941,11.2885876022633,0,43.7172921278784,28499,135,1977.5390625,7.11197616962227,1970.42708633038,1977.5390625,1,0,2,2,28499,0,0,28499,43.7172921278784,28499,0
0.326,1970.87539181254,0.497540470168079,0.024877023508404,10.3194794200986,206.389588401972,11.381365219091,0,2000,1962.890625,37.109375,11.381365219091,11.1511551069451,-909.132268182101,0,11.381365219091,0.948447101590921,11.381365219091,0,43.9236591295125,28633,134,1962.890625,-7.9847668125376,1970.87539181254,1962.890625,0,1,1,1,28633,0,0,28633,43.9236591295125,28633,0
0.327,1971.33782064932,0.518222341676798,0.0259111170838399,10.321900691826,206.43801383652,11.2936405349786,0,2000,1977.5390625,22.4609375,11.2936405349786,11.1543028355218,1683.79602651492,0,11.2936405349786,0.941136711248216,11.2936405349786,0,44.1300720876213,28768,135,1977.5390625,6.2012418506813,1971.33782064932,1977.5390625,0,0,0,0,28768,0,0,28768,44.1300720876213,28768,0
0.328,1971.78297954367,0.497329794261944,0.0248664897130972,10.3242315383463,206.484630766926,11.3864181518063,0,2000,1962.890625,37.109375,11.3864181518063,11.1562080396604,-1038.2428945709,0,11.3864181518063,0.948868179317195,11.3864181518063,0,44.3365342711062,28902,134,1962.890625,-8.89235454366758,1971.78297954367,1962.890625,1,1,3,3,28902,0,0,28902,44.3365342711062,28902,0
0.329,1972.24413240215,0.518241286941116,0.0259120643470558,10.326646129067,206.532922581339,11.2986934676939,0,2000,1977.5390625,22.4609375,11.2986934676939,11.1593557682371,1576.20383785758,0,11.2986934676939,0.94155778897449,11.2986934676939,0,44.5430421953433,29037,135,1977.5390625,5.29493009784596,1972.24413240215,1977.5390625,0,1,1,1,29037,0,0,29037,44.5430421953433,29037,0
0.33,1972.68871366132,0.497434561176033,0.0248717280588016,10.3289739510965,206.57947902193,11.3005986718324,0,2000,1977.5390625,22.4609375,11.3005986718324,11.1612609723757,1313.50319821465,0,11.3005986718324,0.941716555986036,11.3005986718324,0,44.7495992538038,29172,135,1977.5390625,4.85034883867729,1972.68871366132,1977.5390625,0,0,0,0,29172,0,0,29172,44.7495992538038,29172,0
0.331,1973.06984781731,0.48971594506761,0.0244857972533805,10.3309695648707,206.619391297413,11.3933762886602,0,2000,1962.890625,37.109375,11.3933762886602,11.1631661765142,-1346.82025148779,0,11.3933762886602,0.949448024055016,11.3933762886602,-1.77635683940025e-15,44.9561990093987,29306,134,1962.890625,-10.1792228173097,1973.06984781731,1962.890625,1,1,3,3,29306,0,0,29306,44.9561990093987,29306,0
0.332,1973.5069902732,0.51553608283763,0.0257768041418815,10.3332584374173,206.665168748346,11.3056516045477,0,2000,1977.5390625,22.4609375,11.3056516045477,11.166313905091,1319.05604042684,0,11.3056516045477,0.942137633712311,11.3056516045477,0,45.1628402354984,29441,135,1977.5390625,4.03207222680044,1973.5069902732,1977.5390625,0,1,1,1,29441,0,0,29441,45.1628402354984,29441,0
0.333,1973.94247145181,0.496558587670359,0.0248279293835179,10.3355386115365,206.71077223073,11.3075568086863,0,2000,1977.5390625,22.4609375,11.3075568086863,11.1682191092295,1099.21336702237,0,11.3075568086863,0.942296400723857,11.3075568086863,0,45.3695289885603,29576,135,1977.5390625,3.59659104818934,1973.94247145181,1977.5390625,0,0,0,0,29576,0,0,29576,45.3695289885603,29576,0
0.334,1974.32006278411,0.489521894974535,0.0244760947487267,10.3375156751291,206.750313502583,11.3094620128248,0,2000,1977.5390625,22.4609375,11.3094620128248,11.1701243133681,916.011139185306,0,11.3094620128248,0.942455167735403,11.3094620128248,0,45.5762598238689,29711,135,1977.5390625,3.21899971589323,1974.32006278411,1977.5390625,1,0,2,3,29711,1,0,29711,45.5762598238689,29711,0
0.335,1974.67603232214,0.486934145706196,0.0243467072853098,10.3393795272718,206.787590545435,11.4022396296526,0,2000,1962.890625,37.109375,11.4022396296526,11.1720295175066,-1678.06363401224,0,11.4022396296526,0.950186635804383,11.4022396296526,-1.77635683940025e-15,45.78302888572,29845,134,1962.890625,-11.7854073221356,1974.67603232214,1962.890625,0,1,1,1,29845,0,0,29845,45.78302888572,29845,0
0.336,1975.10359587065,0.514666437058434,0.0257333218529217,10.3416182447767,206.832364895534,11.3145149455401,0,2000,1977.5390625,22.4609375,11.3145149455401,11.1751772460834,1043.01988832313,0,11.3145149455401,0.942876245461678,11.3145149455401,0,45.9898377310265,29980,135,1977.5390625,2.43546662934614,1975.10359587065,1977.5390625,0,0,0,0,29980,0,0,29980,45.9898377310265,29980,0
0.337,1975.53530769188,0.496401887800219,0.024820094390011,10.3438786825868,206.877573651735,11.3164201496787,0,2000,1977.5390625,22.4609375,11.3164201496787,11.1770824502219,869.183240269275,0,11.3164201496787,0.943035012473224,11.3164201496787,0,46.1966934536053,30115,135,1977.5390625,2.00375480811931,1975.53530769188,1977.5390625,1,0,2,2,30115,0,0,30115,46.1966934536053,30115,0
0.338,1975.91129686193,0.489631343362835,0.0244815671681417,10.3458473572776,206.916947145551,11.3183253538172,0,2000,1977.5390625,22.4609375,11.3183253538172,11.1789876543605,724.319366891062,0,11.3183253538172,0.94319377948477,11.3183253538172,0,46.403590995518,30250,135,1977.5390625,1.62776563806551,1975.91129686193,1977.5390625,1,1,3,3,30250,0,0,30250,46.403590995518,30250,0
0.339,1976.26647435881,0.487143271218709,0.0243571635609355,10.3477070623024,206.954141246048,11.3202305579558,0,2000,1977.5390625,22.4609375,11.3202305579558,11.180892858499,603.599472409218,0,11.3202305579558,0.943352546496316,11.3202305579558,0,46.6105266454461,30385,135,1977.5390625,1.27258814118568,1976.26647435881,1977.5390625,0,1,1,1,30385,0,0,30385,46.6105266454461,30385,0
0.34,1976.61384770547,0.486250859116212,0.0243125429558106,10.3495259048922,206.990518097845,11.3221357620943,0,2000,1977.5390625,22.4609375,11.3221357620943,11.1827980626376,502.999560341015,0,11.3221357620943,0.943511313507862,11.3221357620943,0,46.8174990153531,30520,135,1977.5390625,0.925214794534895,1976.61384770547,1977.5390625,0,0,0,0,30520,0,0,30520,46.8174990153531,30520,0
0.341,1976.9582638156,0.485953075972504,0.0242976537986252,10.3513292634279,207.026585268558,11.3240409662329,0,2000,1977.5390625,22.4609375,11.3240409662329,11.1847032667761,419.166300284179,0,11.3240409662329,0.943670080519409,11.3240409662329,0,47.0245075828628,30655,135,1977.5390625,0.580798684397678,1976.9582638156,1977.5390625,1,0,2,2,30655,0,0,30655,47.0245075828628,30655,0
0.342,1977.30152918444,0.485876964496069,0.0242938482248034,10.3531265966962,207.062531933924,11.3259461703715,0,2000,1977.5390625,22.4609375,11.3259461703715,11.1866084709147,349.305250236816,0,11.3259461703715,0.943828847530955,11.3259461703715,0,47.2315521481911,30790,135,1977.5390625,0.237533315555311,1977.30152918444,1977.5390625,1,1,3,3,30790,0,0,30790,47.2315521481911,30790,0
0.343,1977.64431752524,0.485883569720348,0.0242941784860174,10.3549214322515,207.098428645029,11.32785137451,0,2000,1977.5390625,22.4609375,11.32785137451,11.1885136750532,291.08770853068,0,11.32785137451,0.943987614542501,11.32785137451,0,47.4386326318114,30925,135,1977.5390625,-0.105255025235692,1977.64431752524,1977.5390625,0,1,1,1,30925,0,0,30925,47.4386326318114,30925,0
0.344,1977.98688050009,0.485921119264962,0.0242960559632481,10.3567150877935,207.134301755869,11.3297565786486,0,2000,1977.5390625,22.4609375,11.3297565786486,11.1904188791918,242.573090442234,0,11.3297565786486,0.944146381554047,11.3297565786486,0,47.6457489990719,31060,135,1977.5390625,-0.447818000091729,1977.98688050009,1977.5390625,0,0,0,0,31060,0,0,31060,47.6457489990719,31060,0
0.345,1978.32931251805,0.485970322507049,0.0242985161253525,10.3585080576467,207.170161152935,11.3316617827871,0,2000,1977.5390625,22.4609375,11.3316617827871,11.1923240833303,202.144242035195,0,11.3316617827871,0.944305148565593,11.3316617827871,0,47.8529012321071,31195,135,1977.5390625,-0.79025001804871,1978.32931251805,1977.5390625,1,0,2,2,31195,0,0,31195,47.8529012321071,31195,0
0.346,1978.67164939138,0.486023990619327,0.0243011995309664,10.3603005293239,207.206010586478,11.3335669869257,0,2000,1977.5390625,22.4609375,11.3335669869257,11.1942292874689,168.453535029329,0,11.3335669869257,0.944463915577139,11.3335669869257,0,48.0600893193736,31330,135,1977.5390625,-1.13258689137842,1978.67164939138,1977.5390625,1,1,3,3,31330,0,0,31330,48.0600893193736,31330,0
0.347,1979.01390509219,0.486079443579858,0.0243039721789929,10.3620925759828,207.241851519656,11.3354721910642,0,2000,1977.5390625,22.4609375,11.3354721910642,11.1961344916075,140.377945857774,0,11.3354721910642,0.944622682588686,11.3354721910642,0,48.2673132517495,31465,135,1977.5390625,-1.47484259218959,1979.01390509219,1977.5390625,0,1,1,1,31465,0,0,31465,48.2673132517495,31465,0
0.348,1979.35608544705,0.48613568124107,0.0243067840620535,10.3638842281312,207.277684562623,11.3373773952028,0,2000,1977.5390625,22.4609375,11.3373773952028,11.198039695746,116.981621548145,0,11.3373773952028,0.944781449600232,11.3373773952028,0,48.4745730210804,31600,135,1977.5390625,-1.81702294704974,1979.35608544705,1977.5390625,0,0,0,0,31600,0,0,31600,48.4745730210804,31600,0
0.349,1979.69819323928,0.486192329350834,0.0243096164675417,10.3656755003425,207.313510006851,11.3392825993413,0,2000,1977.5390625,22.4609375,11.3392825993413,11.1999448998846,97.4846846234542,0,11.3392825993413,0.944940216611778,11.3392825993413,0,48.6818686196375,31735,135,1977.5390625,-2.15913073928323,1979.69819323928,1977.5390625,1,0,2,2,31735,0,0,31735,48.6818686196375,31735,0
0.35,1980.04023011007,0.486249246869818,0.0243124623434909,10.3674664012101,207.349328024202,11.3411878034799,0,2000,1977.5390625,22.4609375,11.3411878034799,11.2018501040231,81.2372371862118,0,11.3411878034799,0.945098983623324,11.3411878034799,0,48.8892000399135,31870,135,1977.5390625,-2.50116761007462,1980.04023011007,1977.5390625,1,1,3,3,31870,0,0,31870,48.8892000399135,31870,0
0.351,1980.38219726686,0.486306379668894,0.0243153189834447,10.369256937056,207.385138741119,11.3430930076184,0,2000,1977.5390625,22.4609375,11.3430930076184,11.2037553081617,67.6976976551765,0,11.3430930076184,0.94525775063487,11.3430930076184,0,49.0965672745471,32005,135,1977.5390625,-2.84313476686157,1980.38219726686,1977.5390625,0,1,1,1,32005,0,0,32005,49.0965672745471,32005,0
0.352,1980.72409574741,0.486363706020642,0.0243181853010321,10.3710471133139,207.420942266278,11.2541257990678,0,2000,1992.1875,7.8125,11.2541257990678,11.2056605123002,2497.82099804598,0,11.2541257990678,0.937843816588983,11.2541257990678,0,49.303970316293,32141,136,1992.1875,11.4634042525902,1980.72409574741,1992.1875,0,1,1,1,32141,0,0,32141,49.303970316293,32141,0
0.353,1980.98622387986,0.457758865120446,0.0228879432560223,10.3724196130059,207.448392260118,11.3456608914574,0,2000,1977.5390625,22.4609375,11.3456608914574,11.2063231920006,-359.888751628349,0,11.3456608914574,0.94547174095478,11.3456608914574,0,49.5114061589876,32276,135,1977.5390625,-3.44716137985529,1980.98622387986,1977.5390625,0,0,0,0,32276,0,0,32276,49.5114061589876,32276,0
0.354,1981.24106367206,0.475768789918413,0.0237884394959207,10.3737539510376,207.475079020753,11.3475660955959,0,2000,1977.5390625,22.4609375,11.3475660955959,11.2082283961391,-299.907293023625,0,11.3475660955959,0.945630507966326,11.3475660955959,0,49.718867158975,32411,135,1977.5390625,-3.70200117206218,1981.24106367206,1977.5390625,1,0,2,2,32411,0,0,32411,49.718867158975,32411,0
0.355,1981.55036369165,0.482515176666753,0.0241257588333376,10.3753734421531,207.507468843063,11.3494712997345,0,2000,1977.5390625,22.4609375,11.3494712997345,11.2101336002777,-249.922744186354,0,11.3494712997345,0.945789274977873,11.3494712997345,0,49.9263581595836,32546,135,1977.5390625,-4.01130119165464,1981.55036369165,1977.5390625,1,1,3,3,32546,0,0,32546,49.9263581595836,32546,0
0.356,1981.87991377341,0.485065198689668,0.0242532599344834,10.3770989623462,207.541979246924,11.2605040911838,0,2000,1992.1875,7.8125,11.2605040911838,11.2120388044163,2233.13729651137,0,11.2605040911838,0.938375340931985,11.2605040911838,0,50.1338827825512,32682,136,1992.1875,10.3075862265905,1981.87991377341,1992.1875,1,1,3,3,32682,0,0,32682,50.1338827825512,32682,0
0.357,1982.13726609816,0.457389529675268,0.0228694764837634,10.3784464559676,207.568929119351,11.3520391835734,0,2000,1977.5390625,22.4609375,11.3520391835734,11.2127014841166,-580.45850290719,0,11.3520391835734,0.946003265297783,11.3520391835734,0,50.3414393740235,32817,135,1977.5390625,-4.59820359815899,1982.13726609816,1977.5390625,0,1,1,1,32817,0,0,32817,50.3414393740235,32817,0
0.358,1982.39015379171,0.475746095877425,0.0237873047938713,10.3797705728347,207.595411456693,11.3539443877119,0,2000,1977.5390625,22.4609375,11.3539443877119,11.2146066882552,-483.715419089325,0,11.3539443877119,0.946162032309329,11.3539443877119,0,50.5490207944273,32952,135,1977.5390625,-4.85109129171497,1982.39015379171,1977.5390625,0,0,0,0,32952,0,0,32952,50.5490207944273,32952,0
0.359,1982.698556092,0.482622083634096,0.0241311041817048,10.3813853635029,207.627707270057,11.2649771791613,0,2000,1992.1875,7.8125,11.2649771791613,11.2165118923937,2038.31006742556,0,11.2649771791613,0.938748098263442,11.2649771791613,0,50.7566320751447,33088,136,1992.1875,9.48894390799751,1982.698556092,1992.1875,0,0,0,0,33088,0,0,33088,50.7566320751447,33088,0
0.36,1982.94790096196,0.456558486318558,0.0228279243159279,10.382690930189,207.653818603779,11.3565122715509,0,2000,1977.5390625,22.4609375,11.3565122715509,11.2171745720941,-742.814527145365,0,11.3565122715509,0.946376022629239,11.3565122715509,0,50.9642739091986,33223,135,1977.5390625,-5.40883846195538,1982.94790096196,1977.5390625,1,0,2,2,33223,0,0,33223,50.9642739091986,33223,0
0.361,1983.19767865363,0.475516000425713,0.0237758000212856,10.3839987631243,207.679975262486,11.3584174756894,0,2000,1977.5390625,22.4609375,11.3584174756894,11.2190797762326,-619.01210595447,0,11.3584174756894,0.946534789640785,11.3584174756894,0,51.1719400315784,33358,135,1977.5390625,-5.65861615362837,1983.19767865363,1977.5390625,1,1,3,3,33358,0,0,33358,51.1719400315784,33358,0
0.362,1983.50479732266,0.482616215764652,0.0241308107882326,10.385606832715,207.712136654299,11.2694502671388,0,2000,1992.1875,7.8125,11.2694502671388,11.2209849803712,1925.56282837127,0,11.2694502671388,0.939120855594898,11.2694502671388,0,51.379635799685,33494,136,1992.1875,8.68270267733851,1983.50479732266,1992.1875,1,1,3,3,33494,0,0,33494,51.379635799685,33494,0
0.363,1983.75354071136,0.456636486328649,0.0228318243164325,10.3869092500526,207.738185001052,11.3609853595283,0,2000,1977.5390625,22.4609375,11.3609853595283,11.2216476600716,-836.770559690605,0,11.3609853595283,0.946748779960695,11.3609853595283,0,51.5873620281851,33629,135,1977.5390625,-6.2144782113628,1983.75354071136,1977.5390625,0,1,1,1,33629,0,0,33629,51.5873620281851,33629,0
0.364,1984.00297274492,0.475625569869155,0.0237812784934578,10.3882152731262,207.764305462525,11.2720181509777,0,2000,1992.1875,7.8125,11.2720181509777,11.2235528642101,1744.09745025783,0,11.2720181509777,0.939334845914808,11.2720181509777,0,51.7951124975657,33765,136,1992.1875,8.18452725508178,1984.00297274492,1992.1875,0,1,1,1,33765,0,0,33765,51.7951124975657,33765,0
0.365,1984.23014008065,0.454075514186521,0.022703775709326,10.3894047185147,207.788094370294,11.3635532433673,0,2000,1977.5390625,22.4609375,11.3635532433673,11.2242155439105,-987.991708118475,0,11.3635532433673,0.946962770280605,11.3635532433673,0,52.0028895833299,33900,135,1977.5390625,-6.69107758065047,1984.23014008065,1977.5390625,0,0,0,0,33900,0,0,33900,52.0028895833299,33900,0
0.366,1984.47145096593,0.474715186315434,0.0237357593157717,10.3906682193554,207.813364387108,11.2745860348166,0,2000,1992.1875,7.8125,11.2745860348166,11.226120748049,1618.07982656794,0,11.2745860348166,0.939548836234718,11.2745860348166,0,52.210689469105,34036,136,1992.1875,7.71604903407365,1984.47145096593,1992.1875,0,0,0,2,34036,1,0,34036,52.210689469105,34036,0
0.367,1984.69551118615,0.453780308733327,0.0226890154366664,10.3918413959251,207.836827918502,11.3661211272062,0,2000,1977.5390625,22.4609375,11.3661211272062,11.2267834277494,-1093.00639452672,0,11.3661211272062,0.947176760600515,11.3661211272062,0,52.4185154258532,34171,135,1977.5390625,-7.15644868615141,1984.69551118615,1977.5390625,1,0,2,2,34171,0,0,34171,52.4185154258532,34171,0
0.368,1984.93558414642,0.474649391744558,0.0237324695872279,10.3930984150056,207.861968300112,11.2771539186555,0,2000,1992.1875,7.8125,11.2771539186555,11.228688631888,1530.5675878944,0,11.2771539186555,0.939762826554628,11.2771539186555,0,52.6263639709411,34307,136,1992.1875,7.2519158535797,1984.93558414642,1992.1875,1,0,2,3,34307,1,0,34307,52.6263639709411,34307,0
0.369,1985.159103939,0.45380019633673,0.0226900098168365,10.3942687619027,207.885375238055,11.3686890110451,0,2000,1977.5390625,22.4609375,11.3686890110451,11.2293513115883,-1165.933260088,0,11.3686890110451,0.947390750920425,11.3686890110451,0,52.8342384997875,34442,135,1977.5390625,-7.62004143899571,1985.159103939,1977.5390625,1,1,3,3,34442,0,0,34442,52.8342384997875,34442,0
0.37,1985.39889741488,0.474701409468103,0.0237350704734051,10.3955243176064,207.910486352129,11.2797218024945,0,2000,1992.1875,7.8125,11.2797218024945,11.2312565157269,1469.79519992667,0,11.2797218024945,0.939976816874538,11.2797218024945,0,53.0421355762409,34578,136,1992.1875,6.78860258511872,1985.39889741488,1992.1875,1,1,3,1,34578,1,0,34578,53.0421355762409,34578,0
0.371,1985.62223600417,0.45386438940278,0.022693219470139,10.3966937157254,207.933874314508,11.371256894884,0,2000,1977.5390625,22.4609375,11.371256894884,11.2319191954273,-1216.57691672778,0,11.371256894884,0.947604741240336,11.371256894884,0,53.2500586131503,34713,135,1977.5390625,-8.08317350416655,1985.62223600417,1977.5390625,0,1,1,1,34713,0,0,34713,53.2500586131503,34713,0
0.372,1985.86188594018,0.47477034051996,0.023738517025998,10.397948519856,207.958970397121,11.2822896863334,0,2000,1992.1875,7.8125,11.2822896863334,11.2338243995658,1427.59215272685,0,11.2822896863334,0.940190807194448,11.2822896863334,0,53.4580041809688,34849,136,1992.1875,6.32561405982415,1985.86188594018,1992.1875,0,1,1,1,34849,0,0,34849,53.4580041809688,34849,0
0.373,1986.08509605439,0.453935284753905,0.0226967642376953,10.3991172452811,207.982344905622,11.3738247787229,0,2000,1977.5390625,22.4609375,11.3738247787229,11.2344870792662,-1251.74612272762,0,11.3738247787229,0.947818731560246,11.3738247787229,0,53.6659756951143,34984,135,1977.5390625,-8.54603355438894,1986.08509605439,1977.5390625,0,0,0,0,34984,0,0,34984,53.6659756951143,34984,0
0.374,1986.3246241465,0.474842164070913,0.0237421082035457,10.4003714114386,208.007428228772,11.2848575701723,0,2000,1992.1875,7.8125,11.2848575701723,11.2363922834047,1398.28448106031,0,11.2848575701723,0.940404797514359,11.2848575701723,0,53.8739697271048,35120,136,1992.1875,5.8628758534976,1986.3246241465,1992.1875,0,0,0,0,35120,0,0,35120,53.8739697271048,35120,0
0.375,1986.54771589204,0.454007647817121,0.0227003823908561,10.4015395170867,208.030790341734,11.3763926625619,0,2000,1977.5390625,22.4609375,11.3763926625619,11.2370549631051,-1276.16918244974,0,11.3763926625619,0.948032721880156,11.3763926625619,0,54.081989692861,35255,135,1977.5390625,-9.00865339204438,1986.54771589204,1977.5390625,1,0,2,2,35255,0,0,35255,54.081989692861,35255,0
0.376,1986.78712790125,0.474914919202163,0.0237457459601081,10.4027930754355,208.055861508711,11.2874254540112,0,2000,1992.1875,7.8125,11.2874254540112,11.2389601672437,1377.93193129188,0,11.2874254540112,0.940618787834269,11.2874254540112,0,54.2900321641922,35391,136,1992.1875,5.40037209875186,1986.78712790125,1992.1875,1,0,2,2,35391,0,0,35391,54.2900321641922,35391,0
0.377,1987.01010539302,0.454080737488255,0.0227040368744128,10.4039605828523,208.079211657046,11.2880881337116,0,2000,1992.1875,7.8125,11.2880881337116,11.239622846944,1148.2766094099,0,11.2880881337116,0.940674011142633,11.2880881337116,0,54.498100557231,35527,136,1992.1875,5.17739460697976,1987.01010539302,1992.1875,1,0,2,2,35527,0,0,35527,54.498100557231,35527,0
0.378,1987.16970215578,0.446325968250087,0.0223162984125043,10.404796229548,208.095924590961,11.3796232261012,0,2000,1977.5390625,22.4609375,11.3796232261012,11.2402855266444,-1484.50907549175,0,11.3796232261012,0.94830193550843,11.3796232261012,0,54.7061884449446,35662,135,1977.5390625,-9.63063965578135,1987.16970215578,1977.5390625,1,1,3,3,35662,0,0,35662,54.7061884449446,35662,0
0.379,1987.38534704114,0.472106672507214,0.0236053336253607,10.4059253435274,208.118506870549,11.2906560175505,0,2000,1992.1875,7.8125,11.2906560175505,11.2421907307829,1204.31535375688,0,11.2906560175505,0.940888001462543,11.2906560175505,0,54.9142946060414,35798,136,1992.1875,4.8021529588566,1987.38534704114,1992.1875,1,1,3,3,35798,0,0,35798,54.9142946060414,35798,0
0.38,1987.59936037463,0.453088482131629,0.0226544241065815,10.4070459147212,208.140918294424,11.2913186972509,0,2000,1992.1875,7.8125,11.2913186972509,11.2428534104833,1003.59612813073,0,11.2913186972509,0.940943224770907,11.2913186972509,0,55.1224251005378,35934,136,1992.1875,4.58813962537056,1987.59936037463,1992.1875,1,1,3,3,35934,0,0,35934,55.1224251005378,35934,0
0.381,1987.75550962306,0.44601058517396,0.022300529258698,10.4078635102741,208.157270205481,11.3828537896404,0,2000,1977.5390625,22.4609375,11.3828537896404,11.2435160901837,-1605.07614322439,0,11.3828537896404,0.948571149136704,11.3828537896404,0,55.3305744865922,36069,135,1977.5390625,-10.2164471230601,1987.75550962306,1977.5390625,0,1,1,1,36069,0,0,36069,55.3305744865922,36069,0
0.382,1987.96976380052,0.472043754702766,0.0236021877351383,10.4089853425239,208.179706850478,11.2938865810898,0,2000,1992.1875,7.8125,11.2938865810898,11.2454212943222,1103.84279731301,0,11.2938865810898,0.941157215090817,11.2938865810898,0,55.5387419101217,36205,136,1992.1875,4.2177361994793,1987.96976380052,1992.1875,0,1,1,1,36205,0,0,36205,55.5387419101217,36205,0
0.383,1988.18315417633,0.453119903876097,0.0226559951938048,10.4101026519189,208.202053038378,11.2945492607902,0,2000,1992.1875,7.8125,11.2945492607902,11.2460839740226,919.86899776084,0,11.2945492607902,0.941212438399181,11.2945492607902,0,55.7469335681059,36341,136,1992.1875,4.00434582367438,1988.18315417633,1992.1875,0,1,1,1,36341,0,0,36341,55.7469335681059,36341,0
0.384,1988.33896793228,0.446077429574957,0.0223038714787478,10.4109184908373,208.218369816745,11.2952119404905,0,2000,1992.1875,7.8125,11.2952119404905,11.246746653723,766.557498134033,0,11.2952119404905,0.941267661707545,11.2952119404905,0,55.9551440698822,36477,136,1992.1875,3.84853206772004,1988.33896793228,1992.1875,0,1,1,0,36477,1,0,36477,55.9551440698822,36477,0
0.385,1988.4732924843,0.443461716116791,0.0221730858058395,10.411621812547,208.232436250939,11.3867470328801,0,2000,1977.5390625,22.4609375,11.3867470328801,11.2474093334233,-1802.60833488831,0,11.3867470328801,0.948895586073342,11.3867470328801,0,56.1633695815605,36612,135,1977.5390625,-10.9342299842992,1988.4732924843,1977.5390625,0,0,0,0,36612,0,0,36612,56.1633695815605,36612,0
0.386,1988.67927612147,0.471157737076956,0.0235578868538478,10.4127003403491,208.254006806983,11.2977798243295,0,2000,1992.1875,7.8125,11.2977798243295,11.2493145375619,939.232637593079,0,11.2977798243295,0.941481652027455,11.2977798243295,0,56.3716116698342,36748,136,1992.1875,3.50822387852782,1988.67927612147,1992.1875,0,0,0,0,36748,0,0,36748,56.3716116698342,36748,0
0.387,1988.88944773876,0.452853781731929,0.0226426890865964,10.4138007963639,208.276015927278,11.2984425040298,0,2000,1992.1875,7.8125,11.2984425040298,11.2499772172623,782.693864660899,0,11.2984425040298,0.941536875335819,11.2984425040298,0,56.5798774337942,36884,136,1992.1875,3.29805226124199,1988.88944773876,1992.1875,0,0,0,0,36884,0,0,36884,56.5798774337942,36884,0
0.388,1989.04392675116,0.446042622453313,0.0223021311226657,10.4146096465814,208.292192931628,11.2991051837302,0,2000,1992.1875,7.8125,11.2991051837302,11.2506398969626,652.244887217416,0,11.2991051837302,0.941592098644183,11.2991051837302,0,56.7881618190755,37020,136,1992.1875,3.1435732488369,1989.04392675116,1992.1875,0,0,0,2,37020,1,0,37020,56.7881618190755,37020,0
0.389,1989.17762033011,0.443513445186088,0.0221756722593044,10.4153096645238,208.306193290477,11.3906402761198,0,2000,1977.5390625,22.4609375,11.3906402761198,11.251302576663,-1897.86884398549,0,11.3906402761198,0.94922002300998,11.3906402761198,0,56.9964611172768,37155,135,1977.5390625,-11.6385578301088,1989.17762033011,1977.5390625,1,0,2,2,37155,0,0,37155,56.9964611172768,37155,0
0.39,1989.38323701442,0.471242057073572,0.0235621028536786,10.4163862709653,208.327725419306,11.3016730675691,0,2000,1992.1875,7.8125,11.3016730675691,11.2532077808015,859.848880012094,0,11.3016730675691,0.941806088964093,11.3016730675691,0,57.2047769420366,37291,136,1992.1875,2.80426298558359,1989.38323701442,1992.1875,1,0,2,2,37291,0,0,37291,57.2047769420366,37291,0
0.391,1989.59314183602,0.452950589442765,0.0226475294721383,10.4174853300411,208.349706600823,11.3023357472695,0,2000,1992.1875,7.8125,11.3023357472695,11.2538704605019,716.540733343412,0,11.3023357472695,0.941861312272457,11.3023357472695,0,57.4131164101248,37427,136,1992.1875,2.59435816397627,1989.59314183602,1992.1875,1,0,2,2,37427,0,0,37427,57.4131164101248,37427,0
0.392,1989.74739313497,0.446144423308291,0.0223072211654146,10.4182929879538,208.365859759076,11.3029984269698,0,2000,1992.1875,7.8125,11.3029984269698,11.2545331402023,597.117277786177,0,11.3029984269698,0.941916535580821,11.3029984269698,0,57.6214744739494,37563,136,1992.1875,2.44010686502884,1989.74739313497,1992.1875,1,0,2,2,37563,0,0,37563,57.6214744739494,37563,0
0.393,1989.88087530389,0.443617442297962,0.0221808721148981,10.4189918989559,208.379837979117,11.3036611066702,0,2000,1992.1875,7.8125,11.3036611066702,11.2551958199026,497.597731488481,0,11.3036611066702,0.941971758889184,11.3036611066702,0,57.8298474278166,37699,136,1992.1875,2.30662469611411,1989.88087530389,1992.1875,1,0,2,2,37699,0,0,37699,57.8298474278166,37699,0
0.394,1990.00658573279,0.442684852669604,0.0221342426334802,10.4196501172224,208.393002344448,11.3043237863706,0,2000,1992.1875,7.8125,11.3043237863706,11.255858499603,414.6647762404,0,11.3043237863706,0.942026982197548,11.3043237863706,0,58.0382338875313,37835,136,1992.1875,2.18091426720616,1990.00658573279,1992.1875,1,0,2,3,37835,1,0,37835,58.0382338875313,37835,0
0.395,1990.12936733528,0.442346375976087,0.0221173187988044,10.4202930001897,208.405860003793,11.3958588787601,0,2000,1977.5390625,22.4609375,11.3958588787601,11.2565211793034,-2095.85226979967,0,11.3958588787601,0.949654906563346,11.3958588787601,0,58.2466333338717,37970,135,1977.5390625,-12.5903048352757,1990.12936733528,1977.5390625,1,1,3,3,37970,0,0,37970,58.2466333338717,37970,0
0.396,1990.33072753282,0.470891687095545,0.0235445843547773,10.4213473197185,208.426946394371,11.3068916702095,0,2000,1992.1875,7.8125,11.3068916702095,11.2584263834419,694.862691833611,0,11.3068916702095,0.942240972517459,11.3068916702095,0,58.4550485689498,38106,136,1992.1875,1.85677246718274,1990.33072753282,1992.1875,1,1,3,3,38106,0,0,38106,58.4550485689498,38106,0
0.397,1990.53885810622,0.452904998276603,0.0226452499138301,10.4224370888525,208.44874177705,11.3075543499099,0,2000,1992.1875,7.8125,11.3075543499099,11.2590890631423,579.052243194676,0,11.3075543499099,0.942296195825822,11.3075543499099,0,58.6634871526004,38242,136,1992.1875,1.64864189378432,1990.53885810622,1992.1875,1,1,3,3,38242,0,0,38242,58.6634871526004,38242,0
0.398,1990.69226252648,0.446212877280588,0.0223106438640294,10.4232403125187,208.464806250375,11.3082170296102,0,2000,1992.1875,7.8125,11.3082170296102,11.2597517428427,482.543535995563,0,11.3082170296102,0.942351419134186,11.3082170296102,0,58.8719442025745,38378,136,1992.1875,1.49523747351805,1990.69226252648,1992.1875,1,1,3,3,38378,0,0,38378,58.8719442025745,38378,0
0.399,1990.82524585186,0.443728872807504,0.0221864436403752,10.4239366115821,208.478732231643,11.3088797093106,0,2000,1992.1875,7.8125,11.3088797093106,11.260414422543,402.119613329636,0,11.3088797093106,0.94240664244255,11.3088797093106,0,59.0804160750465,38514,136,1992.1875,1.36225414814385,1990.82524585186,1992.1875,1,1,3,3,38514,0,0,38514,59.0804160750465,38514,0
0.4,1990.95058959468,0.442812774983703,0.0221406387491852,10.4245929098849,208.491858197697,11.309542389011,0,2000,1992.1875,7.8125,11.309542389011,11.2610771022434,335.099677774697,0,11.309542389011,0.942461865750914,11.309542389011,0,59.2889014091344,38650,136,1992.1875,1.23691040531821,1990.95058959468,1992.1875,1,1,3,3,38650,0,0,38650,59.2889014091344,38650,0
0.401,1991.07305620489,0.442480916123907,0.0221240458061954,10.4252341435565,208.504682871129,11.3102050687113,0,2000,1992.1875,7.8125,11.3102050687113,11.2617397819438,279.249731478914,0,11.3102050687113,0.942517089059278,11.3102050687113,0,59.4973996945605,38786,136,1992.1875,1.11444379510544,1991.07305620489,1992.1875,1,1,3,3,38786,0,0,38786,59.4973996945605,38786,0
0.402,1991.19442045376,0.44236680871841,0.0221183404359205,10.4258696052775,208.51739210555,11.3108677484117,0,2000,1992.1875,7.8125,11.3108677484117,11.2624024616441,232.708109565762,0,11.3108677484117,0.942572312367642,11.3108677484117,0,59.7059107380019,38922,136,1992.1875,0.993079546241916,1991.19442045376,1992.1875,1,1,3,3,38922,0,0,38922,59.7059107380019,38922,0
0.403,1991.31534398336,0.442333908924109,0.0221166954462055,10.4265027593979,208.530055187959,11.3115304281121,0,2000,1992.1875,7.8125,11.3115304281121,11.2630651413445,193.923424638135,0,11.3115304281121,0.942627535676006,11.3115304281121,0,59.9144344642679,39058,136,1992.1875,0.872156016637746,1991.31534398336,1992.1875,1,1,3,3,39058,0,0,39058,59.9144344642679,39058,0
0.404,1991.43607371015,0.442331343335217,0.0221165671667609,10.4271348987692,208.542697975384,11.3121931078124,0,2000,1992.1875,7.8125,11.3121931078124,11.2637278210449,161.602853865112,0,11.3121931078124,0.94268275898437,11.3121931078124,0,60.1229708422233,39194,136,1992.1875,0.751426289848951,1991.43607371015,1992.1875,1,1,3,1,39194,1,0,39194,60.1229708422233,39194,0
0.405,1991.55670203014,0.442340156911151,0.0221170078455575,10.4277665071757,208.555330143514,11.3128557875128,0,2000,1992.1875,7.8125,11.3128557875128,11.2643905007452,134.669044887594,0,11.3128557875128,0.942737982292734,11.3128557875128,0,60.3315198571888,39330,136,1992.1875,0.63079796985653,1991.55670203014,1992.1875,1,1,3,1,39330,1,0,39330,60.3315198571888,39330,0
0.406,1991.677263764,0.442353286494244,0.0221176643247122,10.428397766938,208.56795533876,11.4043908799024,0,2000,1977.5390625,22.4609375,11.4043908799024,11.2650531804456,-2329.18204592701,0,11.4043908799024,0.950365906658531,11.4043908799024,0,60.5400815006584,39465,135,1977.5390625,-14.1382012640022,1991.677263764,1977.5390625,0,1,1,1,39465,0,0,39465,60.5400815006584,39465,0
0.407,1991.87747491451,0.471030450686369,0.0235515225343184,10.4294460700707,208.588921401414,11.3154236713517,0,2000,1992.1875,7.8125,11.3154236713517,11.2669583845842,500.421211727496,0,11.3154236713517,0.942951972612644,11.3154236713517,0,60.7486587654901,39601,136,1992.1875,0.310025085487268,1991.87747491451,1992.1875,0,1,1,1,39601,0,0,39601,60.7486587654901,39601,0
0.408,1992.084859771,0.453093729585806,0.0226546864792903,10.4305319346401,208.610638692801,11.3160863510521,0,2000,1992.1875,7.8125,11.3160863510521,11.2676210642845,417.01767643958,0,11.3160863510521,0.943007195921008,11.3160863510521,0,60.9572592830457,39737,136,1992.1875,0.10264022899878,1992.084859771,1992.1875,0,1,1,1,39737,0,0,39737,60.9572592830457,39737,0
0.409,1992.23767305688,0.446421056722447,0.0223210528361224,10.4313320631339,208.626641262678,11.3167490307525,0,2000,1992.1875,7.8125,11.3167490307525,11.2682837439849,347.514730366316,0,11.3167490307525,0.943062419229372,11.3167490307525,0,61.1658781981803,39873,136,1992.1875,-0.0501730568837502,1992.23767305688,1992.1875,0,1,1,1,39873,0,0,39873,61.1658781981803,39873,0
0.41,1992.3701270956,0.443945118365532,0.0221972559182766,10.4320255908589,208.640511817177,11.3174117104528,0,2000,1992.1875,7.8125,11.3174117104528,11.2689464236853,289.595608638597,0,11.3174117104528,0.943117642537736,11.3174117104528,0,61.3745118776148,40009,136,1992.1875,-0.18262709560463,1992.3701270956,1992.1875,0,1,1,1,40009,0,0,40009,61.3745118776148,40009,0
0.411,1992.4949687914,0.443032834904793,0.0221516417452396,10.4326792604495,208.65358520899,11.3180743901532,0,2000,1992.1875,7.8125,11.3180743901532,11.2696091033856,241.329673865498,0,11.3180743901532,0.9431728658461,11.3180743901532,0,61.5831589648393,40145,136,1992.1875,-0.307468791400424,1992.4949687914,1992.1875,0,1,1,1,40145,0,0,40145,61.5831589648393,40145,0
0.412,1992.61694764321,0.4427031953381,0.022135159766905,10.4333179402241,208.666358804481,11.2278646571644,0,2000,2006.8359375,-6.8359375,11.2278646571644,11.270271783086,2642.51431155458,0,11.2278646571644,0.93565538809703,11.2278646571644,-1.77635683940025e-15,61.7918189516416,40282,137,2006.8359375,14.2189898567872,1992.61694764321,2006.8359375,1,1,3,1,40282,1,0,40282,61.7918189516416,40282,0
0.413,1992.65813090251,0.413928350938653,0.0206964175469327,10.4335335752655,208.67067150531,11.3181572251157,0,2000,1992.1875,7.8125,11.3181572251157,11.2696919383482,-239.310990371182,0,11.3181572251157,0.943179768759645,11.3181572251157,0,62.0004886468759,40418,136,1992.1875,-0.470630902507537,1992.65813090251,1992.1875,1,1,3,1,40418,1,0,40418,62.0004886468759,40418,0
0.414,1992.69165941296,0.431849064896688,0.0215924532448344,10.4337091301357,208.674182602714,11.3188199048161,0,2000,1992.1875,7.8125,11.3188199048161,11.2703546180485,-199.425825309319,0,11.3188199048161,0.943234992068009,11.3188199048161,-1.77635683940025e-15,62.2091603396088,40554,136,1992.1875,-0.504159412964782,1992.69165941296,1992.1875,1,1,3,1,40554,1,0,40554,62.2091603396088,40554,0
0.415,1992.77952699415,0.438536301074244,0.0219268150537122,10.4341692037149,208.683384074299,11.3194825845165,0,2000,1992.1875,7.8125,11.3194825845165,11.2710172977489,-166.188187757766,0,11.3194825845165,0.943290215376373,11.3194825845165,0,62.4178388497222,40690,136,1992.1875,-0.592026994150501,1992.77952699415,1992.1875,1,1,3,1,40690,1,0,40690,62.4178388497222,40690,0
0.416,1992.88761464613,0.441038331913962,0.0220519165956981,10.4347351493373,208.694702986745,11.3201452642168,0,2000,1992.1875,7.8125,11.3201452642168,11.2716799774493,-138.490156464805,0,11.3201452642168,0.943345438684737,11.3201452642168,-1.77635683940025e-15,62.6265277918157,40826,136,1992.1875,-0.700114646127986,1992.88761464613,1992.1875,1,1,3,3,40826,0,0,40826,62.6265277918157,40826,0
0.417,1993.00321094802,0.441981140893334,0.0220990570446667,10.4353404101586,208.706808203172,11.3208079439172,0,2000,1992.1875,7.8125,11.3208079439172,11.2723426571496,-115.408463720671,0,11.3208079439172,0.943400661993101,11.3208079439172,0,62.8352285099741,40962,136,1992.1875,-0.815710948017568,1993.00321094802,1992.1875,1,1,3,3,40962,0,0,40962,62.8352285099741,40962,0
0.418,1993.12158032495,0.442343093330131,0.0221171546665066,10.4359601907669,208.719203815338,11.3214706236176,0,2000,1992.1875,7.8125,11.3214706236176,11.27300533685,-96.1737197672255,0,11.3214706236176,0.943455885301465,11.3214706236176,-1.77635683940025e-15,63.0439415023885,41098,136,1992.1875,-0.934080324949036,1993.12158032495,1992.1875,1,1,3,3,41098,0,0,41098,63.0439415023885,41098,0
0.419,1993.2409587692,0.442488699231361,0.022124434961568,10.4365852548393,208.731705096786,11.3221333033179,0,2000,1992.1875,7.8125,11.3221333033179,11.2736680165504,-80.1447664726879,0,11.3221333033179,0.943511108609829,11.3221333033179,0,63.2526669521296,41234,136,1992.1875,-1.05345876919978,1993.2409587692,1992.1875,1,1,3,3,41234,0,0,41234,63.2526669521296,41234,0
0.42,1993.36068938932,0.442553763713875,0.0221276881856937,10.4372121629003,208.744243258006,11.3227959830183,0,2000,1992.1875,7.8125,11.3227959830183,11.2743306962507,-66.7873053939066,0,11.3227959830183,0.943566331918193,11.3227959830183,-1.77635683940025e-15,63.4614049248976,41370,136,1992.1875,-1.17318938932112,1993.36068938932,1992.1875,1,1,3,3,41370,0,0,41370,63.4614049248976,41370,0
0.421,1993.48052776924,0.442588883016515,0.0221294441508258,10.4378396351903,208.756792703805,11.3234586627187,0,2000,1992.1875,7.8125,11.3234586627187,11.2749933759511,-55.6560878282555,0,11.3234586627187,0.943621555226557,11.3234586627187,0,63.6701554426979,41506,136,1992.1875,-1.29302776924237,1993.48052776924,1992.1875,1,1,3,3,41506,0,0,41506,63.6701554426979,41506,0
0.422,1993.600383165,0.442612907003007,0.0221306453501504,10.4384671965749,208.769343931498,11.324121342419,0,2000,1992.1875,7.8125,11.324121342419,11.2756560556515,-46.3800731902129,0,11.324121342419,0.943676778534921,11.324121342419,-1.77635683940025e-15,63.8789185112901,41642,136,1992.1875,-1.41288316499617,1993.600383165,1992.1875,1,1,3,3,41642,0,0,41642,63.8789185112901,41642,0
0.423,1993.72022208213,0.442632857758716,0.0221316428879358,10.4390946716777,208.781893433555,11.3247840221194,0,2000,1992.1875,7.8125,11.3247840221194,11.2763187353518,-38.6500609918441,0,11.3247840221194,0.943732001843285,11.3247840221194,0,64.0876941304139,41778,136,1992.1875,-1.53272208213184,1993.72022208213,1992.1875,1,1,3,3,41778,0,0,41778,64.0876941304139,41778,0
0.424,1993.84003235144,0.442651350688968,0.0221325675344484,10.4397219967809,208.794439935618,11.3254467018198,0,2000,1992.1875,7.8125,11.3254467018198,11.2769814150522,-32.2083841598701,0,11.3254467018198,0.943787225151649,11.3254467018198,-1.77635683940025e-15,64.2964822975994,41914,136,1992.1875,-1.65253235144382,1993.84003235144,1992.1875,1,1,3,3,41914,0,0,41914,64.2964822975994,41914,0
0.425,1993.95980974471,0.44266935940752,0.022133467970376,10.4403491497455,208.80698299491,11.3261093815202,0,2000,1992.1875,7.8125,11.3261093815202,11.2776440947526,-26.8403201332251,0,11.3261093815202,0.943842448460013,11.3261093815202,0,64.5052830095848,42050,136,1992.1875,-1.77230974471149,1993.95980974471,1992.1875,1,1,3,3,42050,0,0,42050,64.5052830095848,42050,0
0.426,1994.07955298813,0.442687245854656,0.0221343622927328,10.4409761239019,208.819522478038,11.2358996485313,0,2000,2006.8359375,-6.8359375,11.2358996485313,11.2783067744529,2419.03931655565,0,11.2358996485313,0.936324970710943,11.2358996485313,0,64.7140962628462,42187,137,2006.8359375,12.75638451187,1994.07955298813,2006.8359375,1,0,2,3,42187,1,0,42187,64.7140962628462,42187,0
0.427,1994.11955926613,0.414042792919171,0.0207021396459585,10.4411855962836,208.823711925673,11.3261922164827,0,2000,1992.1875,7.8125,11.3261922164827,11.2777269297151,-425.540152870295,0,11.3261922164827,0.943849351373558,11.3261922164827,0,64.9229190547695,42323,136,1992.1875,-1.93205926612814,1994.11955926613,1992.1875,1,0,2,2,42323,0,0,42323,64.9229190547695,42323,0
0.428,1994.1523098818,0.432012987826847,0.0216006493913423,10.4413570781063,208.827141562126,11.3268548961831,0,2000,1992.1875,7.8125,11.3268548961831,11.2783896094155,-354.616794058579,0,11.3268548961831,0.943904574681922,11.3268548961831,0,65.1317437451556,42459,136,1992.1875,-1.96480988180201,1994.1523098818,1992.1875,1,0,2,2,42459,0,0,42459,65.1317437451556,42459,0
0.429,1994.23955286533,0.438719547781034,0.0219359773890517,10.4418138812999,208.836277625997,11.3275175758834,0,2000,1992.1875,7.8125,11.3275175758834,11.2790522891159,-295.513995048816,0,11.3275175758834,0.943959797990286,11.3275175758834,0,65.3405751807259,42595,136,1992.1875,-2.05205286533169,1994.23955286533,1992.1875,1,0,2,2,42595,0,0,42595,65.3405751807259,42595,0
0.43,1994.34707758011,0.441229654631414,0.0220614827315707,10.4423768793899,208.847537587799,11.3281802555838,0,2000,1992.1875,7.8125,11.3281802555838,11.2797149688162,-246.26166254068,0,11.3281802555838,0.94401502129865,11.3281802555838,0,65.5494169865588,42731,136,1992.1875,-2.15957758011359,1994.34707758011,1992.1875,1,0,2,2,42731,0,0,42731,65.5494169865588,42731,0
0.431,1994.46213840233,0.442176337122673,0.0221088168561337,10.4429793364463,208.859586728925,11.3288429352842,0,2000,1992.1875,7.8125,11.3288429352842,11.2803776485166,-205.218052117234,0,11.3288429352842,0.944070244607014,11.3288429352842,0,65.7582705111159,42867,136,1992.1875,-2.27463840233258,1994.46213840233,1992.1875,1,0,2,2,42867,0,0,42867,65.7582705111159,42867,0
0.432,1994.57998695317,0.442540585598951,0.0221270292799475,10.4435963900155,208.87192780031,11.3295056149845,0,2000,1992.1875,7.8125,11.3295056149845,11.281040328217,-171.015043431028,0,11.3295056149845,0.944125467915378,11.3295056149845,0,65.9671362546862,43003,136,1992.1875,-2.39248695317133,1994.57998695317,1992.1875,1,0,2,2,43003,0,0,43003,65.9671362546862,43003,0
0.433,1994.69885439446,0.442687888236337,0.0221343944118169,10.4442187784827,208.884375569654,11.2392958819957,0,2000,2006.8359375,-6.8359375,11.2392958819957,11.2817030079173,2298.89371380748,0,11.2392958819957,0.936607990166308,11.2392958819957,0,66.1760144015813,43140,137,2006.8359375,12.1370831055419,1994.69885439446,2006.8359375,0,0,0,2,43140,1,0,43140,66.1760144015813,43140,0
0.434,1994.73837933738,0.414092063576403,0.0207046031788201,10.4444257305999,208.888514611997,11.3295884499471,0,2000,1992.1875,7.8125,11.3295884499471,11.2811231631795,-525.661488493769,0,11.3295884499471,0.944132370828923,11.3295884499471,0,66.3849020193951,43276,136,1992.1875,-2.55087933737695,1994.73837933738,1992.1875,0,0,0,0,43276,0,0,43276,66.3849020193951,43276,0
0.435,1994.77079769052,0.432080781908735,0.0216040390954367,10.4445954727,208.891909454,11.3302511296474,0,2000,1992.1875,7.8125,11.3302511296474,11.2817858428799,-438.051240411475,0,11.3302511296474,0.944187594137287,11.3302511296474,0,66.5937914943076,43412,136,1992.1875,-2.58329769052307,1994.77079769052,1992.1875,0,0,0,0,43412,0,0,43412,66.5937914943076,43412,0
0.436,1994.85776602853,0.438794643570099,0.0219397321785049,10.445050837853,208.901016757059,11.3309138093478,0,2000,1992.1875,7.8125,11.3309138093478,11.2824485225802,-365.042700342895,0,11.3309138093478,0.944242817445651,11.3309138093478,0,66.8026876830871,43548,136,1992.1875,-2.67026602853048,1994.85776602853,1992.1875,0,0,0,0,43548,0,0,43548,66.8026876830871,43548,0
0.437,1994.96503961286,0.441307865799562,0.0220653932899781,10.4456125210271,208.912250420541,11.3315764890482,0,2000,1992.1875,7.8125,11.3315764890482,11.2831112022806,-304.202250285746,0,11.3315764890482,0.944298040754015,11.3315764890482,0,67.0115942147716,43684,136,1992.1875,-2.77753961286135,1994.96503961286,1992.1875,0,0,0,0,43684,0,0,43684,67.0115942147716,43684,0
0.438,1995.07986008648,0.442256098600196,0.0221128049300098,10.4462137196211,208.924274392421,11.3322391687485,0,2000,1992.1875,7.8125,11.3322391687485,11.283773881981,-253.501875238122,0,11.3322391687485,0.944353264062379,11.3322391687485,0,67.220512439511,43820,136,1992.1875,-2.89236008647913,1995.07986008648,1992.1875,0,0,0,0,43820,0,0,43820,67.220512439511,43820,0
0.439,1995.19747429909,0.442621308994738,0.0221310654497369,10.4468295461982,208.936590923965,11.2420294357597,0,2000,2006.8359375,-6.8359375,11.2420294357597,11.2844365616813,2230.15468730156,0,11.2420294357597,0.93683578631331,11.2420294357597,-1.77635683940025e-15,67.4294428584328,43957,137,2006.8359375,11.638463200906,1995.19747429909,2006.8359375,0,1,1,1,43957,0,0,43957,67.4294428584328,43957,0
0.44,1995.23640896934,0.414106997943254,0.0207053498971627,10.4470334076549,208.940668153098,11.3323220037111,0,2000,1992.1875,7.8125,11.3323220037111,11.2838567169435,-582.944010582029,0,11.3323220037111,0.944360166975925,11.3323220037111,0,67.6383826573464,44093,136,1992.1875,-3.04890896933762,1995.23640896934,1992.1875,0,1,1,1,44093,0,0,44093,67.6383826573464,44093,0
0.441,1995.26848572341,0.432126408885401,0.0216063204442701,10.4472013611465,208.94402722293,11.3329846834115,0,2000,1992.1875,7.8125,11.3329846834115,11.2845193966439,-485.786675485024,0,11.3329846834115,0.944415390284288,11.3329846834115,-1.77635683940025e-15,67.8473242666518,44229,136,1992.1875,-3.08098572340759,1995.26848572341,1992.1875,0,1,1,1,44229,0,0,44229,67.8473242666518,44229,0
0.442,1995.35520676344,0.438852024322422,0.0219426012161211,10.4476554314503,208.953108629006,11.3336473631118,0,2000,1992.1875,7.8125,11.3336473631118,11.2851820763443,-404.822229570853,0,11.3336473631118,0.944470613592652,11.3336473631118,0,68.0562725597673,44365,136,1992.1875,-3.16770676344117,1995.35520676344,1992.1875,0,1,1,1,44365,0,0,44365,68.0562725597673,44365,0
0.443,1995.4622698137,0.441369939934013,0.0220684969967006,10.4482160122706,208.964320245412,11.243437630123,0,2000,2006.8359375,-6.8359375,11.243437630123,11.2858447560446,2104.05439202429,0,11.243437630123,0.936953135843583,11.243437630123,0,68.2652311721056,44502,137,2006.8359375,11.3736676862959,1995.4622698137,2006.8359375,1,1,3,1,44502,1,0,44502,68.2652311721056,44502,0
0.444,1995.49719241988,0.413657880178324,0.0206828940089162,10.4483988666089,208.967977332178,11.3337301980744,0,2000,1992.1875,7.8125,11.3337301980744,11.2852649113068,-688.027589979759,0,11.3337301980744,0.944477516506198,11.3337301980744,0,68.4741984573384,44638,136,1992.1875,-3.30969241987941,1995.49719241988,1992.1875,1,1,3,3,44638,0,0,44638,68.4741984573384,44638,0
0.445,1995.52769449061,0.43197639905521,0.0215988199527605,10.4485585750778,208.971171501556,11.3343928777747,0,2000,1992.1875,7.8125,11.3343928777747,11.2859275910072,-573.356324983133,0,11.3343928777747,0.944532739814562,11.3343928777747,0,68.6831672810941,44774,136,1992.1875,-3.34019449061293,1995.52769449061,1992.1875,1,1,3,3,44774,0,0,44774,68.6831672810941,44774,0
0.446,1995.61375003064,0.438813662745276,0.0219406831372638,10.4490091608317,208.980183216635,11.3350555574751,0,2000,1992.1875,7.8125,11.3350555574751,11.2865902707075,-477.796937485944,0,11.3350555574751,0.944587963122926,11.3350555574751,0,68.8921426790586,44910,136,1992.1875,-3.42625003064086,1995.61375003064,1992.1875,1,1,3,3,44910,0,0,44910,68.8921426790586,44910,0
0.447,1995.72048738693,0.441373381662081,0.022068669083104,10.4495680363223,208.991360726447,11.3357182371755,0,2000,1992.1875,7.8125,11.3357182371755,11.2872529504079,-398.16411457162,0,11.3357182371755,0.94464318643129,11.3357182371755,0,69.1011283472139,45046,136,1992.1875,-3.5329873869257,1995.72048738693,1992.1875,1,1,3,3,45046,0,0,45046,69.1011283472139,45046,0
0.448,1995.83491459537,0.44233945135292,0.022116972567646,10.4501671757847,209.003343515694,11.2455085041866,0,2000,2006.8359375,-6.8359375,11.2455085041866,11.2879156301083,2109.60282119032,0,11.2455085041866,0.93712570868222,11.2455085041866,0,69.3101256609325,45183,137,2006.8359375,11.0010229046297,1995.83491459537,2006.8359375,1,0,2,2,45183,0,0,45183,69.3101256609325,45183,0
0.449,1995.8724887958,0.414049462673786,0.0207024731336893,10.4503639138381,209.007278276762,11.335801072138,0,2000,1992.1875,7.8125,11.335801072138,11.2873357853705,-683.403899008069,0,11.335801072138,0.944650089344835,11.335801072138,0,69.5191321319931,45319,136,1992.1875,-3.68498879579556,1995.8724887958,1992.1875,1,0,2,2,45319,0,0,45319,69.5191321319931,45319,0
0.45,1995.90388794494,0.43215290287908,0.021607645143954,10.4505283193986,209.010566387971,11.3364637518384,0,2000,1992.1875,7.8125,11.3364637518384,11.2879984650708,-569.503249173391,0,11.3364637518384,0.944705312653199,11.3364637518384,0,69.7281403124911,45455,136,1992.1875,-3.71638794494265,1995.90388794494,1992.1875,1,0,2,2,45455,0,0,45455,69.7281403124911,45455,0
0.451,1995.99018811453,0.438910272231881,0.0219455136115941,10.4509801860299,209.019603720597,11.3371264315388,0,2000,1992.1875,7.8125,11.3371264315388,11.2886611447712,-474.586040977826,0,11.3371264315388,0.944760535961563,11.3371264315388,0,69.9371551214286,45591,136,1992.1875,-3.80268811453197,1995.99018811453,1992.1875,1,0,2,2,45591,0,0,45591,69.9371551214286,45591,0
0.452,1996.09692823337,0.441440459391863,0.0220720229695931,10.4515390759852,209.030781519703,11.2469166985499,0,2000,2006.8359375,-6.8359375,11.2469166985499,11.2893238244716,2045.91788251848,0,11.2469166985499,0.937243058212494,11.2469166985499,-1.77635683940025e-15,70.1461802114434,45728,137,2006.8359375,10.7390092666337,1996.09692823337,2006.8359375,0,0,0,0,45728,0,0,45728,70.1461802114434,45728,0
0.453,1996.13156665344,0.413733406624438,0.0206866703312219,10.4517204423285,209.034408846571,11.3372092665013,0,2000,1992.1875,7.8125,11.3372092665013,11.2887439797337,-736.474681234601,0,11.3372092665013,0.944767438875109,11.3372092665013,0,70.3552139428623,45864,136,1992.1875,-3.94406665343695,1996.13156665344,1992.1875,0,0,0,0,45864,0,0,45864,70.3552139428623,45864,0
0.454,1996.16180119887,0.43205422001574,0.021602711000787,10.4518787500382,209.037575000764,11.3378719462017,0,2000,1992.1875,7.8125,11.3378719462017,11.2894066594341,-613.728901028834,0,11.3378719462017,0.944822662183473,11.3378719462017,-1.77635683940025e-15,70.5642491840277,46000,136,1992.1875,-3.97430119886758,1996.16180119887,1992.1875,0,0,0,0,46000,0,0,46000,70.5642491840277,46000,0
0.455,1996.24759761611,0.438892761803524,0.0219446380901762,10.4523279790284,209.046559580569,11.2476622132128,0,2000,2006.8359375,-6.8359375,11.2476622132128,11.2900693391345,1929.96549914264,0,11.2476622132128,0.937305184434403,11.2476622132128,0,70.7732909718685,46137,137,2006.8359375,10.5883398838864,1996.24759761611,2006.8359375,0,1,1,0,46137,1,0,46137,70.7732909718685,46137,0
0.456,1996.27437850711,0.412791023212439,0.020639551160622,10.4524682034458,209.049364068916,11.3379547811642,0,2000,1992.1875,7.8125,11.3379547811642,11.2894894943966,-833.101667381135,0,11.3379547811642,0.944829565097018,11.3379547811642,0,70.9823400040352,46273,136,1992.1875,-4.08687850711408,1996.27437850711,1992.1875,0,1,1,1,46273,0,0,46273,70.9823400040352,46273,0
0.457,1996.30163179664,0.43171007338393,0.0215855036691965,10.4526109013361,209.052218026722,11.3386174608646,0,2000,1992.1875,7.8125,11.3386174608646,11.290152174097,-694.251389484279,0,11.3386174608646,0.944884788405382,11.3386174608646,0,71.1913900197683,46409,136,1992.1875,-4.11413179664351,1996.30163179664,1992.1875,0,1,1,1,46409,0,0,46409,71.1913900197683,46409,0
0.458,1996.38626444782,0.438771641828329,0.0219385820914165,10.4530540368614,209.061080737228,11.339280140565,0,2000,1992.1875,7.8125,11.339280140565,11.2908148537974,-578.542824570233,0,11.339280140565,0.944940011713746,11.339280140565,0,71.4004463805454,46545,136,1992.1875,-4.19876444782381,1996.38626444782,1992.1875,0,1,1,1,46545,0,0,46545,71.4004463805454,46545,0
0.459,1996.49226207605,0.441415486610033,0.0220707743305016,10.453609039145,209.0721807829,11.2490704075761,0,2000,2006.8359375,-6.8359375,11.2490704075761,11.2914775334977,1959.28722952481,0,11.2490704075761,0.937422533964677,11.2490704075761,0,71.6095129040325,46682,137,2006.8359375,10.3436754239501,1996.49226207605,2006.8359375,1,1,3,3,46682,0,0,46682,71.6095129040325,46682,0
0.46,1996.52650429058,0.413751096802065,0.0206875548401033,10.453788330961,209.07576661922,11.3393629755275,0,2000,1992.1875,7.8125,11.3393629755275,11.2908976887599,-808.666892062662,0,11.3393629755275,0.944946914627292,11.3393629755275,0,71.8185880122162,46818,136,1992.1875,-4.33900429057667,1996.52650429058,1992.1875,1,1,3,3,46818,0,0,46818,71.8185880122162,46818,0
0.461,1996.55647327021,0.432088118265457,0.0216044059132728,10.4539452481714,209.078904963428,11.3400256552279,0,2000,1992.1875,7.8125,11.3400256552279,11.2915603684603,-673.889076718885,0,11.3400256552279,0.945002137935655,11.3400256552279,0,72.0276645965824,46954,136,1992.1875,-4.36897327021006,1996.55647327021,1992.1875,1,1,3,3,46954,0,0,46954,72.0276645965824,46954,0
0.462,1996.64205439609,0.438933007540575,0.0219466503770287,10.4543933498987,209.087866997973,11.249815922239,0,2000,2006.8359375,-6.8359375,11.249815922239,11.2922230481607,1879.83201940093,0,11.249815922239,0.937484660186586,11.249815922239,0,72.2367477028509,47091,137,2006.8359375,10.1938831039097,1996.64205439609,2006.8359375,1,0,2,3,47091,1,0,47091,72.2367477028509,47091,0
0.463,1996.66864030658,0.412833938471547,0.0206416969235774,10.4545325534005,209.090651068009,11.3401084901904,0,2000,1992.1875,7.8125,11.3401084901904,11.2916432034228,-874.879567165892,0,11.3401084901904,0.945009040849201,11.3401084901904,-1.77635683940025e-15,72.4458380321143,47227,136,1992.1875,-4.48114030657962,1996.66864030658,1992.1875,1,0,2,2,47227,0,0,47227,72.4458380321143,47227,0
0.464,1996.69570774144,0.431754283723655,0.0215877141861828,10.454674278158,209.093485563159,11.3407711698908,0,2000,1992.1875,7.8125,11.3407711698908,11.2923058831232,-729.066305971577,0,11.3407711698908,0.945064264157565,11.3407711698908,0,72.6549293250603,47363,136,1992.1875,-4.50820774143835,1996.69570774144,1992.1875,1,0,2,2,47363,0,0,47363,72.6549293250603,47363,0
0.465,1996.7801594754,0.438816631090404,0.0219408315545202,10.4551164664029,209.102329328059,11.3414338495911,0,2000,1992.1875,7.8125,11.3414338495911,11.2929685628236,-607.555254976314,0,11.3414338495911,0.945119487465929,11.3414338495911,-1.77635683940025e-15,72.864026943867,47499,136,1992.1875,-4.59265947539643,1996.7801594754,1992.1875,1,0,2,2,47499,0,0,47499,72.864026943867,47499,0
0.466,1996.8859795425,0.44146105846332,0.022073052923166,10.4556705389786,209.113410779573,11.2512241166023,0,2000,2006.8359375,-6.8359375,11.2512241166023,11.2936312425239,1935.1102041864,0,11.2512241166023,0.937602009716859,11.2512241166023,0,73.0731347066221,47636,137,2006.8359375,9.94995795749901,1996.8859795425,2006.8359375,0,0,0,0,47636,0,0,47636,73.0731347066221,47636,0
0.467,1996.92004694225,0.413797174128522,0.0206898587064261,10.4558489154666,209.116978309332,11.3415166845537,0,2000,1992.1875,7.8125,11.3415166845537,11.2930513977861,-828.814413177996,0,11.3415166845537,0.945126390379474,11.3415166845537,0,73.2822510356265,47772,136,1992.1875,-4.73254694224784,1996.92004694225,1992.1875,0,0,0,0,47772,0,0,47772,73.2822510356265,47772,0
0.468,1996.94984360594,0.432134668416347,0.0216067334208173,10.4560049304329,209.120098608657,11.3421793642541,0,2000,1992.1875,7.8125,11.3421793642541,11.2937140774865,-690.67867764833,0,11.3421793642541,0.945181613687838,11.3421793642541,0,73.491368822639,47908,136,1992.1875,-4.76234360594162,1996.94984360594,1992.1875,0,0,0,0,47908,0,0,47908,73.491368822639,47908,0
0.469,1997.03525480248,0.438980014488345,0.0219490007244173,10.4564521424121,209.129042848243,11.2519696312652,0,2000,2006.8359375,-6.8359375,11.2519696312652,11.2943767571869,1865.84068529306,0,11.2519696312652,0.937664135938769,11.2519696312652,0,73.7004931136346,48045,137,2006.8359375,9.80068269752132,1997.03525480248,2006.8359375,0,1,1,1,48045,0,0,48045,73.7004931136346,48045,0
0.47,1997.06167310863,0.412881392433685,0.0206440696216842,10.4565904683397,209.131809366794,11.3422621992166,0,2000,1992.1875,7.8125,11.3422621992166,11.293796912449,-886.539012255785,0,11.3422621992166,0.945188516601384,11.3422621992166,0,73.9096246099527,48181,136,1992.1875,-4.87417310862884,1997.06167310863,1992.1875,0,1,1,1,48181,0,0,48181,73.9096246099527,48181,0
0.471,1997.0885752217,0.431802177296137,0.0215901088648068,10.4567313274744,209.134626549487,11.342924878917,0,2000,1992.1875,7.8125,11.342924878917,11.2944595921494,-738.782510213154,0,11.342924878917,0.945243739909748,11.342924878917,0,74.1187570525215,48317,136,1992.1875,-4.90107522170365,1997.0885752217,1992.1875,0,1,1,1,48317,0,0,48317,74.1187570525215,48317,0
0.472,1997.1728638814,0.438864957806406,0.0219432478903203,10.4571726618645,209.143453237289,11.2527151459281,0,2000,2006.8359375,-6.8359375,11.2527151459281,11.2951222718498,1825.7541581557,0,11.2527151459281,0.937726262160678,11.2527151459281,-1.77635683940025e-15,74.3278958037567,48454,137,2006.8359375,9.66307361860345,1997.1728638814,2006.8359375,1,1,3,3,48454,0,0,48454,74.3278958037567,48454,0
0.473,1997.19882045129,0.412847461085221,0.0206423730542611,10.4573085701466,209.146171402933,11.3430077138795,0,2000,1992.1875,7.8125,11.3430077138795,11.2945424271119,-919.944451536913,0,11.3430077138795,0.945250642823293,11.3430077138795,0,74.5370416829566,48590,136,1992.1875,-5.01132045129111,1997.19882045129,1992.1875,1,1,3,3,48590,0,0,48590,74.5370416829566,48590,0
0.474,1997.22550761438,0.431798584845485,0.0215899292422743,10.4574483038058,209.148966076116,11.3436703935799,0,2000,1992.1875,7.8125,11.3436703935799,11.2952051068123,-766.620376280761,0,11.3436703935799,0.945305866131657,11.3436703935799,-1.77635683940025e-15,74.7461884750608,48726,136,1992.1875,-5.0380076143806,1997.22550761438,1992.1875,1,1,3,3,48726,0,0,48726,74.7461884750608,48726,0
0.475,1997.30967385244,0.438872781135542,0.0219436390567771,10.4578889971978,209.157779943955,11.2534606605911,0,2000,2006.8359375,-6.8359375,11.2534606605911,11.2958677865127,1802.5559364327,0,11.2534606605911,0.937788388382588,11.2534606605911,0,74.9553415589431,48863,137,2006.8359375,9.52626364755838,1997.30967385244,2006.8359375,1,0,2,2,48863,0,0,48863,74.9553415589431,48863,0
0.476,1997.33554304907,0.412859648456419,0.020642982422821,10.4580244479946,209.160488959892,11.3437532285424,0,2000,1992.1875,7.8125,11.3437532285424,11.2952879417749,-939.27630297275,0,11.3437532285424,0.945312769045203,11.3437532285424,0,75.1645017600949,48999,136,1992.1875,-5.1480430490742,1997.33554304907,1992.1875,1,0,2,2,48999,0,0,48999,75.1645017600949,48999,0
0.477,1997.36215646405,0.431812507477946,0.0215906253738973,10.4581637955096,209.163275910191,11.3444159082428,0,2000,1992.1875,7.8125,11.3444159082428,11.2959506214752,-782.730252477292,0,11.3444159082428,0.945367992353567,11.3444159082428,0,75.3736628658227,49135,136,1992.1875,-5.17465646405162,1997.36215646405,1992.1875,1,0,2,2,49135,0,0,49135,75.3736628658227,49135,0
0.478,1997.44625458979,0.438887458135938,0.0219443729067969,10.4586041322662,209.172082645324,11.254206175254,0,2000,2006.8359375,-6.8359375,11.254206175254,11.2966133011756,1789.13103960226,0,11.254206175254,0.937850514604497,11.254206175254,0,75.5828302559411,49272,137,2006.8359375,9.3896829102091,1997.44625458979,2006.8359375,0,0,0,0,49272,0,0,49272,75.5828302559411,49272,0
0.479,1997.47205832568,0.412874712907242,0.0206437356453621,10.4587392403114,209.174784806228,11.3444987432053,0,2000,1992.1875,7.8125,11.3444987432053,11.2960334564378,-950.463716998119,0,11.3444987432053,0.945374895267112,11.3444987432053,0,75.7920047563502,49408,136,1992.1875,-5.28455832567943,1997.47205832568,1992.1875,0,0,0,0,49408,0,0,49408,75.7920047563502,49408,0
0.48,1997.49860781217,0.431827821231373,0.0215913910615687,10.4588782530976,209.177565061952,11.2542890102165,0,2000,2006.8359375,-6.8359375,11.2542890102165,11.2966961361381,1649.35315250157,0,11.2542890102165,0.937857417518043,11.2542890102165,0,76.001180154566,49545,137,2006.8359375,9.33732968782829,1997.49860781217,2006.8359375,0,1,1,0,49545,1,0,49545,76.001180154566,49545,0
0.481,1997.50294047883,0.410240617126472,0.0205120308563236,10.4589009388872,209.178018777744,11.3445815781679,0,2000,1992.1875,7.8125,11.3445815781679,11.2961162914003,-1066.94528958203,0,11.3445815781679,0.945381798180658,11.3445815781679,-1.77635683940025e-15,76.2103588315153,49681,136,1992.1875,-5.31544047883176,1997.50294047883,1992.1875,0,1,1,1,49681,0,0,49681,76.2103588315153,49681,0
0.482,1997.52146077377,0.430842634079695,0.0215421317039848,10.4589979109247,209.179958218494,11.3452442578683,0,2000,1992.1875,7.8125,11.3452442578683,11.2967789711007,-889.121074651689,0,11.3452442578683,0.945437021489022,11.3452442578683,0,76.4195369756129,49817,136,1992.1875,-5.33396077377211,1997.52146077377,1992.1875,0,1,1,1,49817,0,0,49817,76.4195369756129,49817,0
0.483,1997.60247534897,0.438532194985776,0.0219266097492888,10.4594221022485,209.188442044971,11.2550345248794,0,2000,2006.8359375,-6.8359375,11.2550345248794,11.2974416508011,1700.47202112359,0,11.2550345248794,0.937919543739952,11.2550345248794,0,76.6287208613564,49954,137,2006.8359375,9.23346215102765,1997.60247534897,2006.8359375,1,1,3,3,49954,0,0,49954,76.6287208613564,49954,0
0.484,1997.62706288374,0.412748614716111,0.0206374307358055,10.4595508422795,209.19101684559,11.3453270928308,0,2000,1992.1875,7.8125,11.3453270928308,11.2968618060632,-1024.34623239701,0,11.3453270928308,0.945443924402567,11.3453270928308,0,76.8379116480775,50090,136,1992.1875,-5.43956288373511,1997.62706288374,1992.1875,1,1,3,3,50090,0,0,50090,76.8379116480775,50090,0
0.485,1997.65309280474,0.431787279699396,0.0215893639849698,10.4596871346271,209.193742692543,11.3459897725312,0,2000,1992.1875,7.8125,11.3459897725312,11.2975244857636,-853.621860330839,0,11.3459897725312,0.945499147710931,11.3459897725312,0,77.0471032476157,50226,136,1992.1875,-5.46559280473548,1997.65309280474,1992.1875,1,1,3,3,50226,0,0,50226,77.0471032476157,50226,0
0.486,1997.73686899313,0.438894476690732,0.0219447238345366,10.4601257857238,209.202515714476,11.2557800395423,0,2000,2006.8359375,-6.8359375,11.2557800395423,11.298187165464,1730.0546997243,0,11.2557800395423,0.937981669961862,11.2557800395423,0,77.2563010863344,50363,137,2006.8359375,9.09906850687139,1997.73686899313,2006.8359375,1,0,2,2,50363,0,0,50363,77.2563010863344,50363,0
0.487,1997.76244965992,0.41289401924391,0.0206447009621955,10.4602597257819,209.205194515638,11.3460726074937,0,2000,1992.1875,7.8125,11.3460726074937,11.2976073207261,-999.694000229749,0,11.3460726074937,0.945506050624477,11.3460726074937,0,77.4655060076265,50499,136,1992.1875,-5.57494965991737,1997.76244965992,1992.1875,1,0,2,2,50499,0,0,50499,77.4655060076265,50499,0
0.488,1997.78881431323,0.431851975648235,0.0215925987824117,10.4603977707839,209.207955415677,11.2558628745049,0,2000,2006.8359375,-6.8359375,11.2558628745049,11.2982700004265,1608.32791647521,0,11.2558628745049,0.937988572875407,11.2558628745049,-1.77635683940025e-15,77.6747118056731,50636,137,2006.8359375,9.04712318676752,1997.78881431323,2006.8359375,0,0,0,2,50636,1,0,50636,77.6747118056731,50636,0
0.489,1997.79297777377,0.410266844137098,0.0205133422068549,10.4604195706122,209.208391412245,11.3461554424563,0,2000,1992.1875,7.8125,11.3461554424563,11.2976901556887,-1101.13298627066,0,11.3461554424563,0.945512953538022,11.3461554424563,0,77.8839208640297,50772,136,1992.1875,-5.60547777376587,1997.79297777377,1992.1875,0,0,0,0,50772,0,0,50772,77.8839208640297,50772,0
0.49,1997.81133604745,0.430869896000425,0.0215434948000213,10.4605156943085,209.210313886169,11.3468181221566,0,2000,1992.1875,7.8125,11.3468181221566,11.2983528353891,-917.610821892216,0,11.3468181221566,0.945568176846386,11.3468181221566,-1.77635683940025e-15,78.0931293722342,50908,136,1992.1875,-5.62383604744787,1997.81133604745,1992.1875,0,0,0,0,50908,0,0,50908,78.0931293722342,50908,0
0.491,1997.89219262244,0.43856010163759,0.0219280050818795,10.4609390583451,209.218781166902,11.2566083891678,0,2000,2006.8359375,-6.8359375,11.2566083891678,11.2990155150894,1676.73056508982,0,11.2566083891678,0.938050699097317,11.2566083891678,0,78.3023436053445,51045,137,2006.8359375,8.94374487756318,1997.89219262244,2006.8359375,0,1,1,1,51045,0,0,51045,78.3023436053445,51045,0
0.492,1997.91662498102,0.412777017210133,0.0206388508605066,10.4610669858755,209.22133971751,11.3469009571192,0,2000,1992.1875,7.8125,11.3469009571192,11.2984356703516,-1044.13077909182,0,11.3469009571192,0.945575079759931,11.3469009571192,0,78.5115647230407,51181,136,1992.1875,-5.7291249810205,1997.91662498102,1992.1875,0,1,1,1,51181,0,0,51181,78.5115647230407,51181,0
0.493,1997.94250208591,0.431816119092327,0.0215908059546163,10.4612024780799,209.224049561597,11.3475636368195,0,2000,1992.1875,7.8125,11.3475636368195,11.299098350052,-870.108982576514,0,11.3475636368195,0.945630303068295,11.3475636368195,0,78.7207866374298,51317,136,1992.1875,-5.75500208591484,1997.94250208591,1992.1875,0,1,1,1,51317,0,0,51317,78.7207866374298,51317,0
0.494,1998.02612762764,0.438923727597566,0.0219461863798783,10.4616403403924,209.232806807849,11.2573539038307,0,2000,2006.8359375,-6.8359375,11.2573539038307,11.2997610297523,1716.31543118624,0,11.2573539038307,0.938112825319226,11.2573539038307,0,78.9300147751112,51454,137,2006.8359375,8.80980987235807,1998.02612762764,2006.8359375,1,1,3,3,51454,0,0,51454,78.9300147751112,51454,0
0.495,1998.05155972866,0.412923668829004,0.0206461834414502,10.461773502562,209.23547005124,11.3476464717821,0,2000,1992.1875,7.8125,11.3476464717821,11.2991811850145,-1011.14339067813,0,11.3476464717821,0.945637205981841,11.3476464717821,0,79.1392499797002,51590,136,1992.1875,-5.86405972865987,1998.05155972866,1992.1875,1,1,3,3,51590,0,0,51590,79.1392499797002,51590,0
0.496,1998.07777784684,0.431882015797347,0.0215941007898674,10.4619107803078,209.238215606155,11.2574367387933,0,2000,2006.8359375,-6.8359375,11.2574367387933,11.2998438647149,1598.78675776822,0,11.2574367387933,0.938119728232772,11.2574367387933,0,79.3484860455926,51727,137,2006.8359375,8.75815965315974,1998.07777784684,2006.8359375,1,0,2,2,51727,0,0,51727,79.3484860455926,51727,0
0.497,1998.08179676709,0.410297268540302,0.0205148634270151,10.4619318233249,209.238636466499,11.3477293067446,0,2000,1992.1875,7.8125,11.3477293067446,11.2992640199771,-1109.08395185982,0,11.3477293067446,0.945644108895386,11.3477293067446,-1.77635683940025e-15,79.5577253565543,51863,136,1992.1875,-5.89429676708505,1998.08179676709,1992.1875,1,0,2,2,51863,0,0,51863,79.5577253565543,51863,0
0.498,1998.10001246518,0.430900699064663,0.0215450349532332,10.4620272004971,209.240544009943,11.348391986445,0,2000,1992.1875,7.8125,11.348391986445,11.2999266996774,-924.236626549847,0,11.348391986445,0.94569933220375,11.348391986445,0,79.7669641023306,51999,136,1992.1875,-5.91251246518141,1998.10001246518,1992.1875,1,0,2,2,51999,0,0,51999,79.7669641023306,51999,0
0.499,1998.18072840146,0.438591278080929,0.0219295639040464,10.4624498281512,209.248996563024,11.2581822534562,0,2000,2006.8359375,-6.8359375,11.2581822534562,11.3005893793778,1671.20906120846,0,11.2581822534562,0.938181854454681,11.2581822534562,0,79.9762085581838,52136,137,2006.8359375,8.65520909853876,1998.18072840146,2006.8359375,0,0,0,0,52136,0,0,52136,79.9762085581838,52136,0
0.5,1998.20502203151,0.412808561909966,0.0206404280954983,10.4625770293007,209.251540586014,11.3484748214076,0,2000,1992.1875,7.8125,11.3484748214076,11.30000953464,-1048.73203232628,0,11.3484748214076,0.945706235117296,11.3484748214076,0,80.1854598839958,52272,136,1992.1875,-6.01752203151023,1998.20502203151,1992.1875,0,0,0,0,52272,0,0,52272,80.1854598839958,52272,0
0.501,1998.23076229192,0.431848027028258,0.0215924013514129,10.4627118049891,209.254236099781,11.2582650884187,0,2000,2006.8359375,-6.8359375,11.2582650884187,11.3006722143403,1567.4628897281,0,11.2582650884187,0.938188757368227,11.2582650884187,0,80.3947119920717,52409,137,2006.8359375,8.60517520807775,1998.23076229192,2006.8359375,0,1,1,1,52409,0,0,52409,80.3947119920717,52409,0
0.502,1998.23455020916,0.410293642659209,0.0205146821329604,10.4627316384773,209.254632769547,11.3485576563701,0,2000,1992.1875,7.8125,11.3485576563701,11.3000923696025,-1135.18717522658,0,11.3485576563701,0.945713138030841,11.3485576563701,0,80.6039673101845,52545,136,1992.1875,-6.04705020916072,1998.23455020916,1992.1875,0,1,1,1,52545,0,0,52545,80.6039673101845,52545,0
0.503,1998.25262759457,0.43090852420584,0.021545426210292,10.462826291446,209.25652582892,11.2583479233813,0,2000,2006.8359375,-6.8359375,11.2583479233813,11.3007550493029,1495.41693731118,0,11.2583479233813,0.938195660281772,11.2583479233813,0,80.8132220445509,52682,137,2006.8359375,8.58330990543436,1998.25262759457,2006.8359375,1,1,3,1,52682,1,0,52682,80.8132220445509,52682,0
0.504,1998.25353782303,0.409941155171366,0.0204970577585683,10.4628310573911,209.256621147822,11.3486404913326,0,2000,1992.1875,7.8125,11.3486404913326,11.3001752045651,-1195.22546890735,0,11.3486404913326,0.945720040944387,11.3486404913326,-1.77635683940025e-15,81.0224794776222,52818,136,1992.1875,-6.06603782303068,1998.25353782303,1992.1875,1,1,3,3,52818,0,0,52818,81.0224794776222,52818,0
0.505,1998.27052065151,0.430774801303245,0.0215387400651623,10.462919979273,209.258399585461,11.349303171033,0,2000,1992.1875,7.8125,11.349303171033,11.3008378842654,-996.021224089459,0,11.349303171033,0.945775264252751,11.349303171033,0,81.231736134076,52954,136,1992.1875,-6.08302065150519,1998.27052065151,1992.1875,1,1,3,3,52954,0,0,52954,81.231736134076,52954,0
0.506,1998.35070360967,0.438551347537488,0.0219275673768744,10.4633398162602,209.266796325205,11.2590934380442,0,2000,2006.8359375,-6.8359375,11.2590934380442,11.3015005639658,1611.38856325878,0,11.2590934380442,0.938257786503682,11.2590934380442,0,81.4409984140682,53091,137,2006.8359375,8.48523389032903,1998.35070360967,2006.8359375,1,0,2,2,53091,0,0,53091,81.4409984140682,53091,0
0.507,1998.37472602126,0.412800853112562,0.0206400426556281,10.4634655973132,209.269311946263,11.3493860059956,0,2000,1992.1875,7.8125,11.3493860059956,11.300920719228,-1098.58244728435,0,11.3493860059956,0.945782167166296,11.3493860059956,0,81.6502675241174,53227,136,1992.1875,-6.18722602125922,1998.37472602126,1992.1875,1,0,2,2,53227,0,0,53227,81.6502675241174,53227,0
0.508,1998.40029357391,0.431852513335238,0.0215926256667619,10.4635994687058,209.271989374116,11.2591762730067,0,2000,2006.8359375,-6.8359375,11.2591762730067,11.3015833989284,1525.92087726304,0,11.2591762730067,0.938264689417227,11.2591762730067,0,81.8595373940088,53364,137,2006.8359375,8.43564392609255,1998.40029357391,2006.8359375,0,0,0,2,53364,1,0,53364,81.8595373940088,53364,0
0.509,1998.4039464588,0.410302860134623,0.0205151430067311,10.4636185951664,209.272371903327,11.3494688409581,0,2000,1992.1875,7.8125,11.3494688409581,11.3010035541905,-1169.80551894746,0,11.3494688409581,0.945789070079842,11.3494688409581,0,82.0688104581304,53500,136,1992.1875,-6.21644645880087,1998.4039464588,1992.1875,0,0,0,0,53500,0,0,53500,82.0688104581304,53500,0
0.51,1998.42190380858,0.430919689453038,0.0215459844726519,10.4637126196299,209.274252392598,11.3501315206585,0,2000,1992.1875,7.8125,11.3501315206585,11.3016662338909,-974.837932456219,0,11.3501315206585,0.945844293388206,11.3501315206585,0,82.2780829252645,53636,136,1992.1875,-6.23440380857687,1998.42190380858,1992.1875,0,0,0,0,53636,0,0,53636,82.2780829252645,53636,0
0.511,1998.50240317408,0.438615579833496,0.0219307789916748,10.4641341133221,209.282682266441,11.2599217876696,0,2000,2006.8359375,-6.8359375,11.2599217876696,11.3023289135913,1629.04130628648,0,11.2599217876696,0.938326815639136,11.2599217876696,-1.77635683940025e-15,82.487361077941,53773,137,2006.8359375,8.33353432591798,1998.50240317408,2006.8359375,0,1,1,1,53773,0,0,53773,82.487361077941,53773,0
0.512,1998.5264974324,0.412835157545125,0.0206417578772562,10.4642602705636,209.285205411272,11.350214355621,0,2000,1992.1875,7.8125,11.350214355621,11.3017490688534,-1083.8718280946,0,11.350214355621,0.945851196301751,11.350214355621,0,82.6966460789209,53909,136,1992.1875,-6.3389974323959,1998.5264974324,1992.1875,0,1,1,1,53909,0,0,53909,82.6966460789209,53909,0
0.513,1998.5520463407,0.431875788040767,0.0215937894020384,10.4643940443347,209.287880886693,11.2600046226322,0,2000,2006.8359375,-6.8359375,11.2600046226322,11.3024117485538,1538.17972658784,0,11.2600046226322,0.938333718552682,11.2600046226322,0,82.9059318417531,54046,137,2006.8359375,8.28389115929758,1998.5520463407,2006.8359375,1,1,3,3,54046,0,0,54046,82.9059318417531,54046,0
0.514,1998.55564748359,0.410322144380386,0.0205161072190193,10.4644128998747,209.288257997494,11.3502971905836,0,2000,1992.1875,7.8125,11.3502971905836,11.301831903816,-1159.5898111768,0,11.3502971905836,0.945858099215297,11.3502971905836,0,83.1152207948412,54182,136,1992.1875,-6.36814748358643,1998.55564748359,1992.1875,1,1,3,3,54182,0,0,54182,83.1152207948412,54182,0
0.515,1998.57354136844,0.430937604253659,0.021546880212683,10.4645065920367,209.290131840734,11.2600874575947,0,2000,2006.8359375,-6.8359375,11.2600874575947,11.3024945835164,1475.08140735266,0,11.2600874575947,0.938340621466228,11.2600874575947,0,83.3245091448019,54319,137,2006.8359375,8.26239613155917,1998.57354136844,2006.8359375,1,0,2,3,54319,1,0,54319,83.3245091448019,54319,0
0.516,1998.57427086306,0.409970748940824,0.0204985374470412,10.4645104116616,209.290208233232,11.3503800255461,0,2000,1992.1875,7.8125,11.3503800255461,11.3019147387785,-1212.17174387278,0,11.3503800255461,0.945865002128842,11.3503800255461,0,83.5338001743987,54455,136,1992.1875,-6.38677086305802,1998.57427086306,1992.1875,1,0,2,2,54455,0,0,54455,83.5338001743987,54455,0
0.517,1998.59107551446,0.430804880674005,0.0215402440337002,10.4645984006106,209.291968012211,11.2601702925573,0,2000,2006.8359375,-6.8359375,11.2601702925573,11.3025774184789,1431.26313010602,0,11.2601702925573,0.938347524379773,11.2601702925573,0,83.7430904085868,54592,137,2006.8359375,8.24486198554268,1998.59107551446,2006.8359375,0,0,0,2,54592,1,0,54592,83.7430904085868,54592,0
0.518,1998.59138011494,0.409919546867022,0.0204959773433511,10.464599995495,209.2919999099,11.3504628605087,0,2000,1992.1875,7.8125,11.3504628605087,11.3019975737411,-1248.68697491165,0,11.3504628605087,0.945871905042388,11.3504628605087,-1.77635683940025e-15,83.9523832487611,54728,136,1992.1875,-6.40388011494497,1998.59138011494,1992.1875,0,0,0,0,54728,0,0,54728,83.9523832487611,54728,0
0.519,1998.60800764508,0.430784101125784,0.0215392050562892,10.4646870570392,209.293741140784,11.351125540209,0,2000,1992.1875,7.8125,11.351125540209,11.3026602534414,-1040.57247909304,0,11.351125540209,0.945927128350752,11.351125540209,0,84.1616752641028,54864,136,1992.1875,-6.4205076450794,1998.60800764508,1992.1875,0,0,0,0,54864,0,0,54864,84.1616752641028,54864,0
0.52,1998.68793033134,0.438572502320344,0.0219286251160172,10.4651055312459,209.302110624918,11.2609158072202,0,2000,2006.8359375,-6.8359375,11.2609158072202,11.3033229331418,1574.26251742246,0,11.2609158072202,0.938409650601682,11.2609158072202,0,84.3709728715341,55001,137,2006.8359375,8.14800716865693,1998.68793033134,2006.8359375,0,1,1,1,55001,0,0,55001,84.3709728715341,55001,0
0.521,1998.71172961204,0.412826759581548,0.0206413379790774,10.4652301439882,209.304602879765,11.3512083751716,0,2000,1992.1875,7.8125,11.3512083751716,11.302743088404,-1129.52081881461,0,11.3512083751716,0.945934031264297,11.3512083751716,0,84.5802772840027,55137,136,1992.1875,-6.5242296120432,1998.71172961204,1992.1875,0,1,1,1,55137,0,0,55137,84.5802772840027,55137,0
0.522,1998.73708958478,0.431880520466318,0.0215940260233159,10.465362928495,209.307258569899,11.2609986421827,0,2000,2006.8359375,-6.8359375,11.2609986421827,11.3034057681044,1500.13890098782,0,11.2609986421827,0.938416553515228,11.2609986421827,0,84.7895824338704,55274,137,2006.8359375,8.09884791522268,1998.73708958478,2006.8359375,1,1,3,3,55274,0,0,55274,84.7895824338704,55274,0
0.523,1998.74054237363,0.410331975746369,0.0205165987873185,10.4653810072551,209.307620145103,11.3512912101341,0,2000,1992.1875,7.8125,11.3512912101341,11.3028259233665,-1191.29049917682,0,11.3512912101341,0.945940934177843,11.3512912101341,0,84.9988907566632,55410,136,1992.1875,-6.55304237363134,1998.74054237363,1992.1875,1,1,3,3,55410,0,0,55410,84.9988907566632,55410,0
0.524,1998.75830408273,0.430949539462175,0.0215474769731087,10.4654740073465,209.30948014693,11.2610814771453,0,2000,2006.8359375,-6.8359375,11.2610814771453,11.3034886030669,1448.66416735265,0,11.2610814771453,0.938423456428773,11.2610814771453,0,85.2081984617631,55547,137,2006.8359375,8.07763341727218,1998.75830408273,2006.8359375,1,0,2,3,55547,1,0,55547,85.2081984617631,55547,0
0.525,1998.7589084735,0.409983669332162,0.0204991834666081,10.4654771719292,209.309543438584,11.3513740450967,0,2000,1992.1875,7.8125,11.3513740450967,11.3029087583291,-1234.18611053945,0,11.3513740450967,0.945947837091388,11.3513740450967,-1.77635683940025e-15,85.4175088330741,55683,136,1992.1875,-6.57140847350411,1998.7589084735,1992.1875,1,0,2,2,55683,0,0,55683,85.4175088330741,55683,0
0.526,1998.77559168604,0.430818366733205,0.0215409183366602,10.4655645250258,209.311290500515,11.2611643121078,0,2000,2006.8359375,-6.8359375,11.2611643121078,11.3035714380295,1412.91782455045,0,11.2611643121078,0.938430359342319,11.2611643121078,0,85.6268183960846,55820,137,2006.8359375,8.0603458139592,1998.77559168604,2006.8359375,0,0,0,2,55820,1,0,55820,85.6268183960846,55820,0
0.527,1998.77577722932,0.409933439597575,0.0204966719798787,10.4655654965281,209.311309930562,11.3514568800592,0,2000,1992.1875,7.8125,11.3514568800592,11.3029915932916,-1263.97472954129,0,11.3514568800592,0.945954740004934,11.3514568800592,0,85.8361305524957,55956,136,1992.1875,-6.58827722932006,1998.77577722932,1992.1875,0,0,0,0,55956,0,0,55956,85.8361305524957,55956,0
0.528,1998.79228759198,0.430798338629507,0.0215399169314753,10.4656519445848,209.313038891697,11.3521195597596,0,2000,1992.1875,7.8125,11.3521195597596,11.303654272992,-1053.31227461774,0,11.3521195597596,0.946009963313298,11.3521195597596,0,86.0454418717079,56092,136,1992.1875,-6.60478759198099,1998.79228759198,1992.1875,0,0,0,0,56092,0,0,56092,86.0454418717079,56092,0
0.529,1998.8720948036,0.438587058911238,0.0219293529455619,10.4660698141677,209.321396283355,11.2619098267707,0,2000,2006.8359375,-6.8359375,11.2619098267707,11.3043169526924,1563.64602115188,0,11.2619098267707,0.938492485564228,11.2619098267707,0,86.2547587708292,56229,137,2006.8359375,7.96384269639566,1998.8720948036,2006.8359375,0,1,1,1,56229,0,0,56229,86.2547587708292,56229,0
0.53,1998.89578021572,0.41284162310089,0.0206420811550445,10.4661938306956,209.323876613911,11.3522023947221,0,2000,1992.1875,7.8125,11.3522023947221,11.3037371079545,-1138.3678990401,0,11.3522023947221,0.946016866226843,11.3522023947221,0,86.4640824629805,56365,136,1992.1875,-6.7082802157197,1998.89578021572,1992.1875,0,1,1,1,56365,0,0,56365,86.4640824629805,56365,0
0.531,1998.92102788034,0.431895683830416,0.0215947841915208,10.4663260271584,209.326520543168,11.2619926617333,0,2000,2006.8359375,-6.8359375,11.2619926617333,11.3043997876549,1492.76633413325,0,11.2619926617333,0.938499388477774,11.2619926617333,0,86.6734068806885,56502,137,2006.8359375,7.91490961965997,1998.92102788034,2006.8359375,1,1,3,3,56502,0,0,56502,86.6734068806885,56502,0
0.532,1998.92436989151,0.410347433797019,0.0205173716898509,10.466343525888,209.326870517759,11.3522852296847,0,2000,1992.1875,7.8125,11.3522852296847,11.3038199429171,-1197.43430488896,0,11.3522852296847,0.946023769140389,11.3522852296847,-1.77635683940025e-15,86.882734459641,56638,136,1992.1875,-6.73686989151088,1998.92436989151,1992.1875,1,1,3,3,56638,0,0,56638,86.882734459641,56638,0
0.533,1998.94202232927,0.43096528779276,0.021548264389638,10.4664359538359,209.328719076718,11.2620754966958,0,2000,2006.8359375,-6.8359375,11.2620754966958,11.3044826226175,1443.5443292592,0,11.2620754966958,0.938506291391319,11.2620754966958,0,87.092061409379,56775,137,2006.8359375,7.89391517073182,1998.94202232927,2006.8359375,1,0,2,2,56775,0,0,56775,87.092061409379,56775,0
0.534,1998.94251893337,0.409999703849831,0.0204999851924916,10.4664385540489,209.328771080978,11.3523680646472,0,2000,1992.1875,7.8125,11.3523680646472,11.3039027778796,-1238.452642284,0,11.3523680646472,0.946030672053934,11.3523680646472,0,87.3013910139631,56911,136,1992.1875,-6.75501893336855,1998.94251893337,1992.1875,1,0,2,2,56911,0,0,56911,87.3013910139631,56911,0
0.535,1998.95909582327,0.4308346834953,0.021541734174765,10.4665253504414,209.330507008829,11.2621583316584,0,2000,2006.8359375,-6.8359375,11.2621583316584,11.30456545758,1409.36238143,0,11.2621583316584,0.938513194304865,11.2621583316584,0,87.510719799036,57048,137,2006.8359375,7.87684167673456,1998.95909582327,2006.8359375,0,0,0,2,57048,1,0,57048,87.510719799036,57048,0
0.536,1998.95917648789,0.409950034750222,0.0204975017375111,10.4665257728004,209.330515456009,11.3524508996098,0,2000,1992.1875,7.8125,11.3524508996098,11.3039856128422,-1266.93759880833,0,11.3524508996098,0.94603757496748,11.3524508996098,0,87.7200511664515,57184,136,1992.1875,-6.77167648789168,1998.95917648789,1992.1875,0,0,0,0,57184,0,0,57184,87.7200511664515,57184,0
0.537,1998.97558339621,0.430815208384301,0.0215407604192151,10.4666116791715,209.33223358343,11.2622411666209,0,2000,2006.8359375,-6.8359375,11.2622411666209,11.3046482925426,1385.62491765972,0,11.2622411666209,0.93852009721841,11.2622411666209,-1.77635683940025e-15,87.9293816857599,57321,137,2006.8359375,7.86035410379009,1998.97558339621,2006.8359375,0,1,1,0,57321,1,0,57321,87.9293816857599,57321,0
0.538,1998.97558592003,0.409941848365772,0.0204970924182886,10.4666116923862,209.332233847724,11.3525337345723,0,2000,1992.1875,7.8125,11.3525337345723,11.3040684478047,-1286.7188186169,0,11.3525337345723,0.946044477881025,11.3525337345723,0,88.1387147751947,57457,136,1992.1875,-6.78808592002611,1998.97558592003,1992.1875,0,1,1,1,57457,0,0,57457,88.1387147751947,57457,0
0.539,1998.9919491059,0.430811266633522,0.0215405633316761,10.4666973698271,209.333947396542,11.3531964142727,0,2000,1992.1875,7.8125,11.3531964142727,11.3047311275051,-1072.26568218075,0,11.3531964142727,0.946099701189389,11.3531964142727,-1.77635683940025e-15,88.348047010431,57593,136,1992.1875,-6.8044491059045,1998.9919491059,1992.1875,0,1,1,1,57593,0,0,57593,88.348047010431,57593,0
0.54,1999.07162356739,0.438601877465199,0.0219300938732599,10.4671145443319,209.342290886638,11.2629866812838,0,2000,2006.8359375,-6.8359375,11.2629866812838,11.3053938072055,1547.85151484938,0,11.2629866812838,0.93858222344032,11.2629866812838,0,88.5573848110276,57730,137,2006.8359375,7.76431393260668,1999.07162356739,2006.8359375,1,1,3,3,57730,0,0,57730,88.5573848110276,57730,0
0.541,1999.09518266245,0.412857350023201,0.02064286750116,10.4672378994651,209.344757989303,11.3532792492352,0,2000,1992.1875,7.8125,11.3532792492352,11.3048139624676,-1151.52998762552,0,11.3532792492352,0.946106604102935,11.3532792492352,0,88.7667293911294,57866,136,1992.1875,-6.90768266244595,1999.09518266245,1992.1875,1,1,3,3,57866,0,0,57866,88.7667293911294,57866,0
0.542,1999.12030745054,0.431911950417927,0.0215955975208964,10.467369452548,209.34738905096,11.2630695162464,0,2000,2006.8359375,-6.8359375,11.2630695162464,11.305476642168,1481.79792697873,0,11.2630695162464,0.938589126353865,11.2630695162464,0,88.9760746837558,58003,137,2006.8359375,7.71563004945779,1999.12030745054,2006.8359375,1,0,2,2,58003,0,0,58003,88.9760746837558,58003,0
0.543,1999.1235288966,0.410364099948714,0.0205182049974357,10.4673863200001,209.347726400003,11.3533620841978,0,2000,1992.1875,7.8125,11.3533620841978,11.3048967974302,-1206.57464418439,0,11.3533620841978,0.94611350701648,11.3533620841978,0,89.1854231248856,58139,136,1992.1875,-6.93602889660474,1999.1235288966,1992.1875,1,0,2,2,58139,0,0,58139,89.1854231248856,58139,0
0.544,1999.14106264602,0.430982298615328,0.0215491149307664,10.4674781264974,209.349562529948,11.2631523512089,0,2000,2006.8359375,-6.8359375,11.2631523512089,11.3055594771306,1435.92737984634,0,11.2631523512089,0.938596029267411,11.2631523512089,-1.77635683940025e-15,89.3947709242762,58276,137,2006.8359375,7.69487485398031,1999.14106264602,2006.8359375,0,0,0,0,58276,0,0,58276,89.3947709242762,58276,0
0.545,1999.14144226281,0.410017036232527,0.0205008518116263,10.4674801141662,209.349602283324,11.3534449191603,0,2000,1992.1875,7.8125,11.3534449191603,11.3049796323927,-1244.80010012805,0,11.3534449191603,0.946120409930026,11.3534449191603,0,89.6041213661736,58412,136,1992.1875,-6.95394226280564,1999.14144226281,1992.1875,0,0,0,0,58412,0,0,58412,89.6041213661736,58412,0
0.546,1999.15790378734,0.430852326204762,0.0215426163102381,10.4675663065071,209.351326130143,11.2632351861715,0,2000,2006.8359375,-6.8359375,11.2632351861715,11.3056423120931,1404.07283322663,0,11.2632351861715,0.938602932180956,11.2632351861715,0,89.8134709763947,58549,137,2006.8359375,7.67803371265654,1999.15790378734,2006.8359375,0,1,1,1,58549,0,0,58549,89.8134709763947,58549,0
0.547,1999.15787066569,0.409967981013874,0.0204983990506937,10.4675661330826,209.351322661652,11.3535277541229,0,2000,1992.1875,7.8125,11.3535277541229,11.3050624673553,-1271.34555564448,0,11.3535277541229,0.946127312843571,11.3535277541229,0,90.0228231569598,58685,136,1992.1875,-6.97037066569192,1999.15787066569,1992.1875,0,1,1,1,58685,0,0,58685,90.0228231569598,58685,0
0.548,1999.17416533759,0.430833453126667,0.0215416726563334,10.4676514517851,209.353029035702,11.263318021134,0,2000,2006.8359375,-6.8359375,11.263318021134,11.3057251470557,1381.95162029627,0,11.263318021134,0.938609835094502,11.263318021134,0,90.2321744775838,58822,137,2006.8359375,7.66177216241317,1999.17416533759,2006.8359375,1,1,3,3,58822,0,0,58822,90.2321744775838,58822,0
0.549,1999.1740571509,0.409960387178325,0.0204980193589163,10.4676508853209,209.353017706419,11.3536105890854,0,2000,1992.1875,7.8125,11.3536105890854,11.3051453023178,-1289.77989975311,0,11.3536105890854,0.946134215757117,11.3536105890854,0,90.4415283566612,58958,136,1992.1875,-6.98655715089967,1999.1740571509,1992.1875,1,1,3,3,58958,0,0,58958,90.4415283566612,58958,0
0.55,1999.19031113039,0.430830095390414,0.0215415047695207,10.4677359909585,209.354719819171,11.2634008560966,0,2000,2006.8359375,-6.8359375,11.2634008560966,11.3058079820182,1366.58966687241,0,11.2634008560966,0.938616738008047,11.2634008560966,0,90.6508813700251,59095,137,2006.8359375,7.64562636961296,1999.19031113039,2006.8359375,1,0,2,2,59095,0,0,59095,90.6508813700251,59095,0
0.551,1999.19017523035,0.409958641009289,0.0204979320504645,10.4677352793876,209.354705587752,11.3536934240479,0,2000,1992.1875,7.8125,11.3536934240479,11.3052281372804,-1302.58152760633,0,11.3536934240479,0.946141118670662,11.3536934240479,-1.77635683940025e-15,90.8602369383683,59231,136,1992.1875,-7.00267523035063,1999.19017523035,1992.1875,1,0,2,2,59231,0,0,59231,90.8602369383683,59231,0
0.552,1999.20640650259,0.430828982510669,0.0215414491255334,10.4678202661303,209.356405322606,11.2634836910591,0,2000,2006.8359375,-6.8359375,11.2634836910591,11.3058908169807,1355.9216436614,0,11.2634836910591,0.938623640921593,11.2634836910591,0,91.0695916383982,59368,137,2006.8359375,7.62953099741048,1999.20640650259,2006.8359375,0,0,0,0,59368,0,0,59368,91.0695916383982,59368,0
0.553,1999.20624992858,0.409957796494178,0.0204978898247089,10.4678194463107,209.356388926215,11.3537762590105,0,2000,1992.1875,7.8125,11.3537762590105,11.3053109722429,-1311.47154694884,0,11.3537762590105,0.946148021584208,11.3537762590105,0,91.2789488911512,59504,136,1992.1875,-7.01874992858393,1999.20624992858,1992.1875,0,0,0,0,59504,0,0,59504,91.2789488911512,59504,0
0.554,1999.22246145026,0.430828269959466,0.0215414134979733,10.4679043296397,209.358086592795,11.2635665260217,0,2000,2006.8359375,-6.8359375,11.2635665260217,11.3059736519433,1348.5132942093,0,11.2635665260217,0.938630543835139,11.2635665260217,0,91.48830527348,59641,137,2006.8359375,7.61347604974003,1999.22246145026,2006.8359375,0,1,1,0,59641,1,0,59641,91.48830527348,59641,0
0.555,1999.22228563335,0.409957164653597,0.0204978582326798,10.4679034090645,209.358068181291,11.353859093973,0,2000,1992.1875,7.8125,11.353859093973,11.3053938072055,-1317.64517149225,0,11.353859093973,0.946154924497753,11.353859093973,0,91.6976642064923,59777,136,1992.1875,-7.03478563334716,1999.22228563335,1992.1875,0,1,1,1,59777,0,0,59777,91.6976642064923,59777,0
0.556,1999.23847826264,0.430827699305618,0.0215413849652809,10.4679881934732,209.359763869465,11.2636493609842,0,2000,2006.8359375,-6.8359375,11.2636493609842,11.3060564869058,1343.36860708979,0,11.2636493609842,0.938637446748684,11.2636493609842,-1.77635683940025e-15,91.9070222670845,59914,137,2006.8359375,7.59745923736273,1999.23847826264,2006.8359375,1,1,3,1,59914,1,0,59914,91.9070222670845,59914,0
0.557,1999.23828384314,0.40995664748988,0.020497832374494,10.4679871754951,209.359743509902,11.3539419289356,0,2000,1992.1875,7.8125,11.3539419289356,11.305476642168,-1321.93241075851,0,11.3539419289356,0.946161827411299,11.3539419289356,0,92.1163828763968,60050,136,1992.1875,-7.05078384313947,1999.23828384314,1992.1875,1,1,3,3,60050,0,0,60050,92.1163828763968,60050,0
0.558,1999.25445813486,0.430827232347661,0.021541361617383,10.4680718638885,209.361437277771,11.2637321959468,0,2000,2006.8359375,-6.8359375,11.2637321959468,11.3061393218684,1339.79590770125,0,11.2637321959468,0.93864434966223,11.2637321959468,0,92.3257426113549,60187,137,2006.8359375,7.58147936513842,1999.25445813486,2006.8359375,1,0,2,3,60187,1,0,60187,92.3257426113549,60187,0
0.559,1999.25424563143,0.409956229102855,0.0204978114551427,10.4680707512232,209.361415024464,11.3540247638981,0,2000,1992.1875,7.8125,11.3540247638981,11.3055594771306,-1324.90966024896,0,11.3540247638981,0.946168730324844,11.3540247638981,0,92.5351048931265,60323,136,1992.1875,-7.06674563143179,1999.25424563143,1992.1875,1,0,2,2,60323,0,0,60323,92.5351048931265,60323,0
0.56,1999.27040208653,0.430826861516896,0.0215413430758448,10.4681553462242,209.363106924485,11.3546874435985,0,2000,1992.1875,7.8125,11.3546874435985,11.3062221568309,-1104.0913835408,0,11.3546874435985,0.946223953633208,11.3546874435985,0,92.7444662986633,60459,136,1992.1875,-7.08290208652761,1999.27040208653,1992.1875,1,0,2,2,60459,0,0,60459,92.7444662986633,60459,0
0.561,1999.34987462776,0.438618256220573,0.0219309128110287,10.468571463477,209.371429269541,11.2644777106097,0,2000,2006.8359375,-6.8359375,11.2644777106097,11.3068848365313,1521.33009704933,0,11.2644777106097,0.938706475884139,11.2644777106097,0,92.9538332481813,60596,137,2006.8359375,7.4860628722447,1999.34987462776,2006.8359375,0,0,0,0,60596,0,0,60596,92.9538332481813,60596,0
0.562,1999.37323529096,0.412874347840645,0.0206437173920323,10.4686937796235,209.373875592471,11.354770278561,0,2000,1992.1875,7.8125,11.354770278561,11.3063049917935,-1173.63116912556,0,11.354770278561,0.946230856546754,11.354770278561,0,93.1632069562488,60732,136,1992.1875,-7.1857352909567,1999.37323529096,1992.1875,0,0,0,0,60732,0,0,60732,93.1632069562488,60732,0
0.563,1999.39816462,0.431929501453058,0.0215964750726529,10.4688243092852,209.376486185703,11.2645605455722,0,2000,2006.8359375,-6.8359375,11.2645605455722,11.3069676714938,1463.3802757287,0,11.2645605455722,0.938713378797684,11.2645605455722,-1.77635683940025e-15,93.3725813562192,60869,137,2006.8359375,7.4377728800016,1999.39816462,2006.8359375,0,1,1,1,60869,0,0,60869,93.3725813562192,60869,0
0.564,1999.40119336497,0.410382175289184,0.0205191087644592,10.4688401677568,209.376803355136,11.3548531135236,0,2000,1992.1875,7.8125,11.3548531135236,11.306387826756,-1221.92268689275,0,11.3548531135236,0.946237759460299,11.3548531135236,0,93.5819588843705,61005,136,1992.1875,-7.21369336497378,1999.40119336497,1992.1875,0,1,1,1,61005,0,0,61005,93.5819588843705,61005,0
0.565,1999.41853706883,0.431000883168107,0.0215500441584053,10.4689309791778,209.378619583556,11.2646433805348,0,2000,2006.8359375,-6.8359375,11.2646433805348,11.3070505064564,1423.13734425604,0,11.2646433805348,0.93872028171123,11.2646433805348,0,93.7913357507425,61142,137,2006.8359375,7.41740043117375,1999.41853706883,2006.8359375,1,1,3,3,61142,0,0,61142,93.7913357507425,61142,0
0.566,1999.4187292353,0.41003612011193,0.0205018060055965,10.4689319853591,209.378639707181,11.3549359484861,0,2000,1992.1875,7.8125,11.3549359484861,11.3064706617186,-1255.45846311996,0,11.3549359484861,0.946244662373845,11.3549359484861,0,94.0007152398565,61278,136,1992.1875,-7.23122923529536,1999.4187292353,1992.1875,1,1,3,3,61278,0,0,61278,94.0007152398565,61278,0
0.567,1999.43500586049,0.430871901523109,0.0215435950761554,10.4690172095693,209.380344191386,11.2647262154973,0,2000,2006.8359375,-6.8359375,11.2647262154973,11.3071333414189,1395.1908640667,0,11.2647262154973,0.938727184624776,11.2647262154973,0,94.2100938777982,61415,137,2006.8359375,7.40093163950883,1999.43500586049,2006.8359375,1,0,2,2,61415,0,0,61415,94.2100938777982,61415,0
0.568,1999.43479035246,0.409988040684989,0.0204994020342494,10.4690160811719,209.380321623438,11.3550187834487,0,2000,1992.1875,7.8125,11.3550187834487,11.3065534966811,-1278.74719661109,0,11.3550187834487,0.94625156528739,11.3550187834487,0,94.4194750668531,61551,136,1992.1875,-7.24729035246037,1999.43479035246,1992.1875,1,0,2,2,61551,0,0,61551,94.4194750668531,61551,0
0.569,1999.45090511558,0.430853990419307,0.0215426995209654,10.4691004578743,209.382009157485,11.2648090504599,0,2000,2006.8359375,-6.8359375,11.2648090504599,11.3072161763815,1375.78358615743,0,11.2648090504599,0.938734087538321,11.2648090504599,0,94.6288553769973,61688,137,2006.8359375,7.3850323844224,1999.45090511558,2006.8359375,0,0,0,0,61688,0,0,61688,94.6288553769973,61688,0
0.57,1999.45061946358,0.409981395549052,0.0204990697774526,10.4690989622039,209.381979244078,11.3551016184112,0,2000,1992.1875,7.8125,11.3551016184112,11.3066363316437,-1294.91992820214,0,11.3551016184112,0.946258468200936,11.3551016184112,-1.77635683940025e-15,94.838238226883,61824,136,1992.1875,-7.26311946358351,1999.45061946358,1992.1875,0,0,0,0,61824,0,0,61824,94.838238226883,61824,0
0.571,1999.46669838789,0.430851568420557,0.0215425784210278,10.4691831512547,209.383663025094,11.2648918854224,0,2000,2006.8359375,-6.8359375,11.2648918854224,11.307299011344,1362.30630983155,0,11.2648918854224,0.938740990451867,11.2648918854224,0,95.0476201925979,61961,137,2006.8359375,7.36923911211261,1999.46669838789,2006.8359375,0,1,1,1,61961,0,0,61961,95.0476201925979,61961,0
0.572,1999.46638981,0.40998057238072,0.020499028619036,10.4691815355447,209.383630710893,11.3551844533738,0,2000,1992.1875,7.8125,11.3551844533738,11.3067191666062,-1306.15099180704,0,11.3551844533738,0.946265371114481,11.3551844533738,0,95.2570046950851,62097,136,1992.1875,-7.27888980999955,1999.46638981,1992.1875,0,1,1,1,62097,0,0,62097,95.2570046950851,62097,0
0.573,1999.4824507494,0.43085136599605,0.0215425682998025,10.4692656304267,209.385312608535,11.2649747203849,0,2000,2006.8359375,-6.8359375,11.2649747203849,11.3073818463066,1352.9470901608,0,11.2649747203849,0.938747893365412,11.2649747203849,0,95.4663883112997,62234,137,2006.8359375,7.35348675059799,1999.4824507494,2006.8359375,1,1,3,3,62234,0,0,62234,95.4663883112997,62234,0
0.574,1999.48212615573,0.409980625952588,0.0204990312976294,10.4692639308583,209.385278617165,11.3552672883363,0,2000,1992.1875,7.8125,11.3552672883363,11.3068020015687,-1313.95034153267,0,11.3552672883363,0.946272274028027,11.3552672883363,0,95.675774462521,62370,136,1992.1875,-7.29462615573311,1999.48212615573,1992.1875,1,1,3,3,62370,0,0,62370,95.675774462521,62370,0
0.575,1999.49817193949,0.430851539334076,0.0215425769667038,10.4693479463855,209.386958927711,11.2650575553475,0,2000,2006.8359375,-6.8359375,11.2650575553475,11.3074646812691,1346.44763205611,0,11.2650575553475,0.938754796278958,11.2650575553475,-1.77635683940025e-15,95.8851597258432,62507,137,2006.8359375,7.33776556051203,1999.49817193949,2006.8359375,1,0,2,2,62507,0,0,62507,95.8851597258432,62507,0
0.576,1999.49783263541,0.409980867970099,0.020499043398505,10.4693461697935,209.386923395871,11.3553501232989,0,2000,1992.1875,7.8125,11.3553501232989,11.3068848365313,-1319.36655661991,0,11.3553501232989,0.946279176941572,11.3553501232989,0,96.0945475226107,62643,136,1992.1875,-7.31033263541121,1999.49783263541,1992.1875,1,0,2,2,62643,0,0,62643,96.0945475226107,62643,0
0.577,1999.51386399774,0.430851830670919,0.021542591533546,10.4694301098104,209.388602196208,11.26514039031,0,2000,2006.8359375,-6.8359375,11.26514039031,11.3075475162317,1341.93411948341,0,11.26514039031,0.938761699192503,11.26514039031,0,96.3039344299539,62780,137,2006.8359375,7.3220735022619,1999.51386399774,2006.8359375,0,0,0,0,62780,0,0,62780,96.3039344299539,62780,0
0.578,1999.51351050132,0.409981201090951,0.0204990600545476,10.4694282589075,209.388565178149,11.3554329582614,0,2000,1992.1875,7.8125,11.3554329582614,11.3069676714938,-1323.12781709716,0,11.3554329582614,0.946286079855118,11.3554329582614,0,96.5133238692448,62916,136,1992.1875,-7.32601050131825,1999.51351050132,1992.1875,0,0,0,0,62916,0,0,62916,96.5133238692448,62916,0
0.579,1999.52952787642,0.430852202450441,0.0215426101225221,10.4695121256874,209.390242513747,11.2652232252726,0,2000,2006.8359375,-6.8359375,11.2652232252726,11.3076303511942,1338.79973575237,0,11.2652232252726,0.938768602106049,11.2652232252726,0,96.7227124176364,63053,137,2006.8359375,7.30640962358257,1999.52952787642,2006.8359375,0,1,1,1,63053,0,0,63053,96.7227124176364,63053,0
0.58,1999.52916058733,0.409981610051151,0.0204990805025575,10.4695102025662,209.390204051324,11.355515793224,0,2000,1992.1875,7.8125,11.355515793224,11.3070505064564,-1325.73980353969,0,11.355515793224,0.946292982768663,11.355515793224,0,96.9321034965209,63189,136,1992.1875,-7.34166058732853,1999.52916058733,1992.1875,0,1,1,1,63189,0,0,63189,96.9321034965209,63189,0
0.581,1999.54516435879,0.430852647731328,0.0215426323865664,10.4695939981176,209.391879962353,11.2653060602351,0,2000,2006.8359375,-6.8359375,11.2653060602351,11.3077131861568,1336.62308038359,0,11.2653060602351,0.938775505019594,11.2653060602351,0,97.1414936830718,63326,137,2006.8359375,7.29077314120741,1999.54516435879,2006.8359375,1,1,3,3,63326,0,0,63326,97.1414936830718,63326,0
0.582,1999.54478365145,0.40998209102719,0.0204991045513595,10.4695920047387,209.391840094773,11.3555986281865,0,2000,1992.1875,7.8125,11.3555986281865,11.3071333414189,-1327.55368301368,0,11.3555986281865,0.946299885682209,11.3555986281865,-1.77635683940025e-15,97.3508863987006,63462,136,1992.1875,-7.35728365145133,1999.54478365145,1992.1875,1,1,3,3,63462,0,0,63462,97.3508863987006,63462,0
0.583,1999.56077418712,0.430853163868488,0.0215426581934244,10.4696757309876,209.393514619752,11.2653888951977,0,2000,2006.8359375,-6.8359375,11.2653888951977,11.3077960211193,1335.11151415527,0,11.2653888951977,0.93878240793314,11.2653888951977,0,97.5602782206005,63599,137,2006.8359375,7.27516331288098,1999.56077418712,2006.8359375,1,0,2,2,63599,0,0,63599,97.5602782206005,63599,0
0.584,1999.56038042382,0.40998264182962,0.020499132091481,10.4696736692478,209.393473384956,11.3556814631491,0,2000,1992.1875,7.8125,11.3556814631491,11.3072161763815,-1328.81332153728,0,11.3556814631491,0.946306788595754,11.3556814631491,0,97.7696725702017,63735,136,1992.1875,-7.3728804238167,1999.56038042382,1992.1875,1,0,2,2,63735,0,0,63735,97.7696725702017,63735,0
0.585,1999.57635808086,0.430853748858579,0.0215426874429289,10.4697573280644,209.395146561289,11.2654717301602,0,2000,2006.8359375,-6.8359375,11.2654717301602,11.3078788560818,1334.0618153856,0,11.2654717301602,0.938789310846685,11.2654717301602,0,97.9790660247157,63872,137,2006.8359375,7.25957941914066,1999.57635808086,2006.8359375,0,0,0,0,63872,0,0,63872,97.9790660247157,63872,0
0.586,1999.57595161384,0.409983260540549,0.0204991630270274,10.4697551998081,209.395103996162,11.3557642981116,0,2000,1992.1875,7.8125,11.3557642981116,11.307299011344,-1329.688070512,0,11.3557642981116,0.9463136915093,11.3557642981116,0,98.1884620055918,64008,136,1992.1875,-7.38845161383597,1999.57595161384,1992.1875,0,0,0,0,64008,0,0,64008,98.1884620055918,64008,0
0.587,1999.59191673968,0.430854400831463,0.0215427200415732,10.4698387930115,209.396775860231,11.2655545651228,0,2000,2006.8359375,-6.8359375,11.2655545651228,11.3079616910444,1333.33285790667,0,11.2655545651228,0.938796213760231,11.2655545651228,-1.77635683940025e-15,98.3978570900595,64145,137,2006.8359375,7.2440207603172,1999.59191673968,2006.8359375,0,1,1,1,64145,0,0,64145,98.3978570900595,64145,0
0.588,1999.59149791164,0.409983945323326,0.0204991972661663,10.469836600033,209.396732000661,11.3558471330741,0,2000,1992.1875,7.8125,11.3558471330741,11.3073818463066,-1330.29553507778,0,11.3558471330741,0.946320594422845,11.3558471330741,0,98.6072546995858,64281,136,1992.1875,-7.4039979116435,1999.59149791164,1992.1875,0,1,1,1,64281,0,0,64281,98.6072546995858,64281,0
0.589,1999.60745084434,0.430855117978442,0.0215427558989221,10.4699201293933,209.398402587866,11.2656374000853,0,2000,2006.8359375,-6.8359375,11.2656374000853,11.3080445260069,1332.82663743519,0,11.2656374000853,0.938803116673776,11.2656374000853,0,98.8166514114182,64418,137,2006.8359375,7.22848665566016,1999.60745084434,2006.8359375,1,1,3,3,64418,0,0,64418,98.8166514114182,64418,0
0.59,1999.60701998874,0.409984694394938,0.0204992347197469,10.4699178734387,209.398357468773,11.3559299680367,0,2000,1992.1875,7.8125,11.3559299680367,11.3074646812691,-1330.71738547068,0,11.3559299680367,0.946327497336391,11.3559299680367,0,99.0260506470406,64554,136,1992.1875,-7.41951998873674,1999.60701998874,1992.1875,1,1,3,3,64554,0,0,64554,99.0260506470406,64554,0
0.591,1999.6229610572,0.430855898541121,0.021542794927056,10.470001340678,209.400026813559,11.2657202350479,0,2000,2006.8359375,-6.8359375,11.2657202350479,11.3081273609695,1332.4750954411,0,11.2657202350479,0.938810019587322,11.2657202350479,0,99.2354489837185,64691,137,2006.8359375,7.21297644279684,1999.6229610572,2006.8359375,1,0,2,2,64691,0,0,64691,99.2354489837185,64691,0
0.592,1999.62251849849,0.409985506021027,0.0204992753010513,10.469999023446,209.399980468919,11.3560128029992,0,2000,1992.1875,7.8125,11.3560128029992,11.3075475162317,-1331.01033713241,0,11.3560128029992,0.946334400249937,11.3560128029992,0,99.4448498429528,64827,136,1992.1875,-7.43501849849281,1999.62251849849,1992.1875,1,0,2,2,64827,0,0,64827,99.4448498429528,64827,0
0.593,1999.63844802278,0.43085674080877,0.0215428370404385,10.4700824302401,209.401648604802,11.2658030700104,0,2000,2006.8359375,-6.8359375,11.2658030700104,11.308210195932,1332.23096905632,0,11.2658030700104,0.938816922500867,11.2658030700104,0,99.6542498020249,64964,137,2006.8359375,7.19748947721587,1999.63844802278,2006.8359375,0,0,0,0,64964,0,0,64964,99.6542498020249,64964,0
0.594,1999.63799407667,0.409986378514113,0.0204993189257057,10.4700800533838,209.401601067676,11.3560956379618,0,2000,1992.1875,7.8125,11.3560956379618,11.3076303511942,-1331.2137757864,0,11.3560956379618,0.946341303163482,11.3560956379618,-1.77635683940025e-15,99.8636522824529,65100,136,1992.1875,-7.45049407666716,1999.63799407667,1992.1875,0,0,0,0,65100,0,0,65100,99.8636522824529,65100,0
0.595,1999.6539123682,0.430857643116825,0.0215428821558412,10.4701634013634,209.403268027267,11.265885904973,0,2000,2006.8359375,-6.8359375,11.265885904973,11.3082930308946,1332.06143684467,0,11.265885904973,0.938823825414413,11.265885904973,0,100.073053861534,65237,137,2006.8359375,7.18202513180245,1999.6539123682,2006.8359375,0,1,1,1,65237,0,0,65237,100.073053861534,65237,0
0.596,1999.65344734186,0.409987310232241,0.0204993655116121,10.4701609664912,209.403219329824,11.3561784729243,0,2000,1992.1875,7.8125,11.3561784729243,11.3077131861568,-1331.35505262944,0,11.3561784729243,0.946348206077028,11.3561784729243,0,100.282457960803,65373,136,1992.1875,-7.46594734186442,1999.65344734186,1992.1875,0,1,1,1,65373,0,0,65373,100.282457960803,65373,0
0.597,1999.66935470365,0.43085860384563,0.0215429301922815,10.4702442572427,209.404885144854,11.2659687399355,0,2000,2006.8359375,-6.8359375,11.2659687399355,11.3083758658571,1331.94370614213,0,11.2659687399355,0.938830728327958,11.2659687399355,0,100.491861157573,65510,137,2006.8359375,7.16658279635158,1999.66935470365,2006.8359375,1,1,3,3,65510,0,0,65510,100.491861157573,65510,0
0.598,1999.668878896,0.409988299577755,0.0204994149788878,10.4702417659197,209.404835318393,11.2653888951977,0,2000,2006.8359375,-6.8359375,11.2653888951977,11.3077960211193,1109.95308845178,0,11.2653888951977,0.93878240793314,11.2653888951977,0,100.701266873394,65647,137,2006.8359375,7.16705860400452,1999.668878896,2006.8359375,1,0,2,3,65647,1,0,65647,100.701266873394,65647,0
0.599,1999.60507298446,0.402197270248891,0.0201098635124446,10.4699076789481,209.398153578962,11.3556814631491,0,2000,1992.1875,7.8125,11.3556814631491,11.3072161763815,-1516.44534295685,0,11.3556814631491,0.946306788595755,11.3556814631491,-1.77635683940025e-15,100.910668686571,65783,136,1992.1875,-7.41757298445646,1999.60507298446,1992.1875,1,0,2,2,65783,0,0,65783,100.910668686571,65783,0
0.6,1999.59736512362,0.427941580713338,0.0213970790356669,10.4698673206831,209.397346413662,11.2654717301602,0,2000,2006.8359375,-6.8359375,11.2654717301602,11.3078788560818,1177.70179753595,0,11.2654717301602,0.938789310846685,11.2654717301602,0,101.120065381079,65920,137,2006.8359375,7.23857237638276,1999.59736512362,2006.8359375,0,0,0,2,65920,1,0,65920,101.120065381079,65920,0
0.601,1999.58807495742,0.408886865391627,0.0204443432695814,10.4698186774866,209.396373549733,11.3557642981116,0,2000,1992.1875,7.8125,11.3557642981116,11.307299011344,-1459.9880853867,0,11.3557642981116,0.9463136915093,11.3557642981116,0,101.329463022126,66056,136,1992.1875,-7.40057495742099,1999.58807495742,1992.1875,0,0,0,0,66056,0,0,66056,101.329463022126,66056,0
0.602,1999.60067192101,0.430434665558841,0.021521733277942,10.4698846350338,209.397692700675,11.2655545651228,0,2000,2006.8359375,-6.8359375,11.2655545651228,11.3079616910444,1224.74951217775,0,11.2655545651228,0.938796213760231,11.2655545651228,0,101.538859172015,66193,137,2006.8359375,7.23526557899208,1999.60067192101,2006.8359375,0,1,1,0,66193,1,0,66193,101.538859172015,66193,0
0.603,1999.59894065415,0.409816466910218,0.0204908233455109,10.4698755701417,209.397511402833,11.3558471330741,0,2000,1992.1875,7.8125,11.3558471330741,11.3073818463066,-1420.78165651854,0,11.3558471330741,0.946320594422846,11.3558471330741,0,101.748257619307,66329,136,1992.1875,-7.41144065414824,1999.59894065415,1992.1875,0,1,1,1,66329,0,0,66329,101.748257619307,66329,0
0.604,1999.61434783334,0.430781773945004,0.0215390886972502,10.4699562419433,209.399124838865,11.2656374000853,0,2000,2006.8359375,-6.8359375,11.2656374000853,11.3080445260069,1257.42153623455,0,11.2656374000853,0.938803116673776,11.2656374000853,-1.77635683940025e-15,101.957655078102,66466,137,2006.8359375,7.22158966666166,1999.61434783334,2006.8359375,1,1,3,1,66466,1,0,66466,101.957655078102,66466,0
0.605,1999.61365764025,0.409946570788757,0.0204973285394379,10.4699526281007,209.399052562014,11.3559299680367,0,2000,1992.1875,7.8125,11.3559299680367,11.3074646812691,-1393.55496980454,0,11.3559299680367,0.946327497336391,11.3559299680367,0,102.16705502095,66602,136,1992.1875,-7.42615764025277,1999.61365764025,1992.1875,1,1,3,3,66602,0,0,66602,102.16705502095,66602,0
0.606,1999.6294468422,0.430831043692622,0.0215415521846311,10.4700353001688,209.400706003376,11.2657202350479,0,2000,2006.8359375,-6.8359375,11.2657202350479,11.3081273609695,1280.11044182955,0,11.2657202350479,0.938810019587322,11.2657202350479,0,102.376454044224,66739,137,2006.8359375,7.20649065779571,1999.6294468422,2006.8359375,1,0,2,3,66739,1,0,66739,102.376454044224,66739,0
0.607,1999.62889320781,0.409965739375692,0.0204982869687846,10.4700324013459,209.400648026919,11.3560128029992,0,2000,1992.1875,7.8125,11.3560128029992,11.3075475162317,-1374.64754847538,0,11.3560128029992,0.946334400249937,11.3560128029992,0,102.585855576622,66875,136,1992.1875,-7.44139320781483,1999.62889320781,1992.1875,1,0,2,2,66875,0,0,66875,102.585855576622,66875,0
0.608,1999.64472759398,0.430839012562048,0.0215419506281024,10.470115309998,209.40230619996,11.2658030700104,0,2000,2006.8359375,-6.8359375,11.2658030700104,11.308210195932,1295.86662627052,0,11.2658030700104,0.938816922500867,11.2658030700104,0,102.795256198186,67012,137,2006.8359375,7.19120990601959,1999.64472759398,2006.8359375,0,0,0,2,67012,1,0,67012,102.795256198186,67012,0
0.609,1999.6441851776,0.409969550458581,0.0204984775229291,10.4701124699125,209.40224939825,11.3560956379618,0,2000,1992.1875,7.8125,11.3560956379618,11.3076303511942,-1361.51739477457,0,11.3560956379618,0.946341303163482,11.3560956379618,0,103.004659331539,67148,136,1992.1875,-7.45668517760487,1999.6441851776,1992.1875,0,0,0,0,67148,0,0,67148,103.004659331539,67148,0
0.61,1999.66001820323,0.430841289277692,0.0215420644638846,10.4701953714408,209.403907428816,11.265885904973,0,2000,2006.8359375,-6.8359375,11.265885904973,11.3082930308946,1306.80842102119,0,11.265885904973,0.938823825414413,11.265885904973,0,103.214061554466,67285,137,2006.8359375,7.17591929677474,1999.66001820323,2006.8359375,0,1,1,0,67285,1,0,67285,103.214061554466,67285,0
0.611,1999.65946981513,0.409971270018149,0.0204985635009075,10.4701925000875,209.403850001749,11.3561784729243,0,2000,1992.1875,7.8125,11.3561784729243,11.3077131861568,-1352.39923248234,0,11.3561784729243,0.946348206077028,11.3561784729243,-1.77635683940025e-15,103.423466288758,67421,136,1992.1875,-7.47196981513252,1999.65946981513,1992.1875,0,1,1,1,67421,0,0,67421,103.423466288758,67421,0
0.612,1999.67529522525,0.430842815565081,0.021542140778254,10.4702753617411,209.405507234822,11.2659687399355,0,2000,2006.8359375,-6.8359375,11.2659687399355,11.3083758658571,1314.40688959805,0,11.2659687399355,0.938830728327958,11.2659687399355,0,103.632870111898,67558,137,2006.8359375,7.1606422747459,1999.67529522525,2006.8359375,1,1,3,1,67558,1,0,67558,103.632870111898,67558,0
0.613,1999.67473868244,0.40997273841177,0.0204986369205885,10.4702724476897,209.405448953795,11.3562613078869,0,2000,1992.1875,7.8125,11.3562613078869,11.3077960211193,-1346.06717533496,0,11.3562613078869,0.946355108990573,11.3562613078869,0,103.842276445571,67694,136,1992.1875,-7.4872386824386,1999.67473868244,1992.1875,1,1,3,3,67694,0,0,67694,103.842276445571,67694,0
0.614,1999.69055580915,0.430844276311394,0.0215422138155697,10.4703552659715,209.40710531943,11.266051574898,0,2000,2006.8359375,-6.8359375,11.266051574898,11.3084587008197,1319.68360388754,0,11.266051574898,0.938837631241504,11.266051574898,0,104.051681867229,67831,137,2006.8359375,7.14538169085426,1999.69055580915,2006.8359375,1,0,2,2,67831,0,0,67831,104.051681867229,67831,0
0.615,1999.68999100621,0.409974210042095,0.0204987105021047,10.4703523086703,209.407046173405,11.3563441428494,0,2000,1992.1875,7.8125,11.3563441428494,11.3078788560819,-1341.66991342705,0,11.3563441428494,0.946362011904119,11.3563441428494,0,104.261089798554,67967,136,1992.1875,-7.50249100621272,1999.68999100621,1992.1875,1,0,2,2,67967,0,0,67967,104.261089798554,67967,0
0.616,1999.70579995174,0.430845765543457,0.0215422882771729,10.4704350841155,209.40870168231,11.2661344098606,0,2000,2006.8359375,-6.8359375,11.2661344098606,11.3085415357822,1323.34798881079,0,11.2661344098606,0.938844534155049,11.2661344098606,-1.77635683940025e-15,104.470496817003,68104,137,2006.8359375,7.13013754825693,1999.70579995174,2006.8359375,0,0,0,0,68104,0,0,68104,104.470496817003,68104,0
0.617,1999.70522706635,0.409975719194762,0.0204987859597381,10.4704320844946,209.408641689892,11.356426977812,0,2000,1992.1875,7.8125,11.356426977812,11.3079616910444,-1338.61625932434,0,11.356426977812,0.946368914817664,11.356426977812,0,104.679906344266,68240,136,1992.1875,-7.51772706635097,1999.70522706635,1992.1875,0,0,0,0,68240,0,0,68240,104.679906344266,68240,0
0.618,1999.72102803457,0.430847295299209,0.0215423647649605,10.4705148181707,209.410296363414,11.2662172448231,0,2000,2006.8359375,-6.8359375,11.2662172448231,11.3086243707448,1325.89270056305,0,11.2662172448231,0.938851437068595,11.2662172448231,0,104.889314957813,68377,137,2006.8359375,7.11490946542972,1999.72102803457,2006.8359375,0,1,1,1,68377,0,0,68377,104.889314957813,68377,0
0.619,1999.72044727848,0.409977269628871,0.0204988634814435,10.4705117773389,209.410235546779,11.3565098127745,0,2000,1992.1875,7.8125,11.3565098127745,11.3080445260069,-1336.49566619746,0,11.3565098127745,0.94637581773121,11.3565098127745,0,105.098726079345,68513,136,1992.1875,-7.53294727847788,1999.72044727848,1992.1875,0,1,1,1,68513,0,0,68513,105.098726079345,68513,0
0.62,1999.73624048225,0.430848866263141,0.021542443313157,10.4705944703605,209.41188940721,11.2663000797857,0,2000,2006.8359375,-6.8359375,11.2663000797857,11.3087072057073,1327.65986150212,0,11.2663000797857,0.93885833998214,11.2663000797857,0,105.308136286341,68650,137,2006.8359375,7.09969701775458,1999.73624048225,2006.8359375,1,1,3,3,68650,0,0,68650,105.308136286341,68650,0
0.621,1999.73565206691,0.409978860893106,0.0204989430446553,10.470591389425,209.4118277885,11.3565926477371,0,2000,1992.1875,7.8125,11.3565926477371,11.3081273609695,-1335.02303208157,0,11.3565926477371,0.946382720644755,11.3565926477371,0,105.517549000514,68786,136,1992.1875,-7.54815206691023,1999.73565206691,1992.1875,1,1,3,3,68786,0,0,68786,105.517549000514,68786,0
0.622,1999.75143771536,0.430850477570361,0.021542523878518,10.470674042887,209.41348085774,11.2663829147482,0,2000,2006.8359375,-6.8359375,11.2663829147482,11.3087900406699,1328.88705659869,0,11.2663829147482,0.938865242895686,11.2663829147482,0,105.726960799355,68923,137,2006.8359375,7.08449978464364,1999.75143771536,2006.8359375,1,0,2,2,68923,0,0,68923,105.726960799355,68923,0
0.623,1999.75084184726,0.409980491977974,0.0204990245988987,10.4706709229289,209.413418458579,11.3566754826996,0,2000,1992.1875,7.8125,11.3566754826996,11.308210195932,-1334.00036950109,0,11.3566754826996,0.946389623558301,11.3566754826996,-1.77635683940025e-15,105.936375104588,69059,136,1992.1875,-7.56334184726256,1999.75084184726,1992.1875,1,0,2,2,69059,0,0,69059,105.936375104588,69059,0
0.624,1999.76662014416,0.430852128166835,0.0215426064083417,10.4707535378983,209.415070757966,11.2664657497108,0,2000,2006.8359375,-6.8359375,11.2664657497108,11.3088728756324,1329.73927541576,0,11.2664657497108,0.938872145809231,11.2664657497108,0,106.145788493713,69196,137,2006.8359375,7.06931735584203,1999.76662014416,2006.8359375,0,0,0,0,69196,0,0,69196,106.145788493713,69196,0
0.625,1999.76601702435,0.409982161822016,0.0204991080911008,10.4707503799704,209.415007599407,11.3567583176622,0,2000,1992.1875,7.8125,11.3567583176622,11.3082930308946,-1333.29018715353,0,11.3567583176622,0.946396526471846,11.3567583176622,0,106.355204388466,69332,136,1992.1875,-7.57851702435096,1999.76601702435,1992.1875,0,0,0,0,69332,0,0,69332,106.355204388466,69332,0
0.626,1999.781788168,0.43085381699742,0.021542690849871,10.4708329574854,209.416659149708,11.2665485846733,0,2000,2006.8359375,-6.8359375,11.2665485846733,11.3089557105949,1330.33109403872,0,11.2665485846733,0.938879048722777,11.2665485846733,0,106.564619366357,69469,137,2006.8359375,7.05414933199881,1999.781788168,2006.8359375,0,1,1,1,69469,0,0,69469,106.564619366357,69469,0
0.627,1999.78117799209,0.409983869381444,0.0204991934690722,10.4708297626118,209.416595252236,11.3568411526247,0,2000,1992.1875,7.8125,11.3568411526247,11.3083758658571,-1332.79700496773,0,11.3568411526247,0.946403429385392,11.3568411526247,0,106.77403684913,69605,136,1992.1875,-7.59367799208917,1999.78117799209,1992.1875,0,1,1,1,69605,0,0,69605,106.77403684913,69605,0
0.628,1999.79694217546,0.430855543031398,0.0215427771515699,10.4709123036829,209.418246073659,11.2666314196359,0,2000,2006.8359375,-6.8359375,11.2666314196359,11.3090385455575,1330.74207919356,0,11.2666314196359,0.938885951636322,11.2666314196359,-1.77635683940025e-15,106.983453414309,69742,137,2006.8359375,7.03899532453943,1999.79694217546,2006.8359375,1,1,3,3,69742,0,0,69742,106.983453414309,69742,0
0.629,1999.79632513379,0.409985613639096,0.0204992806819548,10.4709090728603,209.418181457206,11.3569239875872,0,2000,1992.1875,7.8125,11.3569239875872,11.3084587008197,-1332.4545173387,0,11.3569239875872,0.946410332298937,11.3569239875872,0,107.192872483646,69878,136,1992.1875,-7.60882513379215,1999.79632513379,1992.1875,1,1,3,3,69878,0,0,69878,107.192872483646,69878,0
0.63,1999.81208254464,0.430857305265252,0.0215428652632626,10.4709915784706,209.419831569412,11.2667142545984,0,2000,2006.8359375,-6.8359375,11.2667142545984,11.30912138052,1331.02748555108,0,11.2667142545984,0.938892854549868,11.2667142545984,0,107.402290634674,70015,137,2006.8359375,7.02385495535759,1999.81208254464,2006.8359375,1,0,2,2,70015,0,0,70015,107.402290634674,70015,0
0.631,1999.81145882243,0.409987393605036,0.0204993696802518,10.4709883126687,209.419766253374,11.3570068225498,0,2000,1992.1875,7.8125,11.3570068225498,11.3085415357822,-1332.21667870743,0,11.3570068225498,0.946417235212483,11.3570068225498,0,107.611711289157,70151,136,1992.1875,-7.62395882242845,1999.81145882243,1992.1875,1,0,2,2,70151,0,0,70151,107.611711289157,70151,0
0.632,1999.82720964346,0.430859102722462,0.0215429551361231,10.4710707837748,209.421415675496,11.266797089561,0,2000,2006.8359375,-6.8359375,11.266797089561,11.3092042154826,1331.22568441047,0,11.266797089561,0.938899757463413,11.266797089561,0,107.821131024635,70288,137,2006.8359375,7.00872785653723,1999.82720964346,2006.8359375,0,0,0,0,70288,0,0,70288,107.821131024635,70288,0
0.633,1999.82657942091,0.409989208315985,0.0204994604157992,10.4710674839372,209.421349678745,11.3570896575123,0,2000,1992.1875,7.8125,11.3570896575123,11.3086243707448,-1332.05151299127,0,11.3570896575123,0.946424138126028,11.3570896575123,0,108.030553262883,70424,136,1992.1875,-7.63907942091305,1999.82657942091,1992.1875,0,0,0,0,70424,0,0,70424,108.030553262883,70424,0
0.634,1999.84232382989,0.430860934452849,0.0215430467226424,10.4711499214699,209.422998429398,11.2668799245235,0,2000,2006.8359375,-6.8359375,11.2668799245235,11.3092870504451,1331.36332250727,0,11.2668799245235,0.938906660376959,11.2668799245235,0,108.239974581451,70561,137,2006.8359375,6.99361367010829,1999.84232382989,2006.8359375,0,1,1,1,70561,0,0,70561,108.239974581451,70561,0
0.635,1999.84168728237,0.409991056834675,0.0204995528417337,10.4711465885148,209.422931770297,11.2663000797857,0,2000,2006.8359375,-6.8359375,11.2663000797857,11.3087072057073,1109.46943542273,0,11.2663000797857,0.938858339982141,11.2663000797857,0,108.44939840212,70698,137,2006.8359375,6.99425021763136,1999.84168728237,2006.8359375,1,1,3,1,70698,1,0,70698,108.44939840212,70698,0
0.636,1999.77772281384,0.402200448361512,0.0201100224180756,10.4708116713408,209.416233426816,11.3565926477371,0,2000,1992.1875,7.8125,11.3565926477371,11.3081273609695,-1516.84838714773,0,11.3565926477371,0.946382720644755,11.3565926477371,0,108.658818303428,70834,136,1992.1875,-7.59022281384068,1999.77772281384,1992.1875,1,1,3,3,70834,0,0,70834,108.658818303428,70834,0
0.637,1999.76985854925,0.427945173966347,0.0213972586983173,10.4707704941477,209.415409882954,11.2663829147482,0,2000,2006.8359375,-6.8359375,11.2663829147482,11.3087900406699,1177.36592737689,0,11.2663829147482,0.938865242895686,11.2663829147482,0,108.868233069576,70971,137,2006.8359375,7.06607895074717,1999.76985854925,2006.8359375,1,0,2,3,70971,1,0,70971,108.868233069576,70971,0
0.638,1999.76041410331,0.408890868147314,0.0204445434073657,10.4707210431444,209.414420862888,11.3566754826996,0,2000,1992.1875,7.8125,11.3566754826996,11.308210195932,-1460.26797718592,0,11.3566754826996,0.946389623558301,11.3566754826996,0,109.077648765995,71107,136,1992.1875,-7.57291410331368,1999.76041410331,1992.1875,1,0,2,2,71107,0,0,71107,109.077648765995,71107,0
0.639,1999.7728588823,0.43043907225607,0.0215219536128035,10.4707862038548,209.415724077097,11.2664657497108,0,2000,2006.8359375,-6.8359375,11.2664657497108,11.3088728756324,1224.51626901173,0,11.2664657497108,0.938872145809232,11.2664657497108,0,109.287062955211,71244,137,2006.8359375,7.0630786176971,1999.7728588823,2006.8359375,0,0,0,2,71244,1,0,71244,109.287062955211,71244,0
0.64,1999.77097749755,0.409821272063371,0.0204910636031686,10.4707763529473,209.415527058947,11.3567583176622,0,2000,1992.1875,7.8125,11.3567583176622,11.3082930308946,-1420.97602582356,0,11.3567583176622,0.946396526471846,11.3567583176622,-1.77635683940025e-15,109.496479426002,71380,136,1992.1875,-7.58347749755467,1999.77097749755,1992.1875,0,0,0,0,71380,0,0,71380,109.496479426002,71380,0
0.641,1999.7862365975,0.430786972142945,0.0215393486071472,10.4708562494078,209.417124988156,11.2665485846733,0,2000,2006.8359375,-6.8359375,11.2665485846733,11.308955710595,1257.2595618137,0,11.2665485846733,0.938879048722777,11.2665485846733,0,109.705894892681,71517,137,2006.8359375,7.04970090250413,1999.7862365975,2006.8359375,0,1,1,0,71517,1,0,71517,109.705894892681,71517,0
0.642,1999.7854003361,0.409952156693854,0.0204976078346927,10.4708518707534,209.417037415067,11.3568411526247,0,2000,1992.1875,7.8125,11.3568411526247,11.3083758658571,-1393.68994848858,0,11.3568411526247,0.946403429385392,11.3568411526247,0,109.915312828013,71653,136,1992.1875,-7.59790033610011,1999.7854003361,1992.1875,0,1,1,1,71653,0,0,71653,109.915312828013,71653,0
0.643,1999.80104545339,0.430837012039733,0.0215418506019866,10.4709337883959,209.418675767918,11.2666314196359,0,2000,2006.8359375,-6.8359375,11.2666314196359,11.3090385455575,1279.99795959285,0,11.2666314196359,0.938885951636323,11.2666314196359,0,110.124729828578,71790,137,2006.8359375,7.03489204661378,1999.80104545339,2006.8359375,1,1,3,3,71790,0,0,71790,110.124729828578,71790,0
0.644,1999.80034969104,0.409972084971154,0.0204986042485577,10.4709301453928,209.418602907856,11.3569239875872,0,2000,1992.1875,7.8125,11.3569239875872,11.3084587008197,-1374.74128367263,0,11.3569239875872,0.946410332298937,11.3569239875872,0,110.334149323282,71926,136,1992.1875,-7.6128496910419,1999.80034969104,1992.1875,1,1,3,3,71926,0,0,71926,110.334149323282,71926,0
0.645,1999.81604387937,0.430845730282743,0.0215422865141371,10.4710123199707,209.420246399415,11.2667142545984,0,2000,2006.8359375,-6.8359375,11.2667142545984,11.30912138052,1295.78851360615,0,11.2667142545984,0.938892854549868,11.2667142545984,-1.77635683940025e-15,110.543567892369,72063,137,2006.8359375,7.01989362062545,1999.81604387937,2006.8359375,1,0,2,2,72063,0,0,72063,110.543567892369,72063,0
0.646,1999.81536316909,0.409976635250964,0.0204988317625482,10.47100875578,209.420175115601,11.3570068225498,0,2000,1992.1875,7.8125,11.3570068225498,11.3085415357822,-1361.58248866155,0,11.3570068225498,0.946417235212483,11.3570068225498,0,110.752988958664,72199,136,1992.1875,-7.62786316909182,1999.81536316909,1992.1875,1,0,2,2,72199,0,0,72199,110.752988958664,72199,0
0.647,1999.83105977886,0.43084873615684,0.021542436807842,10.4710909430366,209.421818860732,11.266797089561,0,2000,2006.8359375,-6.8359375,11.266797089561,11.3092042154826,1306.75417611538,0,11.266797089561,0.938899757463414,11.266797089561,0,110.96240910015,72336,137,2006.8359375,7.00487772113706,1999.83105977886,2006.8359375,0,0,0,0,72336,0,0,72336,110.96240910015,72336,0
0.648,1999.83037682748,0.409979074066847,0.0204989537033423,10.4710873671115,209.421747342231,11.3570896575123,0,2000,1992.1875,7.8125,11.3570896575123,11.3086243707448,-1352.44443657052,0,11.3570896575123,0.946424138126028,11.3570896575123,0,111.171831738812,72472,136,1992.1875,-7.64287682748022,1999.83037682748,1992.1875,0,0,0,0,72472,0,0,72472,111.171831738812,72472,0
0.649,1999.8460695017,0.430850971932893,0.0215425485966447,10.4711695337616,209.423390675233,11.2668799245235,0,2000,2006.8359375,-6.8359375,11.2668799245235,11.3092870504451,1314.36921952457,0,11.2668799245235,0.938906660376959,11.2668799245235,0,111.381253452326,72609,137,2006.8359375,6.98986799829549,1999.8460695017,2006.8359375,0,1,1,1,72609,0,0,72609,111.381253452326,72609,0
0.65,1999.84538202559,0.409981242314119,0.0204990621157059,10.4711659341451,209.423318682902,11.3571724924749,0,2000,1992.1875,7.8125,11.3571724924749,11.3087072057073,-1346.09856706286,0,11.3571724924749,0.946431041039574,11.3571724924749,0,111.590677662569,72745,136,1992.1875,-7.65788202558588,1999.84538202559,1992.1875,0,1,1,1,72745,0,0,72745,111.590677662569,72745,0
0.651,1999.8610699971,0.430853123028672,0.0215426561514336,10.4712480761718,209.424961523437,11.2669627594861,0,2000,2006.8359375,-6.8359375,11.2669627594861,11.3093698854077,1319.65744411428,0,11.2669627594861,0.938913563290505,11.2669627594861,0,111.800100947178,72882,137,2006.8359375,6.97486750290204,1999.8610699971,2006.8359375,1,1,3,3,72882,0,0,72882,111.800100947178,72882,0
0.652,1999.86037779292,0.409983394918791,0.0204991697459395,10.4712444517992,209.424889035985,11.3572553274374,0,2000,1992.1875,7.8125,11.3572553274374,11.3087900406699,-1341.6917132381,0,11.3572553274374,0.946437943953119,11.3572553274374,-1.77635683940025e-15,112.009526728021,73018,136,1992.1875,-7.67287779292064,1999.86037779292,1992.1875,1,1,3,3,73018,0,0,73018,112.009526728021,73018,0
0.653,1999.87606106735,0.430855283987289,0.0215427641993645,10.4713265692321,209.426531384643,11.2670455944486,0,2000,2006.8359375,-6.8359375,11.2670455944486,11.3094527203702,1323.32982230159,0,11.2670455944486,0.93892046620405,11.2670455944486,0,112.218951582737,73155,137,2006.8359375,6.95987643264857,1999.87606106735,2006.8359375,1,0,2,2,73155,0,0,73155,112.218951582737,73155,0
0.654,1999.8753642175,0.409985566675814,0.0204992783337907,10.4713229205348,209.426458410696,11.3573381624,0,2000,1992.1875,7.8125,11.3573381624,11.3088728756324,-1338.63139808201,0,11.3573381624,0.946444846866665,11.3573381624,0,112.428378933197,73291,136,1992.1875,-7.68786421749519,1999.8753642175,1992.1875,1,0,2,2,73291,0,0,73291,112.428378933197,73291,0
0.655,1999.89104290472,0.430857467349077,0.0215428733674538,10.4714050139492,209.428100278983,11.2671284294111,0,2000,2006.8359375,-6.8359375,11.2671284294111,11.3095355553328,1325.88008493166,0,11.2671284294111,0.938927369117596,11.2671284294111,0,112.637805357048,73428,137,2006.8359375,6.94489459527881,1999.89104290472,2006.8359375,0,0,0,0,73428,0,0,73428,112.637805357048,73428,0
0.656,1999.89034152824,0.409987761839832,0.0204993880919916,10.4714013415505,209.42802683101,11.3574209973625,0,2000,1992.1875,7.8125,11.3574209973625,11.308955710595,-1336.50617922362,0,11.3574209973625,0.946451749780211,11.3574209973625,0,112.847234276165,73564,136,1992.1875,-7.70284152824229,1999.89034152824,1992.1875,0,0,0,0,73564,0,0,73564,112.847234276165,73564,0
0.657,1999.90601574967,0.430859674287333,0.0215429837143667,10.471483411582,209.42966823164,11.2672112643737,0,2000,2006.8359375,-6.8359375,11.2672112643737,11.3096183902953,1327.65110064698,0,11.2672112643737,0.938934272031141,11.2672112643737,-1.77635683940025e-15,113.056662268201,73701,137,2006.8359375,6.92992175032532,1999.90601574967,2006.8359375,0,1,1,1,73701,0,0,73701,113.056662268201,73701,0
0.658,1999.90530996781,0.409989980441715,0.0204994990220857,10.4714797161168,209.429594322336,11.2666314196359,0,2000,2006.8359375,-6.8359375,11.2666314196359,11.3090385455575,1106.37591720582,0,11.2666314196359,0.938885951636323,11.2666314196359,0,113.266092755039,73838,137,2006.8359375,6.93062753219147,1999.90530996781,2006.8359375,1,1,3,1,73838,1,0,73838,113.266092755039,73838,0
0.659,1999.84127720517,0.402199553242474,0.0201099776621237,10.4711444413557,209.422888827113,11.3569239875873,0,2000,1992.1875,7.8125,11.3569239875873,11.3084587008197,-1519.42631899515,0,11.3569239875873,0.946410332298938,11.3569239875873,0,113.475519315316,73974,136,1992.1875,-7.65377720517199,1999.84127720517,1992.1875,1,1,3,3,73974,0,0,73974,113.475519315316,73974,0
0.66,1999.83334557393,0.427944457658379,0.021397222882919,10.4711029114316,209.422058228632,11.2667142545984,0,2000,2006.8359375,-6.8359375,11.2667142545984,11.30912138052,1175.21765083738,0,11.2667142545984,0.938892854549868,11.2667142545984,0,113.684940733328,74111,137,2006.8359375,7.00259192606677,1999.83334557393,2006.8359375,1,0,2,3,74111,1,0,74111,113.684940733328,74111,0
0.661,1999.82383467619,0.408890328221715,0.0204445164110858,10.4710531124875,209.42106224975,11.3570068225498,0,2000,1992.1875,7.8125,11.3570068225498,11.3085415357822,-1462.05820763552,0,11.3570068225498,0.946417235212483,11.3570068225498,0,113.894363074606,74247,136,1992.1875,-7.63633467619184,1999.82383467619,1992.1875,1,0,2,2,74247,0,0,74247,113.894363074606,74247,0
0.662,1999.83621390582,0.43043870631737,0.0215219353158685,10.4711179299823,209.422358599645,11.266797089561,0,2000,2006.8359375,-6.8359375,11.266797089561,11.3092042154826,1223.02441030373,0,11.266797089561,0.938899757463414,11.266797089561,-1.77635683940025e-15,114.103783901768,74384,137,2006.8359375,6.99972359417984,1999.83621390582,2006.8359375,0,0,0,2,74384,1,0,74384,114.103783901768,74384,0
0.663,1999.83426786188,0.409821077748727,0.0204910538874363,10.47110774052,209.4221548104,11.3570896575123,0,2000,1992.1875,7.8125,11.3570896575123,11.3086243707448,-1422.21924141356,0,11.3570896575123,0.946424138126029,11.3570896575123,0,114.313207003689,74520,136,1992.1875,-7.64676786188261,1999.83426786188,1992.1875,0,0,0,0,74520,0,0,74520,114.313207003689,74520,0
0.664,1999.84946318072,0.430786947121651,0.0215393473560825,10.4711873030234,209.423746060468,11.2668799245235,0,2000,2006.8359375,-6.8359375,11.2668799245235,11.3092870504451,1256.22354882204,0,11.2668799245235,0.938906660376959,11.2668799245235,0,114.522629094772,74657,137,2006.8359375,6.98647431928157,1999.84946318072,2006.8359375,0,1,1,1,74657,0,0,74657,114.522629094772,74657,0
0.665,1999.84856400438,0.409952298666856,0.0204976149333428,10.4711825949471,209.423651898942,11.3571724924749,0,2000,1992.1875,7.8125,11.3571724924749,11.3087072057073,-1394.5532926483,0,11.3571724924749,0.946431041039574,11.3571724924749,0,114.732053647875,74793,136,1992.1875,-7.66106400438275,1999.84856400438,1992.1875,0,1,1,1,74793,0,0,74793,114.732053647875,74793,0
0.666,1999.86414706112,0.430837318739211,0.0215418659369605,10.4712641876414,209.425283752828,11.2669627594861,0,2000,2006.8359375,-6.8359375,11.2669627594861,11.3093698854077,1279.27850612641,0,11.2669627594861,0.938913563290505,11.2669627594861,0,114.941477259667,74930,137,2006.8359375,6.97179043887809,1999.86414706112,2006.8359375,1,1,3,3,74930,0,0,74930,114.941477259667,74930,0
0.667,1999.86339008102,0.409972554160094,0.0204986277080047,10.4712602241029,209.425204482057,11.3572553274374,0,2000,1992.1875,7.8125,11.3572553274374,11.3087900406699,-1375.34082822799,0,11.3572553274374,0.94643794395312,11.3572553274374,0,115.150903359144,75066,136,1992.1875,-7.67589008102368,1999.86339008102,1992.1875,1,1,3,3,75066,0,0,75066,115.150903359144,75066,0
0.668,1999.87902388296,0.430846359754501,0.021542317987725,10.4713420824984,209.426841649968,11.2670455944486,0,2000,2006.8359375,-6.8359375,11.2670455944486,11.3094527203702,1295.28889314334,0,11.2670455944486,0.93892046620405,11.2670455944486,0,115.360328526636,75203,137,2006.8359375,6.95691361704121,1999.87902388296,2006.8359375,1,0,2,2,75203,0,0,75203,115.360328526636,75203,0
0.669,1999.87828360634,0.409977422828858,0.0204988711414429,10.4713382064191,209.426764128381,11.3573381624,0,2000,1992.1875,7.8125,11.3573381624,11.3088728756324,-1361.99883904721,0,11.3573381624,0.946444846866665,11.3573381624,-1.77635683940025e-15,115.569756185056,75339,136,1992.1875,-7.69078360634012,1999.87828360634,1992.1875,1,0,2,2,75339,0,0,75339,115.569756185056,75339,0
0.67,1999.8939214587,0.430849679693754,0.0215424839846877,10.4714200860225,209.428401720451,11.2671284294111,0,2000,2006.8359375,-6.8359375,11.2671284294111,11.3095355553328,1306.40721746065,0,11.2671284294111,0.938927369117596,11.2671284294111,0,115.77918291247,75476,137,2006.8359375,6.94201604130285,1999.8939214587,2006.8359375,0,0,0,0,75476,0,0,75476,115.77918291247,75476,0
0.671,1999.89318054784,0.409980171444818,0.0204990085722409,10.4714162066224,209.428324132448,11.3574209973625,0,2000,1992.1875,7.8125,11.3574209973625,11.308955710595,-1352.73356878279,0,11.3574209973625,0.946451749780211,11.3574209973625,0,115.98861213095,75612,136,1992.1875,-7.70568054784394,1999.89318054784,1992.1875,0,0,0,0,75612,0,0,75612,115.98861213095,75612,0
0.672,1999.9088160497,0.430852221062713,0.0215426110531356,10.4714980739187,209.429961478374,11.2672112643737,0,2000,2006.8359375,-6.8359375,11.2672112643737,11.3096183902953,1314.12827601434,0,11.2672112643737,0.938934272031141,11.2672112643737,0,116.198040418254,75749,137,2006.8359375,6.92712145029577,1999.9088160497,2006.8359375,0,1,1,1,75749,0,0,75749,116.198040418254,75749,0
0.673,1999.90807217763,0.409982641134969,0.0204991320567484,10.4714941790136,209.429883580272,11.3575038323251,0,2000,1992.1875,7.8125,11.3575038323251,11.3090385455575,-1346.29935332138,0,11.3575038323251,0.946458652693756,11.3575038323251,0,116.40747119634,75885,136,1992.1875,-7.72057217762881,1999.90807217763,1992.1875,0,1,1,1,75885,0,0,75885,116.40747119634,75885,0
0.674,1999.92370451905,0.430854669507718,0.0215427334753859,10.4715760297619,209.431520595238,11.2672940993362,0,2000,2006.8359375,-6.8359375,11.2672940993362,11.3097012252579,1319.49012223218,0,11.2672940993362,0.938941174944687,11.2672940993362,-1.77635683940025e-15,116.616901042928,76022,137,2006.8359375,6.91223298094542,1999.92370451905,2006.8359375,1,1,3,3,76022,0,0,76022,116.616901042928,76022,0
0.675,1999.92295744027,0.409985087050795,0.0204992543525398,10.4715721180665,209.431442361331,11.3575866672876,0,2000,1992.1875,7.8125,11.3575866672876,11.30912138052,-1341.83114813985,0,11.3575866672876,0.946465555607302,11.3575866672876,0,116.826333379962,76158,136,1992.1875,-7.73545744026706,1999.92295744027,1992.1875,1,1,3,3,76158,0,0,76158,116.826333379962,76158,0
0.676,1999.93858658529,0.430857119794255,0.0215428559897128,10.4716539520785,209.43307904157,11.2673769342988,0,2000,2006.8359375,-6.8359375,11.2673769342988,11.3097840602204,1323.21362655013,0,11.2673769342988,0.938948077858232,11.2673769342988,0,117.035764785163,76295,137,2006.8359375,6.89735091471221,1999.93858658529,2006.8359375,1,0,2,2,76295,0,0,76295,117.035764785163,76295,0
0.677,1999.93783634112,0.409987544206599,0.02049937721033,10.4716500238092,209.433000476185,11.3576695022502,0,2000,1992.1875,7.8125,11.3576695022502,11.3092042154826,-1338.72822787489,0,11.3576695022502,0.946472458520847,11.3576695022502,0,117.245198680478,76431,136,1992.1875,-7.75033634112219,1999.93783634112,1992.1875,1,0,2,2,76431,0,0,76431,117.245198680478,76431,0
0.678,1999.95346235914,0.430859584679042,0.0215429792339521,10.4717318414482,209.434636828964,11.2674597692613,0,2000,2006.8359375,-6.8359375,11.2674597692613,11.309866895183,1325.79939343759,0,11.2674597692613,0.938954980771778,11.2674597692613,0,117.45463164363,76568,137,2006.8359375,6.88247514086424,1999.95346235914,2006.8359375,0,0,0,0,76568,0,0,76568,117.45463164363,76568,0
0.679,1999.95270902871,0.409990017070477,0.0204995008535239,10.4717278970193,209.434557940386,11.2668799245235,0,2000,2006.8359375,-6.8359375,11.2668799245235,11.3092870504451,1104.83282786466,0,11.2668799245235,0.938906660376959,11.2668799245235,-1.77635683940025e-15,117.66406709657,76705,137,2006.8359375,6.88322847129439,1999.95270902871,2006.8359375,0,1,1,0,76705,1,0,76705,117.66406709657,76705,0
0.68,1999.88862936332,0.402199714375592,0.0201099857187796,10.4713923766759,209.427847533518,11.3571724924749,0,2000,1992.1875,7.8125,11.3571724924749,11.3087072057073,-1520.71222677945,0,11.3571724924749,0.946431041039574,11.3571724924749,0,117.873498618003,76841,136,1992.1875,-7.70112936331543,1999.88862936332,1992.1875,0,1,1,1,76841,0,0,76841,117.873498618003,76841,0
0.681,1999.88065146631,0.427944741598214,0.0213972370799107,10.4713506045049,209.427012090098,11.2669627594861,0,2000,2006.8359375,-6.8359375,11.2669627594861,11.3093698854077,1174.14606101712,0,11.2669627594861,0.938913563290505,11.2669627594861,0,118.082924992294,76978,137,2006.8359375,6.95528603368962,1999.88065146631,2006.8359375,1,1,3,1,76978,1,0,76978,118.082924992294,76978,0
0.682,1999.87109493112,0.408890733297967,0.0204445366648983,10.4713005666036,209.426011332072,11.3572553274374,0,2000,1992.1875,7.8125,11.3572553274374,11.3087900406699,-1462.9511991524,0,11.3572553274374,0.94643794395312,11.3572553274374,0,118.292352285039,77114,136,1992.1875,-7.68359493111507,1999.87109493112,1992.1875,1,1,3,3,77114,0,0,77114,118.292352285039,77114,0
0.683,1999.88342914305,0.430439230884034,0.0215219615442017,10.4713651483863,209.427302967726,11.2670455944486,0,2000,2006.8359375,-6.8359375,11.2670455944486,11.3094527203702,1222.28025070634,0,11.2670455944486,0.93892046620405,11.2670455944486,0,118.501778058921,77251,137,2006.8359375,6.95250835694833,1999.88342914305,2006.8359375,1,0,2,2,77251,0,0,77251,118.501778058921,77251,0
0.684,1999.88143869278,0.409821720182751,0.0204910860091376,10.471354726413,209.427094528261,11.3573381624,0,2000,1992.1875,7.8125,11.3573381624,11.3088728756324,-1422.83937441139,0,11.3573381624,0.946444846866665,11.3573381624,0,118.711206102879,77387,136,1992.1875,-7.69393869277792,1999.88143869278,1992.1875,1,0,2,2,77387,0,0,77387,118.711206102879,77387,0
0.685,1999.89659020832,0.430787705822241,0.021539385291112,10.4714340595629,209.428681191258,11.2671284294112,0,2000,2006.8359375,-6.8359375,11.2671284294112,11.3095355553328,1255.70677132384,0,11.2671284294112,0.938927369117596,11.2671284294112,0,118.920633131381,77524,137,2006.8359375,6.93934729167654,1999.89659020832,2006.8359375,0,0,0,0,77524,0,0,77524,118.920633131381,77524,0
0.686,1999.89564782356,0.409953172055042,0.0204976586027521,10.4714291252478,209.428582504956,11.3574209973625,0,2000,1992.1875,7.8125,11.3574209973625,11.308955710595,-1394.98394056346,0,11.3574209973625,0.946451749780211,11.3574209973625,-1.77635683940025e-15,119.130062617347,77660,136,1992.1875,-7.70814782355637,1999.89564782356,1992.1875,0,0,0,0,77660,0,0,77660,119.130062617347,77660,0
0.687,1999.91118825866,0.430838305257472,0.0215419152628736,10.4715104947757,209.430209895515,11.2672112643737,0,2000,2006.8359375,-6.8359375,11.2672112643737,11.3096183902953,1278.91963286378,0,11.2672112643737,0.938934272031141,11.2672112643737,0,119.339491157509,77797,137,2006.8359375,6.92474924134058,1999.91118825866,2006.8359375,0,1,1,1,77797,0,0,77797,119.339491157509,77797,0
0.688,1999.91038923573,0.409973652272082,0.0204986826136041,10.4715063111015,209.430126222029,11.3575038323251,0,2000,1992.1875,7.8125,11.3575038323251,11.3090385455575,-1375.63988928018,0,11.3575038323251,0.946458652693756,11.3575038323251,0,119.548922180921,77933,136,1992.1875,-7.72288923573001,1999.91038923573,1992.1875,0,1,1,1,77933,0,0,77933,119.548922180921,77933,0
0.689,1999.92598156578,0.43084756794475,0.0215423783972375,10.4715879523507,209.431759047014,11.2672940993362,0,2000,2006.8359375,-6.8359375,11.2672940993362,11.3097012252579,1295.03967559985,0,11.2672940993362,0.938941174944687,11.2672940993362,0,119.758352267977,78070,137,2006.8359375,6.90995593421712,1999.92598156578,2006.8359375,1,1,3,3,78070,0,0,78070,119.758352267977,78070,0
0.69,1999.92520038048,0.40997873960248,0.020498936980124,10.471583862074,209.431677241481,11.3575866672876,0,2000,1992.1875,7.8125,11.3575866672876,11.30912138052,-1362.20652033346,0,11.3575866672876,0.946465555607302,11.3575866672876,0,119.967784841647,78206,136,1992.1875,-7.73770038048178,1999.92520038048,1992.1875,1,1,3,3,78206,0,0,78206,119.967784841647,78206,0
0.691,1999.94079787971,0.430851103576164,0.0215425551788082,10.471665530389,209.43331060778,11.2673769342988,0,2000,2006.8359375,-6.8359375,11.2673769342988,11.3097840602204,1306.23414972212,0,11.2673769342988,0.938948077858232,11.2673769342988,-1.77635683940025e-15,120.177216480057,78343,137,2006.8359375,6.89513962029355,1999.94079787971,2006.8359375,1,0,2,2,78343,0,0,78343,120.177216480057,78343,0
0.692,1999.94001716373,0.409981700981449,0.0204990850490725,10.4716614425697,209.433228851393,11.3576695022502,0,2000,1992.1875,7.8125,11.3576695022502,11.3092042154826,-1352.87779189824,0,11.3576695022502,0.946472458520847,11.3576695022502,0,120.386650605335,78479,136,1992.1875,-7.75251716372509,1999.94001716373,1992.1875,1,0,2,2,78479,0,0,78479,120.386650605335,78479,0
0.693,1999.95561340102,0.430853854818761,0.021542692740938,10.4717431042772,209.434862085543,11.2674597692613,0,2000,2006.8359375,-6.8359375,11.2674597692613,11.309866895183,1314.0080900848,0,11.2674597692613,0.938954980771778,11.2674597692613,0,120.596083795298,78616,137,2006.8359375,6.88032409898256,1999.95561340102,2006.8359375,0,0,0,0,78616,0,0,78616,120.596083795298,78616,0
0.694,1999.9548307976,0.409984377695111,0.0204992188847555,10.4717390065753,209.434780131505,11.3577523372127,0,2000,1992.1875,7.8125,11.3577523372127,11.3092870504451,-1346.39950826266,0,11.3577523372127,0.946479361434393,11.3577523372127,0,120.805519471958,78752,136,1992.1875,-7.76733079759765,1999.9548307976,1992.1875,0,0,0,0,78752,0,0,78752,120.805519471958,78752,0
0.695,1999.97042493366,0.430856507475846,0.0215428253737923,10.4718206572807,209.436413145615,11.2675426042239,0,2000,2006.8359375,-6.8359375,11.2675426042239,11.3099497301455,1319.40665978111,0,11.2675426042239,0.938961883685324,11.2675426042239,0,121.014954213092,78889,137,2006.8359375,6.86551256633948,1999.97042493366,2006.8359375,0,1,1,1,78889,0,0,78889,121.014954213092,78889,0
0.696,1999.96964016834,0.40998702504977,0.0204993512524885,10.4718165482591,209.436330965183,11.2669627594861,0,2000,2006.8359375,-6.8359375,11.2669627594861,11.3093698854077,1099.50554981759,0,11.2669627594861,0.938913563290505,11.2669627594861,-1.77635683940025e-15,121.224391440699,79026,137,2006.8359375,6.86629733165751,1999.96964016834,2006.8359375,1,1,3,1,79026,1,0,79026,121.224391440699,79026,0
0.697,1999.90552950021,0.402196805295294,0.0201098402647647,10.4714808655858,209.429617311716,11.3572553274374,0,2000,1992.1875,7.8125,11.3572553274374,11.3087900406699,-1525.151625152,0,11.3572553274374,0.94643794395312,11.3572553274374,0,121.43382473353,79162,136,1992.1875,-7.71802950021197,1999.90552950021,1992.1875,1,1,3,3,79162,0,0,79162,121.43382473353,79162,0
0.698,1999.89752102345,0.427941913927626,0.0213970956963813,10.4714389332995,209.42877866599,11.2670455944486,0,2000,2006.8359375,-6.8359375,11.2670455944486,11.3094527203702,1170.44656237333,0,11.2670455944486,0.938920466204051,11.2670455944486,0,121.643252875995,79299,137,2006.8359375,6.93841647655427,1999.89752102345,2006.8359375,1,0,2,3,79299,1,0,79299,121.643252875995,79299,0
0.699,1999.8879343245,0.408887985780887,0.0204443992890443,10.4713887374612,209.427774749224,11.3573381624,0,2000,1992.1875,7.8125,11.3573381624,11.3088728756324,-1466.03411468889,0,11.3573381624,0.946444846866665,11.3573381624,0,121.852681933732,79435,136,1992.1875,-7.70043432449756,1999.8879343245,1992.1875,1,0,2,2,79435,0,0,79435,121.852681933732,79435,0
0.7,1999.90023878258,0.430436562375835,0.0215218281187917,10.4714531634531,209.429063269061,11.2671284294112,0,2000,2006.8359375,-6.8359375,11.2671284294112,11.3095355553328,1219.71115442592,0,11.2671284294112,0.938927369117596,11.2671284294112,0,122.06210946947,79572,137,2006.8359375,6.93569871741715,1999.90023878258,2006.8359375,0,0,0,2,79572,1,0,79572,122.06210946947,79572,0
0.701,1999.89821898263,0.409819129589557,0.0204909564794779,10.4714425878052,209.428851756104,11.3574209973625,0,2000,1992.1875,7.8125,11.3574209973625,11.308955710595,-1424.9802879784,0,11.3574209973625,0.946451749780211,11.3574209973625,0,122.271539272188,79708,136,1992.1875,-7.71071898262767,1999.89821898263,1992.1875,0,0,0,0,79708,0,0,79708,122.271539272188,79708,0
0.702,1999.9133415471,0.430785192078151,0.0215392596039076,10.4715217693677,209.430435387353,11.2672112643737,0,2000,2006.8359375,-6.8359375,11.2672112643737,11.3096183902953,1253.92267668467,0,11.2672112643737,0.938934272031142,11.2672112643737,0,122.4809680564,79845,137,2006.8359375,6.92259595289761,1999.9133415471,2006.8359375,0,1,1,1,79845,0,0,79845,122.4809680564,79845,0
0.703,1999.91237060445,0.409950734113525,0.0204975367056763,10.4715166855238,209.430333710476,11.3575038323251,0,2000,1992.1875,7.8125,11.3575038323251,11.3090385455575,-1396.47068609611,0,11.3575038323251,0.946458652693756,11.3575038323251,-1.77635683940025e-15,122.690399295063,79981,136,1992.1875,-7.72487060444519,1999.91237060445,1992.1875,0,1,1,1,79981,0,0,79981,122.690399295063,79981,0
0.704,1999.92788286947,0.430835942088037,0.0215417971044019,10.4715979075536,209.431958151071,11.2672940993362,0,2000,2006.8359375,-6.8359375,11.2672940993362,11.3097012252579,1277.68067825324,0,11.2672940993362,0.938941174944687,11.2672940993362,0,122.899829584952,80118,137,2006.8359375,6.90805463052516,1999.92788286947,2006.8359375,1,1,3,3,80118,0,0,80118,122.899829584952,80118,0
0.705,1999.92705605904,0.409971362858913,0.0204985681429456,10.4715935783842,209.431871567684,11.3575866672876,0,2000,1992.1875,7.8125,11.3575866672876,11.3091213805201,-1376.67235145563,0,11.3575866672876,0.946465555607302,11.3575866672876,0,123.109262355162,80254,136,1992.1875,-7.73955605903757,1999.92705605904,1992.1875,1,1,3,3,80254,0,0,80254,123.109262355162,80254,0
0.706,1999.94262097895,0.430845351286052,0.0215422675643026,10.4716750761143,209.433501522286,11.2673769342988,0,2000,2006.8359375,-6.8359375,11.2673769342988,11.3097840602204,1294.17929045364,0,11.2673769342988,0.938948077858233,11.2673769342988,0,123.318694186125,80391,137,2006.8359375,6.89331652105147,1999.94262097895,2006.8359375,1,0,2,2,80391,0,0,80391,123.318694186125,80391,0
0.707,1999.94181275574,0.409976594710174,0.0204988297355087,10.4716708442675,209.433416885349,11.3576695022502,0,2000,1992.1875,7.8125,11.3576695022502,11.3092042154826,-1362.9235079553,0,11.3576695022502,0.946472458520847,11.3576695022502,0,123.528128500851,80527,136,1992.1875,-7.75431275573851,1999.94181275574,1992.1875,1,0,2,2,80527,0,0,80527,123.528128500851,80527,0
0.708,1999.95738358424,0.430849029475628,0.0215424514737814,10.4717523729348,209.435047458697,11.2674597692613,0,2000,2006.8359375,-6.8359375,11.2674597692613,11.309866895183,1305.63666003725,0,11.2674597692613,0.938954980771778,11.2674597692613,-1.77635683940025e-15,123.737561877506,80664,137,2006.8359375,6.87855391576295,1999.95738358424,2006.8359375,0,0,0,0,80664,0,0,80664,123.737561877506,80664,0
0.709,1999.95657655972,0.40997969671131,0.0204989848355655,10.4717481473643,209.434962947287,11.3577523372127,0,2000,1992.1875,7.8125,11.3577523372127,11.3092870504451,-1353.37569996896,0,11.3577523372127,0.946479361434393,11.3577523372127,0,123.946997738254,80800,136,1992.1875,-7.7690765597165,1999.95657655972,1992.1875,0,0,0,0,80800,0,0,80800,123.946997738254,80800,0
0.71,1999.97214684575,0.430851919430704,0.0215425959715352,10.4718296731914,209.436593463828,11.2675426042239,0,2000,2006.8359375,-6.8359375,11.2675426042239,11.3099497301455,1313.59316669253,0,11.2675426042239,0.938961883685324,11.2675426042239,0,124.156432660951,80937,137,2006.8359375,6.86379065424512,1999.97214684575,2006.8359375,0,1,1,1,80937,0,0,80937,124.156432660951,80937,0
0.711,1999.9713386435,0.409982510253695,0.0204991255126848,10.4718254414543,209.436508829086,11.3578351721753,0,2000,1992.1875,7.8125,11.3578351721753,11.3093698854077,-1346.74527775622,0,11.3578351721753,0.946486264347938,11.3578351721753,0,124.365870067646,81073,136,1992.1875,-7.78383864350121,1999.9713386435,1992.1875,0,1,1,1,81073,0,0,81073,124.365870067646,81073,0
0.712,1999.98690752837,0.430854707058343,0.0215427353529172,10.4719069599448,209.438139198896,11.2676254391864,0,2000,2006.8359375,-6.8359375,11.2676254391864,11.3100325651081,1319.11851853648,0,11.2676254391864,0.938968786598869,11.2676254391864,0,124.575306536153,81210,137,2006.8359375,6.84902997163385,1999.98690752837,2006.8359375,1,1,3,3,81210,0,0,81210,124.575306536153,81210,0
0.713,1999.98609785477,0.409985290745984,0.0204992645372992,10.4719027205038,209.438054410076,11.2670455944486,0,2000,2006.8359375,-6.8359375,11.2670455944486,11.3094527203702,1099.26543211374,0,11.2670455944486,0.938920466204051,11.2670455944486,-1.77635683940025e-15,124.784745488506,81347,137,2006.8359375,6.84983964522894,1999.98609785477,2006.8359375,1,0,2,3,81347,1,0,81347,124.784745488506,81347,0
0.714,1999.92196261662,0.402195136207382,0.0201097568103691,10.4715669091821,209.431338183642,11.3573381624,0,2000,1992.1875,7.8125,11.3573381624,11.3088728756324,-1525.35172323855,0,11.3573381624,0.946444846866666,11.3573381624,0,124.994180503493,81483,136,1992.1875,-7.73446261662093,1999.92196261662,1992.1875,1,0,2,2,81483,0,0,81483,124.994180503493,81483,0
0.715,1999.9139299035,0.427940309169944,0.0213970154584972,10.4715248499946,209.430496999891,11.2671284294112,0,2000,2006.8359375,-6.8359375,11.2671284294112,11.3095355553328,1170.27981396787,0,11.2671284294112,0.938927369117596,11.2671284294112,0,125.203610365557,81620,137,2006.8359375,6.92200759649836,1999.9139299035,2006.8359375,0,0,0,2,81620,1,0,81620,125.203610365557,81620,0
0.716,1999.90431929733,0.408886444479815,0.0204443222239908,10.4714745289783,209.429490579567,11.3574209973625,0,2000,1992.1875,7.8125,11.3574209973625,11.308955710595,-1466.17307169344,0,11.3574209973625,0.946451749780211,11.3574209973625,0,125.413041140374,81756,136,1992.1875,-7.71681929733336,1999.90431929733,1992.1875,0,0,0,0,81756,0,0,81756,125.413041140374,81756,0
0.717,1999.91660017287,0.430435083669611,0.0215217541834805,10.4715388314923,209.430776629846,11.2672112643737,0,2000,2006.8359375,-6.8359375,11.2672112643737,11.3096183902953,1219.59535692213,0,11.2672112643737,0.938934272031142,11.2672112643737,0,125.622470390705,81893,137,2006.8359375,6.91933732712732,1999.91660017287,2006.8359375,0,1,1,0,81893,1,0,81893,125.622470390705,81893,0
0.718,1999.91455711062,0.409817712628126,0.0204908856314063,10.4715281340434,209.430562680867,11.3575038323251,0,2000,1992.1875,7.8125,11.3575038323251,11.3090385455575,-1425.07678589822,0,11.3575038323251,0.946458652693757,11.3575038323251,0,125.831901905564,82029,136,1992.1875,-7.72705711062395,1999.91455711062,1992.1875,0,1,1,1,82029,0,0,82029,125.831901905564,82029,0
0.719,1999.92965672872,0.430783836023007,0.0215391918011503,10.4716071954588,209.432143909176,11.2672940993362,0,2000,2006.8359375,-6.8359375,11.2672940993362,11.3097012252579,1253.84226175148,0,11.2672940993362,0.938941174944687,11.2672940993362,0,126.041332399495,82166,137,2006.8359375,6.90628077128486,1999.92965672872,2006.8359375,1,1,3,3,82166,0,0,82166,126.041332399495,82166,0
0.72,1999.92866315129,0.409949438137542,0.0204974719068771,10.4716019930996,209.432039861991,11.3575866672876,0,2000,1992.1875,7.8125,11.3575866672876,11.3091213805201,-1396.53769854043,0,11.3575866672876,0.946465555607302,11.3575866672876,-1.77635683940025e-15,126.250765345492,82302,136,1992.1875,-7.74116315128822,1999.92866315129,1992.1875,1,1,3,3,82302,0,0,82302,126.250765345492,82302,0
0.721,1999.94415308894,0.430834705375327,0.0215417352687664,10.4716830982234,209.433661964469,11.2673769342988,0,2000,2006.8359375,-6.8359375,11.2673769342988,11.3097840602204,1277.62483454964,0,11.2673769342988,0.938948077858233,11.2673769342988,0,126.460197340361,82439,137,2006.8359375,6.89178441106264,1999.94415308894,2006.8359375,1,0,2,2,82439,0,0,82439,126.460197340361,82439,0
0.722,1999.94330425433,0.409970184604668,0.0204985092302334,10.4716786537358,209.433573074716,11.3576695022502,0,2000,1992.1875,7.8125,11.3576695022502,11.3092042154826,-1376.7188878753,0,11.3576695022502,0.946472458520848,11.3576695022502,0,126.669631813228,82575,136,1992.1875,-7.75580425432645,1999.94330425433,1992.1875,1,0,2,2,82575,0,0,82575,126.669631813228,82575,0
0.723,1999.95884744916,0.430844230696402,0.0215422115348201,10.4717600377136,209.435200754273,11.2674597692613,0,2000,2006.8359375,-6.8359375,11.2674597692613,11.309866895183,1294.14051010392,0,11.2674597692613,0.938954980771778,11.2674597692613,0,126.879065344558,82712,137,2006.8359375,6.87709005084389,1999.95884744916,2006.8359375,0,0,0,0,82712,0,0,82712,126.879065344558,82712,0
0.724,1999.9580177959,0.409975531002018,0.0204987765501009,10.4717556936593,209.435113873187,11.3577523372127,0,2000,1992.1875,7.8125,11.3577523372127,11.3092870504451,-1362.9558249134,0,11.3577523372127,0.946479361434393,11.3577523372127,0,127.088501357392,82848,136,1992.1875,-7.7705177959001,1999.9580177959,1992.1875,0,0,0,0,82848,0,0,82848,127.088501357392,82848,0
0.725,1999.97356748537,0.430848021876501,0.0215424010938251,10.471837111643,209.43674223286,11.2675426042239,0,2000,2006.8359375,-6.8359375,11.2675426042239,11.3099497301455,1305.60972923883,0,11.2675426042239,0.938961883685324,11.2675426042239,-1.77635683940025e-15,127.297936429924,82985,137,2006.8359375,6.86237001463087,1999.97356748537,2006.8359375,0,1,1,1,82985,0,0,82985,127.297936429924,82985,0
0.726,1999.9727396089,0.40997874445924,0.020498937222962,10.471832776892,209.436655537839,11.3578351721753,0,2000,1992.1875,7.8125,11.3578351721753,11.3093698854077,-1353.39814230097,0,11.3578351721753,0.946486264347939,11.3578351721753,0,127.507373984353,83121,136,1992.1875,-7.7852396088997,1999.9727396089,1992.1875,0,1,1,1,83121,0,0,83121,127.507373984353,83121,0
0.727,1999.98828932616,0.430851021774068,0.0215425510887034,10.4719141950211,209.438283900423,11.2676254391864,0,2000,2006.8359375,-6.8359375,11.2676254391864,11.3100325651081,1313.57446474919,0,11.2676254391864,0.938968786598869,11.2676254391864,0,127.71681059856,83258,137,2006.8359375,6.84764817384212,1999.98828932616,2006.8359375,1,1,3,3,83258,0,0,83258,127.71681059856,83258,0
0.728,1999.98746083446,0.40998166645107,0.0204990833225535,10.4719098570488,209.438197140975,11.3579180071378,0,2000,1992.1875,7.8125,11.3579180071378,11.3094527203702,-1346.76086270901,0,11.3579180071378,0.946493167261484,11.3579180071378,0,127.926249694627,83394,136,1992.1875,-7.79996083446281,1999.98746083446,1992.1875,1,1,3,3,83394,0,0,83394,127.926249694627,83394,0
0.729,2000.00300970542,0.430853916378371,0.0215426958189185,10.4719912707467,209.439825414934,11.267708274149,0,2000,2006.8359375,-6.8359375,11.267708274149,11.3101154000706,1319.10553107582,0,11.267708274149,0.938975689512415,11.267708274149,0,128.135687850395,83531,137,2006.8359375,6.83292779458066,2000.00300970542,2006.8359375,1,0,2,2,83531,0,0,83531,128.135687850395,83531,0
0.73,2000.0021802897,0.409984552467249,0.0204992276233625,10.4719869279362,209.439738558723,11.2671284294112,0,2000,2006.8359375,-6.8359375,11.2671284294112,11.3095355553328,1099.25460922985,0,11.2671284294112,0.938927369117596,11.2671284294112,-1.77635683940025e-15,128.345128487929,83668,137,2006.8359375,6.83375721029529,2000.0021802897,2006.8359375,0,0,0,2,83668,1,0,83668,128.345128487929,83668,0
0.731,1999.93802557754,0.402194449618262,0.0201097224809131,10.4716510146488,209.433020292976,11.3574209973625,0,2000,1992.1875,7.8125,11.3574209973625,11.308955710595,-1525.36074230845,0,11.3574209973625,0.946451749780211,11.3574209973625,0,128.554565186042,83804,136,1992.1875,-7.75052557754498,1999.93802557754,1992.1875,0,0,0,0,83804,0,0,83804,128.554565186042,83804,0
0.732,1999.92997365487,0.427939673568478,0.0213969836784239,10.4716088548803,209.432177097606,11.2672112643737,0,2000,2006.8359375,-6.8359375,11.2672112643737,11.3096183902953,1170.27229807629,0,11.2672112643737,0.938934272031142,11.2672112643737,0,128.763996729208,83941,137,2006.8359375,6.90596384512673,1999.92997365487,2006.8359375,0,1,1,0,83941,1,0,83941,128.763996729208,83941,0
0.733,1999.92034410002,0.40888585917358,0.020444292958679,10.471558434649,209.43116869298,11.3575038323251,0,2000,1992.1875,7.8125,11.3575038323251,11.3090385455575,-1466.17933493643,0,11.3575038323251,0.946458652693757,11.3575038323251,0,128.973429183127,84077,136,1992.1875,-7.73284410002475,1999.92034410002,1992.1875,0,1,1,1,84077,0,0,84077,128.973429183127,84077,0
0.734,1999.9326062842,0.430434547975594,0.0215217273987797,10.4716226392952,209.432452785905,11.2672940993362,0,2000,2006.8359375,-6.8359375,11.2672940993362,11.3097012252579,1219.59013755298,0,11.2672940993362,0.938941174944687,11.2672940993362,0,129.182860110591,84214,137,2006.8359375,6.90333121579511,1999.9326062842,2006.8359375,1,1,3,1,84214,1,0,84214,129.182860110591,84214,0
0.735,1999.93054478443,0.409817225872589,0.0204908612936295,10.4716118453077,209.432236906153,11.3575866672876,0,2000,1992.1875,7.8125,11.3575866672876,11.3091213805201,-1425.08113537252,0,11.3575866672876,0.946465555607302,11.3575866672876,0,129.392293300638,84350,136,1992.1875,-7.74304478442923,1999.93054478443,1992.1875,1,1,3,3,84350,0,0,84350,129.392293300638,84350,0
0.736,1999.94562621539,0.430783397541349,0.0215391698770675,10.4716908114955,209.43381622991,11.2673769342988,0,2000,2006.8359375,-6.8359375,11.2673769342988,11.3097840602204,1253.83863718957,0,11.2673769342988,0.938948077858233,11.2673769342988,0,129.60172546784,84487,137,2006.8359375,6.89031128461488,1999.94562621539,2006.8359375,1,0,2,2,84487,0,0,84487,129.60172546784,84487,0
0.737,1999.94461469781,0.409949047274191,0.0204974523637095,10.4716855152018,209.433710304037,11.3576695022502,0,2000,1992.1875,7.8125,11.3576695022502,11.3092042154826,-1396.54071900869,0,11.3576695022502,0.946472458520848,11.3576695022502,-1.77635683940025e-15,129.811160085216,84623,136,1992.1875,-7.75711469780708,1999.94461469781,1992.1875,1,0,2,2,84623,0,0,84623,129.811160085216,84623,0
0.738,1999.96008693894,0.430834361483616,0.0215417180741808,10.4717665276669,209.435330553339,11.2674597692613,0,2000,2006.8359375,-6.8359375,11.2674597692613,11.309866895183,1277.62231749276,0,11.2674597692613,0.938954980771778,11.2674597692613,0,130.020593749597,84760,137,2006.8359375,6.87585056106332,1999.96008693894,2006.8359375,0,0,0,0,84760,0,0,84760,130.020593749597,84760,0
0.739,1999.95922064813,0.409969887046705,0.0204984943523353,10.4717619917789,209.435239835578,11.3577523372127,0,2000,1992.1875,7.8125,11.3577523372127,11.3092870504451,-1376.7209854227,0,11.3577523372127,0.946479361434393,11.3577523372127,0,130.230029890138,84896,136,1992.1875,-7.77172064813112,1999.95922064813,1992.1875,0,0,0,0,84896,0,0,84896,130.230029890138,84896,0
0.74,1999.97474662382,0.430843978842963,0.0215421989421482,10.4718432855975,209.43686571195,11.2675426042239,0,2000,2006.8359375,-6.8359375,11.2675426042239,11.3099497301455,1294.13876214775,0,11.2675426042239,0.938961883685324,11.2675426042239,0,130.439465087326,85033,137,2006.8359375,6.86119087617794,1999.97474662382,2006.8359375,0,1,1,1,85033,0,0,85033,130.439465087326,85033,0
0.741,1999.97389998526,0.409975324232433,0.0204987662116216,10.4718388526084,209.436777052167,11.3578351721753,0,2000,1992.1875,7.8125,11.3578351721753,11.3093698854077,-1362.95728154354,0,11.3578351721753,0.946486264347939,11.3578351721753,0,130.648902764225,85169,136,1992.1875,-7.78639998526023,1999.97389998526,1992.1875,0,1,1,1,85169,0,0,85169,130.648902764225,85169,0
0.742,1999.9894329201,0.430847859578523,0.0215423929789262,10.471920182865,209.4384036573,11.2676254391864,0,2000,2006.8359375,-6.8359375,11.2676254391864,11.3100325651081,1305.60851538038,0,11.2676254391864,0.938968786598869,11.2676254391864,-1.77635683940025e-15,130.858339499058,85306,137,2006.8359375,6.84650457990188,1999.9894329201,2006.8359375,1,1,3,3,85306,0,0,85306,130.858339499058,85306,0
0.743,1999.98858851653,0.409978626028929,0.0204989313014464,10.4719157615782,209.438315231565,11.3579180071378,0,2000,1992.1875,7.8125,11.3579180071378,11.3094527203702,-1353.39915384968,0,11.3579180071378,0.946493167261484,11.3579180071378,0,131.067778714043,85442,136,1992.1875,-7.80108851652858,1999.98858851653,1992.1875,1,1,3,3,85442,0,0,85442,131.067778714043,85442,0
0.744,2000.00412193112,0.430850946615691,0.0215425473307846,10.4719970943469,209.439941886937,11.267708274149,0,2000,2006.8359375,-6.8359375,11.267708274149,11.3101154000706,1313.57362179193,0,11.267708274149,0.938975689512415,11.267708274149,0,131.27721698709,85579,137,2006.8359375,6.83181556887598,2000.00412193112,2006.8359375,1,0,2,2,85579,0,0,85579,131.27721698709,85579,0
0.745,2000.00327735816,0.409981633976991,0.0204990816988495,10.4719926721732,209.439853443463,11.3580008421004,0,2000,1992.1875,7.8125,11.3580008421004,11.3095355553328,-1346.76156517339,0,11.3580008421004,0.94650007017503,11.3580008421004,0,131.4866577403,85715,136,1992.1875,-7.81577735815722,2000.00327735816,1992.1875,1,0,2,2,85715,0,0,85715,131.4866577403,85715,0
0.746,2000.01881036623,0.430853926008931,0.0215426963004465,10.4720740028133,209.441480056265,11.2677911091115,0,2000,2006.8359375,-6.8359375,11.2677911091115,11.3101982350332,1319.10494568884,0,11.2677911091115,0.93898259242596,11.2677911091115,0,131.696097551537,85852,137,2006.8359375,6.81712713376783,2000.01881036623,2006.8359375,0,0,0,0,85852,0,0,85852,131.696097551537,85852,0
0.747,2000.01796530306,0.409984603630652,0.0204992301815326,10.4720695780728,209.441391561457,11.2672112643737,0,2000,2006.8359375,-6.8359375,11.2672112643737,11.3096183902953,1099.25412140737,0,11.2672112643737,0.938934272031142,11.2672112643737,-1.77635683940025e-15,131.905539842891,85989,137,2006.8359375,6.81797219694045,2000.01796530306,2006.8359375,0,1,1,0,85989,1,0,85989,131.905539842891,85989,0
0.748,1999.95379515593,0.402194541750482,0.0201097270875241,10.4717335839682,209.434671679364,11.3575038323251,0,2000,1992.1875,7.8125,11.3575038323251,11.3090385455575,-1525.36114882719,0,11.3575038323251,0.946458652693757,11.3575038323251,0,132.114978193197,86125,136,1992.1875,-7.76629515593368,1999.95379515593,1992.1875,0,1,1,1,86125,0,0,86125,132.114978193197,86125,0
0.749,1999.94572800791,0.42793980611316,0.021396990305658,10.4716913444799,209.433826889598,11.2672940993363,0,2000,2006.8359375,-6.8359375,11.2672940993363,11.3097012252579,1170.27195931067,0,11.2672940993363,0.938941174944688,11.2672940993363,0,132.32441138695,86262,137,2006.8359375,6.89020949209294,1999.94572800791,2006.8359375,1,1,3,1,86262,1,0,86262,132.32441138695,86262,0
0.75,1999.93608343447,0.408886031581906,0.0204443015790953,10.4716408456115,209.432816912229,11.3575866672876,0,2000,1992.1875,7.8125,11.3575866672876,11.3091213805201,-1466.17961724111,0,11.3575866672876,0.946465555607302,11.3575866672876,0,132.533845489874,86398,136,1992.1875,-7.7485834344709,1999.93608343447,1992.1875,1,1,3,3,86398,0,0,86398,132.533845489874,86398,0
0.751,1999.94833080402,0.4304347597062,0.02152173798531,10.4717049726885,209.434099453769,11.2673769342988,0,2000,2006.8359375,-6.8359375,11.2673769342988,11.3097840602204,1219.58990229908,0,11.2673769342988,0.938948077858233,11.2673769342988,0,132.743278064779,86535,137,2006.8359375,6.88760669598128,1999.94833080402,2006.8359375,1,0,2,2,86535,0,0,86535,132.743278064779,86535,0
0.752,1999.9462546908,0.409817476391469,0.0204908738195735,10.4716941021851,209.433882043701,11.3576695022502,0,2000,1992.1875,7.8125,11.3576695022502,11.3092042154826,-1425.08133141744,0,11.3576695022502,0.946472458520848,11.3576695022502,0,132.952712900727,86671,136,1992.1875,-7.75875469079824,1999.9462546908,1992.1875,1,0,2,2,86671,0,0,86671,132.952712900727,86671,0
0.753,1999.96132170676,0.430783686321753,0.0215391843160877,10.4717729928961,209.435459857923,11.2674597692613,0,2000,2006.8359375,-6.8359375,11.2674597692613,11.309866895183,1253.8384738188,0,11.2674597692613,0.938954980771779,11.2674597692613,0,133.16214671231,86808,137,2006.8359375,6.87461579324327,1999.96132170676,2006.8359375,0,0,0,0,86808,0,0,86808,133.16214671231,86808,0
0.754,1999.96029596994,0.409949373796524,0.0204974686898262,10.4717676221507,209.435352443014,11.3577523372127,0,2000,1992.1875,7.8125,11.3577523372127,11.3092870504451,-1396.540855151,0,11.3577523372127,0.946479361434393,11.3577523372127,-1.77635683940025e-15,133.371582972569,86944,136,1992.1875,-7.77279596994117,1999.96029596994,1992.1875,0,0,0,0,86944,0,0,86944,133.371582972569,86944,0
0.755,1999.97575418494,0.430834725235334,0.0215417362617667,10.4718485611752,209.436971223503,11.2675426042239,0,2000,2006.8359375,-6.8359375,11.2675426042239,11.3099497301455,1277.62220404084,0,11.2675426042239,0.938961883685324,11.2675426042239,0,133.581018278354,87081,137,2006.8359375,6.86018331506352,1999.97575418494,2006.8359375,0,1,1,1,87081,0,0,87081,133.581018278354,87081,0
0.756,1999.97487405847,0.409970287522225,0.0204985143761112,10.4718439528438,209.436879056876,11.3578351721753,0,2000,1992.1875,7.8125,11.3578351721753,11.3093698854077,-1376.72107996597,0,11.3578351721753,0.946486264347939,11.3578351721753,0,133.790456058838,87217,136,1992.1875,-7.78737405847278,1999.97487405847,1992.1875,0,1,1,1,87217,0,0,87217,133.790456058838,87217,0
0.757,1999.9903863864,0.430844415543567,0.0215422207771784,10.4719251752029,209.438503504057,11.2676254391864,0,2000,2006.8359375,-6.8359375,11.2676254391864,11.3100325651081,1294.13868336169,0,11.2676254391864,0.93896878659887,11.2676254391864,0,133.999892894531,87354,137,2006.8359375,6.84555111360078,1999.9903863864,2006.8359375,1,1,3,3,87354,0,0,87354,133.999892894531,87354,0
0.758,1999.98952628542,0.409975796666171,0.0204987898333086,10.4719206717247,209.438413434493,11.3579180071378,0,2000,1992.1875,7.8125,11.3579180071378,11.3094527203702,-1362.95734719859,0,11.3579180071378,0.946493167261484,11.3579180071378,0,134.209332208516,87490,136,1992.1875,-7.80202628541679,1999.98952628542,1992.1875,1,1,3,3,87490,0,0,87490,134.209332208516,87490,0
0.759,2000.00504594066,0.430848367260125,0.0215424183630063,10.4720019324495,209.440038648989,11.267708274149,0,2000,2006.8359375,-6.8359375,11.267708274149,11.3101154000706,1305.60846066784,0,11.267708274149,0.938975689512415,11.267708274149,-1.77635683940025e-15,134.418770579034,87627,137,2006.8359375,6.83089155934385,2000.00504594066,2006.8359375,1,0,2,2,87627,0,0,87627,134.418770579034,87627,0
0.76,2000.00418843783,0.40997916847972,0.020498958423986,10.4719974425752,209.439948851503,11.3580008421004,0,2000,1992.1875,7.8125,11.3580008421004,11.3095355553328,-1353.39919944347,0,11.3580008421004,0.94650007017503,11.3580008421004,0,134.628211428324,87763,136,1992.1875,-7.81668843782609,2000.00418843783,1992.1875,1,0,2,2,87763,0,0,87763,134.628211428324,87763,0
0.761,2000.01970893106,0.430851523363499,0.0215425761681749,10.4720787076877,209.441574153753,11.2677911091115,0,2000,2006.8359375,-6.8359375,11.2677911091115,11.3101982350332,1313.57358379711,0,11.2677911091115,0.938982592425961,11.2677911091115,0,134.837651334311,87900,137,2006.8359375,6.81622856894478,2000.01970893106,2006.8359375,0,0,0,0,87900,0,0,87900,134.837651334311,87900,0
0.762,2000.01885161219,0.409982244556052,0.0204991122278026,10.4720742187766,209.441484375532,11.2672112643737,0,2000,2006.8359375,-6.8359375,11.2672112643737,11.3096183902953,1094.64465316426,0,11.2672112643737,0.938934272031142,11.2672112643737,0,135.047093719118,88037,137,2006.8359375,6.81708588780634,2000.01885161219,2006.8359375,0,1,1,0,88037,1,0,88037,135.047093719118,88037,0
0.763,1999.95466940905,0.402192218789472,0.0201096109394736,10.4717381615468,209.434763230936,11.3575038323251,0,2000,1992.1875,7.8125,11.3575038323251,11.3090385455575,-1529.20237236312,0,11.3575038323251,0.946458652693757,11.3575038323251,0,135.256532161605,88173,136,1992.1875,-7.76716940904771,1999.95466940905,1992.1875,0,1,1,1,88173,0,0,88173,135.256532161605,88173,0
0.764,1999.94659038111,0.427937516217394,0.0213968758108697,10.4716958598554,209.433917197108,11.2672940993363,0,2000,2006.8359375,-6.8359375,11.2672940993363,11.3097012252579,1167.0709396974,0,11.2672940993363,0.938941174944688,11.2672940993363,-1.77635683940025e-15,135.465965446286,88310,137,2006.8359375,6.88934711888851,1999.94659038111,2006.8359375,1,1,3,1,88310,1,0,88310,135.465965446286,88310,0
0.765,1999.93693409371,0.40888377334935,0.0204441886674675,10.4716452996528,209.432905993056,11.3575866672876,0,2000,1992.1875,7.8125,11.3575866672876,11.3091213805201,-1468.8471335855,0,11.3575866672876,0.946465555607303,11.3575866672876,0,135.675399638902,88446,136,1992.1875,-7.74943409370781,1999.93693409371,1992.1875,1,1,3,3,88446,0,0,88446,135.675399638902,88446,0
0.766,1999.94916991009,0.430432532351804,0.0215216266175902,10.4717093662376,209.434187324751,11.2673769342988,0,2000,2006.8359375,-6.8359375,11.2673769342988,11.3097840602204,1217.36697201209,0,11.2673769342988,0.938948077858233,11.2673769342988,0,135.884832302281,88583,137,2006.8359375,6.88676758991096,1999.94916991009,2006.8359375,1,0,2,2,88583,0,0,88583,135.884832302281,88583,0
0.767,1999.94708240123,0.409815279363606,0.0204907639681803,10.4716984360668,209.433968721335,11.3576695022502,0,2000,1992.1875,7.8125,11.3576695022502,11.3092042154826,-1426.93377332326,0,11.3576695022502,0.946472458520848,11.3576695022502,0,136.094267225503,88719,136,1992.1875,-7.75958240123487,1999.94708240123,1992.1875,1,0,2,2,88719,0,0,88719,136.094267225503,88719,0
0.768,1999.96213817656,0.430781519159295,0.0215390759579648,10.471777267922,209.43554535844,11.2674597692613,0,2000,2006.8359375,-6.8359375,11.2674597692613,11.309866895183,1252.29477223061,0,11.2674597692613,0.938954980771779,11.2674597692613,0,136.303701123174,88856,137,2006.8359375,6.87379932344061,1999.96213817656,2006.8359375,0,0,0,0,88856,0,0,88856,136.303701123174,88856,0
0.769,1999.96110135185,0.40994723607553,0.0204973618037765,10.4717718391205,209.43543678241,11.3577523372127,0,2000,1992.1875,7.8125,11.3577523372127,11.3092870504451,-1397.82727314115,0,11.3577523372127,0.946479361434394,11.3577523372127,0,136.513137468351,88992,136,1992.1875,-7.77360135184722,1999.96110135185,1992.1875,0,0,0,0,88992,0,0,88992,136.513137468351,88992,0
0.77,1999.97654862955,0.430832616549137,0.0215416308274569,10.4718527208774,209.437054417549,11.2675426042239,0,2000,2006.8359375,-6.8359375,11.2675426042239,11.3099497301455,1276.55018904904,0,11.2675426042239,0.938961883685324,11.2675426042239,0,136.722572857901,89129,137,2006.8359375,6.85938887045108,1999.97654862955,2006.8359375,0,1,1,1,89129,0,0,89129,136.722572857901,89129,0
0.771,1999.97565771434,0.409968207473976,0.0204984103736988,10.4718480560563,209.436961121126,11.3578351721753,0,2000,1992.1875,7.8125,11.3578351721753,11.3093698854077,-1377.61442579247,0,11.3578351721753,0.946486264347939,11.3578351721753,-1.77635683940025e-15,136.932010721013,89265,136,1992.1875,-7.78815771434188,1999.97565771434,1992.1875,0,1,1,1,89265,0,0,89265,136.932010721013,89265,0
0.772,1999.99115940004,0.430842363743411,0.0215421181871705,10.4719292226928,209.438584453857,11.2676254391864,0,2000,2006.8359375,-6.8359375,11.2676254391864,11.3100325651081,1293.39422850628,0,11.2676254391864,0.93896878659887,11.2676254391864,0,137.141447638212,89402,137,2006.8359375,6.8447780999586,1999.99115940004,2006.8359375,1,1,3,3,89402,0,0,89402,137.141447638212,89402,0
0.773,1999.99028880135,0.40997377273014,0.020498688636507,10.4719246642488,209.438493284975,11.3579180071378,0,2000,1992.1875,7.8125,11.3579180071378,11.3094527203702,-1363.57772624477,0,11.3579180071378,0.946493167261485,11.3579180071378,0,137.350887032595,89538,136,1992.1875,-7.80278880135484,1999.99028880135,1992.1875,1,1,3,3,89538,0,0,89538,137.350887032595,89538,0
0.774,2000.00579810145,0.430846370809688,0.0215423185404844,10.4720058707542,209.440117415083,11.267708274149,0,2000,2006.8359375,-6.8359375,11.267708274149,11.3101154000706,1305.09147812936,0,11.267708274149,0.938975689512415,11.267708274149,0,137.56032548242,89675,137,2006.8359375,6.83013939855164,2000.00579810145,2006.8359375,1,0,2,2,89675,0,0,89675,137.56032548242,89675,0
0.775,2000.0049303841,0.409977199141581,0.020498859957079,10.4720013273967,209.440026547935,11.3580008421004,0,2000,1992.1875,7.8125,11.3580008421004,11.3095355553328,-1353.83001822553,0,11.3580008421004,0.94650007017503,11.3580008421004,0,137.76976640994,89811,136,1992.1875,-7.81743038409536,2000.0049303841,1992.1875,1,0,2,2,89811,0,0,89811,137.76976640994,89811,0
0.776,2000.02044080152,0.430849580769443,0.0215424790384722,10.4720825397525,209.441650795049,11.2677911091115,0,2000,2006.8359375,-6.8359375,11.2677911091115,11.3101982350332,1313.21456814539,0,11.2677911091115,0.938982592425961,11.2677911091115,-1.77635683940025e-15,137.979206393095,89948,137,2006.8359375,6.81549669847823,2000.02044080152,2006.8359375,0,0,0,0,89948,0,0,89948,137.979206393095,89948,0
0.777,2000.0195735437,0.409980328342877,0.0204990164171438,10.4720779988011,209.441559976022,11.3580836770629,0,2000,1992.1875,7.8125,11.3580836770629,11.3096183902953,-1347.06077654551,0,11.3580836770629,0.946506973088576,11.3580836770629,0,138.188648854023,90084,136,1992.1875,-7.83207354369551,2000.0195735437,1992.1875,0,0,0,0,90084,0,0,90084,138.188648854023,90084,0
0.778,2000.03508417498,0.430852679769248,0.0215426339884624,10.4721592122766,209.443184245532,11.2678739440741,0,2000,2006.8359375,-6.8359375,11.2678739440741,11.3102810699957,1318.85560287874,0,11.2678739440741,0.938989495339506,11.2678739440741,0,138.398090370619,90221,137,2006.8359375,6.8008533250229,2000.03508417498,2006.8359375,0,1,1,1,90221,0,0,90221,138.398090370619,90221,0
0.779,2000.03421703889,0.409983415978812,0.0204991707989406,10.4721546719626,209.443093439253,11.2672940993363,0,2000,2006.8359375,-6.8359375,11.2672940993363,11.3097012252579,1099.04633573228,0,11.2672940993363,0.938941174944688,11.2672940993363,0,138.607534365004,90358,137,2006.8359375,6.80172046111375,2000.03421703889,2006.8359375,1,1,3,1,90358,1,0,90358,138.607534365004,90358,0
0.78,1999.9700251186,0.402193411890859,0.020109670594543,10.471818563854,209.436371277079,11.3575866672876,0,2000,1992.1875,7.8125,11.3575866672876,11.3091213805201,-1525.53430355643,0,11.3575866672876,0.946465555607303,11.3575866672876,0,138.816974416044,90494,136,1992.1875,-7.78252511859591,1999.9700251186,1992.1875,1,1,3,3,90494,0,0,90494,138.816974416044,90494,0
0.781,1999.96193649309,0.427938733260914,0.0213969366630457,10.4717762119099,209.435524238197,11.2673769342988,0,2000,2006.8359375,-6.8359375,11.2673769342988,11.3097840602204,1170.12766370298,0,11.2673769342988,0.938948077858233,11.2673769342988,-1.77635683940025e-15,139.026409308268,90631,137,2006.8359375,6.87400100690547,1999.96193649309,2006.8359375,1,0,2,3,90631,1,0,90631,139.026409308268,90631,0
0.782,1999.95227073385,0.408885014962866,0.0204442507481433,10.4717256021128,209.434512042256,11.3576695022502,0,2000,1992.1875,7.8125,11.3576695022502,11.3092042154826,-1466.29986358085,0,11.3576695022502,0.946472458520848,11.3576695022502,0,139.235845107428,90767,136,1992.1875,-7.7647707338474,1999.95227073385,1992.1875,1,0,2,2,90767,0,0,90767,139.235845107428,90767,0
0.783,1999.96449720529,0.430433798556714,0.0215216899278357,10.4717896197676,209.435792395352,11.2674597692613,0,2000,2006.8359375,-6.8359375,11.2674597692613,11.309866895183,1219.48969701596,0,11.2674597692613,0.938954980771779,11.2674597692613,0,139.445279376367,90904,137,2006.8359375,6.87144029470551,1999.96449720529,2006.8359375,0,0,0,0,90904,0,0,90904,139.445279376367,90904,0
0.784,1999.96240047778,0.409816569958243,0.0204908284979121,10.471778641328,209.43557282656,11.3577523372127,0,2000,1992.1875,7.8125,11.3577523372127,11.3092870504452,-1425.16483582004,0,11.3577523372127,0.946479361434394,11.3577523372127,0,139.654715904175,91040,136,1992.1875,-7.77490047777655,1999.96240047778,1992.1875,0,0,0,0,91040,0,0,91040,139.654715904175,91040,0
0.785,1999.97744715938,0.430782833861726,0.0215391416930863,10.4718574255687,209.437148511373,11.2675426042239,0,2000,2006.8359375,-6.8359375,11.2675426042239,11.3099497301455,1253.76888681664,0,11.2675426042239,0.938961883685324,11.2675426042239,0,139.864151405473,91177,137,2006.8359375,6.85849034061562,1999.97744715938,2006.8359375,0,1,1,1,91177,0,0,91177,139.864151405473,91177,0
0.786,1999.97640136437,0.409948574576724,0.0204974287288362,10.4718519497987,209.437038995975,11.3578351721753,0,2000,1992.1875,7.8125,11.3578351721753,11.3093698854077,-1396.59884431947,0,11.3578351721753,0.946486264347939,11.3578351721753,0,140.073589353332,91313,136,1992.1875,-7.78890136436644,1999.97640136437,1992.1875,0,1,1,1,91313,0,0,91313,140.073589353332,91313,0
0.787,1999.99183979355,0.430833978532743,0.0215416989266371,10.4719327852249,209.438655704499,11.2676254391864,0,2000,2006.8359375,-6.8359375,11.2676254391864,11.3100325651081,1277.57387973377,0,11.2676254391864,0.93896878659887,11.2676254391864,0,140.283026344632,91450,137,2006.8359375,6.84409770644811,1999.99183979355,2006.8359375,1,1,3,3,91450,0,0,91450,140.283026344632,91450,0
0.788,1999.99094014997,0.409969592623649,0.0204984796311825,10.4719280747022,209.438561494043,11.3579180071378,0,2000,1992.1875,7.8125,11.3579180071378,11.3094527203702,-1376.76135022185,0,11.3579180071378,0.946493167261485,11.3579180071378,-1.77635683940025e-15,140.492465808574,91586,136,1992.1875,-7.80344014997354,1999.99094014997,1992.1875,1,1,3,3,91586,0,0,91586,140.492465808574,91586,0
0.789,2000.00643322584,0.430843771745494,0.0215421885872747,10.4720091962577,209.440183925154,11.267708274149,0,2000,2006.8359375,-6.8359375,11.267708274149,11.3101154000706,1294.10512481512,0,11.267708274149,0.938975689512415,11.267708274149,0,140.701904325693,91723,137,2006.8359375,6.82950427416449,2000.00643322584,2006.8359375,1,0,2,2,91723,0,0,91723,140.701904325693,91723,0
0.79,2000.00555413423,0.409975203274648,0.0204987601637324,10.4720045933448,209.440091866896,11.3580008421004,0,2000,1992.1875,7.8125,11.3580008421004,11.3095355553328,-1362.98531265407,0,11.3580008421004,0.94650007017503,11.3580008421004,0,140.911345319102,91859,136,1992.1875,-7.81805413423149,2000.00555413423,1992.1875,1,0,2,2,91859,0,0,91859,140.911345319102,91859,0
0.791,2000.02105505675,0.430847823590622,0.0215423911795311,10.4720857559853,209.441715119706,11.2677911091115,0,2000,2006.8359375,-6.8359375,11.2677911091115,11.3101982350332,1305.58515612161,0,11.2677911091115,0.938982592425961,11.2677911091115,0,141.120785367069,91996,137,2006.8359375,6.81488244325442,2000.02105505675,2006.8359375,0,0,0,0,91996,0,0,91996,141.120785367069,91996,0
0.792,2000.02017907559,0.409978673857001,0.0204989336928501,10.4720811693587,209.441623387173,11.3580836770629,0,2000,1992.1875,7.8125,11.3580836770629,11.3096183902953,-1353.41861989866,0,11.3580836770629,0.946506973088576,11.3580836770629,0,141.330227891861,92132,136,1992.1875,-7.83267907558638,2000.02017907559,1992.1875,0,0,0,0,92132,0,0,92132,141.330227891861,92132,0
0.793,2000.03568134143,0.430851077121493,0.0215425538560747,10.4721623390328,209.443246780656,11.2678739440741,0,2000,2006.8359375,-6.8359375,11.2678739440741,11.3102810699957,1313.55740008445,0,11.2678739440741,0.938989495339506,11.2678739440741,-1.77635683940025e-15,141.539669471427,92269,137,2006.8359375,6.80025615857062,2000.03568134143,2006.8359375,0,1,1,1,92269,0,0,92269,141.539669471427,92269,0
0.794,2000.03480604271,0.409981846037739,0.0204990923018869,10.4721577559795,209.443155119589,11.2672940993363,0,2000,2006.8359375,-6.8359375,11.2672940993363,11.3097012252579,1094.63116673704,0,11.2672940993363,0.938941174944688,11.2672940993363,0,141.749113527918,92406,137,2006.8359375,6.80113145728797,2000.03480604271,2006.8359375,1,1,3,1,92406,1,0,92406,141.749113527918,92406,0
0.795,1999.97060610388,0.402191867346748,0.0201095933673374,10.4718216058858,209.436432117716,11.3575866672876,0,2000,1992.1875,7.8125,11.3575866672876,11.3091213805201,-1529.21361105246,0,11.3575866672876,0.946465555607303,11.3575866672876,0,141.958553640218,92542,136,1992.1875,-7.78310610388235,1999.97060610388,1992.1875,1,1,3,3,92542,0,0,92542,141.958553640218,92542,0
0.796,1999.96250958111,0.427937211210966,0.0213968605605483,10.4717792125917,209.435584251835,11.2673769342988,0,2000,2006.8359375,-6.8359375,11.2673769342988,11.3097840602204,1167.06157412295,0,11.2673769342988,0.938948077858234,11.2673769342988,0,142.167988592868,92679,137,2006.8359375,6.87342791888523,1999.96250958111,2006.8359375,1,0,2,3,92679,1,0,92679,142.167988592868,92679,0
0.797,1999.95283603647,0.408883514148602,0.0204441757074301,10.4717285620304,209.434571240608,11.3576695022502,0,2000,1992.1875,7.8125,11.3576695022502,11.3092042154826,-1468.85493823088,0,11.3576695022502,0.946472458520848,11.3576695022502,0,142.377424451634,92815,136,1992.1875,-7.76533603646567,1999.95283603647,1992.1875,1,0,2,2,92815,0,0,92815,142.377424451634,92815,0
0.798,1999.96505482995,0.430432318334685,0.0215216159167343,10.4717925394835,209.43585078967,11.2674597692613,0,2000,2006.8359375,-6.8359375,11.2674597692613,11.309866895183,1217.36046814094,0,11.2674597692613,0.938954980771779,11.2674597692613,-1.77635683940025e-15,142.586858779368,92952,137,2006.8359375,6.87088267004697,1999.96505482995,2006.8359375,0,0,0,0,92952,0,0,92952,142.586858779368,92952,0
0.799,1999.96295052938,0.409815109916518,0.0204907554958259,10.4717815213915,209.435630427829,11.3577523372127,0,2000,1992.1875,7.8125,11.3577523372127,11.3092870504452,-1426.93919321589,0,11.3577523372127,0.946479361434394,11.3577523372127,0,142.796295365173,93088,136,1992.1875,-7.77545052938376,1999.96295052938,1992.1875,0,0,0,0,93088,0,0,93088,142.796295365173,93088,0
0.8,1999.97798974102,0.430781393676974,0.0215390696838487,10.4718602665195,209.437205330389,11.2675426042239,0,2000,2006.8359375,-6.8359375,11.2675426042239,11.3099497301455,1252.29025565343,0,11.2675426042239,0.938961883685325,11.2675426042239,0,143.005730923682,93225,137,2006.8359375,6.85794775898012,1999.97798974102,2006.8359375,0,1,1,1,93225,0,0,93225,143.005730923682,93225,0
0.801,1999.97693657757,0.409947153960916,0.0204973576980458,10.4718547521685,209.43709504337,11.3578351721753,0,2000,1992.1875,7.8125,11.3578351721753,11.3093698854077,-1397.83103695548,0,11.3578351721753,0.946486264347939,11.3578351721753,0,143.215168927973,93361,136,1992.1875,-7.78943657756872,1999.97693657757,1992.1875,0,1,1,1,93361,0,0,93361,143.215168927973,93361,0
0.802,1999.99236773842,0.430832577213281,0.0215416288606641,10.4719355495378,209.438710990756,11.2676254391864,0,2000,2006.8359375,-6.8359375,11.2676254391864,11.3100325651081,1276.5470525371,0,11.2676254391864,0.93896878659887,11.2676254391864,0,143.424605974938,93498,137,2006.8359375,6.84356976158097,1999.99236773842,2006.8359375,1,1,3,3,93498,0,0,93498,143.424605974938,93498,0
0.803,1999.99146092522,0.409968210335935,0.0204984105167968,10.471930801475,209.4386160295,11.3579180071378,0,2000,1992.1875,7.8125,11.3579180071378,11.3094527203702,-1377.61703955241,0,11.3579180071378,0.946493167261485,11.3579180071378,0,143.634045493789,93634,136,1992.1875,-7.80396092522233,1999.99146092522,1992.1875,1,1,3,3,93634,0,0,93634,143.634045493789,93634,0
0.804,2000.00694692883,0.430842408230128,0.0215421204115064,10.4720118860003,209.440237720006,11.267708274149,0,2000,2006.8359375,-6.8359375,11.267708274149,11.3101154000706,1293.39205037299,0,11.267708274149,0.938975689512416,11.267708274149,0,143.843484065073,93771,137,2006.8359375,6.82899057116765,2000.00694692883,2006.8359375,1,0,2,2,93771,0,0,93771,143.843484065073,93771,0
0.805,2000.00606086102,0.409973858276344,0.0204986929138172,10.4720072465601,209.440144931201,11.3580008421004,0,2000,1992.1875,7.8125,11.3580008421004,11.3095355553328,-1363.57954135584,0,11.3580008421004,0.94650007017503,11.3580008421004,-1.77635683940025e-15,144.052925111912,93907,136,1992.1875,-7.81856086102039,2000.00606086102,1992.1875,1,0,2,2,93907,0,0,93907,144.052925111912,93907,0
0.806,2000.02155490207,0.430846496857785,0.0215423248428892,10.4720883731693,209.441767463386,11.2677911091115,0,2000,2006.8359375,-6.8359375,11.2677911091115,11.3101982350332,1305.0899655368,0,11.2677911091115,0.938982592425961,11.2677911091115,0,144.262365212582,94044,137,2006.8359375,6.81438259793345,2000.02155490207,2006.8359375,0,0,0,0,94044,0,0,94044,144.262365212582,94044,0
0.807,2000.02067213289,0.409977365141535,0.0204988682570768,10.4720837510007,209.441675020014,11.3580836770629,0,2000,1992.1875,7.8125,11.3580836770629,11.3096183902953,-1353.83127871934,0,11.3580836770629,0.946506973088576,11.3580836770629,0,144.47180778936,94180,136,1992.1875,-7.83317213289138,2000.02067213289,1992.1875,0,0,0,0,94180,0,0,94180,144.47180778936,94180,0
0.808,2000.0361677029,0.4308497861787,0.021542489308935,10.4721648856155,209.44329771231,11.2678739440741,0,2000,2006.8359375,-6.8359375,11.2678739440741,11.3102810699957,1313.21351773389,0,11.2678739440741,0.938989495339507,11.2678739440741,0,144.681249420209,94317,137,2006.8359375,6.79976979710091,2000.0361677029,2006.8359375,0,1,1,1,94317,0,0,94317,144.681249420209,94317,0
0.809,2000.03528579928,0.409980572626256,0.0204990286313128,10.472160267979,209.443205359579,11.2672940993363,0,2000,2006.8359375,-6.8359375,11.2672940993363,11.3097012252579,1094.34459811157,0,11.2672940993363,0.938941174944688,11.2672940993363,0,144.890693527285,94454,137,2006.8359375,6.80065170072112,2000.03528579928,2006.8359375,1,1,3,1,94454,1,0,94454,144.890693527285,94454,0
0.81,1999.97107934524,0.402190611228498,0.0201095305614249,10.4718240837718,209.436481675436,11.3575866672876,0,2000,1992.1875,7.8125,11.3575866672876,11.3091213805201,-1529.45241824036,0,11.3575866672876,0.946465555607303,11.3575866672876,-1.77635683940025e-15,145.100133689483,94590,136,1992.1875,-7.78357934524411,1999.97107934524,1992.1875,1,1,3,3,94590,0,0,94590,145.100133689483,94590,0
0.811,1999.96297639575,0.427935972151089,0.0213967986075544,10.4717816568275,209.435633136549,11.2673769342988,0,2000,2006.8359375,-6.8359375,11.2673769342988,11.3097840602204,1166.86256813304,0,11.2673769342988,0.938948077858234,11.2673769342988,0,145.309568691353,94727,137,2006.8359375,6.87296110424745,1999.96297639575,2006.8359375,1,0,2,3,94727,1,0,94727,145.309568691353,94727,0
0.812,1999.95329651165,0.408882291915443,0.0204441145957721,10.4717309730728,209.434619461456,11.3576695022502,0,2000,1992.1875,7.8125,11.3576695022502,11.3092042154826,-1469.0207765558,0,11.3576695022502,0.946472458520848,11.3576695022502,0,145.51900459867,94863,136,1992.1875,-7.7657965116498,1999.95329651165,1992.1875,1,0,2,2,94863,0,0,94863,145.51900459867,94863,0
0.813,1999.96550905178,0.430431112699736,0.0215215556349868,10.4717949177834,209.435898355668,11.2674597692614,0,2000,2006.8359375,-6.8359375,11.2674597692614,11.309866895183,1217.22226953683,0,11.2674597692614,0.938954980771779,11.2674597692614,0,145.728438974297,95000,137,2006.8359375,6.8704284482219,1999.96550905178,2006.8359375,0,0,0,0,95000,0,0,95000,145.728438974297,95000,0
0.814,1999.96339858277,0.409813920654373,0.0204906960327187,10.4717838673935,209.43567734787,11.3577523372127,0,2000,1992.1875,7.8125,11.3577523372127,11.3092870504452,-1427.05435871931,0,11.3577523372127,0.946479361434394,11.3577523372127,0,145.937875607343,95136,136,1992.1875,-7.7758985827677,1999.96339858277,1992.1875,0,0,0,0,95136,0,0,95136,145.937875607343,95136,0
0.815,1999.97843170974,0.430780220565279,0.021539011028264,10.4718625806623,209.437251613245,11.2675426042239,0,2000,2006.8359375,-6.8359375,11.2675426042239,11.3099497301455,1252.19428440058,0,11.2675426042239,0.938961883685325,11.2675426042239,-1.77635683940025e-15,146.147311212453,95273,137,2006.8359375,6.85750579025921,1999.97843170974,2006.8359375,0,1,1,1,95273,0,0,95273,146.147311212453,95273,0
0.816,1999.97737254425,0.409945996780348,0.0204972998390174,10.4718570348847,209.437140697694,11.3578351721753,0,2000,1992.1875,7.8125,11.3578351721753,11.3093698854077,-1397.91101299952,0,11.3578351721753,0.946486264347939,11.3578351721753,0,146.356749262712,95409,136,1992.1875,-7.78987254424987,1999.97737254425,1992.1875,0,1,1,1,95409,0,0,95409,146.356749262712,95409,0
0.817,1999.99279778457,0.430831435747496,0.0215415717873748,10.4719378012542,209.438756025084,11.2676254391864,0,2000,2006.8359375,-6.8359375,11.2676254391864,11.3100325651081,1276.48040583373,0,11.2676254391864,0.93896878659887,11.2676254391864,0,146.566186355021,95546,137,2006.8359375,6.84313971542861,1999.99279778457,2006.8359375,1,1,3,3,95546,0,0,95546,146.566186355021,95546,0
0.818,1999.99188513125,0.409967084371521,0.020498354218576,10.4719330226126,209.438660452251,11.3579180071378,0,2000,1992.1875,7.8125,11.3579180071378,11.3094527203702,-1377.67257847189,0,11.3579180071378,0.946493167261485,11.3579180071378,0,146.7756259186,95682,136,1992.1875,-7.80438513124841,1999.99188513125,1992.1875,1,1,3,3,95682,0,0,95682,146.7756259186,95682,0
0.819,2000.00736537404,0.430841297556572,0.0215420648778286,10.4720140769743,209.440281539486,11.267708274149,0,2000,2006.8359375,-6.8359375,11.267708274149,11.3101154000706,1293.34576794009,0,11.267708274149,0.938975689512416,11.267708274149,0,146.985064534005,95819,137,2006.8359375,6.82857212595559,2000.00736537404,2006.8359375,1,0,2,2,95819,0,0,95819,146.985064534005,95819,0
0.82,2000.00647362365,0.409972762685983,0.0204986381342992,10.4720094077802,209.440188155603,11.3580008421004,0,2000,1992.1875,7.8125,11.3580008421004,11.3095355553328,-1363.61811004992,0,11.3580008421004,0.946500070175031,11.3580008421004,0,147.194505624364,95955,136,1992.1875,-7.81897362365476,2000.00647362365,1992.1875,1,0,2,2,95955,0,0,95955,147.194505624364,95955,0
0.821,2000.02196205929,0.43084541614579,0.0215422708072895,10.4720905050395,209.44181010079,11.2677911091115,0,2000,2006.8359375,-6.8359375,11.2677911091115,11.3101982350332,1305.0578249584,0,11.2677911091115,0.938982592425961,11.2677911091115,0,147.403945767965,96092,137,2006.8359375,6.81397544071137,2000.02196205929,2006.8359375,0,0,0,0,96092,0,0,96092,147.403945767965,96092,0
0.822,2000.02107376083,0.409976299105856,0.0204988149552928,10.4720858539196,209.441717078393,11.3580836770629,0,2000,1992.1875,7.8125,11.3580836770629,11.3096183902953,-1353.85806253467,0,11.3580836770629,0.946506973088576,11.3580836770629,-1.77635683940025e-15,147.613388387091,96228,136,1992.1875,-7.83357376082563,2000.02107376083,1992.1875,0,0,0,0,96228,0,0,96228,147.613388387091,96228,0
0.823,2000.03656387663,0.430848734620031,0.0215424367310015,10.4721669599763,209.443339199527,11.2678739440741,0,2000,2006.8359375,-6.8359375,11.2678739440741,11.3102810699957,1313.19119788778,0,11.2678739440741,0.938989495339507,11.2678739440741,0,147.822830059711,96365,137,2006.8359375,6.79937362336614,2000.03656387663,2006.8359375,0,1,1,1,96365,0,0,96365,147.822830059711,96365,0
0.824,2000.03567659288,0.409979535347995,0.0204989767673998,10.4721623141695,209.44324628339,11.2672940993363,0,2000,2006.8359375,-6.8359375,11.2672940993363,11.3097012252579,1094.32599823981,0,11.2672940993363,0.938941174944688,11.2672940993363,0,148.032274207992,96502,137,2006.8359375,6.80026090711635,2000.03567659288,2006.8359375,1,1,3,1,96502,1,0,96502,148.032274207992,96502,0
0.825,1999.97146483178,0.402189588036713,0.0201094794018357,10.4718261021746,209.436522043491,11.3575866672876,0,2000,1992.1875,7.8125,11.3575866672876,11.3091213805201,-1529.46791813349,0,11.3575866672876,0.946465555607303,11.3575866672876,0,148.241714410836,96638,136,1992.1875,-7.78396483177789,1999.97146483178,1992.1875,1,1,3,3,96638,0,0,96638,148.241714410836,96638,0
0.826,1999.96335664728,0.427934962854496,0.0213967481427248,10.4717836478198,209.435672956396,11.2673769342988,0,2000,2006.8359375,-6.8359375,11.2673769342988,11.3097840602204,1166.84965155543,0,11.2673769342988,0.938948077858234,11.2673769342988,0,148.451149452799,96775,137,2006.8359375,6.8725808527156,1999.96335664728,2006.8359375,1,0,2,3,96775,1,0,96775,148.451149452799,96775,0
0.827,1999.95367159928,0.408881296325335,0.0204440648162668,10.4717329370271,209.434658740541,11.3576695022502,0,2000,1992.1875,7.8125,11.3576695022502,11.3092042154826,-1469.03154037048,0,11.3576695022502,0.946472458520849,11.3576695022502,-1.77635683940025e-15,148.660585399665,96911,136,1992.1875,-7.76617159928219,1999.95367159928,1992.1875,1,0,2,2,96911,0,0,96911,148.660585399665,96911,0
0.828,1999.96587904564,0.430430130629966,0.0215215065314983,10.4717968550667,209.435937101334,11.2674597692614,0,2000,2006.8359375,-6.8359375,11.2674597692614,11.309866895183,1217.21329969127,0,11.2674597692614,0.938954980771779,11.2674597692614,0,148.870019814304,97048,137,2006.8359375,6.87005845436374,1999.96587904564,2006.8359375,0,0,0,0,97048,0,0,97048,148.870019814304,97048,0
0.829,1999.96376355203,0.409812951921332,0.0204906475960666,10.4717857783681,209.435715567362,11.3577523372127,0,2000,1992.1875,7.8125,11.3577523372127,11.3092870504452,-1427.06183359061,0,11.3577523372127,0.946479361434394,11.3577523372127,0,149.079456485833,97184,136,1992.1875,-7.7762635520296,1999.96376355203,1992.1875,0,0,0,0,97184,0,0,97184,149.079456485833,97184,0
0.83,1999.97879172263,0.430779264987852,0.0215389632493926,10.4718644656854,209.437289313707,11.2675426042239,0,2000,2006.8359375,-6.8359375,11.2675426042239,11.3099497301455,1252.18805534116,0,11.2675426042239,0.938961883685325,11.2675426042239,0,149.288892128901,97321,137,2006.8359375,6.85714577736758,1999.97879172263,2006.8359375,0,1,1,1,97321,0,0,97321,149.288892128901,97321,0
0.831,1999.97772766808,0.40994505417988,0.020497252708994,10.4718588943088,209.437177886175,11.3578351721753,0,2000,1992.1875,7.8125,11.3578351721753,11.3093698854077,-1397.91620388237,0,11.3578351721753,0.94648626434794,11.3578351721753,0,149.498330216604,97457,136,1992.1875,-7.79022766808475,1999.97772766808,1992.1875,0,1,1,1,97457,0,0,97457,149.498330216604,97457,0
0.832,1999.99314808574,0.430830505947765,0.0215415252973882,10.4719396354268,209.438792708536,11.2676254391864,0,2000,2006.8359375,-6.8359375,11.2676254391864,11.3100325651081,1276.47608009803,0,11.2676254391864,0.93896878659887,11.2676254391864,-1.77635683940025e-15,149.707767345849,97594,137,2006.8359375,6.84278941426328,1999.99314808574,2006.8359375,1,1,3,3,97594,0,0,97594,149.707767345849,97594,0
0.833,1999.99223067524,0.409966167198685,0.0204983083599343,10.4719348318767,209.438696637534,11.3579180071378,0,2000,1992.1875,7.8125,11.3579180071378,11.3094527203702,-1377.67618325164,0,11.3579180071378,0.946493167261485,11.3579180071378,0,149.917206945862,97730,136,1992.1875,-7.80473067524485,1999.99223067524,1992.1875,1,1,3,3,97730,0,0,97730,149.917206945862,97730,0
0.834,2000.00770622547,0.430840392839159,0.021542019641958,10.4720158616682,209.440317233364,11.267708274149,0,2000,2006.8359375,-6.8359375,11.267708274149,11.3101154000706,1293.34276395696,0,11.267708274149,0.938975689512416,11.267708274149,0,150.126645597205,97867,137,2006.8359375,6.82823127452889,2000.00770622547,2006.8359375,1,0,2,2,97867,0,0,97867,150.126645597205,97867,0
0.835,2000.00680984624,0.409971870254852,0.0204985935127426,10.4720111682375,209.44022336475,11.3580008421004,0,2000,1992.1875,7.8125,11.3580008421004,11.3095355553328,-1363.6206133692,0,11.3580008421004,0.946500070175031,11.3580008421004,0,150.336086723015,98003,136,1992.1875,-7.81930984623705,2000.00680984624,1992.1875,1,0,2,2,98003,0,0,98003,150.336086723015,98003,0
0.836,2000.02229371589,0.430844535834084,0.0215422267917042,10.4720922415894,209.441844831788,11.2677911091115,0,2000,2006.8359375,-6.8359375,11.2677911091115,11.3101982350332,1305.055738859,0,11.2677911091115,0.938982592425961,11.2677911091115,0,150.545526901586,98140,137,2006.8359375,6.81364378410808,2000.02229371589,2006.8359375,0,0,0,0,98140,0,0,98140,150.545526901586,98140,0
0.837,2000.02140091345,0.40997543074899,0.0204987715374495,10.4720875668868,209.441751337735,11.3580836770629,0,2000,1992.1875,7.8125,11.3580836770629,11.3096183902953,-1353.85980095083,0,11.3580836770629,0.946506973088576,11.3580836770629,0,150.754969555206,98276,136,1992.1875,-7.83390091345041,2000.02140091345,1992.1875,0,0,0,0,98276,0,0,98276,150.754969555206,98276,0
0.838,2000.03688658645,0.430847878055656,0.0215423939027828,10.472168649681,209.44337299362,11.2678739440741,0,2000,2006.8359375,-6.8359375,11.2678739440741,11.3102810699957,1313.18974920764,0,11.2678739440741,0.938989495339507,11.2678739440741,0,150.964411261852,98413,137,2006.8359375,6.79905091355045,2000.03688658645,2006.8359375,0,1,1,1,98413,0,0,98413,150.964411261852,98413,0
0.839,2000.03599492023,0.409978690415965,0.0204989345207982,10.4721639809276,209.443279618551,11.2672940993363,0,2000,2006.8359375,-6.8359375,11.2672940993363,11.3097012252579,1094.32479100637,0,11.2672940993363,0.938941174944688,11.2672940993363,0,151.173855443697,98550,137,2006.8359375,6.79994257977478,2000.03599492023,2006.8359375,1,1,3,1,98550,1,0,98550,151.173855443697,98550,0
0.84,1999.97177883616,0.402188754579057,0.0201094377289529,10.4718277462977,209.436554925953,11.3575866672876,0,2000,1992.1875,7.8125,11.3575866672876,11.3091213805201,-1529.46892416136,0,11.3575866672876,0.946465555607303,11.3575866672876,0,151.383295679649,98686,136,1992.1875,-7.78427883616177,1999.97177883616,1992.1875,1,1,3,3,98686,0,0,98686,151.383295679649,98686,0
0.841,1999.96366638741,0.427934140715387,0.0213967070357694,10.4717852696154,209.435705392307,11.2673769342988,0,2000,2006.8359375,-6.8359375,11.2673769342988,11.3097840602204,1166.84881319887,0,11.2673769342988,0.938948077858234,11.2673769342988,0,151.592730754272,98823,137,2006.8359375,6.87227111258517,1999.96366638741,2006.8359375,1,0,2,3,98823,1,0,98823,151.592730754272,98823,0
0.842,1999.95397713307,0.408880485351066,0.0204440242675533,10.4717345367982,209.434690735965,11.3576695022502,0,2000,1992.1875,7.8125,11.3576695022502,11.3092042154826,-1469.03223900095,0,11.3576695022502,0.946472458520849,11.3576695022502,0,151.802166733353,98959,136,1992.1875,-7.76647713307079,1999.95397713307,1992.1875,1,0,2,2,98959,0,0,98959,151.802166733353,98959,0
0.843,1999.9661804302,0.430429330668915,0.0215214665334458,10.4717984331126,209.435968662252,11.2674597692614,0,2000,2006.8359375,-6.8359375,11.2674597692614,11.309866895183,1217.21271749921,0,11.2674597692614,0.938954980771779,11.2674597692614,0,152.011601179769,99096,137,2006.8359375,6.86975706979547,1999.9661804302,2006.8359375,0,0,0,0,99096,0,0,99096,152.011601179769,99096,0
0.844,1999.96406084372,0.409812162823941,0.020490608141197,10.4717873349837,209.435746699675,11.3577523372127,0,2000,1992.1875,7.8125,11.3577523372127,11.3092870504452,-1427.06231875066,0,11.3577523372127,0.946479361434394,11.3577523372127,-1.77635683940025e-15,152.221037882644,99232,136,1992.1875,-7.7765608437212,1999.96406084372,1992.1875,0,0,0,0,99232,0,0,99232,152.221037882644,99232,0
0.845,1999.97908497703,0.43077848660659,0.0215389243303295,10.4718660011618,209.437320023236,11.2675426042239,0,2000,2006.8359375,-6.8359375,11.2675426042239,11.3099497301455,1252.18765104112,0,11.2675426042239,0.938961883685325,11.2675426042239,0,152.430473556633,99369,137,2006.8359375,6.85685252296526,1999.97908497703,2006.8359375,0,1,1,1,99369,0,0,99369,152.430473556633,99369,0
0.846,1999.97801694002,0.409944286369221,0.020497214318461,10.4718604089331,209.437208178662,11.3578351721753,0,2000,1992.1875,7.8125,11.3578351721753,11.3093698854077,-1397.91654079907,0,11.3578351721753,0.94648626434794,11.3578351721753,0,152.639911674837,99505,136,1992.1875,-7.79051694002305,1999.97801694002,1992.1875,0,1,1,1,99505,0,0,99505,152.639911674837,99505,0
0.847,1999.9934334293,0.43082974856415,0.0215414874282075,10.4719411294822,209.438822589644,11.2676254391864,0,2000,2006.8359375,-6.8359375,11.2676254391864,11.3100325651081,1276.47579933411,0,11.2676254391864,0.938968786598871,11.2676254391864,0,152.849348834168,99642,137,2006.8359375,6.84250407070135,1999.9934334293,2006.8359375,1,1,3,3,99642,0,0,99642,152.849348834168,99642,0
0.848,1999.99251214377,0.409965420100516,0.0204982710050258,10.4719363056425,209.438726112849,11.3579180071378,0,2000,1992.1875,7.8125,11.3579180071378,11.3094527203703,-1377.67641722157,0,11.3579180071378,0.946493167261485,11.3579180071378,0,153.058788463859,99778,136,1992.1875,-7.80501214377227,1999.99251214377,1992.1875,1,1,3,3,99778,0,0,99778,153.058788463859,99778,0
0.849,2000.00798387159,0.43083965588676,0.021541982794338,10.4720173154199,209.440346308397,11.267708274149,0,2000,2006.8359375,-6.8359375,11.267708274149,11.3101154000706,1293.34256898202,0,11.267708274149,0.938975689512416,11.267708274149,-1.77635683940025e-15,153.268227144476,99915,137,2006.8359375,6.82795362841102,2000.00798387159,2006.8359375,1,0,2,2,99915,0,0,99915,153.268227144476,99915,0
0.85,2000.00708372186,0.409971143310433,0.0204985571655216,10.4720126022469,209.440252044938,11.3580008421004,0,2000,1992.1875,7.8125,11.3580008421004,11.3095355553328,-1363.62077584832,0,11.3580008421004,0.946500070175031,11.3580008421004,0,153.477668299164,100051,136,1992.1875,-7.81958372186,2000.00708372186,1992.1875,1,0,2,2,100051,0,0,100051,153.477668299164,100051,0
0.851,2000.02256387222,0.430843818761734,0.0215421909380867,10.4720936561247,209.441873122493,11.2677911091115,0,2000,2006.8359375,-6.8359375,11.2677911091115,11.3101982350332,1305.05560345974,0,11.2677911091115,0.938982592425961,11.2677911091115,0,153.68710850622,100188,137,2006.8359375,6.81337362777958,2000.02256387222,2006.8359375,0,0,0,0,100188,0,0,100188,153.68710850622,100188,0
0.852,2000.02166740099,0.409974723414647,0.0204987361707323,10.4720889622123,209.441779244246,11.3580836770629,0,2000,1992.1875,7.8125,11.3580836770629,11.3096183902953,-1353.85991378355,0,11.3580836770629,0.946506973088576,11.3580836770629,0,153.896551187938,100324,136,1992.1875,-7.83416740099437,2000.02166740099,1992.1875,0,0,0,0,100324,0,0,100324,153.896551187938,100324,0
0.853,2000.03714945504,0.430847180327069,0.0215423590163534,10.4721700260577,209.443400521154,11.2678739440741,0,2000,2006.8359375,-6.8359375,11.2678739440741,11.3102810699957,1313.18965518037,0,11.2678739440741,0.938989495339507,11.2678739440741,0,154.105992922301,100461,137,2006.8359375,6.79878804496138,2000.03714945504,2006.8359375,0,1,1,1,100461,0,0,100461,154.105992922301,100461,0
0.854,2000.036254219,0.409978002162687,0.0204989001081344,10.4721653386127,209.443306772255,11.2672940993363,0,2000,2006.8359375,-6.8359375,11.2672940993363,11.3097012252579,1094.32471265031,0,11.2672940993363,0.938941174944689,11.2672940993363,-1.77635683940025e-15,154.315437131486,100598,137,2006.8359375,6.79968328100449,2000.036254219,2006.8359375,1,1,3,1,100598,1,0,100598,154.315437131486,100598,0
0.855,1999.97203461359,0.40218807567242,0.020109403783621,10.4718290855452,209.436581710903,11.3575866672876,0,2000,1992.1875,7.8125,11.3575866672876,11.3091213805201,-1529.46898945807,0,11.3575866672876,0.946465555607303,11.3575866672876,0,154.524877394407,100734,136,1992.1875,-7.78453461359368,1999.97203461359,1992.1875,1,1,3,3,100734,0,0,100734,154.524877394407,100734,0
0.856,1999.96391869134,0.427933471028454,0.0213966735514227,10.4717865906756,209.435731813512,11.2673769342988,0,2000,2006.8359375,-6.8359375,11.2673769342988,11.3097840602204,1166.84875878494,0,11.2673769342988,0.938948077858234,11.2673769342988,0,154.734312495632,100871,137,2006.8359375,6.87201880866337,1999.96391869134,2006.8359375,1,0,2,3,100871,1,0,100871,154.734312495632,100871,0
0.857,1999.95422601065,0.40887982475863,0.0204439912379315,10.4717358399182,209.434716798364,11.3576695022502,0,2000,1992.1875,7.8125,11.3576695022502,11.3092042154826,-1469.03228434588,0,11.3576695022502,0.946472458520849,11.3576695022502,0,154.943748500954,101007,136,1992.1875,-7.76672601064593,1999.95422601065,1992.1875,1,0,2,2,101007,0,0,101007,154.943748500954,101007,0
0.858,1999.96642592796,0.430428679047488,0.0215214339523744,10.4717997185358,209.435994370717,11.2674597692614,0,2000,2006.8359375,-6.8359375,11.2674597692614,11.309866895183,1217.21267971176,0,11.2674597692614,0.93895498077178,11.2674597692614,0,155.153182973255,101144,137,2006.8359375,6.86951157204498,1999.96642592796,2006.8359375,0,0,0,0,101144,0,0,101144,155.153182973255,101144,0
0.859,1999.96430300756,0.409811520051691,0.0204905760025845,10.4717886029506,209.435772059012,11.3577523372127,0,2000,1992.1875,7.8125,11.3577523372127,11.3092870504452,-1427.0623502402,0,11.3577523372127,0.946479361434394,11.3577523372127,0,155.362619701664,101280,136,1992.1875,-7.77680300755742,1999.96430300756,1992.1875,0,0,0,0,101280,0,0,101280,155.362619701664,101280,0
0.86,1999.97932385223,0.430777852563334,0.0215388926281667,10.4718672519094,209.437345038189,11.2675426042239,0,2000,2006.8359375,-6.8359375,11.2675426042239,11.3099497301455,1252.18762479984,0,11.2675426042239,0.938961883685325,11.2675426042239,0,155.572055400839,101417,137,2006.8359375,6.85661364776706,1999.97932385223,2006.8359375,0,1,1,1,101417,0,0,101417,155.572055400839,101417,0
0.861,1999.97825257124,0.409943660936415,0.0204971830468208,10.4718616426953,209.437232853906,11.3578351721753,0,2000,1992.1875,7.8125,11.3578351721753,11.3093698854077,-1397.9165626668,0,11.3578351721753,0.94648626434794,11.3578351721753,-1.77635683940025e-15,155.781493543887,101553,136,1992.1875,-7.79075257124236,1999.97825257124,1992.1875,0,1,1,1,101553,0,0,101553,155.781493543887,101553,0
0.862,1999.99366586059,0.430829131624865,0.0215414565812433,10.4719423464896,209.438846929792,11.2676254391864,0,2000,2006.8359375,-6.8359375,11.2676254391864,11.3100325651081,1276.475781111,0,11.2676254391864,0.938968786598871,11.2676254391864,0,155.990930727725,101690,137,2006.8359375,6.84227163941114,1999.99366586059,2006.8359375,1,1,3,3,101690,0,0,101690,155.990930727725,101690,0
0.863,1999.99274141859,0.409964811539415,0.0204982405769708,10.4719375061226,209.438750122452,11.3579180071378,0,2000,1992.1875,7.8125,11.3579180071378,11.3094527203703,-1377.6764324075,0,11.3579180071378,0.946493167261485,11.3579180071378,0,156.20037038159,101826,136,1992.1875,-7.80524141859064,1999.99274141859,1992.1875,1,1,3,3,101826,0,0,101826,156.20037038159,101826,0
0.864,2000.0082100328,0.43083905559006,0.021541952779503,10.4720184995972,209.440369991944,11.267708274149,0,2000,2006.8359375,-6.8359375,11.267708274149,11.3101154000706,1293.34255632708,0,11.267708274149,0.938975689512416,11.267708274149,0,156.409809086054,101963,137,2006.8359375,6.82772746720002,2000.0082100328,2006.8359375,1,0,2,2,101963,0,0,101963,156.409809086054,101963,0
0.865,2000.00730681174,0.409970551165913,0.0204985275582956,10.4720137703428,209.440275406856,11.3580008421004,0,2000,1992.1875,7.8125,11.3580008421004,11.3095355553328,-1363.6207863941,0,11.3580008421004,0.946500070175031,11.3580008421004,0,156.619250264265,102099,136,1992.1875,-7.81980681174105,2000.00730681174,1992.1875,1,0,2,2,102099,0,0,102099,156.619250264265,102099,0
0.866,2000.02278393249,0.430843234658682,0.0215421617329341,10.4720948083575,209.441896167151,11.2677911091115,0,2000,2006.8359375,-6.8359375,11.2677911091115,11.3101982350332,1305.05559467158,0,11.2677911091115,0.938982592425962,11.2677911091115,-1.77635683940025e-15,156.828690494524,102236,137,2006.8359375,6.81315356750929,2000.02278393249,2006.8359375,0,0,0,0,102236,0,0,102236,156.828690494524,102236,0
0.867,2000.0218844728,0.409974147243849,0.0204987073621925,10.4720900987976,209.441801975952,11.3580836770629,0,2000,1992.1875,7.8125,11.3580836770629,11.3096183902953,-1353.85992110701,0,11.3580836770629,0.946506973088576,11.3580836770629,0,157.03813319913,102372,136,1992.1875,-7.83438447279855,2000.0218844728,1992.1875,0,0,0,0,102372,0,0,102372,157.03813319913,102372,0
0.868,2000.03736357895,0.430846611980812,0.0215423305990406,10.4721711472079,209.443422944157,11.2678739440741,0,2000,2006.8359375,-6.8359375,11.2678739440741,11.3102810699957,1313.18964907749,0,11.2678739440741,0.938989495339507,11.2678739440741,0,157.24757495607,102509,137,2006.8359375,6.79857392105259,2000.03736357895,2006.8359375,0,1,1,1,102509,0,0,102509,157.24757495607,102509,0
0.869,2000.03646543506,0.409977441534708,0.0204988720767354,10.4721664445375,209.443328890749,11.2672940993363,0,2000,2006.8359375,-6.8359375,11.2672940993363,11.3097012252579,1094.32470756457,0,11.2672940993363,0.938941174944689,11.2672940993363,0,157.457019187525,102646,137,2006.8359375,6.79947206494217,2000.03646543506,2006.8359375,1,1,3,1,102646,1,0,102646,157.457019187525,102646,0
0.87,1999.97224296129,0.402187522657895,0.0201093761328947,10.4718301764512,209.436603529023,11.3575866672876,0,2000,1992.1875,7.8125,11.3575866672876,11.3091213805201,-1529.46899369619,0,11.3575866672876,0.946465555607304,11.3575866672876,0,157.666459472414,102782,136,1992.1875,-7.7847429612923,1999.97224296129,1992.1875,1,1,3,3,102782,0,0,102782,157.666459472414,102782,0
0.871,1999.96412420962,0.427932925524001,0.0213966462762,10.4717876667668,209.435753335336,11.2673769342988,0,2000,2006.8359375,-6.8359375,11.2673769342988,11.3097840602204,1166.84875525318,0,11.2673769342988,0.938948077858234,11.2673769342988,-1.77635683940025e-15,157.875894595309,102919,137,2006.8359375,6.87181329038003,1999.96412420962,2006.8359375,1,0,2,3,102919,1,0,102919,157.875894595309,102919,0
0.872,1999.95442873794,0.40887928666226,0.020443964333113,10.4717369013958,209.434738027916,11.3576695022502,0,2000,1992.1875,7.8125,11.3576695022502,11.3092042154826,-1469.03228728902,0,11.3576695022502,0.946472458520849,11.3576695022502,0,158.085330622007,103055,136,1992.1875,-7.76692873794286,1999.95442873794,1992.1875,1,0,2,2,103055,0,0,103055,158.085330622007,103055,0
0.873,1999.96662590217,0.430428148258587,0.0215214074129293,10.4718007655984,209.436015311968,11.2674597692614,0,2000,2006.8359375,-6.8359375,11.2674597692614,11.309866895183,1217.21267725915,0,11.2674597692614,0.93895498077178,11.2674597692614,0,158.294765115393,103192,137,2006.8359375,6.86931159782785,1999.96662590217,2006.8359375,0,0,0,0,103192,0,0,103192,158.294765115393,103192,0
0.874,1999.96450026609,0.409810996471019,0.0204905498235509,10.4717896357939,209.435792715877,11.3577523372127,0,2000,1992.1875,7.8125,11.3577523372127,11.3092870504452,-1427.06235228404,0,11.3577523372127,0.946479361434395,11.3577523372127,0,158.504201864601,103328,136,1992.1875,-7.77700026608522,1999.96450026609,1992.1875,0,0,0,0,103328,0,0,103328,158.504201864601,103328,0
0.875,1999.97951843194,0.430777336093001,0.02153886680465,10.4718682707264,209.437365414528,11.2675426042239,0,2000,2006.8359375,-6.8359375,11.2675426042239,11.3099497301455,1252.18762309663,0,11.2675426042239,0.938961883685325,11.2675426042239,0,158.713637584293,103465,137,2006.8359375,6.85641906805586,1999.97951843194,2006.8359375,0,1,1,1,103465,0,0,103465,158.713637584293,103465,0
0.876,1999.97844450852,0.409943151479865,0.0204971575739933,10.4718626476765,209.43725295353,11.3578351721753,0,2000,1992.1875,7.8125,11.3578351721753,11.3093698854077,-1397.91656408614,0,11.3578351721753,0.94648626434794,11.3578351721753,0,158.923075747579,103601,136,1992.1875,-7.79094450851562,1999.97844450852,1992.1875,0,1,1,1,103601,0,0,103601,158.923075747579,103601,0
0.877,1999.99385519131,0.43082862908685,0.0215414314543425,10.4719433378229,209.438866756459,11.2676254391864,0,2000,2006.8359375,-6.8359375,11.2676254391864,11.3100325651081,1276.47577992822,0,11.2676254391864,0.938968786598871,11.2676254391864,0,159.132512951379,103738,137,2006.8359375,6.84208230868671,1999.99385519131,2006.8359375,1,1,3,3,103738,0,0,103738,159.132512951379,103738,0
0.878,1999.99292817816,0.409964315825979,0.020498215791299,10.4719384839934,209.438769679868,11.3579180071378,0,2000,1992.1875,7.8125,11.3579180071378,11.3094527203703,-1377.67643339315,0,11.3579180071378,0.946493167261486,11.3579180071378,-1.77635683940025e-15,159.341952624937,103874,136,1992.1875,-7.80542817815717,1999.99292817816,1992.1875,1,1,3,3,103874,0,0,103874,159.341952624937,103874,0
0.879,2000.00839425613,0.430838566608527,0.0215419283304264,10.4720194641883,209.440389283766,11.267708274149,0,2000,2006.8359375,-6.8359375,11.267708274149,11.3101154000706,1293.34255550571,0,11.267708274149,0.938975689512416,11.267708274149,0,159.551391348825,104011,137,2006.8359375,6.82754324387133,2000.00839425613,2006.8359375,1,0,2,2,104011,0,0,104011,159.551391348825,104011,0
0.88,2000.00748853328,0.409970068824861,0.0204985034412431,10.4720147218345,209.440294436691,11.3580008421004,0,2000,1992.1875,7.8125,11.3580008421004,11.3095355553328,-1363.62078707858,0,11.3580008421004,0.946500070175031,11.3580008421004,0,159.760832546195,104147,136,1992.1875,-7.81998853327877,2000.00748853328,1992.1875,1,0,2,2,104147,0,0,104147,159.760832546195,104147,0
0.881,2000.02296318621,0.430842758867926,0.0215421379433963,10.4720957469278,209.441914938556,11.2677911091115,0,2000,2006.8359375,-6.8359375,11.2677911091115,11.3101982350332,1305.05559410118,0,11.2677911091115,0.938982592425962,11.2677911091115,0,159.970272795354,104284,137,2006.8359375,6.81297431378994,2000.02296318621,2006.8359375,0,0,0,0,104284,0,0,104284,159.970272795354,104284,0
0.882,2000.02206129222,0.409973677914434,0.0204986838957217,10.4720910246219,209.441820492438,11.3580836770629,0,2000,1992.1875,7.8125,11.3580836770629,11.3096183902953,-1353.85992158235,0,11.3580836770629,0.946506973088577,11.3580836770629,0,160.179715518604,104420,136,1992.1875,-7.83456129221577,2000.02206129222,1992.1875,0,0,0,0,104420,0,0,104420,160.179715518604,104420,0
0.883,2000.03753799712,0.430846149024985,0.0215423074512493,10.4721720604593,209.443441209186,11.2678739440741,0,2000,2006.8359375,-6.8359375,11.2678739440741,11.3102810699957,1313.18964868138,0,11.2678739440741,0.938989495339507,11.2678739440741,-1.77635683940025e-15,160.389157293934,104557,137,2006.8359375,6.79839950287737,2000.03753799712,2006.8359375,0,1,1,1,104557,0,0,104557,160.389157293934,104557,0
0.884,2000.03663748459,0.409976984865922,0.0204988492432961,10.4721673453867,209.443346907734,11.2672940993363,0,2000,2006.8359375,-6.8359375,11.2672940993363,11.3097012252579,1094.32470723448,0,11.2672940993363,0.938941174944689,11.2672940993363,0,160.598601543531,104694,137,2006.8359375,6.79930001540924,2000.03663748459,2006.8359375,1,1,3,1,104694,1,0,104694,160.598601543531,104694,0
0.885,1999.97241267435,0.402187072190776,0.0201093536095388,10.4718310650667,209.436621301334,11.3575866672876,0,2000,1992.1875,7.8125,11.3575866672876,11.3091213805201,-1529.46899397126,0,11.3575866672876,0.946465555607304,11.3575866672876,0,160.808041846314,104830,136,1992.1875,-7.78491267435425,1999.97241267435,1992.1875,1,1,3,3,104830,0,0,104830,160.808041846314,104830,0
0.886,1999.96429161794,0.427932481174328,0.0213966240587164,10.4717885433147,209.435770866294,11.2673769342988,0,2000,2006.8359375,-6.8359375,11.2673769342988,11.3097840602204,1166.84875502395,0,11.2673769342988,0.938948077858234,11.2673769342988,0,161.017476986859,104967,137,2006.8359375,6.8716458820611,1999.96429161794,2006.8359375,1,0,2,3,104967,1,0,104967,161.017476986859,104967,0
0.887,1999.95459387282,0.40887884834696,0.020443942417348,10.47173776604,209.4347553208,11.3576695022502,0,2000,1992.1875,7.8125,11.3576695022502,11.3092042154826,-1469.03228748004,0,11.3576695022502,0.946472458520849,11.3576695022502,0,161.226913030969,105103,136,1992.1875,-7.76709387281608,1999.95459387282,1992.1875,1,0,2,2,105103,0,0,105103,161.226913030969,105103,0
0.888,1999.96678879448,0.430427715895709,0.0215213857947855,10.4718016185005,209.43603237001,11.2674597692614,0,2000,2006.8359375,-6.8359375,11.2674597692614,11.309866895183,1217.21267709996,0,11.2674597692614,0.93895498077178,11.2674597692614,-1.77635683940025e-15,161.43634754153,105240,137,2006.8359375,6.8691487055205,1999.96678879448,2006.8359375,0,0,0,2,105240,1,0,105240,161.43634754153,105240,0
0.889,1999.96466094627,0.409810569979732,0.0204905284989866,10.4717904771133,209.435809542267,11.3577523372127,0,2000,1992.1875,7.8125,11.3577523372127,11.3092870504452,-1427.0623524167,0,11.3577523372127,0.946479361434395,11.3577523372127,0,161.645784307679,105376,136,1992.1875,-7.77716094626862,1999.96466094627,1992.1875,0,0,0,0,105376,0,0,105376,161.645784307679,105376,0
0.89,1999.97967693005,0.430776915393579,0.021538845769679,10.4718691006205,209.437382012411,11.2675426042239,0,2000,2006.8359375,-6.8359375,11.2675426042239,11.3099497301455,1252.18762298608,0,11.2675426042239,0.938961883685325,11.2675426042239,0,161.855220044083,105513,137,2006.8359375,6.85626056995193,1999.97967693005,2006.8359375,0,1,1,1,105513,0,0,105513,161.855220044083,105513,0
0.891,1999.97860085418,0.409942736493645,0.0204971368246822,10.4718634663005,209.43726932601,11.3578351721753,0,2000,1992.1875,7.8125,11.3578351721753,11.3093698854077,-1397.91656417826,0,11.3578351721753,0.94648626434794,11.3578351721753,0,162.064658223853,105649,136,1992.1875,-7.79110085418097,1999.97860085418,1992.1875,0,1,1,1,105649,0,0,105649,162.064658223853,105649,0
0.892,1999.99400941377,0.430828219736239,0.0215414109868119,10.4719441453298,209.438882906596,11.2676254391865,0,2000,2006.8359375,-6.8359375,11.2676254391865,11.3100325651081,1276.47577985145,0,11.2676254391865,0.938968786598871,11.2676254391865,0,162.274095443915,105786,137,2006.8359375,6.84192808623084,1999.99400941377,2006.8359375,1,1,3,3,105786,0,0,105786,162.274095443915,105786,0
0.893,1999.99308030624,0.409963912034443,0.0204981956017221,10.4719392805342,209.438785610684,11.3579180071378,0,2000,1992.1875,7.8125,11.3579180071378,11.3094527203703,-1377.67643345713,0,11.3579180071378,0.946493167261486,11.3579180071378,0,162.483535133513,105922,136,1992.1875,-7.80558030624024,1999.99308030624,1992.1875,1,1,3,3,105922,0,0,105922,162.483535133513,105922,0
0.894,2000.00854431828,0.430838168300564,0.0215419084150282,10.4720202499119,209.440404998238,11.267708274149,0,2000,2006.8359375,-6.8359375,11.267708274149,11.3101154000706,1293.34255545239,0,11.267708274149,0.938975689512416,11.267708274149,0,162.692973873223,106059,137,2006.8359375,6.82739318171753,2000.00854431828,2006.8359375,1,0,2,2,106059,0,0,106059,162.692973873223,106059,0
0.895,2000.00763655755,0.409969675926004,0.0204984837963002,10.4720154968878,209.440309937756,11.3580008421004,0,2000,1992.1875,7.8125,11.3580008421004,11.3095355553328,-1363.620787123,0,11.3580008421004,0.946500070175031,11.3580008421004,-1.77635683940025e-15,162.902415086201,106195,136,1992.1875,-7.82013655755145,2000.00763655755,1992.1875,1,0,2,2,106195,0,0,106195,162.902415086201,106195,0
0.896,2000.02310920028,0.430842371304728,0.0215421185652364,10.4720965114557,209.441930229114,11.2677911091115,0,2000,2006.8359375,-6.8359375,11.2677911091115,11.3101982350332,1305.05559406416,0,11.2677911091115,0.938982592425962,11.2677911091115,0,163.111855350755,106332,137,2006.8359375,6.81282829972315,2000.02310920028,2006.8359375,0,0,0,0,106332,0,0,106332,163.111855350755,106332,0
0.897,2000.02220532337,0.409973295614438,0.0204986647807219,10.4720917787673,209.441835575346,11.3580836770629,0,2000,1992.1875,7.8125,11.3580836770629,11.3096183902953,-1353.8599216132,0,11.3580836770629,0.946506973088577,11.3580836770629,0,163.321298089192,106468,136,1992.1875,-7.83470532337356,2000.02220532337,1992.1875,0,0,0,0,106468,0,0,106468,163.321298089192,106468,0
0.898,2000.0376800723,0.430845771916721,0.0215422885958361,10.4721728043632,209.443456087264,11.2678739440741,0,2000,2006.8359375,-6.8359375,11.2678739440741,11.3102810699957,1313.18964865567,0,11.2678739440741,0.938989495339507,11.2678739440741,0,163.530739879503,106605,137,2006.8359375,6.79825742770026,2000.0376800723,2006.8359375,0,1,1,1,106605,0,0,106605,163.530739879503,106605,0
0.899,2000.03677763035,0.409976612878884,0.0204988306439442,10.4721680791882,209.443361583764,11.2672940993363,0,2000,2006.8359375,-6.8359375,11.2672940993363,11.3097012252579,1094.32470721306,0,11.2672940993363,0.938941174944689,11.2672940993363,0,163.740184143876,106742,137,2006.8359375,6.79915986964761,2000.03677763035,2006.8359375,1,1,3,1,106742,1,0,106742,163.740184143876,106742,0
0.9,1999.9725509169,0.402186705255411,0.0201093352627705,10.471831788903,209.436635778059,11.3575866672876,0,2000,1992.1875,7.8125,11.3575866672876,11.3091213805201,-1529.46899398912,0,11.3575866672876,0.946465555607304,11.3575866672876,-1.77635683940025e-15,163.949624461235,106878,136,1992.1875,-7.78505091690386,1999.9725509169,1992.1875,1,1,3,3,106878,0,0,106878,163.949624461235,106878,0
0.901,1999.96442798313,0.427932119222031,0.0213966059611015,10.4717892573212,209.435785146423,11.2673769342988,0,2000,2006.8359375,-6.8359375,11.2673769342988,11.3097840602204,1166.84875500907,0,11.2673769342988,0.938948077858235,11.2673769342988,0,164.159059616159,107015,137,2006.8359375,6.87150951687499,1999.96442798313,2006.8359375,1,0,2,3,107015,1,0,107015,164.159059616159,107015,0
0.902,1999.95472838613,0.40887849131006,0.020443924565503,10.4717384703501,209.434769407001,11.3576695022502,0,2000,1992.1875,7.8125,11.3576695022502,11.3092042154826,-1469.03228749244,0,11.3576695022502,0.946472458520849,11.3576695022502,0,164.368495674451,107151,136,1992.1875,-7.76722838612932,1999.95472838613,1992.1875,1,0,2,2,107151,0,0,107151,164.368495674451,107151,0
0.903,1999.96692148108,0.430427363707452,0.0215213681853726,10.4718023132459,209.436046264918,11.2674597692614,0,2000,2006.8359375,-6.8359375,11.2674597692614,11.309866895183,1217.21267708963,0,11.2674597692614,0.93895498077178,11.2674597692614,0,164.577930199004,107288,137,2006.8359375,6.86901601892464,1999.96692148108,2006.8359375,0,0,0,2,107288,1,0,107288,164.577930199004,107288,0
0.904,1999.96479183095,0.409810222574265,0.0204905111287133,10.4717911624239,209.435823248479,11.3577523372127,0,2000,1992.1875,7.8125,11.3577523372127,11.3092870504452,-1427.06235242531,0,11.3577523372127,0.946479361434395,11.3577523372127,0,164.787366978953,107424,136,1992.1875,-7.77729183095221,1999.96479183095,1992.1875,0,0,0,0,107424,0,0,107424,164.787366978953,107424,0
0.905,1999.97980603729,0.430776572705951,0.0215388286352976,10.4718697766245,209.43739553249,11.2675426042239,0,2000,2006.8359375,-6.8359375,11.2675426042239,11.3099497301455,1252.18762297891,0,11.2675426042239,0.938961883685326,11.2675426042239,-1.77635683940025e-15,164.99680272897,107561,137,2006.8359375,6.85613146270748,1999.97980603729,2006.8359375,0,1,1,1,107561,0,0,107561,164.99680272897,107561,0
0.906,1999.97872820812,0.409942398459787,0.0204971199229893,10.4718641331241,209.437282662483,11.3578351721753,0,2000,1992.1875,7.8125,11.3578351721753,11.3093698854077,-1397.91656418424,0,11.3578351721753,0.94648626434794,11.3578351721753,0,165.20624092217,107697,136,1992.1875,-7.79122820811745,1999.97872820812,1992.1875,0,1,1,1,107697,0,0,107697,165.20624092217,107697,0
0.907,1999.99413503821,0.430827886292959,0.021541394314648,10.4719448030979,209.438896061957,11.2676254391865,0,2000,2006.8359375,-6.8359375,11.2676254391865,11.3100325651081,1276.47577984647,0,11.2676254391865,0.938968786598871,11.2676254391865,0,165.415678155477,107834,137,2006.8359375,6.84180246179017,1999.99413503821,2006.8359375,1,1,3,3,107834,0,0,107834,165.415678155477,107834,0
0.908,1999.99320422467,0.409963583119394,0.0204981791559697,10.4719399293696,209.438798587391,11.3579180071378,0,2000,1992.1875,7.8125,11.3579180071378,11.3094527203703,-1377.67643346128,0,11.3579180071378,0.946493167261486,11.3579180071378,0,165.62511785814,107970,136,1992.1875,-7.80570422467349,1999.99320422467,1992.1875,1,1,3,3,107970,0,0,107970,165.62511785814,107970,0
0.909,2000.00866655387,0.430837843852261,0.021541892192613,10.4720208899359,209.440417798719,11.267708274149,0,2000,2006.8359375,-6.8359375,11.267708274149,11.3101154000706,1293.34255544893,0,11.267708274149,0.938975689512417,11.267708274149,0,165.834556610739,108107,137,2006.8359375,6.82727094612756,2000.00866655387,2006.8359375,1,0,2,2,108107,0,0,108107,165.834556610739,108107,0
0.91,2000.00775713316,0.409969355883786,0.0204984677941893,10.4720161282202,209.440322564404,11.3580008421004,0,2000,1992.1875,7.8125,11.3580008421004,11.3095355553328,-1363.62078712589,0,11.3580008421004,0.946500070175031,11.3580008421004,0,166.043997836431,108243,136,1992.1875,-7.82025713315602,2000.00775713316,1992.1875,1,0,2,2,108243,0,0,108243,166.043997836431,108243,0
0.911,2000.02322813844,0.430842055608752,0.0215421027804376,10.4720971342144,209.441942684289,11.2677911091115,0,2000,2006.8359375,-6.8359375,11.2677911091115,11.3101982350332,1305.05559406176,0,11.2677911091115,0.938982592425962,11.2677911091115,0,166.253438113526,108380,137,2006.8359375,6.81270936156034,2000.02322813844,2006.8359375,0,0,0,0,108380,0,0,108380,166.253438113526,108380,0
0.912,2000.02232264633,0.409972984205684,0.0204986492102842,10.4720923930688,209.441847861377,11.3580836770629,0,2000,1992.1875,7.8125,11.3580836770629,11.3096183902954,-1353.8599216152,0,11.3580836770629,0.946506973088577,11.3580836770629,-1.77635683940025e-15,166.462880864332,108516,136,1992.1875,-7.83482264632971,2000.02232264633,1992.1875,0,0,0,0,108516,0,0,108516,166.462880864332,108516,0
0.913,2000.03779580199,0.430845464736963,0.0215422732368481,10.4721734103224,209.443468206448,11.2678739440741,0,2000,2006.8359375,-6.8359375,11.2678739440741,11.3102810699957,1313.189648654,0,11.2678739440741,0.938989495339508,11.2678739440741,0,166.672322666846,108653,137,2006.8359375,6.79814169801307,2000.03779580199,2006.8359375,0,1,1,1,108653,0,0,108653,166.672322666846,108653,0
0.914,2000.03689178841,0.40997630987069,0.0204988154935345,10.4721686769184,209.443373538367,11.3581665120255,0,2000,1992.1875,7.8125,11.3581665120255,11.3097012252579,-1347.08154278833,0,11.3581665120255,0.946513876002122,11.3581665120255,0,166.881766943256,108789,136,1992.1875,-7.84939178840705,2000.03689178841,1992.1875,0,1,1,1,108789,0,0,108789,166.881766943256,108789,0
0.915,2000.05236616309,0.430848757532472,0.0215424378766236,10.4722497005547,209.444994011094,11.2679567790366,0,2000,2006.8359375,-6.8359375,11.2679567790366,11.3103639049583,1318.83829767639,0,11.2679567790366,0.938996398253053,11.2679567790366,0,167.091210271511,108926,137,2006.8359375,6.78357133691497,2000.05236616309,2006.8359375,1,1,3,3,108926,0,0,108926,167.091210271511,108926,0
0.916,2000.05146326277,0.409979588670553,0.0204989794335277,10.4722449729797,209.444899459594,11.2673769342988,0,2000,2006.8359375,-6.8359375,11.2673769342988,11.3097840602204,1099.03191473032,0,11.2673769342988,0.938948077858235,11.2673769342988,0,167.300656073784,109063,137,2006.8359375,6.78447423723105,2000.05146326277,2006.8359375,1,0,2,3,109063,1,0,109063,167.300656073784,109063,0
0.917,1999.98723606394,0.402189678221955,0.0201094839110978,10.4719086801531,209.438173603061,11.3576695022502,0,2000,1992.1875,7.8125,11.3576695022502,11.3092042154826,-1525.54632105806,0,11.3576695022502,0.946472458520849,11.3576695022502,-1.77635683940025e-15,167.510097928994,109199,136,1992.1875,-7.79973606394265,1999.98723606394,1992.1875,1,0,2,2,109199,0,0,109199,167.510097928994,109199,0
0.918,1999.97911263899,0.427935091959718,0.0213967545979859,10.4718661459995,209.43732291999,11.2674597692614,0,2000,2006.8359375,-6.8359375,11.2674597692614,11.309866895183,1170.11764911828,0,11.2674597692614,0.93895498077178,11.2674597692614,0,167.719534621717,109336,137,2006.8359375,6.85682486100518,1999.97911263899,2006.8359375,0,0,0,0,109336,0,0,109336,167.719534621717,109336,0
0.919,1999.96941255289,0.408881464774998,0.0204440732387499,10.4718153564674,209.436307129349,11.3577523372127,0,2000,1992.1875,7.8125,11.3577523372127,11.3092870504452,-1466.3082090681,0,11.3577523372127,0.946479361434395,11.3577523372127,0,167.928972217758,109472,136,1992.1875,-7.78191255289175,1999.96941255289,1992.1875,0,0,0,0,109472,0,0,109472,167.928972217758,109472,0
0.92,1999.98160516365,0.430430338244833,0.0215215169122417,10.471879196828,209.437583936561,11.2675426042239,0,2000,2006.8359375,-6.8359375,11.2675426042239,11.3099497301455,1219.48274244325,0,11.2675426042239,0.938961883685326,11.2675426042239,0,168.138408280007,109609,137,2006.8359375,6.8543323363549,1999.98160516365,2006.8359375,0,1,1,1,109609,0,0,109609,168.138408280007,109609,0
0.921,1999.97947503526,0.409813198301819,0.0204906599150909,10.4718680435019,209.437360870039,11.3578351721753,0,2000,1992.1875,7.8125,11.3578351721753,11.3093698854077,-1425.17063129729,0,11.3578351721753,0.946486264347941,11.3578351721753,0,168.347846597603,109745,136,1992.1875,-7.79197503526416,1999.97947503526,1992.1875,0,1,1,1,109745,0,0,109745,168.347846597603,109745,0
0.922,1999.9944887696,0.430779549656798,0.0215389774828399,10.4719466552311,209.438933104622,11.2676254391865,0,2000,2006.8359375,-6.8359375,11.2676254391865,11.3100325651081,1253.76405725226,0,11.2676254391865,0.938968786598871,11.2676254391865,-1.77635683940025e-15,168.557283885216,109882,137,2006.8359375,6.84144873039713,1999.9944887696,2006.8359375,1,1,3,3,109882,0,0,109882,168.557283885216,109882,0
0.923,1999.99341047475,0.409945376635683,0.0204972688317842,10.4719410092924,209.438820185849,11.3579180071378,0,2000,1992.1875,7.8125,11.3579180071378,11.3094527203703,-1396.60286895645,0,11.3579180071378,0.946493167261486,11.3579180071378,0,168.766723615963,110018,136,1992.1875,-7.80591047474741,1999.99341047475,1992.1875,1,1,3,3,110018,0,0,110018,168.766723615963,110018,0
0.924,2000.00881684545,0.430830865684106,0.0215415432842053,10.4720216768608,209.440433537216,11.267708274149,0,2000,2006.8359375,-6.8359375,11.267708274149,11.3101154000706,1277.57052586962,0,11.267708274149,0.938975689512417,11.267708274149,0,168.976162386769,110155,137,2006.8359375,6.82712065454984,2000.00881684545,2006.8359375,1,0,2,2,110155,0,0,110155,168.976162386769,110155,0
0.925,2000.00788557875,0.409966563711835,0.0204983281855918,10.4720168007598,209.440336015196,11.3580008421004,0,2000,1992.1875,7.8125,11.3580008421004,11.3095355553328,-1376.76414510865,0,11.3580008421004,0.946500070175032,11.3580008421004,0,169.185603626884,110291,136,1992.1875,-7.82038557875444,2000.00788557875,1992.1875,1,0,2,2,110291,0,0,110291,169.185603626884,110291,0
0.926,2000.02334746094,0.430840825630628,0.0215420412815314,10.4720977589856,209.441955179712,11.2677911091115,0,2000,2006.8359375,-6.8359375,11.2677911091115,11.3101982350332,1294.10279574279,0,11.2677911091115,0.938982592425962,11.2677911091115,0,169.395043916888,110428,137,2006.8359375,6.81259003905689,2000.02334746094,2006.8359375,0,0,0,0,110428,0,0,110428,169.395043916888,110428,0
0.927,2000.02243759928,0.409972338832328,0.0204986169416164,10.4720929949611,209.441859899222,11.3580836770629,0,2000,1992.1875,7.8125,11.3580836770629,11.3096183902954,-1362.98725354767,0,11.3580836770629,0.946506973088577,11.3580836770629,0,169.604486679937,110564,136,1992.1875,-7.83493759928297,2000.02243759928,1992.1875,0,0,0,0,110564,0,0,110564,169.604486679937,110564,0
0.928,2000.03790816961,0.430845039711715,0.0215422519855858,10.4721739986779,209.443479973558,11.2678739440741,0,2000,2006.8359375,-6.8359375,11.2678739440741,11.3102810699957,1305.58353871027,0,11.2678739440741,0.938989495339508,11.2678739440741,0,169.813928494344,110701,137,2006.8359375,6.79802933039196,2000.03790816961,2006.8359375,0,1,1,1,110701,0,0,110701,169.813928494344,110701,0
0.929,2000.03700224844,0.409975969447447,0.0204987984723723,10.4721692552858,209.443385105715,11.2672940993363,0,2000,2006.8359375,-6.8359375,11.2672940993363,11.3097012252579,1087.98628225856,0,11.2672940993363,0.938941174944689,11.2672940993363,0,170.023372782417,110838,137,2006.8359375,6.79893525155603,2000.03700224844,2006.8359375,1,1,3,1,110838,1,0,110838,170.023372782417,110838,0
0.93,1999.97277234246,0.402186099931732,0.0201093049965866,10.4718329482845,209.43665896569,11.3575866672877,0,2000,1992.1875,7.8125,11.3575866672877,11.3091213805201,-1534.75101478453,0,11.3575866672877,0.946465555607304,11.3575866672877,0,170.23281312313,110974,136,1992.1875,-7.78527234246235,1999.97277234246,1992.1875,1,1,3,3,110974,0,0,110974,170.23281312313,110974,0
0.931,1999.96464634871,0.427931533061124,0.0213965766530562,10.4717904006807,209.435808013614,11.2673769342988,0,2000,2006.8359375,-6.8359375,11.2673769342988,11.3097840602204,1162.44707101289,0,11.2673769342988,0.938948077858235,11.2673769342988,0,170.44224830108,111111,137,2006.8359375,6.87129115129119,1999.96464634871,2006.8359375,1,0,2,3,111111,1,0,111111,170.44224830108,111111,0
0.932,1999.95494376653,0.408877917186148,0.0204438958593074,10.4717395980792,209.434791961584,11.3576695022502,0,2000,1992.1875,7.8125,11.3576695022502,11.3092042154826,-1472.70035748926,0,11.3576695022502,0.94647245852085,11.3576695022502,0,170.651684382084,111247,136,1992.1875,-7.76744376652914,1999.95494376653,1992.1875,1,0,2,2,111247,0,0,111247,170.651684382084,111247,0
0.933,1999.9671339292,0.430426798899172,0.0215213399449586,10.4718034256217,209.436068512434,11.2674597692614,0,2000,2006.8359375,-6.8359375,11.2674597692614,11.309866895183,1214.15595209228,0,11.2674597692614,0.93895498077178,11.2674597692614,0,170.861118929036,111384,137,2006.8359375,6.86880357079667,1999.9671339292,2006.8359375,0,0,0,2,111384,1,0,111384,170.861118929036,111384,0
0.934,1999.96500139124,0.409809666002109,0.0204904833001055,10.4717922596791,209.435845193581,11.3577523372127,0,2000,1992.1875,7.8125,11.3577523372127,11.3092870504452,-1429.60962325643,0,11.3577523372127,0.946479361434395,11.3577523372127,-1.77635683940025e-15,171.070555731081,111520,136,1992.1875,-7.77750139124487,1999.96500139124,1992.1875,0,0,0,0,111520,0,0,111520,171.070555731081,111520,0
0.935,1999.98001275068,0.430776023903016,0.0215388011951508,10.4718708589733,209.437417179466,11.2675426042239,0,2000,2006.8359375,-6.8359375,11.2675426042239,11.3099497301455,1250.06489728631,0,11.2675426042239,0.938961883685326,11.2675426042239,0,171.279991502894,111657,137,2006.8359375,6.85592474931536,1999.98001275068,2006.8359375,0,1,1,1,111657,0,0,111657,171.279991502894,111657,0
0.936,1999.97893211391,0.40994185718828,0.020497092859414,10.4718652007724,209.437304015448,11.3578351721753,0,2000,1992.1875,7.8125,11.3578351721753,11.3093698854077,-1399.68550226141,0,11.3578351721753,0.946486264347941,11.3578351721753,0,171.489429717593,111793,136,1992.1875,-7.79143211391442,1999.97893211391,1992.1875,0,1,1,1,111793,0,0,111793,171.489429717593,111793,0
0.937,1999.99433617478,0.430827352401312,0.0215413676200656,10.4719458562465,209.438917124929,11.2676254391865,0,2000,2006.8359375,-6.8359375,11.2676254391865,11.3100325651081,1275.00166478216,0,11.2676254391865,0.938968786598871,11.2676254391865,0,171.698866972108,111930,137,2006.8359375,6.84160132522243,1999.99433617478,2006.8359375,1,1,3,3,111930,0,0,111930,171.698866972108,111930,0
0.938,1999.99340262971,0.409963056489019,0.0204981528244509,10.4719409682159,209.438819364319,11.3579180071378,0,2000,1992.1875,7.8125,11.3579180071378,11.3094527203703,-1378.90486268153,0,11.3579180071378,0.946493167261486,11.3579180071378,0,171.908306695691,112066,136,1992.1875,-7.80590262971214,1999.99340262971,1992.1875,1,1,3,3,112066,0,0,112066,171.908306695691,112066,0
0.939,2000.00886226451,0.430837324377703,0.0215418662188852,10.4720219146744,209.440438293488,11.267708274149,0,2000,2006.8359375,-6.8359375,11.267708274149,11.3101154000706,1292.31886443205,0,11.267708274149,0.938975689512417,11.267708274149,-1.77635683940025e-15,172.117745468925,112203,137,2006.8359375,6.82707523549448,2000.00886226451,2006.8359375,1,0,2,2,112203,0,0,112203,172.117745468925,112203,0
0.94,2000.00795018598,0.409968843465322,0.0204984421732661,10.4720171390425,209.440342780849,11.3580008421004,0,2000,1992.1875,7.8125,11.3580008421004,11.3095355553328,-1364.47386297329,0,11.3580008421004,0.946500070175032,11.3580008421004,0,172.327186714973,112339,136,1992.1875,-7.82045018598478,2000.00795018598,1992.1875,1,0,2,2,112339,0,0,112339,172.327186714973,112339,0
0.941,2000.02341856956,0.430841550149619,0.021542077507481,10.4720981313095,209.441962626189,11.2677911091115,0,2000,2006.8359375,-6.8359375,11.2677911091115,11.3101982350332,1304.34469752226,0,11.2677911091115,0.938982592425962,11.2677911091115,0,172.536627012146,112476,137,2006.8359375,6.81251893044077,2000.02341856956,2006.8359375,0,0,0,0,112476,0,0,112476,172.536627012146,112476,0
0.942,2000.02251049135,0.409972485611023,0.0204986242805512,10.472093376623,209.441867532461,11.3580836770629,0,2000,1992.1875,7.8125,11.3580836770629,11.3096183902954,-1354.45233539812,0,11.3580836770629,0.946506973088577,11.3580836770629,0,172.746069782759,112612,136,1992.1875,-7.8350104913452,2000.02251049135,1992.1875,0,0,0,0,112612,0,0,112612,172.746069782759,112612,0
0.943,2000.03798109602,0.430844972913421,0.021542248645671,10.4721743805197,209.443487610394,11.2678739440741,0,2000,2006.8359375,-6.8359375,11.2678739440741,11.3102810699957,1312.69597050157,0,11.2678739440741,0.938989495339508,11.2678739440741,0,172.95551160481,112749,137,2006.8359375,6.79795640397947,2000.03798109602,2006.8359375,0,1,1,1,112749,0,0,112749,172.95551160481,112749,0
0.944,2000.03707456611,0.409975824726257,0.0204987912363128,10.4721696339402,209.443392678803,11.2672940993363,0,2000,2006.8359375,-6.8359375,11.2672940993363,11.3097012252579,1093.91330875131,0,11.2672940993363,0.938941174944689,11.2672940993363,-1.77635683940025e-15,173.164955900491,112886,137,2006.8359375,6.79886293389359,2000.03707456611,2006.8359375,1,1,3,1,112886,1,0,112886,173.164955900491,112886,0
0.945,1999.9728438202,0.402185927806081,0.020109296390304,10.4718333225411,209.436666450821,11.3575866672877,0,2000,1992.1875,7.8125,11.3575866672877,11.3091213805201,-1529.81182604058,0,11.3575866672877,0.946465555607304,11.3575866672877,0,173.374396248734,113022,136,1992.1875,-7.78534382020325,1999.9728438202,1992.1875,1,1,3,3,113022,0,0,113022,173.374396248734,113022,0
0.946,1999.96471690874,0.427931352330635,0.0213965676165317,10.4717907701321,209.435815402642,11.2673769342988,0,2000,2006.8359375,-6.8359375,11.2673769342988,11.3097840602204,1166.56306163285,0,11.2673769342988,0.938948077858235,11.2673769342988,0,173.583831434122,113159,137,2006.8359375,6.87122059126432,1999.96471690874,2006.8359375,1,0,2,3,113159,1,0,113159,173.583831434122,113159,0
0.947,1999.95501338807,0.408877734833213,0.0204438867416607,10.4717399626167,209.434799252335,11.3576695022502,0,2000,1992.1875,7.8125,11.3576695022502,11.3092042154826,-1469.27036530596,0,11.3576695022502,0.94647245852085,11.3576695022502,0,173.793267522465,113295,136,1992.1875,-7.76751338807139,1999.95501338807,1992.1875,1,0,2,2,113295,0,0,113295,173.793267522465,113295,0
0.948,1999.96720261262,0.430426617503731,0.0215213308751866,10.4718037852472,209.436075704945,11.2674597692614,0,2000,2006.8359375,-6.8359375,11.2674597692614,11.309866895183,1217.0142789117,0,11.2674597692614,0.938954980771781,11.2674597692614,0,174.002702076659,113432,137,2006.8359375,6.86873488737774,1999.96720261262,2006.8359375,0,0,0,2,113432,1,0,113432,174.002702076659,113432,0
0.949,1999.96506914467,0.409809486504164,0.0204904743252082,10.4717926144351,209.435852288703,11.3577523372127,0,2000,1992.1875,7.8125,11.3577523372127,11.3092870504452,-1427.22768424025,0,11.3577523372127,0.946479361434395,11.3577523372127,0,174.212138885849,113568,136,1992.1875,-7.77756914466568,1999.96506914467,1992.1875,0,0,0,0,113568,0,0,113568,174.212138885849,113568,0
0.95,1999.98007958502,0.430775846631859,0.021538792331593,10.471871208917,209.437424178341,11.2675426042239,0,2000,2006.8359375,-6.8359375,11.2675426042239,11.3099497301455,1252.04984646646,0,11.2675426042239,0.938961883685326,11.2675426042239,0,174.421574664708,113705,137,2006.8359375,6.85585791498261,1999.98007958502,2006.8359375,0,1,1,1,113705,0,0,113705,174.421574664708,113705,0
0.951,1999.978998041,0.409941682245955,0.0204970841122977,10.4718655459658,209.437310919316,11.3578351721753,0,2000,1992.1875,7.8125,11.3578351721753,11.3093698854077,-1398.03137794462,0,11.3578351721753,0.946486264347941,11.3578351721753,-1.77635683940025e-15,174.631012886358,113841,136,1992.1875,-7.79149804099939,1999.978998041,1992.1875,0,1,1,1,113841,0,0,113841,174.631012886358,113841,0
0.952,1999.9944012067,0.430827179805475,0.0215413589902738,10.4719461967528,209.438923935056,11.2676254391865,0,2000,2006.8359375,-6.8359375,11.2676254391865,11.3100325651081,1276.38010171282,0,11.2676254391865,0.938968786598872,11.2676254391865,0,174.84045014773,113978,137,2006.8359375,6.84153629329717,1999.9944012067,2006.8359375,1,1,3,3,113978,0,0,113978,174.84045014773,113978,0
0.953,1999.99346677854,0.409962886226173,0.0204981443113086,10.4719413040984,209.438826081968,11.3579180071378,0,2000,1992.1875,7.8125,11.3579180071378,11.3094527203703,-1377.75616523932,0,11.3579180071378,0.946493167261486,11.3579180071378,0,175.049889878076,114114,136,1992.1875,-7.80596677853828,1999.99346677854,1992.1875,1,1,3,3,114114,0,0,114114,175.049889878076,114114,0
0.954,2000.0089255422,0.430837156423003,0.0215418578211501,10.4720222459956,209.440444919913,11.267708274149,0,2000,2006.8359375,-6.8359375,11.267708274149,11.3101154000706,1293.27611230057,0,11.267708274149,0.938975689512417,11.267708274149,0,175.259328657984,114251,137,2006.8359375,6.82701195780396,2000.0089255422,2006.8359375,1,0,2,2,114251,0,0,114251,175.259328657984,114251,0
0.955,2000.00801260436,0.409968677789971,0.0204984338894986,10.4720174658643,209.440349317286,11.3580008421004,0,2000,1992.1875,7.8125,11.3580008421004,11.3095355553328,-1363.67615641619,0,11.3580008421004,0.946500070175032,11.3580008421004,0,175.468769910612,114387,136,1992.1875,-7.82051260436219,2000.00801260436,1992.1875,1,0,2,2,114387,0,0,114387,175.468769910612,114387,0
0.956,2000.02348014028,0.430841386723608,0.0215420693361804,10.472098453693,209.44196907386,11.2677911091116,0,2000,2006.8359375,-6.8359375,11.2677911091116,11.3101982350332,1305.00945298651,0,11.2677911091116,0.938982592425962,11.2677911091115,-1.77635683940025e-15,175.678210214277,114524,137,2006.8359375,6.81245735971584,2000.02348014028,2006.8359375,0,0,0,0,114524,0,0,114524,175.678210214277,114524,0
0.957,2000.02257122593,0.409972324404158,0.0204986162202079,10.4720936946286,209.441873892571,11.3580836770629,0,2000,1992.1875,7.8125,11.3580836770629,11.3096183902954,-1353.89837251124,0,11.3580836770629,0.946506973088577,11.3580836770629,0,175.887652991294,114660,136,1992.1875,-7.83507122592823,2000.02257122593,1992.1875,0,0,0,0,114660,0,0,114660,175.887652991294,114660,0
0.958,2000.03804100581,0.430844813895703,0.0215422406947851,10.4721746942066,209.443493884133,11.2678739440741,0,2000,2006.8359375,-6.8359375,11.2678739440741,11.3102810699957,1313.15760624063,0,11.2678739440741,0.938989495339508,11.2678739440741,0,176.097094819661,114797,137,2006.8359375,6.79789649418603,2000.03804100581,2006.8359375,0,1,1,1,114797,0,0,114797,176.097094819661,114797,0
0.959,2000.03713366231,0.409975667868006,0.0204987833934003,10.4721699433672,209.443398867343,11.3581665120255,0,2000,1992.1875,7.8125,11.3581665120255,11.3097012252579,-1347.10824479948,0,11.3581665120255,0.946513876002123,11.3581665120255,0,176.306539121574,114933,136,1992.1875,-7.84963366231023,2000.03713366231,1992.1875,0,1,1,1,114933,0,0,114933,176.306539121574,114933,0
0.96,2000.05260475228,0.430848124248337,0.0215424062124168,10.4722509498048,209.445018996097,11.2679567790366,0,2000,2006.8359375,-6.8359375,11.2679567790366,11.3103639049583,1318.81604600044,0,11.2679567790366,0.938996398253054,11.2679567790366,0,176.515982474985,115070,137,2006.8359375,6.78333274771671,2000.05260475228,2006.8359375,1,1,3,3,115070,0,0,115070,176.515982474985,115070,0
0.961,2000.05169861187,0.409978963986561,0.020498948199328,10.4722462052647,209.444924105295,11.2673769342988,0,2000,2006.8359375,-6.8359375,11.2673769342988,11.3097840602204,1099.01337166703,0,11.2673769342988,0.938948077858235,11.2673769342988,-1.77635683940025e-15,176.725428302074,115207,137,2006.8359375,6.78423888812654,2000.05169861187,2006.8359375,1,0,2,3,115207,1,0,115207,176.725428302074,115207,0
0.962,1999.98746821695,0.40218906202131,0.0201094531010655,10.4719098957034,209.438197914068,11.3576695022502,0,2000,1992.1875,7.8125,11.3576695022502,11.3092042154826,-1525.56177361081,0,11.3576695022502,0.94647245852085,11.3576695022502,0,176.934870181762,115343,136,1992.1875,-7.79996821695477,1999.98746821695,1992.1875,1,0,2,2,115343,0,0,115343,176.934870181762,115343,0
0.963,1999.97934163931,0.427934484127221,0.0213967242063611,10.4718673450424,209.437346900847,11.2674597692614,0,2000,2006.8359375,-6.8359375,11.2674597692614,11.309866895183,1170.10477199099,0,11.2674597692614,0.938954980771781,11.2674597692614,0,177.14430689863,115480,137,2006.8359375,6.85659586068823,1999.97934163931,2006.8359375,0,0,0,2,115480,1,0,115480,177.14430689863,115480,0
0.964,1999.96963844332,0.408880865197017,0.0204440432598508,10.471816539227,209.436330784539,11.3577523372127,0,2000,1992.1875,7.8125,11.3577523372127,11.3092870504452,-1466.31894000751,0,11.3577523372127,0.946479361434395,11.3577523372127,0,177.353744518489,115616,136,1992.1875,-7.78213844332481,1999.96963844332,1992.1875,0,0,0,0,115616,0,0,115616,177.353744518489,115616,0
0.965,1999.98182798644,0.43042974680926,0.021521487340463,10.4718803635255,209.437607270509,11.2675426042239,0,2000,2006.8359375,-6.8359375,11.2675426042239,11.3099497301455,1219.47379999375,0,11.2675426042239,0.938961883685326,11.2675426042239,0,177.563180604232,115753,137,2006.8359375,6.85410951356153,1999.98182798644,2006.8359375,0,1,1,1,115753,0,0,115753,177.563180604232,115753,0
0.966,1999.97969483208,0.409812614898073,0.0204906307449036,10.4718691943553,209.437383887107,11.3578351721753,0,2000,1992.1875,7.8125,11.3578351721753,11.3093698854077,-1425.17808333855,0,11.3578351721753,0.946486264347941,11.3578351721753,0,177.772618945003,115889,136,1992.1875,-7.79219483207589,1999.97969483208,1992.1875,0,1,1,1,115889,0,0,115889,177.772618945003,115889,0
0.967,1999.99470558152,0.430778974175807,0.0215389487087903,10.4719477904557,209.438955809113,11.2676254391865,0,2000,2006.8359375,-6.8359375,11.2676254391865,11.3100325651081,1253.75784721788,0,11.2676254391865,0.938968786598872,11.2676254391865,0,177.982056255477,116026,137,2006.8359375,6.84123191847516,1999.99470558152,2006.8359375,1,1,3,3,116026,0,0,116026,177.982056255477,116026,0
0.968,1999.99362434231,0.40994480896985,0.0204972404484925,10.4719421291004,209.438842582008,11.3579180071378,0,2000,1992.1875,7.8125,11.3579180071378,11.3094527203703,-1396.6080439851,0,11.3579180071378,0.946493167261486,11.3579180071378,-1.77635683940025e-15,178.191496008774,116162,136,1992.1875,-7.80612434231466,1999.99362434231,1992.1875,1,1,3,3,116162,0,0,116162,178.191496008774,116162,0
0.969,2000.00902780865,0.430830305727305,0.0215415152863652,10.4720227814615,209.44045562923,11.267708274149,0,2000,2006.8359375,-6.8359375,11.267708274149,11.3101154000706,1277.56621334575,0,11.267708274149,0.938975689512417,11.267708274149,0,178.400934801825,116299,137,2006.8359375,6.8269096913541,2000.00902780865,2006.8359375,1,0,2,2,116299,0,0,116299,178.400934801825,116299,0
0.97,2000.00809367702,0.409966011359382,0.0204983005679691,10.4720178903597,209.440357807195,11.3580008421004,0,2000,1992.1875,7.8125,11.3580008421004,11.3095355553328,-1376.76773887854,0,11.3580008421004,0.946500070175032,11.3580008421004,0,178.610376063881,116435,136,1992.1875,-7.82059367701595,2000.00809367702,1992.1875,1,0,2,2,116435,0,0,116435,178.610376063881,116435,0
0.971,2000.02355273318,0.430840280779255,0.0215420140389627,10.4720988337885,209.441976675771,11.2677911091116,0,2000,2006.8359375,-6.8359375,11.2677911091116,11.3101982350332,1294.09980093455,0,11.2677911091116,0.938982592425963,11.2677911091116,0,178.819816375528,116572,137,2006.8359375,6.81238476681688,2000.02355273318,2006.8359375,0,0,0,0,116572,0,0,116572,178.819816375528,116572,0
0.972,2000.02264008389,0.409971801380156,0.0204985900690078,10.472094055168,209.44188110336,11.3580836770629,0,2000,1992.1875,7.8125,11.3580836770629,11.3096183902954,-1362.98974922121,0,11.3580836770629,0.946506973088578,11.3580836770629,0,179.029259159928,116708,136,1992.1875,-7.83514008388556,2000.02264008389,1992.1875,0,0,0,0,116708,0,0,116708,179.029259159928,116708,0
0.973,2000.03810790442,0.430844509558263,0.0215422254779132,10.4721750444869,209.443500889739,11.2678739440741,0,2000,2006.8359375,-6.8359375,11.2678739440741,11.3102810699957,1305.58145898233,0,11.2678739440741,0.938989495339508,11.2678739440741,-1.77635683940025e-15,179.238700995395,116845,137,2006.8359375,6.79782959557792,2000.03810790442,2006.8359375,0,1,1,1,116845,0,0,116845,179.238700995395,116845,0
0.974,2000.03719927082,0.409975446493592,0.0204987723246796,10.4721702868925,209.44340573785,11.2672940993363,0,2000,2006.8359375,-6.8359375,11.2672940993363,11.3097012252579,1087.98454915194,0,11.2672940993363,0.93894117494469,11.2672940993363,0,179.448145304242,116982,137,2006.8359375,6.79873822918353,2000.03719927082,2006.8359375,1,1,3,1,116982,1,0,116982,179.448145304242,116982,0
0.975,1999.97296668922,0.402185584079714,0.0201092792039857,10.4718339658817,209.436679317635,11.3575866672877,0,2000,1992.1875,7.8125,11.3575866672877,11.3091213805201,-1534.75245904005,0,11.3575866672877,0.946465555607305,11.3575866672877,0,179.657585665446,117118,136,1992.1875,-7.78546668922104,1999.97296668922,1992.1875,1,1,3,3,117118,0,0,117118,179.657585665446,117118,0
0.976,1999.96483805619,0.427931024214499,0.021396551210725,10.4717914044587,209.435828089175,11.2673769342988,0,2000,2006.8359375,-6.8359375,11.2673769342988,11.3097840602204,1162.44586746662,0,11.2673769342988,0.938948077858235,11.2673769342988,0,179.86702086361,117255,137,2006.8359375,6.871099443807,1999.96483805619,2006.8359375,1,0,2,3,117255,1,0,117255,179.86702086361,117255,0
0.977,1999.95513287058,0.408877415249781,0.0204438707624891,10.4717405882257,209.434811764514,11.3576695022502,0,2000,1992.1875,7.8125,11.3576695022502,11.3092042154826,-1472.70136044448,0,11.3576695022502,0.94647245852085,11.3576695022502,0,180.076456964552,117391,136,1992.1875,-7.76763287057952,1999.95513287058,1992.1875,1,0,2,2,117391,0,0,117391,180.076456964552,117391,0
0.978,1999.96732046518,0.430426303779217,0.0215213151889609,10.4718044023218,209.436088046435,11.2674597692614,0,2000,2006.8359375,-6.8359375,11.2674597692614,11.309866895183,1214.15511629627,0,11.2674597692614,0.938954980771781,11.2674597692614,-1.77635683940025e-15,180.285891531172,117528,137,2006.8359375,6.86861703482305,1999.96732046518,2006.8359375,0,0,0,2,117528,1,0,117528,180.285891531172,117528,0
0.979,1999.96518539402,0.409809177606002,0.0204904588803001,10.4717932231153,209.435864462307,11.3577523372127,0,2000,1992.1875,7.8125,11.3577523372127,11.3092870504452,-1429.61031975311,0,11.3577523372127,0.946479361434396,11.3577523372127,0,180.495328352619,117664,136,1992.1875,-7.77768539401836,1999.96518539402,1992.1875,0,0,0,0,117664,0,0,117664,180.495328352619,117664,0
0.98,1999.98019425466,0.430775542139436,0.0215387771069718,10.4718718093259,209.437436186518,11.2675426042239,0,2000,2006.8359375,-6.8359375,11.2675426042239,11.3099497301455,1250.06431687241,0,11.2675426042239,0.938961883685326,11.2675426042239,0,180.704764143569,117801,137,2006.8359375,6.85574324533877,1999.98019425466,2006.8359375,0,1,1,1,117801,0,0,117801,180.704764143569,117801,0
0.981,1999.97911115303,0.409941381967154,0.0204970690983577,10.471866138219,209.43732276438,11.3578351721753,0,2000,1992.1875,7.8125,11.3578351721753,11.3093698854077,-1399.68598593966,0,11.3578351721753,0.946486264347941,11.3578351721753,0,180.914202377146,117937,136,1992.1875,-7.79161115302531,1999.97911115303,1992.1875,0,1,1,1,117937,0,0,117937,180.914202377146,117937,0
0.982,1999.99451278249,0.430826883633794,0.0215413441816897,10.4719467809623,209.438935619246,11.2676254391865,0,2000,2006.8359375,-6.8359375,11.2676254391865,11.3100325651081,1275.00126171695,0,11.2676254391865,0.938968786598872,11.2676254391865,0,181.123639650282,118074,137,2006.8359375,6.8414247175067,1999.99451278249,2006.8359375,1,1,3,3,118074,0,0,118074,181.123639650282,118074,0
0.983,1999.99357683905,0.409962594087486,0.0204981297043743,10.4719418803739,209.438837607477,11.3579180071378,0,2000,1992.1875,7.8125,11.3579180071378,11.3094527203703,-1378.90519856921,0,11.3579180071378,0.946493167261487,11.3579180071378,0,181.333079392233,118210,136,1992.1875,-7.80607683904509,1999.99357683905,1992.1875,1,1,3,3,118210,0,0,118210,181.333079392233,118210,0
0.984,2000.00903410803,0.430836868255705,0.0215418434127852,10.472022814445,209.4404562889,11.267708274149,0,2000,2006.8359375,-6.8359375,11.267708274149,11.3101154000706,1292.31858452566,0,11.267708274149,0.938975689512417,11.267708274149,0,181.542518183587,118347,137,2006.8359375,6.82690339196711,2000.00903410803,2006.8359375,1,0,2,2,118347,0,0,118347,181.542518183587,118347,0
0.985,2000.00811969584,0.409968393537567,0.0204984196768784,10.472018026594,209.44036053188,11.3580008421004,0,2000,1992.1875,7.8125,11.3580008421004,11.3095355553328,-1364.47409622862,0,11.3580008421004,0.946500070175032,11.3580008421004,-1.77635683940025e-15,181.751959447507,118483,136,1992.1875,-7.82061969584333,2000.00811969584,1992.1875,1,0,2,2,118483,0,0,118483,181.751959447507,118483,0
0.986,2000.02358577743,0.430841106331985,0.0215420553165993,10.4720990068078,209.441980136157,11.2677911091116,0,2000,2006.8359375,-6.8359375,11.2677911091116,11.3101982350332,1304.34450314282,0,11.2677911091116,0.938982592425963,11.2677911091116,0,181.961399762311,118620,137,2006.8359375,6.81235172256629,2000.02358577743,2006.8359375,0,0,0,0,118620,0,0,118620,181.961399762311,118620,0
0.987,2000.0226754285,0.409972047820534,0.0204986023910267,10.472094240232,209.441884804639,11.3580836770629,0,2000,1992.1875,7.8125,11.3580836770629,11.3096183902954,-1354.45249738098,0,11.3580836770629,0.946506973088578,11.3580836770629,0,182.170842550315,118756,136,1992.1875,-7.83517542849791,2000.0226754285,1992.1875,0,0,0,0,118756,0,0,118756,182.170842550315,118756,0
0.988,2000.03814379329,0.430844541068222,0.0215422270534111,10.4721752324006,209.443504648012,11.2678739440741,0,2000,2006.8359375,-6.8359375,11.2678739440741,11.3102810699957,1312.69583551585,0,11.2678739440741,0.938989495339508,11.2678739440741,0,182.380284389521,118893,137,2006.8359375,6.79779370670735,2000.03814379329,2006.8359375,0,1,1,1,118893,0,0,118893,182.380284389521,118893,0
0.989,2000.03723505391,0.409975398745611,0.0204987699372805,10.4721704742524,209.443409485047,11.3581665120255,0,2000,1992.1875,7.8125,11.3581665120255,11.3097012252579,-1347.49305373679,0,11.3581665120255,0.946513876002123,11.3581665120255,0,182.589728702124,119029,136,1992.1875,-7.84973505391417,2000.03723505391,1992.1875,0,1,1,1,119029,0,0,119029,182.589728702124,119029,0
0.99,2000.05270476697,0.430847858780691,0.0215423929390346,10.4722514734805,209.44502946961,11.2679567790366,0,2000,2006.8359375,-6.8359375,11.2679567790366,11.3103639049583,1318.495371886,0,11.2679567790366,0.938996398253054,11.2679567790366,-1.77635683940025e-15,182.799172066082,119166,137,2006.8359375,6.78323273303158,2000.05270476697,2006.8359375,1,1,3,3,119166,0,0,119166,182.799172066082,119166,0
0.991,2000.05179726833,0.409978702124029,0.0204989351062014,10.4722467218288,209.444934436575,11.2673769342988,0,2000,2006.8359375,-6.8359375,11.2673769342988,11.3097840602205,1098.74614323834,0,11.2673769342988,0.938948077858235,11.2673769342988,0,183.008617903572,119303,137,2006.8359375,6.78414023166806,2000.05179726833,2006.8359375,1,0,2,3,119303,1,0,119303,183.008617903572,119303,0
0.992,1999.98756553363,0.402188803714942,0.0201094401857471,10.4719104052523,209.438208105046,11.3576695022502,0,2000,1992.1875,7.8125,11.3576695022502,11.3092042154826,-1525.78446396805,0,11.3576695022502,0.94647245852085,11.3576695022502,0,183.21805979352,119439,136,1992.1875,-7.80006553363069,1999.98756553363,1992.1875,1,0,2,2,119439,0,0,119439,183.21805979352,119439,0
0.993,1999.97943763441,0.427934229328718,0.0213967114664359,10.4718678476715,209.43735695343,11.2674597692614,0,2000,2006.8359375,-6.8359375,11.2674597692614,11.309866895183,1169.91919669329,0,11.2674597692614,0.938954980771781,11.2674597692614,0,183.42749652051,119576,137,2006.8359375,6.85649986559315,1999.97943763441,2006.8359375,0,0,0,0,119576,0,0,119576,183.42749652051,119576,0
0.994,1999.96973313479,0.408880613858731,0.0204440306929366,10.4718170350303,209.436340700607,11.3577523372127,0,2000,1992.1875,7.8125,11.3577523372127,11.3092870504452,-1466.47358608893,0,11.3577523372127,0.946479361434396,11.3577523372127,0,183.636934150352,119712,136,1992.1875,-7.78223313478998,1999.96973313479,1992.1875,0,0,0,0,119712,0,0,119712,183.636934150352,119712,0
0.995,1999.98192139196,0.430429498884211,0.0215214749442106,10.4718808525956,209.437617051913,11.2675426042239,0,2000,2006.8359375,-6.8359375,11.2675426042239,11.3099497301455,1219.34492825923,0,11.2675426042239,0.938961883685326,11.2675426042239,-1.77635683940025e-15,183.846370245944,119849,137,2006.8359375,6.85401610803819,1999.98192139196,2006.8359375,0,1,1,1,119849,0,0,119849,183.846370245944,119849,0
0.996,1999.97978696913,0.409812370339909,0.0204906185169955,10.4718696767838,209.437393535677,11.3578351721753,0,2000,1992.1875,7.8125,11.3578351721753,11.3093698854077,-1425.28547645064,0,11.3578351721753,0.946486264347941,11.3578351721753,0,184.05580859643,119985,136,1992.1875,-7.79228696913106,1999.97978696913,1992.1875,0,1,1,1,119985,0,0,119985,184.05580859643,119985,0
0.997,1999.99479646734,0.430778732938802,0.0215389366469401,10.4719482663327,209.438965326653,11.2676254391865,0,2000,2006.8359375,-6.8359375,11.2676254391865,11.3100325651081,1253.6683529578,0,11.2676254391865,0.938968786598872,11.2676254391865,0,184.265245916487,120122,137,2006.8359375,6.84114103266188,1999.99479646734,2006.8359375,1,1,3,3,120122,0,0,120122,184.265245916487,120122,0
0.998,1999.99371399388,0.409944571008902,0.0204972285504451,10.4719425985149,209.438851970298,11.3579180071378,0,2000,1992.1875,7.8125,11.3579180071378,11.3094527203703,-1396.68262253517,0,11.3579180071378,0.946493167261487,11.3579180071378,0,184.474685679237,120258,136,1992.1875,-7.80621399387633,1999.99371399388,1992.1875,1,1,3,3,120258,0,0,120258,184.474685679237,120258,0
0.999,2000.00911624272,0.43083007099792,0.021541503549896,10.4720232445012,209.440464890025,11.267708274149,0,2000,2006.8359375,-6.8359375,11.267708274149,11.3101154000706,1277.50406455403,0,11.267708274149,0.938975689512417,11.267708274149,0,184.684124481612,120395,137,2006.8359375,6.8268212572782,2000.00911624272,2006.8359375,1,0,2,2,120395,0,0,120395,184.684124481612,120395,0
1,2000.00818091014,0.409965779817669,0.0204982889908834,10.4720183471113,209.440366942226,11.3580008421004,0,2000,1992.1875,7.8125,11.3580008421004,11.3095355553328,-1376.81952953831,0,11.3580008421004,0.946500070175032,11.3580008421004,0,184.893565752865,120531,136,1992.1875,-7.82068091014116,2000.00818091014,1992.1875,1,0,2,2,120531,0,0,120531,184.893565752865,120531,0
