time_s,rpm,current_A,torque_Nm,back_emf_V,omega_rad_s,voltage_V,load_Nm,reference_rpm,measured_rpm,error_rpm,raw_voltage_V,integrator_V,derivative_rpm_s,aw_error_V,voltage_command_sat_V,duty_cycle,voltage_avg_V,pwm_error_V,shaft_angle_rad,encoder_count,encoder_delta_count,encoder_rpm,encoder_rpm_error,true_rpm,feedback_rpm
0,0,0,0,0,0,0,0,0,0,0,0,0,0,0,0,0,0,0,0,0,0,0,0,0,0
0.001,0,0,0,0,0,0,0,0,0,0,0,0,0,0,0,0,0,0,0,0,0,0,0,0,0
0.002,0,0,0,0,0,0,0,0,0,0,0,0,0,0,0,0,0,0,0,0,0,0,0,0,0
0.003,0,0,0,0,0,0,0,0,0,0,0,0,0,0,0,0,0,0,0,0,0,0,0,0,0
0.004,0,0,0,0,0,0,0,0,0,0,0,0,0,0,0,0,0,0,0,0,0,0,0,0,0
0.005,0,0,0,0,0,0,0,0,0,0,0,0,0,0,0,0,0,0,0,0,0,0,0,0,0
0.006,0,0,0,0,0,0,0,0,0,0,0,0,0,0,0,0,0,0,0,0,0,0,0,0,0
0.007,0,0,0,0,0,0,0,0,0,0,0,0,0,0,0,0,0,0,0,0,0,0,0,0,0
0.008,0,0,0,0,0,0,0,0,0,0,0,0,0,0,0,0,0,0,0,0,0,0,0,0,0
0.009,0,0,0,0,0,0,0,0,0,0,0,0,0,0,0,0,0,0,0,0,0,0,0,0,0
0.01,0,0,0,0,0,0,0,0,0,0,0,0,0,0,0,0,0,0,0,0,0,0,0,0,0
0.011,0,0,0,0,0,0,0,0,0,0,0,0,0,0,0,0,0,0,0,0,0,0,0,0,0
0.012,0,0,0,0,0,0,0,0,0,0,0,0,0,0,0,0,0,0,0,0,0,0,0,0,0
0.013,0,0,0,0,0,0,0,0,0,0,0,0,0,0,0,0,0,0,0,0,0,0,0,0,0
0.014,0,0,0,0,0,0,0,0,0,0,0,0,0,0,0,0,0,0,0,0,0,0,0,0,0
0.015,0,0,0,0,0,0,0,0,0,0,0,0,0,0,0,0,0,0,0,0,0,0,0,0,0
0.016,0,0,0,0,0,0,0,0,0,0,0,0,0,0,0,0,0,0,0,0,0,0,0,0,0
0.017,0,0,0,0,0,0,0,0,0,0,0,0,0,0,0,0,0,0,0,0,0,0,0,0,0
0.018,0,0,0,0,0,0,0,0,0,0,0,0,0,0,0,0,0,0,0,0,0,0,0,0,0
0.019,0,0,0,0,0,0,0,0,0,0,0,0,0,0,0,0,0,0,0,0,0,0,0,0,0
0.02,0,0,0,0,0,0,0,0,0,0,0,0,0,0,0,0,0,0,0,0,0,0,0,0,0
0.021,0,0,0,0,0,0,0,0,0,0,0,0,0,0,0,0,0,0,0,0,0,0,0,0,0
0.022,0,0,0,0,0,0,0,0,0,0,0,0,0,0,0,0,0,0,0,0,0,0,0,0,0
0.023,0,0,0,0,0,0,0,0,0,0,0,0,0,0,0,0,0,0,0,0,0,0,0,0,0
0.024,0,0,0,0,0,0,0,0,0,0,0,0,0,0,0,0,0,0,0,0,0,0,0,0,0
0.025,0,0,0,0,0,0,0,0,0,0,0,0,0,0,0,0,0,0,0,0,0,0,0,0,0
0.026,0,0,0,0,0,0,0,0,0,0,0,0,0,0,0,0,0,0,0,0,0,0,0,0,0
0.027,0,0,0,0,0,0,0,0,0,0,0,0,0,0,0,0,0,0,0,0,0,0,0,0,0
0.028,0,0,0,0,0,0,0,0,0,0,0,0,0,0,0,0,0,0,0,0,0,0,0,0,0
0.029,0,0,0,0,0,0,0,0,0,0,0,0,0,0,0,0,0,0,0,0,0,0,0,0,0
0.03,0,0,0,0,0,0,0,0,0,0,0,0,0,0,0,0,0,0,0,0,0,0,0,0,0
0.031,0,0,0,0,0,0,0,0,0,0,0,0,0,0,0,0,0,0,0,0,0,0,0,0,0
0.032,0,0,0,0,0,0,0,0,0,0,0,0,0,0,0,0,0,0,0,0,0,0,0,0,0
0.033,0,0,0,0,0,0,0,0,0,0,0,0,0,0,0,0,0,0,0,0,0,0,0,0,0
0.034,0,0,0,0,0,0,0,0,0,0,0,0,0,0,0,0,0,0,0,0,0,0,0,0,0
0.035,0,0,0,0,0,0,0,0,0,0,0,0,0,0,0,0,0,0,0,0,0,0,0,0,0
0.036,0,0,0,0,0,0,0,0,0,0,0,0,0,0,0,0,0,0,0,0,0,0,0,0,0
0.037,0,0,0,0,0,0,0,0,0,0,0,0,0,0,0,0,0,0,0,0,0,0,0,0,0
0.038,0,0,0,0,0,0,0,0,0,0,0,0,0,0,0,0,0,0,0,0,0,0,0,0,0
0.039,0,0,0,0,0,0,0,0,0,0,0,0,0,0,0,0,0,0,0,0,0,0,0,0,0
0.04,0,0,0,0,0,0,0,0,0,0,0,0,0,0,0,0,0,0,0,0,0,0,0,0,0
0.041,0,0,0,0,0,0,0,0,0,0,0,0,0,0,0,0,0,0,0,0,0,0,0,0,0
0.042,0,0,0,0,0,0,0,0,0,0,0,0,0,0,0,0,0,0,0,0,0,0,0,0,0
0.043,0,0,0,0,0,0,0,0,0,0,0,0,0,0,0,0,0,0,0,0,0,0,0,0,0
0.044,0,0,0,0,0,0,0,0,0,0,0,0,0,0,0,0,0,0,0,0,0,0,0,0,0
0.045,0,0,0,0,0,0,0,0,0,0,0,0,0,0,0,0,0,0,0,0,0,0,0,0,0
0.046,0,0,0,0,0,0,0,0,0,0,0,0,0,0,0,0,0,0,0,0,0,0,0,0,0
0.047,0,0,0,0,0,0,0,0,0,0,0,0,0,0,0,0,0,0,0,0,0,0,0,0,0
0.048,0,0,0,0,0,0,0,0,0,0,0,0,0,0,0,0,0,0,0,0,0,0,0,0,0
0.049,0,0,0,0,0,0,0,0,0,0,0,0,0,0,0,0,0,0,0,0,0,0,0,0,0
0.05,0,0,0,0,0,9.30533505937406,0,1500,0,1500,9.30533505937406,0,0,0,9.30533505937406,0.775444588281172,9.30533505937406,0,0,0,0,0,0,0,0
0.051,8.16155017489648,2.93502475969479,0.146751237984739,0.0427337767855988,0.854675535711976,9.43256956184445,0,1500,0,1500,9.43256956184445,0.127234502470387,0,0,9.43256956184445,0.786047463487038,9.43256956184445,0,0.000307099946968879,0,0,0,-8.16155017489648,8.16155017489648,0
0.052,25.2241385438961,4.03174058212519,0.20158702910626,0.132073280571058,2.64146561142117,9.46893165162564,0,1500,14.6484375,1485.3515625,9.46893165162564,0.254469004940773,2441.40625,0,9.46893165162564,0.78907763763547,9.46893165162564,0,0.0020103890978324,1,1,14.6484375,-10.5757010438961,25.2241385438961,14.6484375
0.053,45.5245905089859,4.41488937420537,0.220744468710269,0.23836619850119,4.76732397002379,9.50405121696864,0,1500,29.296875,1470.703125,9.50405121696864,0.380460982972973,4475.91145833333,0,9.50405121696864,0.79200426808072,9.50405121696864,0,0.00569928970995224,3,2,29.296875,-16.2277155089859,45.5245905089859,29.296875
0.054,66.8957226020369,4.53214880044018,0.226607440022009,0.3502651844719,7.00530368943799,9.44705584518425,0,1500,58.59375,1441.40625,9.44705584518425,0.505210436566984,8612.73871527778,0,9.44705584518425,0.787254653765354,9.44705584518425,0,0.0115810209477662,7,4,58.59375,-8.30197260203691,66.8957226020369,58.59375
0.055,88.4503717325878,4.52164846130341,0.22608242306517,0.463125063403973,9.26250126807947,9.47844783721269,0,1500,73.2421875,1426.7578125,9.47844783721269,0.627474841284622,9618.68851273148,0,9.47844783721269,0.789870653101057,9.47844783721269,0,0.0197155803716862,12,5,73.2421875,-15.2081842325878,88.4503717325878,73.2421875
0.056,109.88045013351,4.49214492485602,0.224607246242801,0.575332691520958,11.5066538304192,9.41772489211374,0,1500,102.5390625,1397.4609375,9.41772489211374,0.748496721564072,12898.3862606096,0,9.41772489211374,0.784810407676145,9.41772489211374,0,0.0301015926077683,19,7,102.5390625,-7.34138763351008,109.88045013351,102.5390625
0.057,131.048657959898,4.42686452575314,0.221343226287657,0.686169168516027,13.7233833703205,9.44538931082761,0,1500,117.1875,1382.8125,9.44538931082761,0.867033552967147,13190.0614671746,0,9.44538931082761,0.787115775902301,9.44538931082761,0,0.0427195098432084,27,8,117.1875,-13.8611579598976,131.048657959898,117.1875
0.058,151.926285976166,4.3768513105353,0.218842565526765,0.795484173183173,15.9096834636635,9.3809387924141,0,1500,146.484375,1353.515625,9.3809387924141,0.984327859932034,15874.5303893122,0,9.3809387924141,0.781744899367842,9.3809387924141,0,0.0575383129523065,37,10,146.484375,-5.44191097616564,151.926285976166,146.484375
0.059,172.480123730484,4.30382957923417,0.215191478961708,0.903103816003246,18.0620763200649,9.40487563781341,0,1500,161.1328125,1338.8671875,9.40487563781341,1.09913711802055,15670.1815744268,0,9.40487563781341,0.783739636484451,9.40487563781341,0,0.0745274023858317,48,11,161.1328125,-11.3473112304841,172.480123730484,161.1328125
0.06,192.720243656306,4.25083233380776,0.212541616690388,1.00908083611448,20.1816167222895,9.33669754608534,0,1500,190.4296875,1309.5703125,9.33669754608534,1.21270385167087,17941.2971453557,0,9.33669754608534,0.778058128840445,9.33669754608534,0,0.0936516342333762,61,13,190.4296875,-2.29055615630617,192.720243656306,190.4296875
0.061,212.627885171085,4.17659918611873,0.208829959305936,1.11331700333636,22.2663400667272,9.44777923085929,0,1500,190.4296875,1309.5703125,9.44777923085929,1.32378553644482,14951.0809544631,0,9.44777923085929,0.787314935904941,9.44777923085929,0,0.114878865042867,74,13,190.4296875,-22.1981976710855,212.627885171085,190.4296875
0.062,232.298207871854,4.15171347755569,0.207585673877784,1.21631057215382,24.3262114430764,9.28624367756564,0,1500,234.375,1265.625,9.28624367756564,1.43486722121877,19783.4528787192,0,9.28624367756564,0.773853639797137,9.28624367756564,-1.77635683940025e-15,0.138176367683391,90,16,234.375,2.07679212814568,232.298207871854,234.375
0.063,251.641977125508,4.05922357581006,0.202961178790503,1.31759431112051,26.3518862224102,9.39359778902503,0,1500,234.375,1265.625,9.39359778902503,1.54222133267816,16486.210732266,0,9.39359778902503,0.782799815752086,9.39359778902503,0,0.163519411456017,106,16,234.375,-17.2669771255082,251.641977125508,234.375
0.064,270.693353526199,4.02743676165184,0.201371838082592,1.41734708468915,28.3469416937831,9.31920707510602,0,1500,263.671875,1236.328125,9.31920707510602,1.64957544413755,18621.321443555,0,9.31920707510602,0.776600589592168,9.31920707510602,0,0.190870328712519,124,18,263.671875,-7.02147852619936,270.693353526199,263.671875
0.065,289.477295948367,3.96093906506431,0.198046953253215,1.51569957722071,30.3139915444143,9.33320372499983,0,1500,278.3203125,1221.6796875,9.33320372499983,1.75444450672057,17959.1741196292,0,9.33320372499983,0.777766977083319,9.33320372499983,0,0.220203718819134,143,19,278.3203125,-11.1569834483672,289.477295948367,278.3203125
0.066,307.96833509143,3.91010637149474,0.195505318574737,1.61251843176919,32.2503686353839,9.34595785045546,0,1500,292.96875,1207.03125,9.34595785045546,1.85807104486539,17407.3846830243,0,9.34595785045546,0.778829820871288,9.34595785045546,0,0.251488177120274,163,20,292.96875,-14.9995850914302,307.96833509143,292.96875
0.067,326.214173653563,3.86507638542591,0.193253819271295,1.70805341907817,34.1610683815633,9.2665970387837,0,1500,322.265625,1177.734375,9.2665970387837,1.96045505857203,19388.9664025203,0,9.2665970387837,0.772216419898642,9.2665970387837,0,0.284695933377243,185,22,322.265625,-3.94854865356348,326.214173653563,322.265625
0.068,344.152857352797,3.79351241143388,0.189675620571694,1.80198014728581,36.0396029457161,9.27562359092476,0,1500,336.9140625,1163.0859375,9.27562359092476,2.0603540234023,18598.8782521002,0,9.27562359092476,0.772968632577064,9.27562359092476,0,0.319799391343124,208,23,336.9140625,-7.23879485279724,344.152857352797,336.9140625
0.069,361.783753183383,3.74066014463049,0.187033007231525,1.89429530198177,37.8859060396353,9.28340761862764,0,1500,351.5625,1148.4375,9.28340761862764,2.15901046379437,17940.4714600835,0,9.28340761862764,0.773617301552303,9.28340761862764,0,0.356764497803416,232,24,351.5625,-10.2212531833832,361.783753183383,351.5625
0.07,379.163818299584,3.69474592446669,0.184737296223334,1.98529711012838,39.7059422025676,9.28994912189233,0,1500,366.2109375,1133.7890625,9.28994912189233,2.25642437974826,17391.7991334029,0,9.28994912189233,0.774162426824361,9.28994912189233,-1.77635683940025e-15,0.395562486826139,257,25,366.2109375,-12.9528807995841,379.163818299584,366.2109375
0.071,396.314250151429,3.65138328378802,0.182569164189401,2.07509656131446,41.5019312262892,9.20437568802964,0,1500,395.5078125,1104.4921875,9.20437568802964,2.35259577126397,19375.9784445024,0,9.20437568802964,0.767031307335803,9.20437568802964,0,0.436168381425477,284,27,395.5078125,-0.806437651429007,396.314250151429,395.5078125
0.072,413.163220823653,3.58027566005627,0.179013783002814,2.16331756545514,43.2663513091029,9.29806203066896,0,1500,395.5078125,1104.4921875,9.29806203066896,2.44628211390329,16146.648703752,0,9.29806203066896,0.774838502555747,9.29806203066896,0,0.47855561483732,311,27,395.5078125,-17.6554083236531,413.163220823653,395.5078125
0.073,429.786122758983,3.55609119078659,0.177804559539329,2.25035487645744,45.0070975291487,9.21000354792989,0,1500,424.8046875,1075.1953125,9.21000354792989,2.53996845654262,18338.35308646,0,9.21000354792989,0.767500295660824,9.21000354792989,0,0.522693505374834,340,29,424.8046875,-4.98143525898303,429.786122758983,424.8046875
0.074,446.166063443658,3.49206246181672,0.174603123090836,2.33612004532612,46.7224009065224,9.21033242900364,0,1500,439.453125,1060.546875,9.21033242900364,2.63116975030557,17723.3671553834,0,9.21033242900364,0.76752770241697,9.21033242900364,0,0.568561051604015,370,30,439.453125,-6.71293844365778,446.166063443658,439.453125
0.075,462.261984177403,3.44178680901663,0.172089340450831,2.42039808920929,48.4079617841857,9.20941878563921,0,1500,454.1015625,1045.8984375,9.20941878563921,2.72112851963034,17210.8788794861,0,9.20941878563921,0.767451565469934,9.20941878563921,0,0.616128463158674,401,31,454.1015625,-8.16042167740335,462.261984177403,454.1015625
0.076,478.115782679386,3.39660214855061,0.169830107427531,2.50340838405149,50.0681676810298,9.20726261783659,0,1500,468.75,1031.25,9.20726261783659,2.80984476451692,16783.8053162384,0,9.20726261783659,0.767271884819716,9.20726261783659,0,0.66536854684749,433,32,468.75,-9.36578267938592,478.115782679386,468.75
0.077,493.743047678632,3.35328129231243,0.167664064615621,2.58523255224704,51.7046510449408,9.20386392559578,0,1500,483.3984375,1016.6015625,9.20386392559578,2.89731848496531,16427.9106801987,0,9.20386392559578,0.766988660466315,9.20386392559578,-1.77635683940025e-15,0.716256896378412,466,33,483.3984375,-10.3446101786317,493.743047678632,483.3984375
0.078,509.149566215548,3.31062193787495,0.165531096893748,2.66590089466866,53.3180178933732,9.10835029622758,0,1500,512.6953125,987.3046875,9.10835029622758,2.98354968097551,18572.7380668323,0,9.10835029622758,0.759029191352299,9.10835029622758,0,0.768770141577341,501,35,512.6953125,3.54574628445192,509.149566215548,512.6953125
0.079,524.257771147215,3.23951384528199,0.161975692264099,2.74500727070575,54.900145414115,9.19209644336141,0,1500,512.6953125,987.3046875,9.19209644336141,3.06729582810934,15477.2817223602,0,9.19209644336141,0.766008036946784,9.19209644336141,0,0.822882297104143,536,35,512.6953125,-11.5624586472151,524.257771147215,512.6953125
0.08,539.140918863481,3.2150671359656,0.16075335679828,2.82293524991861,56.4587049983721,9.18497017780604,0,1500,527.34375,972.65625,9.18497017780604,3.15104197524317,15339.1410186335,0,9.18497017780604,0.765414181483837,9.18497017780604,0,0.878562880899823,572,36,527.34375,-11.7971688634811,539.140918863481,527.34375
0.081,553.861025845694,3.1793414116675,0.158967070583375,2.90000954984423,58.0001909968847,9.08572897512328,0,1500,556.640625,943.359375,9.08572897512328,3.23354559793881,17665.4300155279,0,9.08572897512328,0.757144081260273,9.08572897512328,0,0.935793948165617,610,38,556.640625,2.77959915430563,553.861025845694,556.640625
0.082,568.304258788141,3.11071841383665,0.155535920691833,2.97563414068769,59.5126828137539,9.16574754894255,0,1500,556.640625,943.359375,9.16574754894255,3.31356417175808,14721.1916796066,0,9.16574754894255,0.763812295745212,9.16574754894255,0,0.99455335007875,648,38,556.640625,-11.6636337881409,568.304258788141,556.640625
0.083,582.530363161359,3.08709955937492,0.154354977968746,3.0501218490012,61.0024369800239,9.15489371007261,0,1500,571.2890625,928.7109375,9.15489371007261,3.39358274557734,14709.0659830055,0,9.15489371007261,0.762907809172718,9.15489371007261,0,1.05481202772295,687,39,571.2890625,-11.2413006613587,582.530363161359,571.2890625
0.084,596.596322468127,3.05158440461585,0.152579220230793,3.12377103970759,62.4754207941518,9.14279734676449,0,1500,585.9375,914.0625,9.14279734676449,3.47235879495842,14698.9612358379,0,9.14279734676449,0.761899778897041,9.14279734676449,0,1.11655256037258,727,40,585.9375,-10.658822468127,596.596322468127,585.9375
0.085,610.46613168952,3.01160449736183,0.150580224868092,3.19639319096862,63.9278638193725,9.03858604632899,0,1500,615.234375,884.765625,9.03858604632899,3.54989231990132,17131.9468631983,0,9.03858604632899,0.753215503860749,9.03858604632899,0,1.17975598741686,769,42,615.234375,4.76824331048044,610.46613168952,615.234375
0.086,624.046655033412,2.94126631792071,0.147063315896036,3.26750064491709,65.3500128983417,9.1136345223955,0,1500,615.234375,884.765625,9.1136345223955,3.62494079596783,14276.6223859986,0,9.1136345223955,0.759469543532959,9.1136345223955,0,1.24439795203417,811,42,615.234375,-8.81228003341243,624.046655033412,615.234375
0.087,637.405350306318,2.91687844062896,0.145843922031448,3.33744660980193,66.7489321960386,9.09781058577282,0,1500,629.8828125,870.1171875,9.09781058577282,3.69998927203435,14338.5915716655,0,9.09781058577282,0.758150882147735,9.09781058577282,0,1.31044856474144,854,43,629.8828125,-7.5225378063185,637.405350306318,629.8828125
0.088,650.60207542777,2.88094697160348,0.144047348580174,3.40654450095692,68.1308900191385,9.08074412471195,0,1500,644.53125,855.46875,9.08074412471195,3.77379522366268,14390.2325597212,0,9.08074412471195,0.756728677059329,9.08074412471195,-1.77635683940025e-15,1.37789008754561,898,44,644.53125,-6.07082542777005,650.60207542777,644.53125
0.089,663.601897311626,2.84068235342387,0.142034117671194,3.47461140917076,69.4922281834151,9.06243513921289,0,1500,659.1796875,840.8203125,9.06243513921289,3.84635865085282,14433.2667164344,0,9.06243513921289,0.755202928267741,9.06243513921289,0,1.44670343391534,943,45,659.1796875,-4.42220981162643,663.601897311626,659.1796875
0.09,676.391783169407,2.79877103745761,0.139938551872881,3.54157909492252,70.8315818984504,9.13375604196485,0,1500,659.1796875,840.8203125,9.13375604196485,3.91767955360478,12027.7222636953,0,9.13375604196485,0.761146336830404,9.13375604196485,0,1.51686719152656,988,45,659.1796875,-17.2120956694074,676.391783169407,659.1796875
0.091,689.046562515199,2.78487631608652,0.139243815804326,3.60783936463175,72.1567872926349,9.0233321193384,0,1500,688.4765625,811.5234375,9.0233321193384,3.98900045635673,14905.9143864127,0,9.0233321193384,0.7519443432782,9.0233321193384,-1.77635683940025e-15,1.58836207871118,1035,47,688.4765625,-0.570000015198502,689.046562515199,688.4765625
0.092,701.491921443397,2.7240942190459,0.136204710952295,3.67300311159861,73.4600622319722,9.09216797321398,0,1500,688.4765625,811.5234375,9.09216797321398,4.05783631023231,12421.5953220106,0,9.09216797321398,0.757680664434499,9.09216797321398,0,1.66117312604584,1082,47,688.4765625,-13.0153589433974,701.491921443397,688.4765625
0.093,713.745115067317,2.70310440010625,0.135155220005313,3.73716068338514,74.7432136677028,8.97925900171116,0,1500,717.7734375,782.2265625,8.97925900171116,4.12667216410789,15234.1419350089,0,8.97925900171116,0.74827158347593,8.97925900171116,0,1.7352757532342,1131,49,717.7734375,4.02832243268301,713.745115067317,717.7734375
0.094,725.767595843314,2.63961457794122,0.131980728897061,3.8001102455248,76.002204910496,9.04560980671037,0,1500,717.7734375,782.2265625,9.04560980671037,4.1930229691071,12695.118279174,0,9.04560980671037,0.753800817225864,9.04560980671037,0,1.81065119165771,1180,49,717.7734375,-7.99415834331364,725.767595843314,717.7734375
0.095,737.589944867651,2.61755173206688,0.130877586603344,3.86201192026319,77.2402384052637,9.02108819902038,0,1500,732.421875,767.578125,9.02108819902038,4.2593737741063,13020.671482645,0,9.02108819902038,0.751757349918365,9.02108819902038,0,1.88727344201677,1230,50,732.421875,-5.16806986765062,737.589944867651,732.421875
0.096,749.258282569485,2.58226036355367,0.129113018177684,3.92310719360266,78.4621438720533,8.99532406689219,0,1500,747.0703125,752.9296875,8.99532406689219,4.32448205466732,13291.9658188709,0,8.99532406689219,0.749610338907683,8.99532406689219,0,1.96512620255176,1281,51,747.0703125,-2.18797006948478,749.258282569485,747.0703125
0.097,760.732559359403,2.54200841513117,0.127100420756558,3.98318636638344,79.6637273276687,9.05918982301502,0,1500,747.0703125,752.9296875,9.05918982301502,4.38834781079015,11076.6381823924,0,9.05918982301502,0.754932485251252,9.05918982301502,0,2.0441909088717,1332,51,747.0703125,-13.662246859403,760.732559359403,747.0703125
0.098,772.07754049391,2.52853867916445,0.126426933958222,4.04258854869557,80.8517709739115,9.03218316644866,0,1500,761.71875,738.28125,9.03218316644866,4.45221356691298,11671.9380686603,0,9.03218316644866,0.752681930537388,9.03218316644866,0,2.12444932942685,1384,52,761.71875,-10.3587904939102,772.07754049391,761.71875
0.099,783.294866460825,2.49638429493486,0.124819214746743,4.10132233011321,82.0264466022641,8.9130615727549,0,1500,791.015625,708.984375,8.9130615727549,4.51483679859763,14609.4275572169,0,8.9130615727549,0.742755131062908,8.9130615727549,0,2.20588987426941,1438,54,791.015625,7.72075853917545,783.294866460825,791.015625
0.1,794.248213560485,2.42857427607684,0.121428713803842,4.15867392141406,83.1734784282812,9.06407216825237,0,1500,776.3671875,723.6328125,9.06407216825237,4.5749749814059,9733.11671434745,0,9.06407216825237,0.755339347354364,9.06407216825237,-1.77635683940025e-15,2.2884927317954,1491,53,776.3671875,-17.8810260604847,794.248213560485,776.3671875
0.101,805.068654542977,2.43340382073715,0.121670191036858,4.21532961791272,84.3065923582545,8.94370805012042,0,1500,805.6640625,694.3359375,8.94370805012042,4.63635568865235,12993.7430952895,0,8.94370805012042,0.745309004176702,8.94370805012042,0,2.37223268288873,1546,55,805.6640625,0.595407957023326,805.068654542977,805.6640625
0.102,815.737575280937,2.37934061818101,0.118967030909051,4.27119195626624,85.4238391253247,9.00260370849051,0,1500,805.6640625,694.3359375,9.00260370849051,4.69525134702243,10828.1192460746,0,9.00260370849051,0.750216975707542,9.0026037084905,-1.77635683940025e-15,2.45710022709156,1601,55,805.6640625,-10.0735127809367,815.737575280937,805.6640625
0.103,826.235768410829,2.36059719257158,0.118029859628579,4.3261603669543,86.5232073390859,8.97062695417139,0,1500,820.3125,679.6875,8.97062695417139,4.75414700539251,11464.8389550622,0,8.97062695417139,0.747552246180949,8.97062695417139,0,2.54307462902981,1657,56,820.3125,-5.92326841082877,826.235768410829,820.3125
0.104,836.590805976331,2.32635014060773,0.116317507030387,4.38037921686001,87.6075843372002,8.93740767541408,0,1500,834.9609375,665.0390625,8.93740767541408,4.81180013932441,11995.4387125518,0,8.93740767541408,0.744783972951173,8.93740767541408,0,2.63014153765282,1714,57,834.9609375,-1.62986847633135,836.590805976331,834.9609375
0.105,846.755729140652,2.2862951304803,0.114314756524015,4.4336026300889,88.6720526017781,8.90294587221859,0,1500,849.609375,650.390625,8.90294587221859,4.86821074881812,12437.6051771265,0,8.90294587221859,0.741912156018216,8.90294587221859,0,2.71828310501131,1772,58,849.609375,2.85364585934758,846.755729140652,849.609375
0.106,856.713027665565,2.24404452945514,0.112202226472757,4.48573892324801,89.7147784649602,8.95811395727411,0,1500,849.609375,650.390625,8.95811395727411,4.92337883387363,10364.6709809388,0,8.95811395727411,0.746509496439509,8.95811395727411,0,2.80747835726207,1830,58,849.609375,-7.10365266556471,856.713027665565,849.609375
0.107,866.535865855319,2.229606591795,0.11148032958975,4.53717118373857,90.7434236747713,8.92240962964043,0,1500,864.2578125,635.7421875,8.92240962964043,4.97854691892915,11078.632067449,0,8.92240962964043,0.743534135803369,8.92240962964043,0,2.89770815343524,1889,59,864.2578125,-2.27805335531855,866.535865855319,864.2578125
0.108,876.229014952735,2.19686821356875,0.109843410678437,4.58792439372955,91.7584878745911,8.97633519025776,0,1500,864.2578125,635.7421875,8.97633519025776,5.03247247954649,9232.19338954081,0,8.97633519025776,0.74802793252148,8.97633519025776,-1.77635683940025e-15,2.98896055319107,1948,59,864.2578125,-11.9712024527348,876.229014952735,864.2578125
0.109,885.816724454554,2.18594233508733,0.109297116754366,4.638125523289,92.76251046578,8.93938833818589,0,1500,878.90625,621.09375,8.93938833818589,5.08639804016382,10134.900741284,0,8.93938833818589,0.744949028182158,8.93938833818589,0,3.08122160101451,2008,60,878.90625,-6.91047445455399,885.816724454554,878.90625
0.11,895.285541562439,2.15448056837728,0.107724028418864,4.68770413372953,93.7540826745906,8.90119896167583,0,1500,893.5546875,606.4453125,8.90119896167583,5.13908107634296,10887.1568677367,0,8.90119896167583,0.741766580139653,8.90119896167583,0,3.17448128687312,2069,61,893.5546875,-1.73085406243877,895.285541562439,893.5546875
0.111,904.573223590897,2.11533612732719,0.105766806366359,4.736334323112,94.72668646224,8.95263947341679,0,1500,893.5546875,606.4453125,8.95263947341679,5.19052158808392,9072.6307231139,0,8.95263947341679,0.746053289451399,8.95263947341679,-1.77635683940025e-15,3.26872337378384,2130,61,893.5546875,-11.0185360908974,904.573223590897,893.5546875
0.112,913.736269436772,2.10196013925807,0.105098006962904,4.78431191896851,95.6862383793703,8.91320757246855,0,1500,908.203125,591.796875,8.91320757246855,5.24196209982488,10001.9318525949,0,8.91320757246855,0.742767297705712,8.91320757246855,0,3.36393048084005,2192,62,908.203125,-5.53314443677232,913.736269436772,908.203125
0.113,922.773241901987,2.0695222144782,0.10347611072391,4.83162939614753,96.6325879229507,8.87253314708212,0,1500,922.8515625,577.1484375,8.87253314708212,5.29216008712765,10776.3494604958,0,8.87253314708212,0.739377762256843,8.87253314708212,0,3.46009131876056,2255,63,922.8515625,0.078320598012624,922.773241901987,922.8515625
0.114,931.626375361778,2.02995084310267,0.101497542155133,4.87798429454508,97.5596858909016,8.9214886099467,0,1500,922.8515625,577.1484375,8.9214886099467,5.34111554999223,8980.2912170798,0,8.9214886099467,0.743457384162225,8.9214886099467,0,3.5571891709463,2318,63,922.8515625,-8.77481286177783,931.626375361778,922.8515625
0.115,940.353837124532,2.01635262584017,0.100817631292009,4.92368117747567,98.4736235495134,8.87957166012209,0,1500,937.5,562.5,8.87957166012209,5.39007101285681,9924.98226423317,0,8.87957166012209,0.739964305010174,8.87957166012209,0,3.65520647483566,2382,64,937.5,-2.85383712453211,940.353837124532,937.5
0.116,948.954811976244,1.98376881124052,0.0991884405620262,4.96871577648875,99.3743155297751,8.83641218585928,0,1500,952.1484375,547.8515625,8.83641218585928,5.43778395128321,10712.2248035276,0,8.83641218585928,0.73636768215494,8.83641218585928,0,3.75413187054447,2447,65,952.1484375,3.19362552375583,948.954811976244,952.1484375
0.117,957.371766402139,1.94408006450565,0.0972040032252827,5.0127868468054,100.255736936108,8.88288259984749,0,1500,952.1484375,547.8515625,8.88288259984749,5.48425436527141,8926.8540029397,0,8.88288259984749,0.740240216653957,8.88288259984749,0,3.85394861228517,2512,65,952.1484375,-5.22332890213886,957.371766402139,952.1484375
0.118,965.662954559566,1.93037516716589,0.0965187583582944,5.05619940648025,101.123988129605,8.8384806011465,0,1500,966.796875,533.203125,8.8384806011465,5.53072477925962,9880.45125244975,0,8.8384806011465,0.736540050095541,8.8384806011465,0,3.95463912377666,2578,66,966.796875,1.1339204404336,965.662954559566,966.796875
0.119,973.827593958343,1.89768872788319,0.0948844363941596,5.09894935840426,101.978987168085,8.88370849069652,0,1500,966.796875,533.203125,8.88370849069652,5.57595266880964,8233.70937704146,0,8.88370849069652,0.740309040891376,8.88370849069652,0,4.05619203721725,2644,66,966.796875,-7.0307189583433,973.827593958343,966.796875
0.12,981.88786627549,1.88656128823706,0.0943280644118528,5.14115284556673,102.823056911335,8.92893638024654,0,1500,966.796875,533.203125,8.92893638024654,5.62118055835966,6861.42448086788,0,8.92893638024654,0.744078031687211,8.92893638024654,0,4.15859360012451,2710,66,966.796875,-15.0909912754903,981.88786627549,966.796875
0.121,989.909252264573,1.88346611989104,0.0941733059945521,5.18315272439158,103.663054487832,8.79241944441816,0,1500,996.09375,503.90625,8.79241944441816,5.66640844790968,10600.6662340566,0,8.79241944441816,0.73270162036818,8.79241944441816,0,4.26183686699399,2778,68,996.09375,6.18449773542739,989.909252264573,996.09375
0.122,997.756742930634,1.8260388489857,0.0913019424492852,5.22424208943427,104.484841788685,8.8351622850918,0,1500,996.09375,503.90625,8.8351622850918,5.70915128858333,8833.88852838048,0,8.8351622850918,0.73626352375765,8.8351622850918,0,4.36591325186092,2846,68,996.09375,-1.662992930634,997.756742930634,996.09375
0.123,1005.42498453271,1.80563101198809,0.0902815505994046,5.26439290857266,105.287858171453,8.87790512576545,0,1500,996.09375,503.90625,8.87790512576545,5.75189412925697,7361.5737736504,0,8.87790512576545,0.739825427147121,8.87790512576545,0,4.47080051904642,2914,68,996.09375,-9.33123453271094,1005.42498453271,996.09375
0.124,1013.02641573006,1.79901562804248,0.0899507814021241,5.30419390924993,106.083878184999,8.82977555374989,0,1500,1010.7421875,489.2578125,8.82977555374989,5.79463696993062,8576.05106137533,0,8.82977555374989,0.735814629479158,8.82977555374989,0,4.57648673829597,2983,69,1010.7421875,-2.28422823006099,1013.02641573006,1010.7421875
0.125,1020.52322567866,1.7688766373685,0.0884438318684248,5.34344711434971,106.868942286994,8.87127586998535,0,1500,1010.7421875,489.2578125,8.87127586998535,5.83613728616608,7146.70921781278,0,8.87127586998535,0.739272989165446,8.87127586998535,-1.77635683940025e-15,4.6829644628722,3052,69,1010.7421875,-9.78103817865701,1020.52322567866,1010.7421875
0.126,1027.92380086445,1.75860450197375,0.0879302250986877,5.38219643540978,107.643928708196,8.82190377353161,0,1500,1025.390625,474.609375,8.82190377353161,5.87763760240154,8396.99726484398,0,8.82190377353161,0.735158647794301,8.82190377353161,-1.77635683940025e-15,4.79022139724202,3122,70,1025.390625,-2.53317586445382,1027.92380086445,1025.390625
0.127,1035.20878021539,1.72707193971334,0.0863535969856671,5.42034049809389,108.406809961878,8.77128915263968,0,1500,1040.0390625,459.9609375,8.77128915263968,5.91789539419881,9438.90397070332,0,8.77128915263968,0.730940762719973,8.77128915263968,0,4.89824813582211,3193,71,1040.0390625,4.8302822846058,1035.20878021539,1040.0390625
0.128,1042.31372159725,1.68758710873312,0.084379355436656,5.45754188417626,109.150837683525,8.81030441999877,0,1500,1040.0390625,459.9609375,8.81030441999877,5.95691066155789,7865.75330891943,0,8.81030441999877,0.734192034999897,8.81030441999877,0,5.0070286530075,3264,71,1040.0390625,-2.27465909724992,1042.31372159725,1040.0390625
0.129,1049.29430623555,1.67377063082509,0.0836885315412543,5.49409213987202,109.88184279744,8.84931968735785,0,1500,1040.0390625,459.9609375,8.84931968735785,5.99592592891697,6554.79442409953,0,8.84931968735785,0.737443307279821,8.84931968735785,0,5.11654563301037,3335,71,1040.0390625,-9.25524373555299,1049.29430623555,1040.0390625
0.13,1056.22849668585,1.6695176115891,0.0834758805794551,5.53039947616742,110.607989523348,8.79746254202773,0,1500,1054.6875,445.3125,8.79746254202773,6.03494119627606,7903.73493674961,0,8.79746254202773,0.733121878502311,8.79746254202773,0,5.22679079638442,3407,72,1054.6875,-1.54099668584854,1056.22849668585,1054.6875
0.131,1063.06563777211,1.6401654753493,0.0820082737674652,5.566198663181,111.32397326362,8.83523528494863,0,1500,1054.6875,445.3125,8.83523528494863,6.07271393919695,6586.44578062467,0,8.83523528494863,0.736269607079052,8.83523528494863,0,5.33775805292927,3479,72,1054.6875,-8.37813777210772,1063.06563777211,1054.6875
0.132,1069.80933102021,1.63009329502209,0.0815046647511047,5.60150855845819,112.030171169164,8.78213561518032,0,1500,1069.3359375,430.6640625,8.78213561518032,6.11048668211785,7930.11106718723,0,8.78213561518032,0.73184463459836,8.78213561518032,0,5.4494356089187,3552,73,1069.3359375,-0.473393520213904,1069.80933102021,1069.3359375
0.133,1076.43843308274,1.59854211533329,0.0799271057666643,5.63621845569073,112.724369113815,8.81866583366303,0,1500,1069.3359375,430.6640625,8.81866583366303,6.14701690060056,6608.42588932269,0,8.81866583366303,0.734888819471919,8.81866583366303,0,5.56181424217713,3625,73,1069.3359375,-7.10249558273858,1076.43843308274,1069.3359375
0.134,1082.96754089651,1.58761967242324,0.0793809836211619,5.67040478426112,113.408095685222,8.76432363945654,0,1500,1083.984375,416.015625,8.76432363945654,6.18354711908326,7948.42782443557,0,8.76432363945654,0.730360303288045,8.76432363945654,0,5.67488099095218,3699,74,1083.984375,1.0168341034921,1082.96754089651,1083.984375
0.135,1089.37960783628,1.55572077561722,0.0777860387808609,5.7039782882483,114.079565764966,8.79961133350106,0,1500,1083.984375,416.015625,8.79961133350106,6.21883481312779,6623.68985369631,0,8.79961133350106,0.733300944458422,8.79961133350106,0,5.78862619676875,3773,74,1083.984375,-5.39523283627864,1089.37960783628,1083.984375
0.136,1095.69075730528,1.54463787760445,0.0772318938802223,5.73702338959416,114.740467791883,8.74402661485638,0,1500,1098.6328125,401.3671875,8.74402661485638,6.25412250717231,7961.14779474693,0,8.74402661485638,0.728668884571365,8.74402661485638,0,5.90303673421059,3848,75,1098.6328125,2.94205519472303,1095.69075730528,1098.6328125
0.137,1101.88451153902,1.51264832174914,0.0756324160874569,5.7694538109256,115.389076218512,8.77807178446272,0,1500,1098.6328125,401.3671875,8.77807178446272,6.28816767677864,6634.28982895577,0,8.77807178446272,0.73150598203856,8.77807178446272,0,6.01810288273009,3923,75,1098.6328125,-3.25169903901929,1101.88451153902,1098.6328125
0.138,1107.97720602312,1.50150079591406,0.0750750397957031,5.80135508464531,116.027101692906,8.81211695406905,0,1500,1098.6328125,401.3671875,8.81211695406905,6.32221284638498,5528.57485746314,0,8.81211695406905,0.734343079505754,8.81211695406905,0,6.13381149270336,3998,75,1098.6328125,-9.34439352312324,1107.97720602312,1098.6328125
0.139,1114.03214478661,1.49811868874214,0.0749059344371071,5.83305866987414,116.661173397483,8.75528971098619,0,1500,1113.28125,386.71875,8.75528971098619,6.35625801599131,7048.55196455262,0,8.75528971098619,0.729607475915516,8.75528971098619,0,6.25015583252016,4074,76,1113.28125,-0.75089478660675,1114.03214478661,1113.28125
0.14,1119.99321186762,1.46896767457105,0.0734483837285527,5.86427074412293,117.285414882459,8.78809235615433,0,1500,1113.28125,386.71875,8.78809235615433,6.38906066115946,5873.79330379385,0,8.78809235615433,0.732341029679528,8.78809235615433,0,6.3671303843614,4150,76,1113.28125,-6.71196186762131,1119.99321186762,1113.28125
0.141,1125.86197481329,1.4588471784791,0.0729423589239552,5.89499951504919,117.899990300984,8.73002258863328,0,1500,1127.9296875,372.0703125,8.73002258863328,6.4218633063276,7336.23400316154,0,8.73002258863328,0.727501882386107,8.73002258863328,0,6.48472356351395,4227,77,1127.9296875,2.06771268671469,1125.86197481329,1127.9296875
0.142,1131.61653302002,1.42715485491536,0.0713577427457679,5.92513031136074,118.502606227215,8.76158270936324,0,1500,1127.9296875,372.0703125,8.76158270936324,6.45342342705756,6113.52833596795,0,8.76158270936324,0.730131892446937,8.76158270936324,0,6.60292622149243,4304,77,1127.9296875,-3.68684552001946,1131.61653302002,1127.9296875
0.143,1137.27120183135,1.41605678688654,0.0708028393443269,5.95473808802102,119.09476176042,8.7931428300932,0,1500,1127.9296875,372.0703125,8.7931428300932,6.48498354778752,5094.60694663996,0,8.7931428300932,0.732761902507767,8.7931428300932,0,6.72172541987389,4381,77,1127.9296875,-9.34151433135344,1137.27120183135,1127.9296875
0.144,1142.88853287821,1.41263187184722,0.0706315935923609,5.98415036460367,119.683007292073,8.73383053813396,0,1500,1142.578125,357.421875,8.73383053813396,6.51654366851748,6686.91203886663,0,8.73383053813396,0.727819211511163,8.73383053813396,0,6.84111450382873,4459,78,1142.578125,-0.310407878210754,1142.88853287821,1142.578125
0.145,1148.41213012236,1.38340372161118,0.0691701860805592,6.013071852143,120.26143704286,8.76414813442573,0,1500,1142.578125,357.421875,8.76414813442573,6.54686126480925,5572.42669905553,0,8.76414813442573,0.730345677868811,8.76414813442573,0,6.96108798226318,4537,78,1142.578125,-5.83400512235562,1148.41213012236,1142.578125
0.146,1153.84345700472,1.37319334645745,0.0686596673228726,6.04151021319782,120.830204263956,8.7035933180283,0,1500,1157.2265625,342.7734375,8.7035933180283,6.57717886110103,7085.09516587961,0,8.7035933180283,0.725299443169025,8.7035933180283,0,7.08163427856593,4616,79,1157.2265625,3.38310549527546,1153.84345700472,1157.2265625
0.147,1159.16057437372,1.34140644222819,0.0670703221114094,6.06935057463901,121.38701149278,8.73266838988189,0,1500,1157.2265625,342.7734375,8.73266838988189,6.60625393295461,5904.24597156634,0,8.73266838988189,0.72772236582349,8.73266838988188,-1.77635683940025e-15,7.20274424543986,4695,79,1157.2265625,-1.93401187372092,1159.16057437372,1157.2265625
0.148,1164.37778344671,1.33021208729713,0.0665106043648567,6.09666781746557,121.933356349311,8.76174346173547,0,1500,1157.2265625,342.7734375,8.76174346173547,6.63532900480819,4920.20497630528,0,8.76174346173547,0.730145288477956,8.76174346173547,0,7.3244049430995,4774,79,1157.2265625,-7.15122094670687,1164.37778344671,1157.2265625
0.149,1169.55763082412,1.32669029448964,0.0663345147244818,6.12378943491155,122.475788698231,8.69994612089985,0,1500,1171.875,328.125,8.69994612089985,6.66440407666178,6541.57706358774,0,8.69994612089985,0.724995510074988,8.69994612089985,0,7.44660971442678,4854,80,1171.875,2.31736917588228,1169.55763082412,1171.875
0.15,1174.64371882286,1.29736509056588,0.064868254528294,6.15042012939883,123.008402587977,8.72777866831525,0,1500,1171.875,328.125,8.72777866831525,6.69223662407717,5451.31421965645,0,8.72777866831525,0.727314889026271,8.72777866831525,-1.77635683940025e-15,7.56935306571873,4934,80,1171.875,-2.76871882286287,1174.64371882286,1171.875
0.151,1179.6375104973,1.28705763980151,0.0643528819900755,6.17656756146211,123.531351229242,8.75561121573065,0,1500,1171.875,328.125,8.75561121573065,6.72006917149257,4542.76184971371,0,8.75561121573065,0.729634267977554,8.75561121573065,0,7.69262341765916,5014,80,1171.875,-7.76251049729785,1179.6375104973,1171.875
0.152,1184.5967694134,1.28383604598988,0.0641918022994938,6.20253418042555,124.050683608511,8.69257135045684,0,1500,1186.5234375,313.4765625,8.69257135045684,6.74790171890797,6227.04112476142,0,8.69257135045684,0.724380945871404,8.69257135045684,0,7.81641461925692,5095,81,1186.5234375,1.92666808660238,1184.5967694134,1186.5234375
0.153,1189.46331596241,1.25459247002288,0.0627296235011442,6.22801535857012,124.560307171402,8.71916137343405,0,1500,1186.5234375,313.4765625,8.71916137343405,6.77449174188518,5189.20093730119,0,8.71916137343405,0.726596781119505,8.71916137343405,0,7.9407213646426,5176,81,1186.5234375,-2.93987846241271,1189.46331596241,1186.5234375
0.154,1194.23794939889,1.24428523215559,0.0622142616077794,6.25301528078284,125.060305615657,8.74575139641126,0,1500,1186.5234375,313.4765625,8.74575139641126,6.80108176486239,4324.33411441765,0,8.74575139641126,0.728812616367605,8.74575139641126,0,8.06553214375652,5257,81,1186.5234375,-7.71451189889467,1194.23794939889,1186.5234375
0.155,1198.97818606939,1.24103353632201,0.0620516768161007,6.27783510195002,125.556702039,8.68146900669927,0,1500,1201.171875,298.828125,8.68146900669927,6.8276717878396,6045.01801201471,0,8.68146900669927,0.723455750558273,8.68146900669927,0,8.1908408306955,5339,82,1201.171875,2.19368893061005,1198.97818606939,1201.171875
0.156,1203.62575435037,1.21174858161805,0.0605874290809025,6.3021697125643,126.043394251286,8.7068165052383,0,1500,1201.171875,298.828125,8.7068165052383,6.85301928637862,5037.51501001226,0,8.7068165052383,0.725568042103191,8.7068165052383,0,8.31664212823191,5421,82,1201.171875,-2.45387935036501,1203.62575435037,1201.171875
0.157,1208.18141930514,1.20139578114701,0.0600697890573503,6.32602311848787,126.520462369757,8.73216400377732,0,1500,1201.171875,298.828125,8.73216400377732,6.87836678491764,4197.92917501022,0,8.73216400377732,0.72768033364811,8.73216400377732,0,8.44292452882998,5503,82,1201.171875,-7.00954430514162,1208.18141930514,1201.171875
0.158,1212.7026846312,1.19809698119711,0.0599048490598554,6.34969640837667,126.993928167533,8.66663908962714,0,1500,1215.8203125,284.1796875,8.66663908962714,6.90371428345667,5939.68056250851,0,8.66663908962714,0.722219924135595,8.66663908962714,0,8.56968190684062,5586,83,1215.8203125,3.11762786879876,1212.7026846312,1215.8203125
0.159,1217.13127408072,1.1687643650951,0.0584382182547553,6.37288444851064,127.457688970213,8.69074406372798,0,1500,1215.8203125,284.1796875,8.69074406372798,6.9278192575575,4949.73380209043,0,8.69074406372798,0.724228671977331,8.69074406372798,-1.77635683940025e-15,8.69690896445384,5669,83,1215.8203125,-1.31096158072364,1217.13127408072,1215.8203125
0.16,1221.46795108134,1.15836371240909,0.0579181856204546,6.39559123618754,127.911824723751,8.71484903782881,0,1500,1215.8203125,284.1796875,8.71484903782881,6.95192423165834,4124.77816840869,0,8.71484903782881,0.726237419819068,8.71484903782881,0,8.8245941932492,5752,83,1215.8203125,-5.6476385813437,1221.46795108134,1215.8203125
0.161,1225.77021880714,1.15501700573329,0.0577508502866647,6.41811785732278,128.362357146456,8.64808159924045,0,1500,1230.46875,269.53125,8.64808159924045,6.97602920575917,5878.72139034058,0,8.64808159924045,0.720673466603371,8.64808159924045,-1.77635683940025e-15,8.95273146658924,5836,84,1230.46875,4.69853119285881,1225.77021880714,1230.46875
0.162,1229.97980090013,1.12563647895298,0.0562818239476489,6.44015917761947,128.803183552389,8.6709440489031,0,1500,1230.46875,269.53125,8.6709440489031,6.99889165542182,4898.93449195048,0,8.6709440489031,0.722578670741925,8.6709440489031,0,9.08131548564603,5920,84,1230.46875,0.488949099870069,1229.97980090013,1230.46875
0.163,1234.09746083059,1.11518793025077,0.0557593965125384,6.46171919459865,129.234383891973,8.69380649856574,0,1500,1230.46875,269.53125,8.69380649856574,7.02175410508447,4082.44540995873,0,8.69380649856574,0.724483874880478,8.69380649856574,0,9.21033474097889,6004,84,1230.46875,-3.62871083058735,1234.09746083059,1230.46875
0.164,1238.18070187103,1.11179334893701,0.0555896674468507,6.48309899469114,129.661979893823,8.71666894822839,0,1500,1230.46875,269.53125,8.71666894822839,7.04461655474711,3402.03784163228,0,8.71666894822839,0.726389079019032,8.71666894822839,0,9.33978310493806,6088,84,1230.46875,-7.71195187103012,1238.18070187103,1230.46875
0.165,1242.25095042,1.11102732235191,0.0555513661175955,6.50441076625737,130.088215325147,8.64865898520184,0,1500,1245.1171875,254.8828125,8.64865898520184,7.06747900440976,5276.43778469357,0,8.64865898520184,0.720721582100153,8.64865898520184,0,9.4696582767177,6173,85,1245.1171875,2.8662370799957,1242.25095042,1245.1171875
0.166,1246.23648899637,1.08257871126361,0.0541289355631804,6.52527899744423,130.505579948885,8.6702789104263,0,1500,1245.1171875,254.8828125,8.6702789104263,7.08909892963422,4397.03148724464,0,8.6702789104263,0.722523242535525,8.6702789104263,0,9.59995638250346,6258,85,1245.1171875,-1.11930149637192,1246.23648899637,1245.1171875
0.167,1250.13307334216,1.07244780535193,0.0536223902675964,6.54568146536895,130.913629307379,8.69189883565076,0,1500,1245.1171875,254.8828125,8.69189883565076,7.11071885485868,3664.1929060372,0,8.69189883565076,0.724324902970896,8.69189883565076,0,9.7306664433974,6343,85,1245.1171875,-5.01588584216233,1250.13307334216,1245.1171875
0.168,1253.99634104231,1.06914201569274,0.0534571007846368,6.56590948774498,131.3181897549,8.71351876087522,0,1500,1245.1171875,254.8828125,8.71351876087522,7.13233878008314,3053.49408836433,0,8.71351876087522,0.726126563406268,8.71351876087522,0,9.86178252904346,6428,85,1245.1171875,-8.87915354230563,1253.99634104231,1245.1171875
0.169,1257.84702344143,1.06837952660697,0.0534189763303485,6.58607161363899,131.72143227278,8.64426627341048,0,1500,1259.765625,240.234375,8.64426627341048,7.1539587053076,4985.98465697028,0,8.64426627341048,0.720355522784206,8.64426627341048,-1.77635683940025e-15,9.99330241177544,6514,86,1259.765625,1.91860155856784,1257.84702344143,1259.765625
0.17,1261.61314414841,1.0399026988586,0.05199513494293,6.60579097554828,132.115819510966,8.66464367419675,0,1500,1259.765625,240.234375,8.66464367419675,7.17433610609387,4154.9872141419,0,8.66464367419675,0.722053639516396,8.66464367419675,0,10.1252222446674,6600,86,1259.765625,-1.84751914841058,1261.61314414841,1259.765625
0.171,1265.29036248936,1.02973175456961,0.0514865877284806,6.62504484575759,132.500896915152,8.68502107498302,0,1500,1259.765625,240.234375,8.68502107498302,7.19471350688015,3462.48934511825,0,8.68502107498302,0.723751756248585,8.68502107498302,0,10.2575310584828,6686,86,1259.765625,-5.52473748936404,1265.29036248936,1259.765625
0.172,1268.93428017332,1.02638153095091,0.0513190765475456,6.64412435413461,132.882487082692,8.6145260630801,0,1500,1274.4140625,225.5859375,8.6145260630801,7.21509090766642,5326.81403759854,0,8.6145260630801,0.717877171923341,8.6145260630801,0,10.3902229261135,6773,87,1274.4140625,5.47978232667606,1268.93428017332,1274.4140625
0.173,1272.48591258545,0.996910627799584,0.0498455313899792,6.66272065795825,133.254413159165,8.63366093942818,0,1500,1274.4140625,225.5859375,8.63366093942818,7.2342257840145,4439.01169799878,0,8.63366093942818,0.719471744952348,8.63366093942818,0,10.5232926217337,6860,87,1274.4140625,1.92814991455089,1272.48591258545,1274.4140625
0.174,1275.94575949198,0.986339374586683,0.0493169687293342,6.6808363739984,133.616727479968,8.65279581577627,0,1500,1274.4140625,225.5859375,8.65279581577627,7.25336066036259,3699.17641499899,0,8.65279581577627,0.721066317981356,8.65279581577627,0,10.6567286617827,6947,87,1274.4140625,-1.53169699197633,1275.94575949198,1274.4140625
0.175,1279.37122608669,0.982810076967548,0.0491405038483774,6.69877207514685,133.975441502937,8.67193069212435,0,1500,1274.4140625,225.5859375,8.67193069212435,7.27249553671068,3082.64701249916,0,8.67193069212435,0.722660891010363,8.67193069212435,0,10.7905249269519,7034,87,1274.4140625,-4.95716358668938,1279.37122608669,1274.4140625
0.176,1282.78370239434,0.981904891125788,0.0490952445562894,6.71663975931126,134.332795186225,8.69106556847244,0,1500,1274.4140625,225.5859375,8.69106556847244,7.29163041305876,2568.87251041596,0,8.69106556847244,0.72425546403937,8.69106556847244,0,10.9246791182604,7121,87,1274.4140625,-8.36963989433502,1282.78370239434,1274.4140625
0.177,1286.19116018562,0.981977848493964,0.0490988924246982,6.73448116658548,134.68962333171,8.61932803213132,0,1500,1289.0625,210.9375,8.61932803213132,7.31076528940685,4582.1333420133,0,8.61932803213132,0.718277336010944,8.61932803213132,0,11.0591903603307,7209,88,1289.0625,2.87133981437592,1286.19116018562,1289.0625
0.178,1289.5168693024,0.953753350729492,0.0476876675364746,6.75189453880087,135.037890776017,8.63722038404122,0,1500,1289.0625,210.9375,8.63722038404122,7.32865764131675,3818.44445167775,0,8.63722038404122,0.719768365336769,8.63722038404122,0,11.1940553094128,7297,88,1289.0625,-0.454369302397026,1289.5168693024,1289.0625
0.179,1292.75471803689,0.943617500034636,0.0471808750017318,6.76884787513039,135.376957502608,8.65511273595112,0,1500,1289.0625,210.9375,8.65511273595112,7.34654999322664,3182.03704306479,0,8.65511273595112,0.721259394662593,8.65511273595112,0,11.3292631830993,7385,88,1289.0625,-3.69221803688856,1292.75471803689,1289.0625
0.18,1295.95964834402,0.940221449837291,0.0470110724918646,6.78562885097732,135.712577019546,8.67300508786102,0,1500,1289.0625,210.9375,8.67300508786102,7.36444234513654,2651.69753588733,0,8.67300508786102,0.722750423988418,8.67300508786102,0,11.4648081232584,7473,88,1289.0625,-6.8971483440223,1295.95964834402,1289.0625
0.181,1299.15213252316,0.939336938404734,0.0469668469202367,6.80234465905047,136.046893181009,8.60002502708172,0,1500,1303.7109375,196.2890625,8.60002502708172,7.38233469704644,4651.15419657277,0,8.60002502708172,0.71666875225681,8.60002502708172,-1.77635683940025e-15,11.6006879281635,7562,89,1303.7109375,4.55880497683779,1299.15213252316,1303.7109375
0.182,1302.26009779516,0.910726278835729,0.0455363139417864,6.81861792716065,136.372358543213,8.61667485455343,0,1500,1303.7109375,196.2890625,8.61667485455343,7.39898452451815,3875.96183047731,0,8.61667485455343,0.718056237879452,8.61667485455343,0,11.7368987595969,7651,89,1303.7109375,1.45083970484302,1302.26009779516,1303.7109375
0.183,1305.27916769784,0.900417126593755,0.0450208563296877,6.83442574020558,136.688514804112,8.63332468202514,0,1500,1303.7109375,196.2890625,8.63332468202514,7.41563435198986,3229.96819206443,0,8.63332468202514,0.719443723502095,8.63332468202514,0,11.8734296506237,7740,89,1303.7109375,-1.56823019784497,1305.27916769784,1303.7109375
0.184,1308.26493072803,0.896927088017416,0.0448463544008708,6.85005915887389,137.001183177478,8.64997450949685,0,1500,1303.7109375,196.2890625,8.64997450949685,7.43228417946157,2691.64016005369,0,8.64997450949685,0.720831209124738,8.64997450949685,0,12.0102746740628,7829,89,1303.7109375,-4.55399322802782,1308.26493072803,1303.7109375
0.185,1311.2381001066,0.895978145452255,0.0447989072726128,6.86562663733655,137.312532746731,8.66662433696856,0,1500,1303.7109375,196.2890625,8.66662433696856,7.44893400693328,2243.03346671141,0,8.66662433696856,0.72221869474738,8.66662433696856,-1.77635683940025e-15,12.1474316021668,7918,89,1303.7109375,-7.52716260659963,1311.2381001066,1303.7109375
0.186,1314.20639549132,0.895976425433968,0.0447988212716984,6.8811685956271,137.623371912542,8.59240175175107,0,1500,1318.359375,181.640625,8.59240175175107,7.46558383440499,4310.60080559284,0,8.59240175175107,0.716033479312589,8.59240175175107,0,12.284899585755,8008,90,1318.359375,4.15297950867762,1314.20639549132,1318.359375
0.187,1317.09299283815,0.867665738645666,0.0433832869322833,6.89628278399152,137.92565567983,8.6078090547846,0,1500,1318.359375,181.640625,8.6078090547846,7.48099113743852,3592.16733799403,0,8.6078090547846,0.71731742123205,8.6078090547846,0,12.422675290499,8098,90,1318.359375,1.26638216185461,1317.09299283815,1318.359375
0.188,1319.89174550368,0.857439418420878,0.0428719709210439,6.91093701868028,138.218740373606,8.62321635781812,0,1500,1318.359375,181.640625,8.62321635781812,7.49639844047204,2993.47278166169,0,8.62321635781812,0.71860136315151,8.62321635781812,0,12.5607479371681,8188,90,1318.359375,-1.5323705036792,1319.89174550368,1318.359375
0.189,1322.65758246981,0.853951312185765,0.0426975656092883,6.92541890717001,138.5083781434,8.63862366085164,0,1500,1318.359375,181.640625,8.63862366085164,7.51180574350556,2494.56065138475,0,8.63862366085164,0.71988530507097,8.63862366085164,0,12.699111668485,8278,90,1318.359375,-4.29820746981432,1322.65758246981,1318.359375
0.19,1325.41097124493,0.852974161801651,0.0426487080900826,6.93983561708396,138.796712341679,8.65403096388517,0,1500,1318.359375,181.640625,8.65403096388517,7.52721304653909,2078.80054282062,0,8.65403096388517,0.721169246990431,8.65403096388517,0,12.8377642827166,8368,90,1318.359375,-7.05159624492671,1325.41097124493,1318.359375
0.191,1328.15953994513,0.852933005335512,0.0426466502667756,6.95422708914468,139.084541782894,8.57856585422949,0,1500,1333.0078125,166.9921875,8.57856585422949,7.54262034957261,4173.74003568385,0,8.57856585422949,0.714880487852458,8.57856585422949,0,12.9767049403455,8459,91,1333.0078125,4.84827255487266,1328.15953994513,1333.0078125
0.192,1330.82643042431,0.824578699355276,0.0412289349677638,6.96819089504024,139.363817900805,8.59273063282482,0,1500,1333.0078125,166.9921875,8.59273063282482,7.55678512816795,3478.11669640321,0,8.59273063282482,0.716060886068735,8.59273063282482,0,13.1159303106148,8550,91,1333.0078125,2.18138207568859,1330.82643042431,1333.0078125
0.193,1333.40548333733,0.814307202279497,0.0407153601139749,6.98169478451485,139.633895690297,8.60689541142016,0,1500,1333.0078125,166.9921875,8.60689541142016,7.57094990676328,2898.43058033601,0,8.60689541142016,0.717241284285013,8.60689541142016,0,13.2554296155965,8641,91,1333.0078125,-0.397670837331589,1333.40548333733,1333.0078125
0.194,1335.95162293741,0.810773339556151,0.0405386669778075,6.99502634028586,139.900526805717,8.6210601900155,0,1500,1333.0078125,166.9921875,8.6210601900155,7.58511468535862,2415.35881694667,0,8.6210601900155,0.718421682501291,8.6210601900155,0,13.3951969984703,8732,91,1333.0078125,-2.94381043740555,1335.95162293741,1333.0078125
0.195,1338.48531497474,0.809750217419932,0.0404875108709966,7.00829272077075,140.165854415415,8.63522496861083,0,1500,1333.0078125,166.9921875,8.63522496861083,7.59927946395395,2012.79901412223,0,8.63522496861083,0.719602080717569,8.63522496861083,-1.77635683940025e-15,13.5352302576462,8823,91,1333.0078125,-5.47750247473573,1338.48531497474,1333.0078125
0.196,1341.01418691393,0.809663009683496,0.0404831504841748,7.02153386328081,140.430677265616,8.55851733451697,0,1500,1347.65625,152.34375,8.55851733451697,7.61344424254929,4118.73876176852,0,8.55851733451697,0.713209777876414,8.55851733451697,0,13.6755285536328,8915,92,1347.65625,6.64206308607186,1341.01418691393,1347.65625
0.197,1343.46138036964,0.781262623480448,0.0390631311740224,7.03434733825144,140.686946765029,8.66231200136332,0,1500,1333.0078125,166.9921875,8.66231200136332,7.62636649670644,990.87605147377,0,8.66231200136332,0.721859333446943,8.66231200136331,-1.77635683940025e-15,13.8160885556564,9006,91,1333.0078125,-10.4535678696411,1343.46138036964,1333.0078125
0.198,1345.90043854947,0.799607387228337,0.0399803693614168,7.04711821701715,140.942364340343,8.58560436726945,0,1500,1347.65625,152.34375,8.58560436726945,7.64053127530177,3267.13629289481,0,8.58560436726945,0.715467030605788,8.58560436726945,0,13.9569024847789,9098,92,1347.65625,1.75581145053229,1345.90043854947,1347.65625
0.199,1348.31380460236,0.778075195328696,0.0389037597664348,7.0597545721208,141.195091442416,8.5985266214266,0,1500,1347.65625,152.34375,8.5985266214266,7.65345352945892,2722.61357741234,0,8.5985266214266,0.716543885118883,8.5985266214266,0,14.0979721207562,9190,92,1347.65625,-0.657554602361415,1348.31380460236,1347.65625
0.2,1350.66019661521,0.770317456959635,0.0385158728479817,7.07204025197081,141.440805039416,8.61144887558375,0,1500,1347.65625,152.34375,8.61144887558375,7.66637578361607,2268.84464784362,0,8.61144887558375,0.717620739631979,8.61144887558375,0,14.2392904116852,9282,92,1347.65625,-3.00394661520954,1350.66019661521,1347.65625
0.201,1352.98145311467,0.767692170827133,0.0383846085413566,7.08419432258047,141.683886451609,8.6243711297409,0,1500,1347.65625,152.34375,8.6243711297409,7.67929803777322,1890.70387320301,0,8.6243711297409,0.718697594145075,8.6243711297409,0,14.3808528894459,9374,92,1347.65625,-5.32520311466715,1352.98145311467,1347.65625
0.202,1355.293164421,0.766979568244856,0.0383489784122428,7.09629841467582,141.925968293516,8.54642097120885,0,1500,1362.3046875,137.6953125,8.54642097120885,7.69222029193037,4016.99281100251,0,8.54642097120885,0.712201747600737,8.54642097120885,0,14.5226578703214,9467,93,1362.3046875,7.01152307899588,1355.293164421,1362.3046875
0.203,1357.52143885263,0.738317697972703,0.0369158848986351,7.10796563231678,142.159312646336,8.64897311361701,0,1500,1347.65625,152.34375,8.64897311361701,7.70390002164933,906.08775916876,0,8.64897311361701,0.720747759468084,8.64897311361701,0,14.6647017092191,9559,92,1347.65625,-9.86518885262967,1357.52143885263,1347.65625
0.204,1359.74092489821,0.75653655502992,0.037826827751496,7.11958683407599,142.39173668152,8.57102295508496,0,1500,1362.3046875,137.6953125,8.57102295508496,7.71682227580648,3196.47938264063,0,8.57102295508496,0.714251912923746,8.57102295508496,0,14.8069765103074,9652,93,1362.3046875,2.56376260179491,1359.74092489821,1362.3046875
0.205,1361.93447747537,0.734928963408133,0.0367464481704066,7.1310722485121,142.621444970242,8.58270268480392,0,1500,1362.3046875,137.6953125,8.58270268480392,7.72850200552544,2663.73281886719,0,8.58270268480392,0.71522522373366,8.58270268480392,0,14.9494840100007,9745,93,1362.3046875,0.370210024634162,1361.93447747537,1362.3046875
0.206,1364.06096805721,0.727114637559626,0.0363557318779813,7.14220652716184,142.844130543237,8.59438241452288,0,1500,1362.3046875,137.6953125,8.59438241452288,7.7401817352444,2219.777349056,0,8.59438241452288,0.716198534543573,8.59438241452288,0,15.0922171404549,9838,93,1362.3046875,-1.75628055720699,1364.06096805721,1362.3046875
0.207,1366.16229229105,0.72443976771428,0.036221988385714,7.15320903512159,143.064180702432,8.60606214424184,0,1500,1362.3046875,137.6953125,8.60606214424184,7.75186146496336,1849.81445754666,0,8.60606214424184,0.717171845353487,8.60606214424184,0,15.2351714278148,9931,93,1362.3046875,-3.85760479105056,1366.16229229105,1362.3046875
0.208,1368.25406175241,0.723680185755624,0.0361840092877812,7.16416151440962,143.283230288192,8.5268694612716,0,1500,1376.953125,123.046875,8.5268694612716,7.76354119468232,3982.91829795555,0,8.5268694612716,0.710572455105967,8.5268694612716,-1.77635683940025e-15,15.3783451864281,10025,94,1376.953125,8.6990632475879,1368.25406175241,1376.953125
0.209,1370.26239265288,0.694972301410731,0.0347486150705365,7.17467711041441,143.493542208288,8.62817907924158,0,1500,1362.3046875,137.6953125,8.62817907924158,7.7739783999631,877.692331629627,0,8.62817907924158,0.719014923270132,8.62817907924158,0,15.5217347706795,10118,93,1362.3046875,-7.95770515287586,1370.26239265288,1362.3046875
0.21,1372.2619363963,0.713145499110041,0.035657274955502,7.18514669697256,143.702933939451,8.54898639627134,0,1500,1376.953125,123.046875,8.54898639627134,7.78565812968206,3172.81652635802,0,8.54898639627134,0.712415533022612,8.54898639627134,0,15.6653322847386,10212,94,1376.953125,4.69118860369531,1372.2619363963,1376.953125
0.211,1374.23554896123,0.691492375424227,0.0345746187712114,7.19548050819758,143.909610163952,8.65029601424131,0,1500,1362.3046875,137.6953125,8.65029601424131,7.79609533496283,202.607521965019,0,8.65029601424131,0.720858001186776,8.65029601424131,0,15.8091394652135,10305,93,1362.3046875,-11.9308614612341,1374.23554896123,1362.3046875
0.212,1376.22180482957,0.712294911309904,0.0356147455654952,7.20588051960442,144.117610392088,8.57110333127108,0,1500,1376.953125,123.046875,8.57110333127108,7.8077750646818,2610.24585163752,0,8.57110333127108,0.714258610939256,8.57110333127108,0,15.9531522435454,10399,94,1376.953125,0.731320170433946,1376.22180482957,1376.953125
0.213,1378.19011868633,0.691622327465529,0.0345811163732764,7.21618658685839,144.323731737168,8.58154053655185,0,1500,1376.953125,123.046875,8.58154053655185,7.81821226996257,2175.2048763646,0,8.58154053655185,0.715128378045987,8.58154053655185,0,16.0973737827796,10493,94,1376.953125,-1.2369936863347,1378.19011868633,1376.953125
0.214,1380.09435446908,0.684128744452796,0.0342064372226398,7.22615714210133,144.523142842027,8.50110532914342,0,1500,1391.6015625,108.3984375,8.50110532914342,7.82864947524334,4254.07698030383,0,8.50110532914342,0.708425444095285,8.50110532914342,0,16.2417975472822,10588,95,1391.6015625,11.5072080309239,1380.09435446908,1391.6015625
0.215,1381.89483943367,0.652883391649446,0.0326441695824723,7.23558445933079,144.711689186616,8.60117242267521,0,1500,1376.953125,123.046875,8.60117242267521,7.83784415608593,1103.65790025319,0,8.60117242267521,0.716764368556267,8.60117242267521,-1.77635683940025e-15,16.3864162631413,10682,94,1376.953125,-4.94171443367327,1381.89483943367,1376.953125
0.216,1383.67897101774,0.670082624615077,0.0335041312307538,7.24492615046005,144.898523009201,8.61160962795598,0,1500,1376.953125,123.046875,8.61160962795598,7.84828136136671,919.71491687766,0,8.61160962795598,0.717634135662999,8.61160962795598,0,16.5312206828896,10776,94,1376.953125,-6.72584601774361,1383.67897101774,1376.953125
0.217,1385.51405662432,0.676700400022365,0.0338350200011183,7.25453463622727,145.090692724545,8.53117442054756,0,1500,1391.6015625,108.3984375,8.53117442054756,7.85871856664748,3207.83534739805,0,8.53117442054756,0.710931201712296,8.53117442054756,0,16.6762150387371,10871,95,1391.6015625,6.08750587567738,1385.51405662432,1391.6015625
0.218,1387.28825626214,0.650713920494296,0.0325356960247148,7.26382432380753,145.276486476151,8.63124151407935,0,1500,1376.953125,123.046875,8.63124151407935,7.86791324749007,231.789872831709,0,8.63124151407935,0.719270126173279,8.63124151407935,0,16.8213997123145,10965,94,1376.953125,-10.3351312621355,1387.28825626214,1376.953125
0.219,1389.06207982248,0.669873825575101,0.033493691278755,7.27311204225076,145.462240845015,8.55080630667092,0,1500,1391.6015625,108.3984375,8.55080630667092,7.87835045277084,2634.56447735976,0,8.55080630667092,0.712567192222577,8.55080630667092,0,16.9667683091379,11060,95,1391.6015625,2.53948267752298,1389.06207982248,1391.6015625
0.22,1390.81311444425,0.648561088109507,0.0324280544054753,7.28228043809066,145.645608761813,8.56000098751351,0,1500,1391.6015625,108.3984375,8.56000098751351,7.88754513361343,2195.4703977998,0,8.56000098751351,0.713333415626126,8.56000098751351,0,17.1123231260714,11155,95,1391.6015625,0.788448055750678,1390.81311444425,1391.6015625
0.221,1392.49826883663,0.640800836010457,0.0320400418005229,7.29110388585609,145.822077717122,8.56919566835609,0,1500,1391.6015625,108.3984375,8.56919566835609,7.89673981445601,1829.55866483317,0,8.56919566835609,0.714099639029674,8.56919566835609,-1.77635683940025e-15,17.2580573051544,11250,95,1391.6015625,-0.896706336627176,1392.49826883663,1391.6015625
0.222,1394.15870723875,0.638090305316213,0.0319045152658107,7.29979792099918,145.995958419984,8.57839034919868,0,1500,1391.6015625,108.3984375,8.57839034919868,7.9059344952986,1524.6322206943,0,8.57839034919868,0.714865862433223,8.57839034919868,0,17.4039664517895,11345,95,1391.6015625,-2.5571447387531,1394.15870723875,1391.6015625
0.223,1395.80976858772,0.637261603613946,0.0318630801806973,7.30844285800673,146.168857160135,8.58758503004127,0,1500,1391.6015625,108.3984375,8.58758503004127,7.91512917614119,1270.52685057859,0,8.58758503004127,0.715632085836772,8.58758503004127,0,17.5500489109006,11440,95,1391.6015625,-4.20820608771669,1395.80976858772,1391.6015625
0.224,1397.45717002142,0.637134458872355,0.0318567229436177,7.31706863174282,146.341372634856,8.50590729819465,0,1500,1406.25,93.75,8.50590729819465,7.92432385698377,3500.17862548216,0,8.50590729819465,0.708825608182888,8.50590729819465,0,17.6963040483199,11536,96,1406.25,8.79282997857558,1397.45717002142,1406.25
0.225,1399.02334120155,0.608606778383724,0.0304303389191862,7.32526908486573,146.505381697315,8.60473186728825,0,1500,1391.6015625,108.3984375,8.60473186728825,7.93227601338817,475.40927123513,0,8.60473186728825,0.717060988940688,8.60473186728825,0,17.8427286114558,11631,95,1391.6015625,-7.42177870155024,1399.02334120155,1391.6015625
0.226,1400.5815598654,0.626791659189226,0.0313395829594613,7.33342789871081,146.668557974216,8.52305413544164,0,1500,1406.25,93.75,8.52305413544164,7.94147069423076,2837.58064269594,0,8.52305413544164,0.710254511286803,8.52305413544164,0,17.9893148521608,11727,96,1406.25,5.66844013459581,1400.5815598654,1406.25
0.227,1402.11417004127,0.60508740147862,0.030254370073931,7.34145262682632,146.829052536526,8.62187870453524,0,1500,1391.6015625,108.3984375,8.62187870453524,7.94942285063516,-76.7557144200487,0,8.62187870453524,0.718489892044603,8.62187870453524,0,18.136064563302,11822,95,1391.6015625,-10.5126075412661,1402.11417004127,1391.6015625
0.228,1403.65955531378,0.625815368771353,0.0312907684385677,7.34954424519149,146.99088490383,8.54020097268863,0,1500,1406.25,93.75,8.54020097268863,7.95861753147775,2377.44315464996,0,8.54020097268863,0.711683414390719,8.54020097268862,-1.77635683940025e-15,18.2829736985008,11918,96,1406.25,2.59044468621778,1403.65955531378,1406.25
0.229,1405.18705908804,0.605059454997483,0.0302529727498742,7.35754223625073,147.150844725015,8.54815312909302,0,1500,1406.25,93.75,8.54815312909302,7.96656968788214,1981.20262887497,0,8.54815312909302,0.712346094091085,8.54815312909302,0,18.4300454302693,12014,96,1406.25,1.06294091195809,1405.18705908804,1406.25
0.23,1406.65051858975,0.597479247955738,0.0298739623977869,7.36520489228306,147.304097845661,8.55610528549742,0,1500,1406.25,93.75,8.55610528549742,7.97452184428654,1651.00219072914,0,8.55610528549742,0.713008773791452,8.55610528549742,0,18.5772732276876,12110,96,1406.25,-0.40051858975221,1406.65051858975,1406.25
0.231,1408.0899536083,0.594808365534293,0.0297404182767146,7.37274175641573,147.454835128315,8.56405744190182,0,1500,1406.25,93.75,8.56405744190182,7.98247400069094,1375.83515894095,0,8.56405744190182,0.713671453491818,8.56405744190182,0,18.7246528187937,12206,96,1406.25,-1.83995360830295,1408.0899536083,1406.25
0.232,1409.52027658998,0.593966984695083,0.0296983492347542,7.38023091003491,147.604618200698,8.57200959830622,0,1500,1406.25,93.75,8.57200959830622,7.99042615709534,1146.52929911746,0,8.57200959830622,0.714334133192185,8.57200959830622,-1.77635683940025e-15,18.8721825949798,12302,96,1406.25,-3.27027658998372,1409.52027658998,1406.25
0.233,1410.94704567422,0.593807645798746,0.0296903822899373,7.38770145549058,147.754029109812,8.48908934202142,0,1500,1420.8984375,79.1015625,8.48908934202142,7.99837831349974,3396.84733259788,0,8.48908934202142,0.707424111835118,8.48908934202142,-1.77635683940025e-15,19.0198619401584,12399,97,1420.8984375,9.95139182578032,1410.94704567422,1420.8984375
0.234,1412.29263118554,0.565240481357165,0.0282620240678583,7.39474692475247,147.894938495049,8.58667138667683,0,1500,1406.25,93.75,8.58667138667683,8.00508794546595,389.299860498234,0,8.58667138667683,0.715555948889736,8.58667138667683,0,19.1676876092316,12495,96,1406.25,-6.04263118553718,1412.29263118554,1406.25
0.235,1413.6302886564,0.583383143436956,0.0291691571718478,7.40175088289159,148.035017657832,8.59462354308123,0,1500,1406.25,93.75,8.59462354308123,8.01304010187035,324.416550415195,0,8.59462354308123,0.716218628590103,8.59462354308123,0,19.3156518575907,12591,96,1406.25,-7.3802886563974,1413.6302886564,1406.25
0.236,1415.02205638442,0.590297980724023,0.0295148990362011,7.40903816167467,148.180763233493,8.51170328679643,0,1500,1420.8984375,79.1015625,8.51170328679643,8.02099225827475,2711.753375346,0,8.51170328679643,0.709308607233036,8.51170328679643,0,19.4637594791807,12688,97,1420.8984375,5.87638111558363,1415.02205638442,1420.8984375
0.237,1416.35413102709,0.564367700143403,0.0282183850071702,7.41601288819379,148.320257763876,8.51841291876264,0,1500,1420.8984375,79.1015625,8.51841291876264,8.02770189024096,2259.794479455,0,8.51841291876264,0.70986774323022,8.51841291876264,0,19.6120110667072,12785,97,1420.8984375,4.54430647290633,1416.35413102709,1420.8984375
0.238,1417.60658811855,0.554831669967339,0.027741583498367,7.42257073818954,148.451414763791,8.61599496341805,0,1500,1406.25,93.75,8.61599496341805,8.03441152220717,-558.244183787503,0,8.61599496341805,0.717999580284838,8.61599496341805,0,19.7603973070675,12881,96,1406.25,-11.356588118548,1417.60658811855,1406.25
0.239,1418.9089256672,0.580066440906643,0.0290033220453322,7.42938976164845,148.587795232969,8.53307470713325,0,1500,1420.8984375,79.1015625,8.53307470713325,8.04236367861157,1976.20276351041,0,8.53307470713325,0.711089558927771,8.53307470713325,-1.77635683940025e-15,19.9089158912309,12978,97,1420.8984375,1.98951183279792,1418.9089256672,1420.8984375
0.24,1420.20721708432,0.560962874610473,0.0280481437305236,7.43618759961215,148.723751992243,8.53978433909946,0,1500,1420.8984375,79.1015625,8.53978433909946,8.04907331057778,1646.83563625868,0,8.53978433909946,0.711648694924955,8.53978433909946,0,20.05757246165,13075,97,1420.8984375,0.691220415684938,1420.20721708432,1420.8984375
0.241,1421.44662971356,0.553971497728113,0.0276985748864056,7.44267714896348,148.85354297927,8.54649397106567,0,1500,1420.8984375,79.1015625,8.54649397106567,8.055782942544,1372.36303021557,0,8.54649397106567,0.712207830922139,8.54649397106567,0,20.2063614087752,13172,97,1420.8984375,-0.548192213559105,1421.44662971356,1420.8984375
0.242,1422.66395304768,0.551493181044145,0.0275746590522073,7.44905103903601,148.98102078072,8.55320360303189,0,1500,1420.8984375,79.1015625,8.55320360303189,8.06249257451021,1143.63585851297,0,8.55320360303189,0.712766966919324,8.55320360303189,0,20.3552788050461,13269,97,1420.8984375,-1.76551554768002,1422.66395304768,1420.8984375
0.243,1423.872895872,0.550696701218103,0.0275348350609052,7.45538104886182,149.107620977236,8.5599132349981,0,1500,1420.8984375,79.1015625,8.5599132349981,8.06920220647642,953.029882094143,0,8.5599132349981,0.713326102916508,8.5599132349981,0,20.5043231712799,13366,97,1420.8984375,-2.97445837199734,1423.872895872,1420.8984375
0.244,1425.07856773332,0.550527220115312,0.0275263610057656,7.46169393196544,149.233878639309,8.56662286696431,0,1500,1420.8984375,79.1015625,8.56662286696431,8.07591183844263,794.191568411786,0,8.56662286696431,0.713885238913692,8.56662286696431,0,20.6534939407042,13463,97,1420.8984375,-4.18013023331991,1425.07856773332,1420.8984375
0.245,1426.28287432077,0.550591729910031,0.0275295864955016,7.46799966651177,149.359993330235,8.48246008624132,0,1500,1435.546875,64.453125,8.48246008624132,8.08262147040884,3103.23255700982,0,8.48246008624132,0.706871673853443,8.48246008624132,0,20.8027908866981,13561,98,1435.546875,9.26400067923032,1426.28287432077,1435.546875
0.246,1427.40682499204,0.522081450692471,0.0261040725346236,7.47388465846488,149.477693169298,8.57879960645855,0,1500,1420.8984375,79.1015625,8.57879960645855,8.08808857793687,144.620880841519,0,8.57879960645855,0.714899967204879,8.57879960645855,0,20.9522109105579,13658,97,1420.8984375,-6.50838749204127,1427.40682499204,1420.8984375
0.247,1428.52316805615,0.540218760149058,0.0270109380074529,7.47972981708002,149.5945963416,8.49463682573556,0,1500,1435.546875,64.453125,8.49463682573556,8.09479820990308,2561.92365070127,0,8.49463682573556,0.70788640214463,8.49463682573556,0,21.10174632349,13756,98,1435.546875,7.02370694385104,1428.52316805615,1435.546875
0.248,1429.61405003141,0.51844267399763,0.0259221336998815,7.48544166174574,149.708833234915,8.59097634595278,0,1500,1420.8984375,79.1015625,8.59097634595278,8.1002653174311,-306.469874415612,0,8.59097634595278,0.715914695496065,8.59097634595278,0,21.2513989424674,13853,97,1420.8984375,-8.71561253141431,1429.61405003141,1420.8984375
0.249,1430.71778065932,0.539089725878041,0.026954486293902,7.49122078179935,149.824415635987,8.50681356522979,0,1500,1435.546875,64.453125,8.50681356522979,8.10697494939732,2186.01468798699,0,8.50681356522979,0.708901130435816,8.50681356522979,0,21.4011647320583,13951,98,1435.546875,4.82909434068074,1430.71778065932,1435.546875
0.25,1431.80367557998,0.518249462344464,0.0259124731172232,7.49690651430822,149.938130286164,8.51228067275782,0,1500,1435.546875,64.453125,8.51228067275782,8.11244205692534,1821.67890665583,0,8.51228067275782,0.709356722729818,8.51228067275782,0,21.5510468707914,14049,98,1435.546875,3.74319942001853,1431.80367557998,1435.546875
0.251,1432.82556142499,0.510583577864172,0.0255291788932086,7.50225709608068,150.045141921614,8.60862019297504,0,1500,1420.8984375,79.1015625,8.60862019297504,8.11790916445337,-923.340494453479,0,8.60862019297504,0.717385016081254,8.60862019297504,-1.77635683940025e-15,21.701038831901,14146,97,1420.8984375,-11.9271239249856,1432.82556142499,1420.8984375
0.252,1433.90315642879,0.536488827032252,0.0268244413516126,7.50789937032648,150.15798740653,8.52445741225206,0,1500,1435.546875,64.453125,8.52445741225206,8.12461879641958,1671.95583795543,0,8.52445741225206,0.710371451021005,8.52445741225205,-1.77635683940025e-15,21.8511393458821,14244,98,1435.546875,1.64371857121364,1433.90315642879,1435.546875
0.253,1434.97889015665,0.51760874207149,0.0258804371035745,7.5135318989543,150.270637979086,8.52992451978008,0,1500,1435.546875,64.453125,8.52992451978008,8.1300859039476,1393.29653162953,0,8.52992451978008,0.710827043315007,8.52992451978008,0,22.0013544438811,14342,98,1435.546875,0.567984843346494,1434.97889015665,1435.546875
0.254,1435.99657217972,0.510674273600842,0.0255337136800421,7.51886046956656,150.377209391331,8.53539162730811,0,1500,1435.546875,64.453125,8.53539162730811,8.13555301147563,1161.08044302461,0,8.53539162730811,0.711282635609009,8.53539162730811,0,22.151678662543,14440,98,1435.546875,-0.449697179720715,1435.99657217972,1435.546875
0.255,1436.99248594611,0.508190770813053,0.0254095385406526,7.52407506185341,150.481501237068,8.54085873483613,0,1500,1435.546875,64.453125,8.54085873483613,8.14102011900365,967.567035853839,0,8.54085873483613,0.711738227903011,8.54085873483613,0,22.3021081301344,14538,98,1435.546875,-1.44561094611436,1436.99248594611,1435.546875
0.256,1437.98015152836,0.507365936493953,0.0253682968246976,7.52924646674906,150.584929334981,8.54632584236416,0,1500,1435.546875,64.453125,8.54632584236416,8.14648722653168,806.305863211533,0,8.54632584236416,0.712193820197013,8.54632584236416,0,22.4526413896126,14636,98,1435.546875,-2.43327652836138,1437.98015152836,1435.546875
0.257,1438.96460799161,0.507159435726667,0.0253579717863334,7.53440106873693,150.688021374739,8.46092053720298,0,1500,1450.1953125,49.8046875,8.46092053720298,8.1519543340597,3113.32780267628,0,8.46092053720298,0.705076711433582,8.46092053720298,0,22.6032778837769,14735,99,1450.1953125,11.2307045083905,1438.96460799161,1450.1953125
0.258,1439.86803195676,0.478521313452209,0.0239260656726104,7.53913138555693,150.782627711139,8.55601753298202,0,1500,1435.546875,64.453125,8.55601753298202,8.15617891714954,153.033585563564,0,8.55601753298202,0.713001461081835,8.55601753298202,0,22.7540143918538,14833,98,1435.546875,-4.32115695676248,1439.86803195676,1435.546875
0.259,1440.76360648067,0.496584092780178,0.0248292046390089,7.5438206027987,150.876412055974,8.56148464051004,0,1500,1435.546875,64.453125,8.56148464051004,8.16164602467756,127.527987969637,0,8.56148464051004,0.713457053375837,8.56148464051004,-1.77635683940025e-15,22.9048431806498,14931,98,1435.546875,-5.21673148067362,1440.76360648067,1435.546875
0.26,1441.71334255561,0.503415663725341,0.025170783186267,7.54879340925847,150.975868185169,8.47607933534887,0,1500,1450.1953125,49.8046875,8.47607933534887,8.16711313220559,2547.67957330803,0,8.47607933534887,0.706339944612406,8.47607933534887,-1.77635683940025e-15,23.0557690506839,15030,99,1450.1953125,8.48196994439286,1441.71334255561,1450.1953125
0.261,1442.60342636697,0.477400798546487,0.0238700399273244,7.55345387719656,151.069077543931,8.57117633112791,0,1500,1435.546875,64.453125,8.57117633112791,8.17133771529543,-318.339938909974,0,8.57117633112791,0.714264694260659,8.57117633112791,0,23.2067925993998,15128,98,1435.546875,-7.05655136696919,1442.60342636697,1435.546875
0.262,1443.49363189086,0.496441986951458,0.0248220993475729,7.55811498241996,151.162299648399,8.57664343865593,0,1500,1435.546875,64.453125,8.57664343865593,8.17680482282345,-265.283282424978,0,8.57664343865593,0.714720286554661,8.57664343865593,0,23.3579075167414,15226,98,1435.546875,-7.94675689086102,1443.49363189086,1435.546875
0.263,1444.44097420565,0.50363912934937,0.0251819564674685,7.56307525518094,151.261505103619,8.49123813349476,0,1500,1450.1953125,49.8046875,8.49123813349476,8.18227193035148,2220.33684797918,0,8.49123813349476,0.70760317779123,8.49123813349476,0,23.5091191340188,15325,99,1450.1953125,5.75433829434746,1444.44097420565,1450.1953125
0.264,1445.32977808881,0.477761495700627,0.0238880747850314,7.56772902143061,151.354580428612,8.49546271658459,0,1500,1450.1953125,49.8046875,8.49546271658459,8.18649651344131,1850.28070664932,0,8.49546271658459,0.707955226382049,8.49546271658459,0,23.660428246997,15424,99,1450.1953125,4.86553441119099,1445.32977808881,1450.1953125
0.265,1446.13942129818,0.468192477564802,0.0234096238782401,7.57196830336157,151.439366067231,8.59055971236363,0,1500,1435.546875,64.453125,8.59055971236363,8.19072109653115,-899.505661125566,0,8.59055971236363,0.715879976030302,8.59055971236363,0,23.8118256210411,15522,98,1435.546875,-10.5925462981756,1446.13942129818,1435.546875
0.266,1446.99914150832,0.493362285565317,0.0246681142782658,7.57646978785546,151.529395757109,8.50515440720245,0,1500,1450.1953125,49.8046875,8.50515440720245,8.19618820405917,1691.81819906203,0,8.50515440720245,0.708762867266871,8.50515440720245,0,23.9633089791309,15621,99,1450.1953125,3.19617099167999,1446.99914150832,1450.1953125
0.267,1447.85491478007,0.474181774446313,0.0237090887223156,7.58095060622827,151.619012124565,8.50937899029229,0,1500,1450.1953125,49.8046875,8.50937899029229,8.20041278714901,1409.84849921836,0,8.50937899029229,0.709114915857691,8.50937899029229,0,24.1148839783831,15720,99,1450.1953125,2.34039771992502,1447.85491478007,1450.1953125
0.268,1448.6518718345,0.467108920647464,0.0233554460323732,7.58512346360728,151.702469272146,8.51360357338213,0,1500,1450.1953125,49.8046875,8.51360357338213,8.20463737023885,1174.87374934863,0,8.51360357338213,0.709466964448511,8.51360357338213,0,24.2665450174122,15819,99,1450.1953125,1.54344066549925,1448.6518718345,1450.1953125
0.269,1449.42678817196,0.464547371455099,0.0232273685727549,7.58918091606215,151.783618321243,8.51782815647196,0,1500,1450.1953125,49.8046875,8.51782815647196,8.20886195332868,979.061457790526,0,8.51782815647196,0.70981901303933,8.51782815647196,0,24.4182881743636,15918,99,1450.1953125,0.768524328036619,1449.42678817196,1450.1953125
0.27,1450.1933670215,0.463666938884493,0.0231833469442246,7.59319471353232,151.863894270646,8.5220527395618,0,1500,1450.1953125,49.8046875,8.5220527395618,8.21308653641852,815.884548158771,0,8.5220527395618,0.71017106163015,8.5220527395618,0,24.5701119748081,16017,99,1450.1953125,0.0019454784987829,1450.1933670215,1450.1953125
0.271,1450.95671552135,0.463413171443231,0.0231706585721616,7.5971915969311,151.943831938622,8.52627732265164,0,1500,1450.1953125,49.8046875,8.52627732265164,8.21731111950836,679.903790132309,0,8.52627732265164,0.71052311022097,8.52627732265164,0,24.7220158563366,16116,99,1450.1953125,-0.76140302135309,1450.95671552135,1450.1953125
0.272,1451.71873812941,0.463393206243574,0.0231696603121787,7.60118153797666,152.023630759533,8.53050190574147,0,1500,1450.1953125,49.8046875,8.53050190574147,8.22153570259819,566.586491776925,0,8.53050190574147,0.710875158811789,8.53050190574147,0,24.8739995965108,16215,99,1450.1953125,-1.52342562940999,1451.71873812941,1450.1953125
0.273,1452.48014605374,0.46346066941844,0.023173033470922,7.60516826054579,152.103365210916,8.53472648883131,0,1500,1450.1953125,49.8046875,8.53472648883131,8.22576028568803,472.155409814104,0,8.53472648883131,0.711227207402609,8.53472648883131,0,25.0260630997305,16314,99,1450.1953125,-2.28483355374397,1452.48014605374,1450.1953125
0.274,1453.24120590916,0.463561021907956,0.0231780510953978,7.60915316063033,152.183063212607,8.53895107192115,0,1500,1450.1953125,49.8046875,8.53895107192115,8.22998486877787,393.462841511753,0,8.53895107192115,0.711579255993429,8.53895107192115,0,25.1782063178248,16413,99,1450.1953125,-3.04589340916368,1453.24120590916,1450.1953125
0.275,1454.00201864551,0.463673939729483,0.0231836969864741,7.61313676680244,152.262735336049,8.54317565501098,0,1500,1450.1953125,49.8046875,8.54317565501098,8.2342094518677,327.885701259794,0,8.54317565501098,0.711931304584249,8.54317565501098,0,25.3304292204639,16512,99,1450.1953125,-3.80670614550968,1454.00201864551,1450.1953125
0.276,1454.76262346864,0.463791846516187,0.0231895923258094,7.6171192843435,152.34238568687,8.45652782541162,0,1500,1464.84375,35.15625,8.45652782541162,8.23843403495754,2714.64433438316,0,8.45652782541162,0.704710652117635,8.45652782541162,0,25.4827317841334,16612,100,1464.84375,10.081126531358,1454.76262346864,1464.84375
0.277,1455.4433339203,0.435249564186342,0.0217624782093171,7.62068347593375,152.413669518675,8.55038229675247,0,1500,1450.1953125,49.8046875,8.55038229675247,8.24141609360919,-179.202638014031,0,8.55038229675247,0.712531858062706,8.55038229675247,0,25.635110989001,16711,99,1450.1953125,-5.24802142029898,1455.4433339203,1450.1953125
0.278,1456.11663865631,0.453322973447212,0.0226661486723606,7.62420889128752,152.48417782575,8.55460687984231,0,1500,1450.1953125,49.8046875,8.55460687984231,8.24564067669903,-149.33553167836,0,8.55460687984231,0.712883906653526,8.55460687984231,0,25.7875591788145,16810,99,1450.1953125,-5.92132615630635,1456.11663865631,1450.1953125
0.279,1456.84428968758,0.460133375957158,0.0230066687978579,7.62801886317788,152.560377263558,8.46795905024294,0,1500,1464.84375,35.15625,8.46795905024294,8.24986525978886,2316.95997360137,0,8.46795905024294,0.705663254186912,8.46795905024294,0,25.940081184807,16910,100,1464.84375,7.99946031242462,1456.84428968758,1464.84375
0.28,1457.51237644669,0.434085444323338,0.0217042722161669,7.63151695726852,152.63033914537,8.56181352158379,0,1500,1450.1953125,49.8046875,8.56181352158379,8.25284731844051,-510.606271998861,0,8.56181352158379,0.713484460131983,8.56181352158379,0,26.0926776178859,17009,99,1450.1953125,-7.31706394668686,1457.51237644669,1450.1953125
0.281,1458.1806366022,0.453089083243936,0.0226544541621968,7.6350159592606,152.700319185212,8.47516569198443,0,1500,1464.84375,35.15625,8.47516569198443,8.25707190153035,2015.90102333428,0,8.47516569198443,0.706263807665369,8.47516569198443,0,26.245342175004,17109,100,1464.84375,6.66311339780032,1458.1806366022,1464.84375
0.282,1458.82636881023,0.431584605253505,0.0215792302626752,7.63839700519548,152.76794010391,8.56902016332528,0,1500,1450.1953125,49.8046875,8.56902016332528,8.260053960182,-761.488730554765,0,8.56902016332528,0.71408501361044,8.56902016332528,0,26.3980771930258,17208,99,1450.1953125,-8.63105631022859,1458.82636881023,1450.1953125
0.283,1459.48607617376,0.452281599730592,0.0226140799865296,7.64185122487345,152.837024497469,8.48237233372592,0,1500,1464.84375,35.15625,8.48237233372592,8.26427854327184,1806.83230787103,0,8.48237233372592,0.706864361143826,8.48237233372592,0,26.550878833769,17308,100,1464.84375,5.3576738262434,1459.48607617376,1464.84375
0.284,1460.12840077352,0.431408604324447,0.0215704302162223,7.64521442861317,152.904288572263,8.48535439237757,0,1500,1464.84375,35.15625,8.48535439237757,8.26726060192349,1505.69358989252,0,8.48535439237757,0.707112866031464,8.48535439237757,0,26.7037503527572,17408,100,1464.84375,4.7153492264797,1460.12840077352,1464.84375
0.285,1460.70691784076,0.423679098800533,0.0211839549400266,7.64824353689388,152.964870737878,8.57920886371842,0,1500,1450.1953125,49.8046875,8.57920886371842,8.27024266057514,-1186.66159175623,0,8.57920886371842,0.714934071976535,8.57920886371842,0,26.8566852553677,17507,99,1450.1953125,-10.5116053407617,1460.70691784076,1450.1953125
0.286,1461.34125150008,0.449509132654345,0.0224754566327172,7.65156490016728,153.031298003346,8.49256103411905,0,1500,1464.84375,35.15625,8.49256103411905,8.27446724366497,1452.52159020314,0,8.49256103411905,0.707713419509921,8.49256103411905,0,27.0096822874814,17607,100,1464.84375,3.50249849991974,1461.34125150008,1464.84375
0.287,1461.97379581487,0.430549428001642,0.0215274714000821,7.65487689445464,153.097537889093,8.4955430927707,0,1500,1464.84375,35.15625,8.4955430927707,8.27744930231662,1210.43465850262,0,8.4955430927707,0.707961924397559,8.4955430927707,0,27.1627474893414,17707,100,1464.84375,2.86995418512902,1461.97379581487,1464.84375
0.288,1462.54834669601,0.423533615359549,0.0211766807679775,7.65788523583347,153.157704716669,8.49852515142235,0,1500,1464.84375,35.15625,8.49852515142235,8.28043136096827,1008.69554875218,0,8.49852515142235,0.708210429285196,8.49852515142235,0,27.3158754042997,17807,100,1464.84375,2.29540330398959,1462.54834669601,1464.84375
0.289,1463.10118207481,0.420968043508514,0.0210484021754257,7.66077987510796,153.215597502159,8.501507210074,0,1500,1464.84375,35.15625,8.501507210074,8.28341341961992,840.579623960152,0,8.501507210074,0.708458934172834,8.501507210074,0,27.4690621663953,17907,100,1464.84375,1.74256792518645,1463.10118207481,1464.84375
0.29,1463.64581954682,0.420060788771117,0.0210030394385558,7.66363159024281,153.272631804856,8.59536168141485,0,1500,1450.1953125,49.8046875,8.59536168141485,8.28639547827157,-1740.92323003321,0,8.59536168141485,0.716280140117904,8.59536168141485,0,27.622306323965,18006,99,1450.1953125,-13.4505070468156,1463.64581954682,1450.1953125
0.291,1464.26699947687,0.448434007672214,0.0224217003836107,7.66688408075085,153.337681615017,8.50871385181549,0,1500,1464.84375,35.15625,8.50871385181549,8.29062006136141,990.636891638994,0,8.50871385181549,0.709059487651291,8.50871385181549,0,27.77561032402,18106,100,1464.84375,0.576750523127657,1464.26699947687,1464.84375
0.292,1464.89411913959,0.430423211619135,0.0215211605809567,7.67016767162638,153.403353432528,8.51169591046714,0,1500,1464.84375,35.15625,8.51169591046714,8.29360212001306,825.530743032495,0,8.51169591046714,0.709307992538928,8.51169591046714,0,27.9289815864993,18206,100,1464.84375,-0.0503691395904298,1464.89411913959,1464.84375
0.293,1465.46613211674,0.423762306961257,0.0211881153480628,7.67316272457099,153.46325449142,8.51467796911879,0,1500,1464.84375,35.15625,8.51467796911879,8.29658417866471,687.942285860413,0,8.51467796911879,0.709556497426566,8.51467796911879,0,28.0824151695403,18306,100,1464.84375,-0.622382116738891,1465.46613211674,1464.84375
0.294,1466.01751212991,0.421330316853227,0.0210665158426614,7.67604974356884,153.520994871377,8.51766002777044,0,1500,1464.84375,35.15625,8.51766002777044,8.29956623731636,573.285238217011,0,8.51766002777044,0.709805002314203,8.51766002777044,0,28.2359073997164,18406,100,1464.84375,-1.17376212990757,1466.01751212991,1464.84375
0.295,1466.56110448246,0.420474165665528,0.0210237082832764,7.67889598647106,153.577919729421,8.42976967373289,0,1500,1479.4921875,20.5078125,8.42976967373289,8.30254829596801,2919.14394851418,0,8.42976967373289,0.702480806144407,8.42976967373289,-1.77635683940025e-15,28.3894568978269,18507,101,1479.4921875,12.931083017538,1466.56110448246,1479.4921875
0.296,1467.02199369158,0.391543038639654,0.0195771519319827,7.68130919672687,153.626183934537,8.52238162063555,0,1500,1464.84375,35.15625,8.52238162063555,8.30428783018147,-8.78629290485378,0,8.52238162063555,0.710198468386296,8.52238162063555,0,28.5430601405551,18607,100,1464.84375,-2.17824369158029,1467.02199369158,1464.84375
0.297,1467.4744457351,0.409445597043866,0.0204722798521933,7.68367823008689,153.673564601738,8.5253636792872,0,1500,1464.84375,35.15625,8.5253636792872,8.30726988883312,-7.32191075404482,0,8.5253636792872,0.710446973273934,8.5253636792872,0,28.6967092856481,18707,100,1464.84375,-2.63069573509733,1467.4744457351,1464.84375
0.298,1467.98087459924,0.416166327635526,0.0208083163817763,7.68632988541879,153.726597708376,8.52834573793885,0,1500,1464.84375,35.15625,8.52834573793885,8.31025194748477,-6.10159229503735,0,8.52834573793885,0.710695478161571,8.52834573793885,0,28.8504090966028,18807,100,1464.84375,-3.13712459923522,1467.98087459924,1464.84375
0.299,1468.50731878686,0.418721281412165,0.0209360640706083,7.68908634073941,153.781726814788,8.5313277965905,0,1500,1464.84375,35.15625,8.5313277965905,8.31323400613642,-5.08466024586446,0,8.5313277965905,0.710943983049209,8.5313277965905,0,29.0041631596535,18907,100,1464.84375,-3.66356878685974,1468.50731878686,1464.84375
0.3,1469.04112650579,0.419724434548795,0.0209862217274397,7.69188135141979,153.837627028396,8.44343744255295,0,1500,1479.4921875,20.5078125,8.44343744255295,8.31621606478807,2437.16903312845,0,8.44343744255295,0.703619786879413,8.44343744255295,0,29.1579728010588,19008,101,1479.4921875,10.4510609942074,1469.04112650579,1479.4921875
0.301,1469.49788269348,0.3914873251363,0.019574366256815,7.694272921226,153.88545842452,8.53604938945561,0,1500,1464.84375,35.15625,8.53604938945561,8.31795559900153,-410.432055726295,0,8.53604938945561,0.711337449121301,8.53604938945561,-1.77635683940025e-15,29.3118355061863,19108,100,1464.84375,-4.65413269348323,1469.49788269348,1464.84375
0.302,1469.94831396536,0.409649731136194,0.0204824865568097,7.69663137385049,153.93262747701,8.53903144810726,0,1500,1464.84375,35.15625,8.53903144810726,8.32093765765318,-342.026713105246,0,8.53903144810726,0.711585954008939,8.53903144810726,-1.77635683940025e-15,29.4657438092881,19208,100,1464.84375,-5.10456396536438,1469.94831396536,1464.84375
0.303,1470.45351555271,0.416468532678301,0.0208234266339151,7.69927660317615,153.985532063523,8.45114109406971,0,1500,1479.4921875,20.5078125,8.45114109406971,8.32391971630483,2156.38398907896,0,8.45114109406971,0.704261757839143,8.45114109406971,0,29.6197026148246,19309,101,1479.4921875,9.03867194728628,1470.45351555271,1479.4921875
0.304,1470.89933190096,0.3903989157934,0.01951994578967,7.70161089211701,154.03221784234,8.54375304097238,0,1500,1464.84375,35.15625,8.54375304097238,8.3256592505183,-644.419592434198,0,8.54375304097238,0.711979420081031,8.54375304097238,0,29.7737125632055,19409,100,1464.84375,-6.05558190096485,1470.89933190096,1464.84375
0.305,1471.34540911755,0.409369605793089,0.0204684802896544,7.70394654696127,154.078930939225,8.54673509962403,0,1500,1464.84375,35.15625,8.54673509962403,8.32864130916995,-537.016327028499,0,8.54673509962403,0.712227924968669,8.54673509962403,0,29.9277673645654,19509,100,1464.84375,-6.50165911754948,1471.34540911755,1464.84375
0.306,1471.84871410191,0.416490279150748,0.0208245139575374,7.70658184569688,154.131636913938,8.45884474558648,0,1500,1479.4921875,20.5078125,8.45884474558648,8.3316233678216,1993.89264414292,0,8.45884474558648,0.704903728798873,8.45884474558648,0,30.0818723618628,19610,101,1479.4921875,7.64347339809478,1471.84871410191,1479.4921875
0.307,1472.29355314999,0.390533849518773,0.0195266924759387,7.70891101750605,154.178220350121,8.55145669248914,0,1500,1464.84375,35.15625,8.55145669248914,8.33336290203506,-779.829046547568,0,8.55145669248914,0.712621391040761,8.55145669248914,0,30.2360283592724,19710,100,1464.84375,-7.4498031499927,1472.29355314999,1464.84375
0.308,1472.73899924821,0.409547418552176,0.0204773709276088,7.71124336782227,154.224867356445,8.46356633845159,0,1500,1479.4921875,20.5078125,8.46356633845159,8.33634496068671,1791.54871121036,0,8.46356633845159,0.705297194870966,8.46356633845159,0,30.3902291283303,19811,101,1479.4921875,6.75318825179011,1472.73899924821,1479.4921875
0.309,1473.16210307917,0.388022415322149,0.0194011207661074,7.71345873430069,154.269174686014,8.55617828535425,0,1500,1464.84375,35.15625,8.55617828535425,8.33808449490017,-948.448990658034,0,8.55617828535425,0.713014857112854,8.55617828535425,0,30.544477036231,19911,100,1464.84375,-8.31835307917163,1473.16210307917,1464.84375
0.31,1473.59927503057,0.408687474633512,0.0204343737316756,7.71574776128548,154.31495522571,8.4682879313167,0,1500,1479.4921875,20.5078125,8.4682879313167,8.34106655355182,1651.03209111831,0,8.4682879313167,0.705690660943058,8.4682879313167,0,30.6987682586005,20012,101,1479.4921875,5.89291246942776,1473.59927503057,1479.4921875
0.311,1474.01912231707,0.387778230773081,0.0193889115386541,7.71794607653699,154.35892153074,8.47002746553016,0,1500,1479.4921875,20.5078125,8.47002746553016,8.34280608776528,1375.86007593192,0,8.47002746553016,0.705835622127513,8.47002746553016,-1.77635683940025e-15,30.8531060585804,20113,101,1479.4921875,5.47306518292635,1474.01912231707,1479.4921875
0.312,1474.37520686118,0.380010808355901,0.019000540417795,7.71981053085005,154.396210617001,8.56263941243282,0,1500,1464.84375,35.15625,8.56263941243282,8.34454562197874,-1294.8561867234,0,8.56263941243282,0.713553284369402,8.56263941243282,0,31.0074839468271,20213,100,1464.84375,-9.53145686118455,1474.37520686118,1464.84375
0.313,1474.78714751475,0.405802243106895,0.0202901121553448,7.72196744706831,154.439348941366,8.47474905839527,0,1500,1479.4921875,20.5078125,8.47474905839527,8.34752768063039,1362.3594277305,0,8.47474905839527,0.706229088199606,8.47474905839527,0,31.1619006735951,20314,101,1479.4921875,4.70503998524964,1474.78714751475,1479.4921875
0.314,1475.19733606665,0.386803625405576,0.0193401812702788,7.72411518930372,154.482303786074,8.47648859260873,0,1500,1479.4921875,20.5078125,8.47648859260873,8.34926721484385,1135.29952310875,0,8.47648859260873,0.706374049384061,8.47648859260873,0,31.3163622831315,20415,101,1479.4921875,4.29485143334637,1475.19733606665,1479.4921875
0.315,1475.54956727453,0.379748723785334,0.0189874361892667,7.72595946759543,154.519189351909,8.5691005395114,0,1500,1464.84375,35.15625,8.5691005395114,8.35100674905732,-1495.32331407604,0,8.5691005395114,0.71409171162595,8.5691005395114,0,31.4708633226225,20515,100,1464.84375,-10.7058172745299,1475.54956727453,1464.84375
0.316,1475.95982097678,0.405806290417071,0.0202903145208535,7.72810755095728,154.562151019146,8.48121018547385,0,1500,1479.4921875,20.5078125,8.48121018547385,8.35398880770897,1195.30348826997,0,8.48121018547385,0.706767515456154,8.48121018547385,0,31.6254029288688,20616,101,1479.4921875,3.53236652321675,1475.95982097678,1479.4921875
0.317,1476.36913312316,0.386907483816496,0.0193453741908248,7.73025070434408,154.605014086882,8.48294971968731,0,1500,1479.4921875,20.5078125,8.48294971968731,8.35572834192243,996.086240224972,0,8.48294971968731,0.706912476640609,8.48294971968731,0,31.7799872904934,20717,101,1479.4921875,3.12305437683995,1476.36913312316,1479.4921875
0.318,1476.72079327813,0.379890418003768,0.0189945209001884,7.73209199260977,154.641839852195,8.48468925390077,0,1500,1479.4921875,20.5078125,8.48468925390077,8.35746787613589,830.071866854143,0,8.48468925390077,0.707057437825064,8.48468925390077,0,31.9346110088279,20818,101,1479.4921875,2.77139422187111,1476.72079327813,1479.4921875
0.319,1477.05089037545,0.377300370241234,0.0188650185120617,7.73382037696964,154.676407539393,8.57730120080343,0,1500,1464.84375,35.15625,8.57730120080343,8.35920741034935,-1749.67969428821,0,8.57730120080343,0.714775100066953,8.57730120080343,0,32.089270242173,20918,100,1464.84375,-12.2071403754514,1477.05089037545,1464.84375
0.32,1477.45257389134,0.405022272566924,0.0202511136283462,7.73592358694063,154.718471738813,8.48941084676588,0,1500,1479.4921875,20.5078125,8.48941084676588,8.362189469001,983.339838093155,0,8.48941084676588,0.707450903897157,8.48941084676588,-1.77635683940025e-15,32.2439665495521,21019,101,1479.4921875,2.03961360865651,1477.45257389134,1479.4921875
0.321,1477.85837377617,0.386744397159591,0.0193372198579795,7.73804835016895,154.760967003379,8.49115038097934,0,1500,1479.4921875,20.5078125,8.49115038097934,8.36392900321446,819.449865077629,0,8.49115038097934,0.707595865081612,8.49115038097934,0,32.3987070225024,21120,101,1479.4921875,1.63381372383219,1477.85837377617,1479.4921875
0.322,1478.20841044303,0.379959508408294,0.0189979754204147,7.73988113787077,154.797622757415,8.4928899151928,0,1500,1479.4921875,20.5078125,8.4928899151928,8.36566853742792,682.874887564691,0,8.4928899151928,0.707740826266067,8.4928899151928,0,32.5534865992124,21221,101,1479.4921875,1.28377705697267,1478.20841044303,1479.4921875
0.323,1478.5375920318,0.377456787703723,0.0188728393851862,7.74160472863907,154.832094572781,8.49462944940626,0,1500,1479.4921875,20.5078125,8.49462944940626,8.36740807164139,569.062406303909,0,8.49462944940626,0.707885787450522,8.49462944940626,0,32.7083015639371,21322,101,1479.4921875,0.954595468200523,1478.5375920318,1479.4921875
0.324,1478.85892539223,0.376549687759739,0.018827484387987,7.74328722617985,154.865744523597,8.49636898361973,0,1500,1479.4921875,20.5078125,8.49636898361973,8.36914760585485,474.218671919924,0,8.49636898361973,0.708030748634977,8.49636898361973,0,32.8631505240489,21423,101,1479.4921875,0.633262107774954,1478.85892539223,1479.4921875
0.325,1479.17725756617,0.376237275206047,0.0188118637603024,7.74495400954498,154.8990801909,8.49810851783319,0,1500,1479.4921875,20.5078125,8.49810851783319,8.37088714006831,395.182226599937,0,8.49810851783319,0.708175709819432,8.49810851783319,0,33.0180329525584,21524,101,1479.4921875,0.314929933826761,1479.17725756617,1479.4921875
0.326,1479.49439547045,0.376146628163741,0.018807331408187,7.74661453972873,154.932290794575,8.49984805204665,0,1500,1479.4921875,20.5078125,8.49984805204665,8.37262667428177,329.318522166614,0,8.49984805204665,0.708320671003887,8.49984805204665,-1.77635683940025e-15,33.1729486450995,21625,101,1479.4921875,-0.00220797045062682,1479.49439547045,1479.4921875
0.327,1479.81101334413,0.376138803881177,0.0188069401940589,7.74827234703865,154.965446940773,8.50158758626011,0,1500,1479.4921875,20.5078125,8.50158758626011,8.37436620849523,274.432101805512,0,8.50158758626011,0.708465632188343,8.50158758626011,0,33.3278975176147,21726,101,1479.4921875,-0.318825844131197,1479.81101334413,1479.4921875
0.328,1480.12736340898,0.376162033563414,0.0188081016781707,7.7499287521048,154.998575042096,8.50332712047357,0,1500,1479.4921875,20.5078125,8.50332712047357,8.37610574270869,228.69341817126,0,8.50332712047357,0.708610593372798,8.50332712047357,0,33.4828795309777,21827,101,1479.4921875,-0.635175908980045,1480.12736340898,1479.4921875
0.329,1480.44354064136,0.376197026971038,0.0188098513485519,7.75158425222225,155.031685044445,8.50506665468703,0,1500,1479.4921875,20.5078125,8.50506665468703,8.37784527692216,190.57784847605,0,8.50506665468703,0.708755554557253,8.50506665468703,0,33.6378946629086,21928,101,1479.4921875,-0.95135314135814,1480.44354064136,1479.4921875
0.33,1480.75958141883,0.376236594480185,0.0188118297240092,7.75323903786351,155.06478075727,8.5068061889005,0,1500,1479.4921875,20.5078125,8.5068061889005,8.37958481113562,158.814873730042,0,8.5068061889005,0.708900515741708,8.5068061889005,0,33.792942897508,22029,101,1479.4921875,-1.26739391883348,1480.75958141883,1479.4921875
0.331,1481.07550027327,0.376278054845432,0.0188139027422716,7.75489318511723,155.097863702345,8.50854572311396,0,1500,1479.4921875,20.5078125,8.50854572311396,8.38132434534908,132.345728108368,0,8.50854572311396,0.709045476926163,8.50854572311396,0,33.9480242213575,22130,101,1479.4921875,-1.5833127732717,1481.07550027327,1479.4921875
0.332,1481.39130358416,0.376320406549275,0.0188160203274638,7.75654672738636,155.130934547727,8.51028525732742,0,1500,1479.4921875,20.5078125,8.51028525732742,8.38306387956254,110.288106756973,0,8.51028525732742,0.709190438110618,8.51028525732742,-1.77635683940025e-15,34.1031386220645,22231,101,1479.4921875,-1.89911608416423,1481.39130358416,1479.4921875
0.333,1481.70699468055,0.376363273927504,0.0188181636963752,7.75819968210172,155.163993642034,8.51202479154088,0,1500,1479.4921875,20.5078125,8.51202479154088,8.384803413776,91.9067556308111,0,8.51202479154088,0.709335399295073,8.51202479154088,0,34.258286087719,22332,101,1479.4921875,-2.21480718055227,1481.70699468055,1479.4921875
0.334,1482.02257574204,0.376406514525241,0.0188203257262621,7.75985206067567,155.197041213513,8.42289191306514,0,1500,1494.140625,5.859375,8.42289191306514,8.38654294798946,2517.99521302568,0,8.42289191306514,0.701907659422095,8.42289191306514,0,34.4134666066899,22434,102,1494.140625,12.118049257964,1482.02257574204,1494.140625
0.335,1482.25834586878,0.34778772163976,0.017389386081988,7.76108655017254,155.221731003451,8.51426133552962,0,1500,1479.4921875,20.5078125,8.51426133552962,8.38703995776474,-343.076905811936,0,8.51426133552962,0.709521777960801,8.51426133552962,0,34.5686771685249,22535,101,1479.4921875,-2.76615836878204,1482.25834586878,1479.4921875
0.336,1482.48678769824,0.365783810207819,0.0182891905103909,7.76228266879453,155.24565337589,8.51600086974308,0,1500,1479.4921875,20.5078125,8.51600086974308,8.3887794919782,-285.897421509947,0,8.51600086974308,0.709666739145257,8.51600086974308,0,34.7239101253514,22636,101,1479.4921875,-2.99460019823778,1482.48678769824,1479.4921875
0.337,1482.76965036984,0.372516468882138,0.0186258234441069,7.76376373427964,155.275274685593,8.51774040395654,0,1500,1479.4921875,20.5078125,8.51774040395654,8.39051902619166,-238.247851258289,0,8.51774040395654,0.709811700329712,8.51774040395654,0,34.8791703163438,22737,101,1479.4921875,-3.27746286983574,1482.76965036984,1479.4921875
0.338,1483.0727242641,0.375052867269113,0.0187526433634557,7.76535062547914,155.307012509583,8.51947993817,0,1500,1479.4921875,20.5078125,8.51947993817,8.39225856040512,-198.539876048574,0,8.51947993817,0.709956661514167,8.51947993817,-1.77635683940025e-15,35.0344613591442,22838,101,1479.4921875,-3.58053676409509,1483.0727242641,1479.4921875
0.339,1483.38326473178,0.376026027971195,0.0188013013985597,7.76697661156566,155.339532231313,8.43034705969426,0,1500,1494.140625,5.859375,8.43034705969426,8.39399809461858,2275.95635329285,0,8.43034705969426,0.702528921641189,8.43034705969426,0,35.1897845948821,22940,102,1494.140625,10.7573602682216,1483.38326473178,1494.140625
0.34,1483.61682170629,0.347754586315846,0.0173877293157923,7.76819951302453,155.363990260491,8.52171648215874,0,1500,1479.4921875,20.5078125,8.52171648215874,8.39449510439386,-544.775955589288,0,8.52171648215874,0.710143040179895,8.52171648215874,0,35.3451375175913,23041,101,1479.4921875,-4.12463420629047,1483.61682170629,1479.4921875
0.341,1483.84410835894,0.365880965560266,0.0182940482780133,7.7693895831549,155.387791663098,8.5234560163722,0,1500,1479.4921875,20.5078125,8.5234560163722,8.39623463860732,-453.979962991073,0,8.5234560163722,0.71028800136435,8.5234560163722,0,35.5005126678365,23142,101,1479.4921875,-4.35192085894005,1483.84410835894,1479.4921875
0.342,1484.12621451496,0.372663032449823,0.0186331516224912,7.7708666875337,155.417333750674,8.43432313789646,0,1500,1494.140625,5.859375,8.43432313789646,8.39797417282078,2063.08961417411,0,8.43432313789646,0.702860261491372,8.43432313789646,0,35.6559149554715,23244,102,1494.140625,10.0144104850428,1484.12621451496,1494.140625
0.343,1484.34898221388,0.346556341639821,0.0173278170819911,7.77203309647768,155.440661929553,8.52569256036094,0,1500,1479.4921875,20.5078125,8.52569256036094,8.39847118259606,-722.164904854912,0,8.52569256036094,0.710474380030078,8.52569256036094,0,35.8113450259159,23345,101,1479.4921875,-4.85679471387789,1484.34898221388,1479.4921875
0.344,1484.57205628032,0.365489756806516,0.0182744878403258,7.77320110955827,155.464022191165,8.5274320945744,0,1500,1479.4921875,20.5078125,8.5274320945744,8.40021071680952,-601.804087379093,0,8.5274320945744,0.710619341214533,8.5274320945744,-1.77635683940025e-15,35.9667965941303,23446,101,1479.4921875,-5.07986878032466,1484.57205628032,1479.4921875
0.345,1484.85240275461,0.372573006985785,0.0186286503492892,7.77466900026505,155.493380005301,8.43829921609866,0,1500,1494.140625,5.859375,8.43829921609866,8.40195025102298,1939.90284385076,0,8.43829921609866,0.703191601341555,8.43829921609866,0,36.122275007791,23548,102,1494.140625,9.28822224539135,1484.85240275461,1494.140625
0.346,1485.07432723659,0.346579026411357,0.0173289513205678,7.77583099413546,155.516619882709,8.52966863856314,0,1500,1479.4921875,20.5078125,8.52966863856314,8.40244726079826,-824.820546791037,0,8.52966863856314,0.710805719880261,8.52966863856314,0,36.2777810757098,23649,101,1479.4921875,-5.58213973658985,1485.07432723659,1479.4921875
0.347,1485.29690208241,0.36555492539075,0.0182777462695375,7.77699639330296,155.539927866059,8.5314081727766,0,1500,1479.4921875,20.5078125,8.5314081727766,8.40418679501172,-687.350455659198,0,8.5314081727766,0.710950681064716,8.5314081727766,0,36.4333085739914,23750,101,1479.4921875,-5.80471458240936,1485.29690208241,1479.4921875
0.348,1485.57688001242,0.372654488358787,0.0186327244179394,7.77846235431645,155.569247086329,8.44227529430086,0,1500,1494.140625,5.859375,8.44227529430086,8.40592632922518,1868.61420361734,0,8.44227529430086,0.703522941191738,8.44227529430086,0,36.5888628733573,23852,102,1494.140625,8.56374498757782,1485.57688001242,1494.140625
0.349,1485.79848711546,0.34666706341927,0.0173333531709635,7.77962268639457,155.592453727891,8.53364471676533,0,1500,1479.4921875,20.5078125,8.53364471676533,8.40642333900045,-884.227746985554,0,8.53364471676533,0.711137059730444,8.53364471676533,0,36.7444447914672,23953,101,1479.4921875,-6.30629961545537,1485.79848711546,1479.4921875
0.35,1486.02076609045,0.365645876306815,0.0182822938153407,7.78078653638607,155.615730727721,8.4445118382896,0,1500,1494.140625,5.859375,8.4445118382896,8.40816287321392,1704.54979417871,0,8.4445118382896,0.703709319857466,8.4445118382896,0,36.9000481079796,24055,102,1494.140625,8.11985890954747,1486.02076609045,1494.140625
0.351,1486.22075593671,0.344084638808502,0.0172042319404251,7.78183368077239,155.636673615448,8.53588126075407,0,1500,1479.4921875,20.5078125,8.53588126075407,8.40865988298919,-1020.94808818441,0,8.53588126075407,0.711323438396173,8.53588126075407,0,37.0556751961718,24156,101,1479.4921875,-6.72856843670866,1486.22075593671,1479.4921875
0.352,1486.43486229539,0.364712837248578,0.0182356418624289,7.78295473904492,155.659094780898,8.44674838227833,0,1500,1494.140625,5.859375,8.44674838227833,8.41039941720265,1590.61617651299,0,8.44674838227833,0.703895698523194,8.44674838227833,0,37.2113222369509,24258,102,1494.140625,7.70576270460947,1486.43486229539,1494.140625
0.353,1486.63169022442,0.343766424196301,0.0171883212098151,7.78398532767137,155.679706553427,8.53811780474281,0,1500,1479.4921875,20.5078125,8.53811780474281,8.41089642697793,-1115.89276957251,0,8.53811780474281,0.711509817061901,8.53811780474281,0,37.3669924984003,24359,101,1479.4921875,-7.13950272442139,1486.63169022442,1479.4921875
0.354,1486.84450309816,0.364623995035157,0.0182311997517579,7.78509961327258,155.701992265452,8.53985733895627,0,1500,1479.4921875,20.5078125,8.53985733895627,8.41263596119139,-929.910641310424,0,8.53985733895627,0.711654778246356,8.53985733895627,0,37.5226824949738,24460,101,1479.4921875,-7.35231559816134,1486.84450309816,1479.4921875
0.355,1487.12043787279,0.372425692999356,0.0186212846499678,7.78654440437399,155.73088808748,8.45072446048053,0,1500,1494.140625,5.859375,8.45072446048053,8.41437549540485,1666.48071557465,0,8.45072446048053,0.704227038373378,8.45072446048053,-1.77635683940025e-15,37.678398618213,24562,102,1494.140625,7.02018712721065,1487.12043787279,1494.140625
0.356,1487.34013800296,0.346700926774754,0.0173350463387377,7.78769475156554,155.753895031311,8.45122147025581,0,1500,1494.140625,5.859375,8.45122147025581,8.41487250518013,1388.73392964554,0,8.45122147025581,0.70426845585465,8.45122147025581,0,37.8341420666872,24664,102,1494.140625,6.80048699704093,1487.34013800296,1494.140625
0.357,1487.48160868743,0.337116296496483,0.0168558148248242,7.78843549033729,155.768709806746,8.54259089272028,0,1500,1479.4921875,20.5078125,8.54259089272028,8.4153695149554,-1284.12797529538,0,8.54259089272028,0.711882574393357,8.54259089272028,0,37.9899037635219,24765,101,1479.4921875,-7.98942118743435,1487.48160868743,1479.4921875
0.358,1487.67357523455,0.362207530817288,0.0181103765408644,7.78944062482755,155.788812496551,8.45345801424454,0,1500,1494.140625,5.859375,8.45345801424454,8.41710904916886,1371.29960392051,0,8.45345801424454,0.704454834520378,8.45345801424454,0,38.1456814980563,24867,102,1494.140625,6.46704976544743,1487.67357523455,1494.140625
0.359,1487.86182183557,0.342924800068165,0.0171462400034083,7.79042628172561,155.808525634512,8.54482743670902,0,1500,1479.4921875,20.5078125,8.54482743670902,8.41760605894414,-1298.65658006624,0,8.54482743670902,0.712068953059085,8.54482743670902,0,38.30148095961,24968,101,1479.4921875,-8.36963433557412,1487.86182183557,1479.4921875
0.36,1488.07110940155,0.36440308227586,0.018220154113793,7.79152210885853,155.830442177171,8.45569455823328,0,1500,1494.140625,5.859375,8.45569455823328,8.4193455931576,1359.19243327813,0,8.45569455823328,0.704641213186107,8.45569455823328,0,38.4572995651963,25070,102,1494.140625,6.0695155984522,1488.07110940155,1494.140625
0.361,1488.26570441464,0.34377454752205,0.0171887273761025,7.79254100596443,155.850820119289,8.54706398069775,0,1500,1479.4921875,20.5078125,8.54706398069775,8.41984260293287,-1308.74588893489,0,8.54706398069775,0.712255331724813,8.54706398069775,0,38.6131410440717,25171,101,1479.4921875,-8.77351691463628,1488.26570441464,1479.4921875
0.362,1488.47725373836,0.364751696376333,0.0182375848188167,7.79364867563323,155.872973512665,8.45793110222202,0,1500,1494.140625,5.859375,8.45793110222202,8.42158213714634,1350.78467588759,0,8.45793110222202,0.704827591851835,8.45793110222202,0,38.7690020831362,25273,102,1494.140625,5.66337126164171,1488.47725373836,1494.140625
0.363,1488.67258934414,0.343936724624432,0.0171968362312216,7.79467145047342,155.893429009468,8.45842811199729,0,1500,1494.140625,5.859375,8.45842811199729,8.42207914692161,1125.65389657299,0,8.45842811199729,0.704869009333108,8.45842811199729,0,38.9248861397753,25375,102,1494.140625,5.46803565585856,1488.67258934414,1494.140625
0.364,1488.80461126579,0.33618232847859,0.0168091164239295,7.79536271563871,155.907254312774,8.54979753446177,0,1500,1479.4921875,20.5078125,8.54979753446177,8.42257615669689,-1503.36133618917,0,8.54979753446177,0.712483127871814,8.54979753446177,0,39.080786800721,25476,101,1479.4921875,-9.31242376579394,1488.80461126579,1479.4921875
0.365,1488.99269127703,0.361956427595197,0.0180978213797599,7.79634750027469,155.926950005494,8.46066465598603,0,1500,1494.140625,5.859375,8.46066465598603,8.42431569091035,1188.60513650902,0,8.46066465598603,0.705055387998836,8.46066465598603,0,39.2367028482275,25578,102,1494.140625,5.14793372296958,1488.99269127703,1494.140625
0.366,1489.17912864162,0.342929071498681,0.0171464535749341,7.79732368403295,155.946473680659,8.4611616657613,0,1500,1494.140625,5.859375,8.4611616657613,8.42481270068562,990.504280424187,0,8.4611616657613,0.705096805480109,8.4611616657613,0,39.3926403420705,25680,102,1494.140625,4.96149635837833,1489.17912864162,1494.140625
0.367,1489.30768318051,0.335841093589538,0.0167920546794769,7.79799679402455,155.959935880491,8.55253108822578,0,1500,1479.4921875,20.5078125,8.55253108822578,8.4253097104609,-1615.98601631318,0,8.55253108822578,0.712710924018815,8.55253108822578,0,39.5485938387788,25781,101,1479.4921875,-9.81549568051128,1489.30768318051,1479.4921875
0.368,1489.49432125752,0.361863879421874,0.0180931939710937,7.79897402871056,155.979480574211,8.46339820975004,0,1500,1494.140625,5.859375,8.46339820975004,8.42704924467436,1094.75123640569,0,8.46339820975004,0.705283184145837,8.46339820975004,0,39.7045624821433,25883,102,1494.140625,4.64630374248054,1489.49432125752,1494.140625
0.369,1489.68007335019,0.34292956983416,0.017146478491708,7.79994662439343,155.998932487869,8.46389521952531,0,1500,1494.140625,5.859375,8.46389521952531,8.42754625444963,912.292697004738,0,8.46389521952531,0.70532460162711,8.46389521952531,0,39.8605524668525,25985,102,1494.140625,4.46055164981021,1489.68007335019,1494.140625
0.37,1489.80822653839,0.335876646015195,0.0167938323007598,7.80061763291774,156.012352658355,8.55526464198979,0,1500,1479.4921875,20.5078125,8.55526464198979,8.42804326422491,-1681.16233582939,0,8.55526464198979,0.712938720165816,8.55526464198979,0,40.0165583999121,26086,101,1479.4921875,-10.3160390383898,1489.80822653839,1479.4921875
0.371,1489.99457102885,0.361912874359924,0.0180956437179962,7.80159333038821,156.031866607764,8.46613176351405,0,1500,1494.140625,5.859375,8.46613176351405,8.42978279843837,1040.43763680885,0,8.46613176351405,0.705510980292838,8.46613176351405,0,40.1725794441281,26188,102,1494.140625,4.14605397114565,1489.99457102885,1494.140625
0.372,1490.18007164111,0.342983950237306,0.0171491975118653,7.80256460932271,156.051292186454,8.46662877328933,0,1500,1494.140625,5.859375,8.46662877328933,8.43027980821365,867.031364007371,0,8.46662877328933,0.70555239777411,8.46662877328933,0,40.32862180148,26290,102,1494.140625,3.96055335888877,1490.18007164111,1494.140625
0.373,1490.30799096617,0.335933404936389,0.0167966702468194,7.80323439334245,156.064687866849,8.5579981957538,0,1500,1479.4921875,20.5078125,8.5579981957538,8.43077681798892,-1718.88011332719,0,8.5579981957538,0.713166516312817,8.5579981957538,0,40.4846800818931,26391,101,1479.4921875,-10.8158034661662,1490.30799096617,1479.4921875
0.374,1490.4941100607,0.361970886444343,0.0180985443222172,7.80420891064258,156.084178212852,8.46886531727806,0,1500,1494.140625,5.859375,8.46886531727806,8.43251635220238,1009.00615556067,0,8.46886531727806,0.705738776439839,8.46886531727806,0,40.6407534494622,26493,102,1494.140625,3.64651493930091,1490.4941100607,1494.140625
0.375,1490.67939030934,0.343042791226101,0.0171521395613051,7.80517903575589,156.103580715118,8.46936232705334,0,1500,1494.140625,5.859375,8.46936232705334,8.43301336197766,840.838462967229,0,8.46936232705334,0.705780193921111,8.46936232705334,0,40.7968481068446,26595,102,1494.140625,3.46123469066083,1490.67939030934,1494.140625
0.376,1490.80709299785,0.335992911846665,0.0167996455923333,7.80584768546933,156.116953709387,8.46985933682861,0,1500,1494.140625,5.859375,8.46985933682861,8.43351037175293,700.698719139357,0,8.46985933682861,0.705821611402384,8.46985933682861,0,40.9529586644138,26697,102,1494.140625,3.33353200215129,1490.80709299785,1494.140625
0.377,1490.91329603303,0.333368642535081,0.0166684321267541,7.80640376326118,156.128075265224,8.56122875929309,0,1500,1479.4921875,20.5078125,8.56122875929309,8.43400738152821,-1857.4906507172,0,8.56122875929309,0.713435729941091,8.56122875929309,0,41.1090812876009,26798,101,1479.4921875,-11.4211085330292,1490.91329603303,1479.4921875
0.378,1491.09114429832,0.361055705336399,0.01805278526682,7.80733497460065,156.146699492013,8.47209588081735,0,1500,1494.140625,5.859375,8.47209588081735,8.43574691574167,893.497374402331,0,8.47209588081735,0.706007990068112,8.47209588081735,0,41.265217541796,26900,102,1494.140625,3.04948070168393,1491.09114429832,1494.140625
0.379,1491.27316555506,0.342742668031767,0.0171371334015884,7.80828803567228,156.165760713446,8.47259289059262,0,1500,1494.140625,5.859375,8.47259289059262,8.43624392551694,744.581145335276,0,8.47259289059262,0.706049407549385,8.47259289059262,-1.77635683940025e-15,41.4213745245682,27002,102,1494.140625,2.86745944494169,1491.27316555506,1494.140625
0.38,1491.39947892941,0.335922406394415,0.0167961203197207,7.80894941095381,156.178988219076,8.4730899003679,0,1500,1494.140625,5.859375,8.4730899003679,8.43674093529222,620.484287779397,0,8.4730899003679,0.706090825030658,8.4730899003679,0,41.5775471799635,27104,102,1494.140625,2.74114607058732,1491.39947892941,1494.140625
0.381,1491.5049916168,0.333384144547781,0.0166692072273891,7.80950187409305,156.190037481861,8.47358691014317,0,1500,1494.140625,5.859375,8.47358691014317,8.43723794506749,517.070239816164,0,8.47358691014317,0.706132242511931,8.47358691014317,0,41.7337317979806,27206,102,1494.140625,2.63563338320387,1491.5049916168,1494.140625
0.382,1491.6027096564,0.332441352344158,0.0166220676172079,7.81001352455196,156.200270491039,8.56495633260765,0,1500,1479.4921875,20.5078125,8.56495633260765,8.43773495484277,-2010.51438348653,0,8.56495633260765,0.713746361050637,8.56495633260765,0,41.8899269916442,27307,101,1479.4921875,-12.1105221564007,1491.6027096564,1479.4921875
0.383,1491.7771819741,0.360755455168265,0.0180377727584133,7.81092705947118,156.218541189424,8.47582345413191,0,1500,1494.140625,5.859375,8.47582345413191,8.43947448905623,765.977597094558,0,8.47582345413191,0.706318621177659,8.47582345413191,0,42.0461352385595,27409,102,1494.140625,2.36344302590169,1491.7771819741,1494.140625
0.384,1491.95773368358,0.342676597099187,0.0171338298549594,7.81187242601136,156.237448520227,8.47632046390719,0,1500,1494.140625,5.859375,8.47632046390719,8.43997149883151,638.314664245465,0,8.47632046390719,0.706360038658932,8.47632046390719,0,42.2023639764679,27511,102,1494.140625,2.18289131641814,1491.95773368358,1494.140625
0.385,1492.08329065665,0.335944138390043,0.0167972069195022,7.81252984078504,156.250596815701,8.47681747368246,0,1500,1494.140625,5.859375,8.47681747368246,8.44046850860678,531.928886871221,0,8.47681747368246,0.706401456140205,8.47681747368246,-1.77635683940025e-15,42.3586082764574,27613,102,1494.140625,2.05733434334729,1492.08329065665,1494.140625
0.386,1492.18831547729,0.333439136323489,0.0166719568161744,7.81307974945995,156.261594989199,8.47731448345774,0,1500,1494.140625,5.859375,8.47731448345774,8.44096551838206,443.274072392684,0,8.47731448345774,0.706442873621478,8.47731448345774,0,42.5148644761578,27715,102,1494.140625,1.9523095227139,1492.18831547729,1494.140625
0.387,1492.28564849667,0.332509275258225,0.0166254637629113,7.81358938395768,156.271787679154,8.47781149323301,0,1500,1494.140625,5.859375,8.47781149323301,8.44146252815733,369.395060327237,0,8.47781149323301,0.706484291102751,8.47781149323301,0,42.6711312066351,27817,102,1494.140625,1.85497650333355,1492.28564849667,1494.140625
0.388,1492.38007423363,0.332166376855872,0.0166083188427936,7.81408379596028,156.281675919206,8.47830850300829,0,1500,1494.140625,5.859375,8.47830850300829,8.44195953793261,307.829216939364,0,8.47830850300829,0.706525708584024,8.47830850300829,0,42.8274079534838,27919,102,1494.140625,1.76055076636749,1492.38007423363,1494.140625
0.389,1492.47337582692,0.33204227268108,0.016602113634054,7.81457232196035,156.291446439207,8.47880551278356,0,1500,1494.140625,5.859375,8.47880551278356,8.44245654770788,256.52434744947,0,8.47880551278356,0.706567126065297,8.47880551278356,0,42.9836945207311,28021,102,1494.140625,1.66724917308079,1492.47337582692,1494.140625
0.39,1492.56621817936,0.331999792245744,0.0165999896122872,7.81505844338098,156.30116886762,8.57017493524804,0,1500,1479.4921875,20.5078125,8.57017493524804,8.44295355748316,-2227.63596045878,0,8.57017493524804,0.714181244604003,8.57017493524804,0,43.1399908311015,28122,101,1479.4921875,-13.0740306793639,1492.56621817936,1479.4921875
0.391,1492.73855220202,0.360650179467813,0.0180325089733907,7.81596078221353,156.319215644271,8.4810420567723,0,1500,1494.140625,5.859375,8.4810420567723,8.44469309169662,585.042949617687,0,8.4810420567723,0.706753504731025,8.4810420567723,-1.77635683940025e-15,43.2962998506238,28224,102,1494.140625,1.40207279798415,1492.73855220202,1494.140625
0.392,1492.91798985982,0.342697453759722,0.0171348726879861,7.81690031559275,156.338006311855,8.48153906654757,0,1500,1494.140625,5.859375,8.48153906654757,8.44519010147189,487.535791348073,0,8.48153906654757,0.706794922212298,8.48153906654757,0,43.4526291994729,28326,102,1494.140625,1.22263514017959,1492.91798985982,1494.140625
0.393,1493.0428186951,0.336012819342957,0.0168006409671479,7.81755391784586,156.351078356917,8.48203607632285,0,1500,1494.140625,5.859375,8.48203607632285,8.44568711124717,406.279826123394,0,8.48203607632285,0.706836339693571,8.48203607632285,0,43.6089740171605,28428,102,1494.140625,1.09780630490309,1493.0428186951,1494.140625
0.394,1493.14726341001,0.333526454940892,0.0166763227470446,7.81810078909433,156.362015781886,8.48253308609812,0,1500,1494.140625,5.859375,8.48253308609812,8.44618412102244,338.566521769495,0,8.48253308609812,0.706877757174843,8.48253308609812,0,43.7653306672578,28530,102,1494.140625,0.993361589988808,1493.14726341001,1494.140625
0.395,1493.24407567006,0.332604346306985,0.0166302173153492,7.81860769690258,156.372153938052,8.4830300958734,0,1500,1494.140625,5.859375,8.4830300958734,8.44668113079772,282.138768141246,0,8.4830300958734,0.706919174656116,8.4830300958734,0,43.9216977909375,28632,102,1494.140625,0.896549329937216,1493.24407567006,1494.140625
0.396,1493.33800689539,0.332265133829393,0.0166132566914697,7.8190995196483,156.381990392966,8.48352710564867,0,1500,1494.140625,5.859375,8.48352710564867,8.44717814057299,235.115640117705,0,8.48352710564867,0.706960592137389,8.48352710564867,0,44.0780748779962,28734,102,1494.140625,0.802618104610019,1493.33800689539,1494.140625
0.397,1493.43082783692,0.33214318968404,0.016607159484202,7.81958552896166,156.391710579233,8.48402411542395,0,1500,1494.140625,5.859375,8.48402411542395,8.44767515034827,195.929700098087,0,8.48402411542395,0.707002009618662,8.48402411542395,-1.77635683940025e-15,44.2344617344568,28836,102,1494.140625,0.709797163078292,1493.43082783692,1494.140625
0.398,1493.52319872673,0.332102290088886,0.0166051145044443,7.82006918180973,156.401383636195,8.48452112519922,0,1500,1494.140625,5.859375,8.48452112519922,8.44817216012354,163.27475008174,0,8.48452112519922,0.707043427099935,8.48452112519922,0,44.3908582842118,28938,102,1494.140625,0.61742627326521,1493.52319872673,1494.140625
0.399,1493.6153660426,0.332091680653712,0.0166045840326856,7.82055176874708,156.411035374942,8.4850181349745,0,1500,1494.140625,5.859375,8.4850181349745,8.44866916989882,136.062291734783,0,8.4850181349745,0.707084844581208,8.4850181349745,0,44.5472644951207,29040,102,1494.140625,0.525258957403821,1493.6153660426,1494.140625
0.4,1493.70742210256,0.33209245045285,0.0166046225226425,7.8210337731499,156.420675462998,8.48551514474977,0,1500,1494.140625,5.859375,8.48551514474977,8.44916617967409,113.385243112319,0,8.48551514474977,0.707126262062481,8.48551514474977,0,44.7036803514754,29142,102,1494.140625,0.433202897443834,1493.70742210256,1494.140625
0.401,1493.79940178255,0.332097552540798,0.0166048776270399,7.82151537762816,156.430307552563,8.48601215452505,0,1500,1494.140625,5.859375,8.48601215452505,8.44966318944937,94.4877025935993,0,8.48601215452505,0.707167679543754,8.48601215452505,0,44.8601058437405,29244,102,1494.140625,0.341223217446668,1493.79940178255,1494.140625
0.402,1493.89131855071,0.332104360168503,0.0166052180084252,7.8219966527008,156.439933054016,8.48650916430032,0,1500,1494.140625,5.859375,8.48650916430032,8.45016019922464,78.7397521613327,0,8.48650916430032,0.707209097025027,8.48650916430032,0,45.0165409647305,29346,102,1494.140625,0.249306449290771,1493.89131855071,1494.140625
0.403,1493.98317789277,0.332111893442568,0.0166055946721284,7.82247762709108,156.449552541822,8.4870061740756,0,1500,1494.140625,5.859375,8.4870061740756,8.45065720899992,65.6164601344439,0,8.4870061740756,0.7072505145063,8.4870061740756,-1.77635683940025e-15,45.1729857081848,29448,102,1494.140625,0.157447107234475,1493.98317789277,1494.140625
0.404,1494.0749823141,0.3321197860577,0.016605989302885,7.82295831391714,156.459166278343,8.48750318385087,0,1500,1494.140625,5.859375,8.48750318385087,8.45115421877519,54.68038344537,0,8.48750318385087,0.707291931987573,8.48750318385087,0,45.3294400682359,29550,102,1494.140625,0.0656426858970462,1494.0749823141,1494.140625
0.405,1494.16673320344,0.332127900330589,0.0166063950165295,7.8234387204503,156.468774409006,8.48800019362615,0,1500,1494.140625,5.859375,8.48800019362615,8.45165122855047,45.566986204475,0,8.48800019362615,0.707333349468846,8.48800019362615,0,45.4859040392109,29652,102,1494.140625,-0.0261082034367064,1494.16673320344,1494.140625
0.406,1494.25843152726,0.332136183772341,0.016606809188617,7.82391885175109,156.478377035022,8.48849720340142,0,1500,1494.140625,5.859375,8.48849720340142,8.45214823832574,37.9724885037291,0,8.48849720340142,0.707374766950118,8.48849720340142,0,45.6423776155569,29754,102,1494.140625,-0.117806527262928,1494.25843152726,1494.140625
0.407,1494.35007808867,0.332144615651243,0.0166072307825622,7.8243987120245,156.48797424049,8.4889942131767,0,1500,1494.140625,5.859375,8.4889942131767,8.45264524810102,31.6437404197743,0,8.4889942131767,0.707416184431391,8.4889942131767,0,45.7988607918119,29856,102,1494.140625,-0.209453088671125,1494.35007808867,1494.140625
0.408,1494.44167362385,0.332153187083372,0.0166076593541686,7.82487830512522,156.497566102504,8.48949122295197,0,1500,1494.140625,5.859375,8.48949122295197,8.45314225787629,26.3697836831452,0,8.48949122295197,0.707457601912664,8.48949122295197,0,45.9553535625944,29958,102,1494.140625,-0.301048623853148,1494.44167362385,1494.140625
0.409,1494.53321883815,0.332161893614701,0.016608094680735,7.82535763474637,156.507152694927,8.48998823272725,0,1500,1494.140625,5.859375,8.48998823272725,8.45363926765157,21.9748197359544,0,8.48998823272725,0.707499019393937,8.48998823272725,-1.77635683940025e-15,46.1118559225981,30060,102,1494.140625,-0.392593838145558,1494.53321883815,1494.140625
0.41,1494.62471441953,0.332170732457192,0.0166085366228596,7.82583670449023,156.516734089805,8.49048524250252,0,1500,1494.140625,5.859375,8.49048524250252,8.45413627742684,18.312349779962,0,8.49048524250252,0.70754043687521,8.49048524250252,0,46.2683678665894,30162,102,1494.140625,-0.484089419530619,1494.62471441953,1494.140625
0.411,1494.71616104376,0.332179701458837,0.0166089850729419,7.826315517895,156.5263103579,8.4909822522778,0,1500,1494.140625,5.859375,8.4909822522778,8.45463328720212,15.2602914833016,0,8.4909822522778,0.707581854356483,8.4909822522778,0,46.4248893894064,30264,102,1494.140625,-0.575536043755847,1494.71616104376,1494.140625
0.412,1494.80755937631,0.332188798719708,0.0166094399359854,7.82679407844518,156.535881568904,8.49147926205307,0,1500,1494.140625,5.859375,8.49147926205307,8.45513029697739,12.716909569418,0,8.49147926205307,0.707623271837756,8.49147926205307,0,46.5814204859572,30366,102,1494.140625,-0.666934376311019,1494.80755937631,1494.140625
0.413,1494.89891007325,0.33219802244871,0.0166099011224355,7.82727238957583,156.545447791517,8.49197627182835,0,1500,1494.140625,5.859375,8.49197627182835,8.45562730675267,10.5974246411817,0,8.49197627182835,0.707664689319029,8.49197627182835,0,46.7379611512192,30468,102,1494.140625,-0.758285073245816,1494.89891007325,1494.140625
0.414,1494.99021378155,0.332207370910009,0.0166103685455005,7.8277504546746,156.555009093492,8.49247328160362,0,1500,1494.140625,5.859375,8.49247328160362,8.45612431652794,8.83118720098475,0,8.49247328160362,0.707706106800302,8.49247328160362,0,46.8945113802378,30570,102,1494.140625,-0.849588781552711,1494.99021378155,1494.140625
0.415,1495.08147113938,0.332216842402867,0.0166108421201433,7.82822827708284,156.564565541657,8.4929702913789,0,1500,1494.140625,5.859375,8.4929702913789,8.45662132630322,7.35932266748729,0,8.4929702913789,0.707747524281575,8.4929702913789,-1.77635683940025e-15,47.0510711681259,30672,102,1494.140625,-0.940846139382074,1495.08147113938,1494.140625
0.416,1495.1726827762,0.332226435253935,0.0166113217626968,7.8287058600964,156.574117201928,8.49346730115417,0,1500,1494.140625,5.859375,8.49346730115417,8.45711833607849,6.13276888957274,0,8.49346730115417,0.707788941762848,8.49346730115417,0,47.2076405100628,30774,102,1494.140625,-1.03205777619519,1495.1726827762,1494.140625
0.417,1495.2638493129,0.332236147814193,0.0166118073907097,7.82918320696633,156.583664139327,8.49396431092945,0,1500,1494.140625,5.859375,8.49396431092945,8.45761534585377,5.11064074131062,0,8.49396431092945,0.707830359244121,8.49396431092945,0,47.3642194012932,30876,102,1494.140625,-1.12322431289908,1495.2638493129,1494.140625
0.418,1495.35497136197,0.332245978457609,0.0166122989228804,7.82966032089954,156.593206417991,8.49446132070472,0,1500,1494.140625,5.859375,8.49446132070472,8.45811235562904,4.25886728442552,0,8.49446132070472,0.707871776725393,8.49446132070472,0,47.5208078371263,30978,102,1494.140625,-1.21434636196545,1495.35497136197,1494.140625
0.419,1495.44604952755,0.332255925580452,0.0166127962790226,7.83013720505937,156.602744101187,8.49495833048,0,1500,1494.140625,5.859375,8.49495833048,8.45860936540432,3.5490560703546,0,8.49495833048,0.707913194206666,8.49495833048,0,47.677405812935,31080,102,1494.140625,-1.30542452754707,1495.44604952755,1494.140625
0.42,1495.53708440559,0.332265987600858,0.0166132993800429,7.83061386256618,156.612277251324,8.49545534025527,0,1500,1494.140625,5.859375,8.49545534025527,8.45910637517959,2.9575467252955,0,8.49545534025527,0.707954611687939,8.49545534025527,0,47.8340133241553,31182,102,1494.140625,-1.3964594055924,1495.53708440559,1494.140625
0.421,1495.62807658396,0.332276162958471,0.0166138081479235,7.83109029649798,156.62180592996,8.40507993734135,0,1500,1508.7890625,-8.7890625,8.40507993734135,8.45960338495487,2443.87087227108,0,8.40507993734135,0.700423328111779,8.40507993734135,0,47.9906303662849,31285,103,1508.7890625,13.160985916044,1495.62807658396,1508.7890625
0.422,1495.63932400408,0.303624098945317,0.0151812049472659,7.83114918785205,156.622983757041,8.49520683536764,0,1500,1494.140625,5.859375,8.49520683536764,8.45885787029196,-404.8471897741,0,8.49520683536764,0.707933902947303,8.49520683536764,0,48.1472539358597,31387,102,1494.140625,-1.49869900408203,1495.63932400408,1494.140625
0.423,1495.64330831371,0.321586732096152,0.0160793366048076,7.83117004964847,156.623400992969,8.49570384514291,0,1500,1494.140625,5.859375,8.49570384514291,8.45935488006723,-337.372658145084,0,8.49570384514291,0.707975320428576,8.49570384514291,0,48.3038763918848,31489,102,1494.140625,-1.5026833137083,1495.64330831371,1494.140625
0.424,1495.70177773311,0.328285760571475,0.0164142880285737,7.83147619481253,156.629523896251,8.49620085491819,0,1500,1494.140625,5.859375,8.49620085491819,8.45985188984251,-281.14388178757,0,8.49620085491819,0.708016737909849,8.49620085491819,0,48.460502580312,31591,102,1494.140625,-1.56115273310502,1495.70177773311,1494.140625
0.425,1495.78052175739,0.330788358961152,0.0165394179480576,7.83188849755953,156.637769951191,8.49669786469346,0,1500,1494.140625,5.859375,8.49669786469346,8.46034889961778,-234.286568156308,0,8.49669786469346,0.708058155391122,8.49669786469346,0,48.6171361254672,31693,102,1494.140625,-1.63989675738799,1495.78052175739,1494.140625
0.426,1495.86679487187,0.331727553145907,0.0165863776572954,7.83234022253061,156.646804450612,8.49719487446874,0,1500,1494.140625,5.859375,8.49719487446874,8.46084590939306,-195.238806796923,0,8.49719487446874,0.708099572872395,8.49719487446874,0,48.7737783750716,31795,102,1494.140625,-1.72616987186666,1495.86679487187,1494.140625
0.427,1495.95584879763,0.332084332245684,0.0166042166122842,7.83280650779552,156.65613015591,8.49769188424401,0,1500,1494.140625,5.859375,8.49769188424401,8.46134291916833,-162.699005664103,0,8.49769188424401,0.708140990353668,8.49769188424401,-1.77635683940025e-15,48.9304298286842,31897,102,1494.140625,-1.81522379762805,1495.95584879763,1494.140625
0.428,1496.04591479215,0.332224183825405,0.0166112091912702,7.83327809224006,156.665561844801,8.49818889401929,0,1500,1494.140625,5.859375,8.49818889401929,8.46183992894361,-135.582504720086,0,8.49818889401929,0.70818240783494,8.49818889401929,0,49.0870906698975,31999,102,1494.140625,-1.90528979214855,1496.04591479215,1494.140625
0.429,1496.13633419832,0.33228327721629,0.0166141638608145,7.83375152714365,156.675030542873,8.49868590379456,0,1500,1494.140625,5.859375,8.49868590379456,8.46233693871888,-112.985420600071,0,8.49868590379456,0.708223825316213,8.49868590379456,0,49.2437609646188,32101,102,1494.140625,-1.99570919831513,1496.13633419832,1494.140625
0.43,1496.22686194062,0.332312344357266,0.0166156172178633,7.83422552929391,156.684510585878,8.40831050088064,0,1500,1508.7890625,-8.7890625,8.40831050088064,8.46283394849416,2347.25173283327,0,8.40831050088064,0.700692541740053,8.40831050088064,0,49.4004407349428,32204,103,1508.7890625,12.5622005593848,1496.22686194062,1508.7890625
0.431,1496.2377043894,0.303667934505384,0.0151833967252692,7.83428230022299,156.68564600446,8.49843739890692,0,1500,1494.140625,5.859375,8.49843739890692,8.46208843383124,-485.363139305605,0,8.49843739890692,0.708203116575577,8.49843739890692,0,49.5571269876513,32306,102,1494.140625,-2.09707938939914,1496.2377043894,1494.140625
0.432,1496.24130903228,0.321634026641134,0.0160817013320567,7.83430117408896,156.686023481779,8.4989344086822,0,1500,1494.140625,5.859375,8.4989344086822,8.46258544360652,-404.469282754671,0,8.4989344086822,0.70824453405685,8.4989344086822,0,49.7138120858987,32408,102,1494.140625,-2.10068403227729,1496.24130903228,1494.140625
0.433,1496.29941131966,0.328334942852071,0.0164167471426035,7.83460539695428,156.692107939086,8.49943141845747,0,1500,1494.140625,5.859375,8.49943141845747,8.46308245338179,-337.057735628892,0,8.49943141845747,0.708285951538123,8.49943141845747,-1.77635683940025e-15,49.8705008775104,32510,102,1494.140625,-2.15878631965779,1496.29941131966,1494.140625
0.434,1496.37779594678,0.3308388354401,0.016541941772005,7.83501581790216,156.700316358043,8.49992842823275,0,1500,1494.140625,5.859375,8.49992842823275,8.46357946315707,-280.88144635741,0,8.49992842823275,0.708327369019396,8.49992842823275,0,50.0271969878336,32612,102,1494.140625,-2.23717094678182,1496.37779594678,1494.140625
0.435,1496.46371556904,0.33177909466391,0.0165889547331955,7.83546569199231,156.709313839846,8.50042543800802,0,1500,1494.140625,5.859375,8.50042543800802,8.46407647293234,-234.067871964509,0,8.50042543800802,0.708368786500669,8.50042543800802,0,50.1839017652887,32714,102,1494.140625,-2.32309056904091,1496.46371556904,1494.140625
0.436,1496.55242118469,0.33213684550921,0.0166068422754605,7.83593015350975,156.718603070195,8.5009224477833,0,1500,1494.140625,5.859375,8.5009224477833,8.46457348270762,-195.056559970424,0,8.5009224477833,0.708410203981942,8.5009224477833,0,50.3406157100095,32816,102,1494.140625,-2.41179618469278,1496.55242118469,1494.140625
0.437,1496.64214374141,0.332277626268106,0.0166138813134053,7.83639993971815,156.727998794363,8.41054704486938,0,1500,1508.7890625,-8.7890625,8.41054704486938,8.46507049248289,2278.85911669131,0,8.41054704486938,0.700878920405781,8.41054704486938,0,50.4973390061131,32919,103,1508.7890625,12.1469187585915,1496.64214374141,1508.7890625
0.438,1496.65252178828,0.303675274108524,0.0151837637054262,7.83645427904449,156.72908558089,8.50067394289566,0,1500,1494.140625,5.859375,8.50067394289566,8.46432497781998,-542.356986090572,0,8.50067394289566,0.708389495241305,8.50067394289566,0,50.654068720985,33021,102,1494.140625,-2.51189678827814,1496.65252178828,1494.140625
0.439,1496.65579122824,0.321657466207896,0.0160828733103948,7.83647139779208,156.729427955842,8.50117095267094,0,1500,1494.140625,5.859375,8.50117095267094,8.46482198759526,-451.964155075477,0,8.50117095267094,0.708430912722578,8.50117095267094,-1.77635683940025e-15,50.8107972405941,33123,102,1494.140625,-2.51516622823715,1496.65579122824,1494.140625
0.44,1496.71360865099,0.32836480543051,0.0164182402715255,7.83677412910968,156.735482582194,8.50166796244621,0,1500,1494.140625,5.859375,8.50166796244621,8.46531899737053,-376.636795896231,0,8.50166796244621,0.708472330203851,8.50166796244621,0,50.9675294214981,33225,102,1494.140625,-2.572983650987,1496.71360865099,1494.140625
0.441,1496.79172934062,0.330871509908637,0.0165435754954318,7.83718316808407,156.743663361681,8.50216497222149,0,1500,1494.140625,5.859375,8.50216497222149,8.46581600714581,-313.863996580192,0,8.50216497222149,0.708513747685124,8.50216497222149,0,51.1242688925267,33327,102,1494.140625,-2.65110434061694,1496.79172934062,1494.140625
0.442,1496.87739496526,0.331813229933885,0.0165906614966943,7.83763171224583,156.752634244917,8.41178956930756,0,1500,1508.7890625,-8.7890625,8.41178956930756,8.46631301692108,2179.85291951651,0,8.41178956930756,0.700982464108964,8.41178956930756,0,51.2810170036235,33430,103,1508.7890625,11.9116675347373,1496.87739496526,1508.7890625
0.443,1496.88614976212,0.303509581423907,0.0151754790711953,7.83767755225495,156.753551045099,8.50191646733385,0,1500,1494.140625,5.859375,8.50191646733385,8.46556750225817,-624.862150402911,0,8.50191646733385,0.708493038944488,8.50191646733385,0,51.4377712566901,33532,102,1494.140625,-2.74552476211534,1496.88614976212,1494.140625
0.444,1496.8887041899,0.321603354542626,0.0160801677271313,7.83769092720757,156.753818544151,8.50241347710913,0,1500,1494.140625,5.859375,8.50241347710913,8.46606451203345,-520.718458669093,0,8.50241347710913,0.708534456425761,8.50241347710913,0,51.5945241997436,33634,102,1494.140625,-2.74807918990314,1496.8887041899,1494.140625
0.445,1496.94614648091,0.328352554279979,0.016417627713999,7.83799169433996,156.759833886799,8.5029104868844,0,1500,1494.140625,5.859375,8.5029104868844,8.46656152180872,-433.93204889091,0,8.5029104868844,0.708575873907033,8.5029104868844,-1.77635683940025e-15,51.7512807498741,33736,102,1494.140625,-2.80552148090987,1496.94614648091,1494.140625
0.446,1497.0240201452,0.330875139490707,0.0165437569745353,7.83839943989271,156.767988797854,8.50340749665968,0,1500,1494.140625,5.859375,8.50340749665968,8.467058531584,-361.610040742425,0,8.50340749665968,0.708617291388306,8.50340749665968,0,51.9080445586194,33838,102,1494.140625,-2.8833951452018,1497.0240201452,1494.140625
0.447,1497.10948792993,0.331823057059694,0.0165911528529847,7.83884694816707,156.776938963341,8.50390450643495,0,1500,1494.140625,5.859375,8.50390450643495,8.46755554135927,-301.341700618688,0,8.50390450643495,0.708658708869579,8.50390450643495,0,52.0648169845374,33940,102,1494.140625,-2.9688629299294,1497.10948792993,1494.140625
0.448,1497.19776728723,0.332184345769682,0.0166092172884841,7.83930917780101,156.78618355602,8.41352910352103,0,1500,1508.7890625,-8.7890625,8.41352910352103,8.46805255113455,2190.28816615109,0,8.41352910352103,0.701127425293419,8.41352910352103,0,52.2215985319133,34043,103,1508.7890625,11.5912952127699,1497.19776728723,1508.7890625
0.449,1497.20737397981,0.303664768754646,0.0151832384377323,7.83935947832571,156.787189566514,8.50365600154731,0,1500,1494.140625,5.859375,8.50365600154731,8.46730703647163,-616.166111540756,0,8.50365600154731,0.708638000128943,8.50365600154731,0,52.3783863877573,34145,102,1494.140625,-3.06674897980633,1497.20737397981,1494.140625
0.45,1497.21012554887,0.321678412278366,0.0160839206139183,7.83937388550761,156.787477710152,8.50415301132259,0,1500,1494.140625,5.859375,8.50415301132259,8.46780404624691,-513.471759617296,0,8.50415301132259,0.708679417610216,8.50415301132259,0,52.5351729829416,34247,102,1494.140625,-3.06950054886579,1497.21012554887,1494.140625
0.451,1497.26752267143,0.328398072869509,0.0164199036434755,7.83967441613856,156.793488322771,8.50465002109786,0,1500,1494.140625,5.859375,8.50465002109786,8.46830105602218,-427.893133014414,0,8.50465002109786,0.708720835091489,8.50465002109786,-1.77635683940025e-15,52.6919631910835,34349,102,1494.140625,-3.12689767142501,1497.26752267143,1494.140625
0.452,1497.34526250047,0.330909963210184,0.0165454981605092,7.84008146093158,156.801629218632,8.41427461818394,0,1500,1508.7890625,-8.7890625,8.41427461818394,8.46879806579746,2084.82863915466,0,8.41427461818394,0.701189551515328,8.41427461818394,0,52.8487606476942,34452,103,1508.7890625,11.4437999995334,1497.34526250047,1508.7890625
0.453,1497.35086236578,0.303191851360107,0.0151595925680053,7.84011078175782,156.802215635156,8.50440151621023,0,1500,1494.140625,5.859375,8.50440151621023,8.46805255113455,-704.049050704454,0,8.50440151621023,0.708700126350852,8.50440151621023,0,53.0055637065051,34554,102,1494.140625,-3.21023736578445,1497.35086236578,1494.140625
0.454,1497.35204209261,0.321504307566398,0.0160752153783199,7.84011695879304,156.802339175861,8.5048985259855,0,1500,1494.140625,5.859375,8.5048985259855,8.46854956090982,-586.707542253711,0,8.5048985259855,0.708741543832125,8.5048985259855,0,53.1623652331899,34656,102,1494.140625,-3.21141709261133,1497.35204209261,1494.140625
0.455,1497.40877565161,0.328335504077805,0.0164167752038902,7.84041401501333,156.808280300267,8.50539553576078,0,1500,1494.140625,5.859375,8.50539553576078,8.4690465706851,-488.922951878093,0,8.50539553576078,0.708782961313398,8.50539553576078,0,53.319170263474,34758,102,1494.140625,-3.26815065161372,1497.40877565161,1494.140625
0.456,1497.48619137416,0.330889153573072,0.0165444576786536,7.84081936278869,156.816387255774,8.50589254553605,0,1500,1494.140625,5.859375,8.50589254553605,8.46954358046037,-407.435793231744,0,8.50589254553605,0.708824378794671,8.50589254553605,0,53.4759824933766,34860,102,1494.140625,-3.34556637415722,1497.48619137416,1494.140625
0.457,1497.57129728745,0.331849152451322,0.0165924576225661,7.84126497630865,156.825299526173,8.41551714262213,0,1500,1508.7890625,-8.7890625,8.41551714262213,8.47004059023565,2101.87642230688,0,8.41551714262213,0.701293095218511,8.41551714262213,0,53.6328032983059,34963,103,1508.7890625,11.2177652125492,1497.57129728745,1508.7890625
0.458,1497.57955052523,0.303553091895053,0.0151776545947526,7.84130819016062,156.826163803212,8.50564404064842,0,1500,1494.140625,5.859375,8.50564404064842,8.46929507557274,-689.842564744267,0,8.50564404064842,0.708803670054035,8.50564404064842,0,53.7896301900759,35065,102,1494.140625,-3.4389255252313,1497.57955052523,1494.140625
0.459,1497.58162903919,0.321650459282307,0.0160825229641153,7.84131907323425,156.826381464685,8.50614105042369,0,1500,1494.140625,5.859375,8.50614105042369,8.46979208534801,-574.868803953556,0,8.50614105042369,0.708845087535308,8.50614105042369,0,53.9464557208163,35167,102,1494.140625,-3.44100403918833,1497.58162903919,1494.140625
0.46,1497.63860889638,0.32840175493657,0.0164200877468285,7.84161741906882,156.832348381376,8.50663806019897,0,1500,1494.140625,5.859375,8.50663806019897,8.47028909512329,-479.057336627963,0,8.50663806019897,0.70888650501658,8.50663806019897,0,54.1032848095636,35269,102,1494.140625,-3.49798389637544,1497.63860889638,1494.140625
0.461,1497.71602902114,0.330925867543862,0.0165462933771931,7.84202278989413,156.840455797883,8.41626265728504,0,1500,1508.7890625,-8.7890625,8.41626265728504,8.47078610489856,2042.19180281003,0,8.41626265728504,0.70135522144042,8.41626265728504,0,54.2601211089887,35372,103,1508.7890625,11.0730334788636,1497.71602902114,1508.7890625
0.462,1497.7213477611,0.303212739388311,0.0151606369694156,7.84205063875147,156.841012775029,8.50638955531133,0,1500,1494.140625,5.859375,8.50638955531133,8.47004059023565,-739.579747658307,0,8.50638955531133,0.708865796275944,8.50638955531133,0,54.4169629794519,35474,102,1494.140625,-3.58072276110261,1497.7213477611,1494.140625
0.463,1497.72226293615,0.321527476564666,0.0160763738282333,7.84205543059681,156.841108611936,8.5068865650866,0,1500,1494.140625,5.859375,8.5068865650866,8.47053760001092,-616.316456381923,0,8.5068865650866,0.708907213757217,8.5068865650866,-1.77635683940025e-15,54.5738032893284,35576,102,1494.140625,-3.58163793614949,1497.72226293615,1494.140625
0.464,1497.7787402885,0.32835994132786,0.016417997066393,7.84235114532223,156.847022906445,8.50738357486188,0,1500,1494.140625,5.859375,8.50738357486188,8.4710346097862,-513.597046984936,0,8.50738357486188,0.70894863123849,8.50738357486188,0,54.7306470755789,35678,102,1494.140625,-3.63811528850306,1497.7787402885,1494.140625
0.465,1497.85590505437,0.330914476082753,0.0165457238041377,7.8427551790915,156.85510358183,8.41700817194796,0,1500,1508.7890625,-8.7890625,8.41700817194796,8.47153161956147,2013.40871084589,0,8.41700817194796,0.70141734766233,8.41700817194796,0,54.8874980349087,35781,103,1508.7890625,10.9331574456289,1497.85590505437,1508.7890625
0.466,1497.8610614403,0.303212860754723,0.0151606430377362,7.84278217786508,156.855643557302,8.50713506997424,0,1500,1494.140625,5.859375,8.50713506997424,8.47078610489856,-763.565657628428,0,8.50713506997424,0.708927922497854,8.50713506997424,0,55.0443545441813,35883,102,1494.140625,-3.72043644029714,1497.8610614403,1494.140625
0.467,1497.86184982504,0.321532063264874,0.0160766031632437,7.84278630583793,156.855726116759,8.50763207974952,0,1500,1494.140625,5.859375,8.50763207974952,8.47128311467384,-636.304714690356,0,8.50763207974952,0.708969339979126,8.50763207974952,0,55.201209478017,35985,102,1494.140625,-3.72122482503892,1497.86184982504,1494.140625
0.468,1497.91821453751,0.328366365277703,0.0164183182638852,7.8430814307823,156.861628615646,8.50812908952479,0,1500,1494.140625,5.859375,8.50812908952479,8.47178012444911,-530.25392890863,0,8.50812908952479,0.709010757460399,8.50812908952479,0,55.358067875798,36087,102,1494.140625,-3.7775895375089,1497.91821453751,1494.140625
0.469,1497.9952728237,0.330921755775918,0.0165460877887959,7.8434849070253,156.869698140506,8.41775368661087,0,1500,1508.7890625,-8.7890625,8.41775368661087,8.47227713422439,1999.52797590947,0,8.41775368661087,0.701479473884239,8.41775368661087,0,55.5149334352256,36190,103,1508.7890625,10.7937896762976,1497.9952728237,1508.7890625
0.47,1498.00032590118,0.303220628184641,0.0151610314092321,7.84351136487709,156.870227297542,8.50788058463716,0,1500,1494.140625,5.859375,8.50788058463716,8.47153161956148,-775.132936742104,0,8.50788058463716,0.708990048719763,8.50788058463716,0,55.6718045336265,36292,102,1494.140625,-3.85970090117712,1498.00032590118,1494.140625
0.471,1498.00101302318,0.321540179028986,0.0160770089514493,7.84351496263949,156.87029925279,8.50837759441243,0,1500,1494.140625,5.859375,8.50837759441243,8.47202862933675,-645.944113951754,0,8.50837759441243,0.709031466201036,8.50837759441243,0,55.828674045885,36394,102,1494.140625,-3.86038802318149,1498.00101302318,1494.140625
0.472,1498.05727808756,0.328374775175907,0.0164187387587954,7.84380956582767,156.876191316553,8.50887460418771,0,1500,1494.140625,5.859375,8.50887460418771,8.47252563911203,-538.286761626461,0,8.50887460418771,0.709072883682309,8.50887460418771,0,55.9855470115714,36496,102,1494.140625,-3.91665308756046,1498.05727808756,1494.140625
0.473,1498.13423816813,0.330930437382833,0.0165465218691416,7.84421252786722,156.884250557344,8.41849920127378,0,1500,1508.7890625,-8.7890625,8.41849920127378,8.4730226488873,1992.83394864462,0,8.41849920127378,0.701541600106149,8.41849920127378,0,56.1424271285457,36599,103,1508.7890625,10.6548243318721,1498.13423816813,1508.7890625
0.474,1498.13919440687,0.303229570943548,0.0151614785471774,7.84423847867261,156.884769573452,8.50862609930007,0,1500,1494.140625,5.859375,8.50862609930007,8.47227713422439,-780.711292796154,0,8.50862609930007,0.709052174941672,8.50862609930007,0,56.2993127742813,36701,102,1494.140625,-3.998569406873,1498.13919440687,1494.140625
0.475,1498.13978601762,0.321549376834988,0.0160774688417494,7.84424157633926,156.884831526785,8.50912310907534,0,1500,1494.140625,5.859375,8.50912310907534,8.47277414399966,-650.592743996795,0,8.50912310907534,0.709093592422945,8.50912310907534,-1.77635683940025e-15,56.4561968238032,36803,102,1494.140625,-3.9991610176246,1498.13978601762,1494.140625
0.476,1498.19595687243,0.328384223612221,0.0164192111806111,7.84453568624726,156.890713724945,8.50962011885062,0,1500,1494.140625,5.859375,8.50962011885062,8.47327115377494,-542.160619997329,0,8.50962011885062,0.709135009904218,8.50962011885062,0,56.6130843168196,36905,102,1494.140625,-4.05533187243009,1498.19595687243,1494.140625
0.477,1498.27282402453,0.330940132690714,0.0165470066345357,7.8449381617145,156.89876323429,8.4192447159367,0,1500,1508.7890625,-8.7890625,8.4192447159367,8.47376816355021,1989.60573333556,0,8.4192447159367,0.701603726328058,8.4192447159367,0,56.7699789513254,37008,103,1508.7890625,10.5162384754692,1498.27282402453,1508.7890625
0.478,1498.27768859744,0.303239509638112,0.0151619754819056,7.84496363255869,156.899272651174,8.50937161396298,0,1500,1494.140625,5.859375,8.50937161396298,8.4730226488873,-783.401472220367,0,8.50937161396298,0.709114301163582,8.50937161396298,0,56.9268791049274,37110,102,1494.140625,-4.13706359743969,1498.27768859744,1494.140625
0.479,1498.27818978744,0.321559555561693,0.0160779777780847,7.84496625678338,156.899325135668,8.50986862373826,0,1500,1494.140625,5.859375,8.50986862373826,8.47351965866258,-652.834560183639,0,8.50986862373826,0.709155718644855,8.50986862373826,0,57.0837776527819,37212,102,1494.140625,-4.13756478743699,1498.27818978744,1494.140625
0.48,1498.33427144951,0.328394639093009,0.0164197319546505,7.84525989967934,156.905197993587,8.41949322082433,0,1500,1508.7890625,-8.7890625,8.41949322082433,8.47401666843785,1897.37744984697,0,8.41949322082433,0.701624435068694,8.41949322082433,-1.77635683940025e-15,57.2406796347263,37315,103,1508.7890625,10.454791050488,1498.33427144951,1508.7890625
0.481,1498.33134798175,0.302288430534742,0.0151144215267371,7.84524459243791,156.904891848758,8.50962011885062,0,1500,1494.140625,5.859375,8.50962011885062,8.47327115377494,-860.258375127527,0,8.50962011885062,0.709135009904218,8.50962011885062,-1.77635683940025e-15,57.3975857498607,37417,102,1494.140625,-4.19072298174683,1498.33134798175,1494.140625
0.482,1498.32890420535,0.321202624724414,0.0160601312362207,7.84523179685462,156.904635937092,8.5101171286259,0,1500,1494.140625,5.859375,8.5101171286259,8.47376816355022,-716.88197927294,0,8.5101171286259,0.709176427385491,8.5101171286259,0,57.5544897383261,37519,102,1494.140625,-4.18827920534932,1498.32890420535,1494.140625
0.483,1498.38384588067,0.32825918441913,0.0164129592209565,7.84551947079389,156.910389415878,8.51061413840117,0,1500,1494.140625,5.859375,8.51061413840117,8.47426517332549,-597.401649394116,0,8.51061413840117,0.709217844866764,8.51061413840117,0,57.7113969622909,37621,102,1494.140625,-4.24322088066947,1498.38384588067,1494.140625
0.484,1498.46015812919,0.330897954702562,0.0165448977351281,7.8459190407928,156.918380815856,8.42023873548725,0,1500,1508.7890625,-8.7890625,8.42023873548725,8.47476218310077,1943.57154217157,0,8.42023873548725,0.701686561290604,8.42023873548725,0,57.8683112400302,37724,103,1508.7890625,10.3289043708055,1498.46015812919,1508.7890625
0.485,1498.46472033097,0.303228457190318,0.0151614228595159,7.84594292842543,156.918858568509,8.51036563351354,0,1500,1494.140625,5.859375,8.51036563351354,8.47401666843786,-821.763298190358,0,8.51036563351354,0.709197136126128,8.51036563351354,0,58.0252309941024,37826,102,1494.140625,-4.32409533096984,1498.46472033097,1494.140625
0.486,1498.46501453486,0.321560349980772,0.0160780174990386,7.84594446887342,156.918889377468,8.51086264328881,0,1500,1494.140625,5.859375,8.51086264328881,8.47451367821313,-684.802748491965,0,8.51086264328881,0.709238553607401,8.51086264328881,0,58.1821491165486,37928,102,1494.140625,-4.32438953486439,1498.46501453486,1494.140625
0.487,1498.52092602961,0.328400094297297,0.0164200047148649,7.84623722077531,156.924744415506,8.42048724037489,0,1500,1508.7890625,-8.7890625,8.42048724037489,8.47501068798841,1870.73729292336,0,8.42048724037489,0.70170727003124,8.42048724037489,0,58.339070653632,38031,103,1508.7890625,10.2681364703942,1498.52092602961,1508.7890625
0.488,1498.51784737577,0.302295865842015,0.0151147932921008,7.84622110098152,156.92442201963,8.51061413840117,0,1500,1494.140625,5.859375,8.51061413840117,8.47426517332549,-882.458505897198,0,8.51061413840117,0.709217844866764,8.51061413840117,0,58.49599630698,38133,102,1494.140625,-4.37722237576986,1498.51784737577,1494.140625
0.489,1498.51525524137,0.321211038080751,0.0160605519040375,7.84620752859756,156.924150571951,8.51111114817645,0,1500,1494.140625,5.859375,8.51111114817645,8.47476218310077,-735.382088247665,0,8.51111114817645,0.709259262348037,8.51111114817645,0,58.6529198178067,38235,102,1494.140625,-4.37463024137401,1498.51525524137,1494.140625
0.49,1498.5700523322,0.328268199224355,0.0164134099612178,7.84649444549416,156.929888909883,8.42073574526252,0,1500,1508.7890625,-8.7890625,8.42073574526252,8.47525919287604,1828.58784312695,0,8.42073574526252,0.701727978771877,8.42073574526252,0,58.8098465488097,38338,103,1508.7890625,10.2190101678043,1498.5700523322,1508.7890625
0.491,1498.56651997655,0.302245076258145,0.0151122538129072,7.84647595012326,156.929519002465,8.51086264328881,0,1500,1494.140625,5.859375,8.51086264328881,8.47451367821313,-917.583047394212,0,8.51086264328881,0.709238553607401,8.51086264328881,0,58.9667773195665,38440,102,1494.140625,-4.42589497655149,1498.56651997655,1494.140625
0.492,1498.56372082196,0.321190566898645,0.0160595283449323,7.84646129378409,156.929225875682,8.51135965306409,0,1500,1494.140625,5.859375,8.51135965306409,8.47501068798841,-764.652539495177,0,8.51135965306409,0.709279971088674,8.51135965306409,0,59.1237059152914,38542,102,1494.140625,-4.4230958219589,1498.56372082196,1494.140625
0.493,1498.61840331491,0.328259123261147,0.0164129561630574,7.84674761064766,156.934952212953,8.51185666283936,0,1500,1494.140625,5.859375,8.51185666283936,8.47550769776368,-637.210449579314,0,8.51185666283936,0.709321388569947,8.51185666283936,-1.77635683940025e-15,59.2806377151294,38644,102,1494.140625,-4.47777831491294,1498.61840331491,1494.140625
0.494,1498.69449394257,0.330902695096291,0.0165451347548146,7.8471460202424,156.942920404848,8.42148125992544,0,1500,1508.7890625,-8.7890625,8.42148125992544,8.47600470753896,1910.39754201724,0,8.42148125992544,0.701790104993786,8.42148125992544,0,59.4375765438626,38747,103,1508.7890625,10.0945685574336,1498.69449394257,1508.7890625
0.495,1498.69885021611,0.303235313933867,0.0151617656966934,7.84716882963732,156.943376592746,8.51160815795173,0,1500,1494.140625,5.859375,8.51160815795173,8.47525919287605,-849.408298318968,0,8.51160815795173,0.70930067982931,8.51160815795173,0,59.5945208266525,38849,102,1494.140625,-4.55822521610821,1498.69885021611,1494.140625
0.496,1498.69894601364,0.321568318198281,0.016078415909914,7.847169331232,156.94338662464,8.512105167727,0,1500,1494.140625,5.859375,8.512105167727,8.47575620265132,-707.84024859914,0,8.512105167727,0.709342097310583,8.512105167727,0,59.7514634566868,38951,102,1494.140625,-4.55832101363512,1498.69894601364,1494.140625
0.497,1498.75466355693,0.32840879521463,0.0164204397607315,7.84746106760649,156.94922135213,8.42172976481308,0,1500,1508.7890625,-8.7890625,8.42172976481308,8.4762532124266,1851.53937616738,0,8.42172976481308,0.701810813734423,8.42172976481308,0,59.90840948083,39054,103,1508.7890625,10.0343989430705,1498.75466355693,1508.7890625
0.498,1498.75139424147,0.302305154012167,0.0151152577006084,7.84744394951077,156.948878990215,8.51185666283936,0,1500,1494.140625,5.859375,8.51185666283936,8.47550769776368,-898.456769860514,0,8.51185666283936,0.709321388569947,8.51185666283936,0,60.0653596011055,39156,102,1494.140625,-4.61076924147073,1498.75139424147,1494.140625
0.499,1498.74861427906,0.321220855046477,0.0160610427523238,7.84742939366162,156.948587873232,8.51235367261464,0,1500,1494.140625,5.859375,8.51235367261464,8.47600470753896,-748.713974883761,0,8.51235367261464,0.70936280605122,8.51235367261464,-1.77635683940025e-15,60.2223075590445,39258,102,1494.140625,-4.6079892790583,1498.74861427906,1494.140625
0.5,1498.80322618366,0.328278518996261,0.016413925949813,7.84771534092543,156.954306818509,8.42197826970071,0,1500,1508.7890625,-8.7890625,8.42197826970071,8.47650171731423,1817.47793759687,0,8.42197826970071,0.70183152247506,8.42197826970071,0,60.3792587176299,39361,103,1508.7890625,9.98583631634256,1498.80322618366,1508.7890625
0.501,1498.79951119058,0.3022558850006,0.01511279425003,7.84769588926719,156.953917785344,8.512105167727,0,1500,1494.140625,5.859375,8.512105167727,8.47575620265132,-926.841302002612,0,8.512105167727,0.709342097310584,8.512105167727,0,60.5362138967105,39463,102,1494.140625,-4.65888619058433,1498.79951119058,1494.140625
0.502,1498.79653189146,0.32120185536056,0.016060092768028,7.84768028969345,156.953605793869,8.51260217750228,0,1500,1494.140625,5.859375,8.51260217750228,8.4762532124266,-772.367751668843,0,8.51260217750228,0.709383514791856,8.51260217750228,0,60.6931668817643,39565,102,1494.140625,-4.65590689145938,1498.79653189146,1494.140625
0.503,1498.85103669099,0.328270883955126,0.0164135441977563,7.84796567615646,156.959313523129,8.42222677458835,0,1500,1508.7890625,-8.7890625,8.42222677458835,8.47675022220187,1797.76645694263,0,8.42222677458835,0.701852231215696,8.42222677458835,0,60.8501230521953,39668,103,1508.7890625,9.93802580900547,1498.85103669099,1508.7890625
0.504,1498.84724940167,0.302252570078094,0.0151126285039047,7.84794584595594,156.958916919119,8.51235367261464,0,1500,1494.140625,5.859375,8.51235367261464,8.47600470753896,-943.267535881141,0,8.51235367261464,0.70936280605122,8.51235367261464,0,61.0070832340172,39770,102,1494.140625,-4.70662440167325,1498.84724940167,1494.140625
0.505,1498.84421121496,0.321200234800464,0.0160600117400232,7.8479299380475,156.95859876095,8.51285068238992,0,1500,1494.140625,5.859375,8.51285068238992,8.47650171731424,-786.056279900951,0,8.51285068238992,0.709404223532493,8.51285068238991,-1.77635683940025e-15,61.1640412150514,39872,102,1494.140625,-4.70358621495825,1498.84421121496,1494.140625
0.506,1498.8986625565,0.32826997832416,0.016413498916208,7.84821504460512,156.964300892102,8.42247527947599,0,1500,1508.7890625,-8.7890625,8.42247527947599,8.47699872708951,1786.35935008254,0,8.42247527947599,0.701872939956333,8.42247527947599,0,61.3210023756206,39975,103,1508.7890625,9.89039994349855,1498.8986625565,1508.7890625
0.507,1498.89482426013,0.302252013331382,0.0151126006665691,7.84819494733229,156.963898946646,8.51260217750228,0,1500,1494.140625,5.859375,8.51260217750228,8.4762532124266,-952.773458264549,0,8.51260217750228,0.709383514791857,8.51260217750228,0,61.4779675421259,40077,102,1494.140625,-4.75419926012592,1498.89482426013,1494.140625
0.508,1498.89173640172,0.321199889439502,0.0160599944719751,7.84817877934347,156.963575586869,8.51309918727755,0,1500,1494.140625,5.859375,8.51309918727755,8.47675022220187,-793.977881887124,0,8.51309918727755,0.709424932273129,8.51309918727755,0,61.6349305025776,40179,102,1494.140625,-4.75111140171589,1498.89173640172,1494.140625
0.509,1498.94613898556,0.328269792015494,0.0164134896007747,7.84846363060637,156.969272612127,8.42272378436363,0,1500,1508.7890625,-8.7890625,8.42272378436363,8.47724723197715,1779.75801509406,0,8.42272378436363,0.701893648696969,8.42272378436363,0,61.7918966374127,40282,103,1508.7890625,9.84292351444037,1498.94613898556,1508.7890625
0.51,1498.94225268283,0.302251965486626,0.0151125982743313,7.84844328197287,156.968865639457,8.51285068238992,0,1500,1494.140625,5.859375,8.51285068238992,8.47650171731424,-958.274570754947,0,8.51285068238992,0.709404223532493,8.51285068238992,0,61.9488667731183,40384,102,1494.140625,-4.80162768283299,1498.94225268283,1494.140625
0.511,1498.93911750325,0.321199971312383,0.0160599985656192,7.84842686621095,156.968537324219,8.51334769216519,0,1500,1494.140625,5.859375,8.51334769216519,8.47699872708951,-798.56214229579,0,8.51334769216519,0.709445641013766,8.51334769216519,-1.77635683940025e-15,62.1058346977793,40486,102,1494.140625,-4.79849250324742,1498.93911750325,1494.140625
0.512,1498.99347342093,0.32826999928638,0.016413499964319,7.8487114731304,156.974229462608,8.42297228925127,0,1500,1508.7890625,-8.7890625,8.42297228925127,8.47749573686479,1775.93779808684,0,8.42297228925127,0.701914357437606,8.42297228925127,0,62.2628057919027,40589,103,1508.7890625,9.79558907907017,1498.99347342093,1508.7890625
0.513,1498.98954109039,0.302252295499532,0.0151126147749766,7.84869088349586,156.973817669917,8.51309918727756,0,1500,1494.140625,5.859375,8.51309918727756,8.47675022220188,-961.458084927631,0,8.51309918727756,0.70942493227313,8.51309918727756,0,62.4197808820432,40691,102,1494.140625,-4.84891609039369,1498.98954109039,1494.140625
0.514,1498.98636050979,0.321200422045365,0.0160600211022682,7.84867423001474,156.973484600295,8.51359619705283,0,1500,1494.140625,5.859375,8.51359619705283,8.47724723197715,-801.215070773026,0,8.51359619705283,0.709466349754402,8.51359619705283,0,62.576753756352,40793,102,1494.140625,-4.8457355097853,1498.98636050979,1494.140625
0.515,1499.04067164364,0.328270568967737,0.0164135284483869,7.84895860244663,156.979172048933,8.42322079413891,0,1500,1508.7890625,-8.7890625,8.42322079413891,8.47774424175243,1773.72702435581,0,8.42322079413891,0.701935066178242,8.42322079413891,0,62.7337297954013,40896,103,1508.7890625,9.74839085635767,1499.04067164364,1508.7890625
0.516,1499.03669513769,0.30225298246463,0.0151126491232315,7.84893778151017,156.978755630203,8.51334769216519,0,1500,1494.140625,5.859375,8.51334769216519,8.47699872708951,-963.300396370157,0,8.51334769216519,0.709445641013766,8.51334769216519,0,62.8907098258098,40998,102,1494.140625,-4.89607013769341,1499.03669513769,1494.140625
0.517,1499.03347098167,0.3212012246831,0.016060061234155,7.84892089986872,156.978417997374,8.51384470194047,0,1500,1494.140625,5.859375,8.51384470194047,8.47749573686479,-802.750330308464,0,8.51384470194047,0.709487058495039,8.51384470194047,-1.77635683940025e-15,63.0476876357922,41100,102,1494.140625,-4.89284598167274,1499.03347098167,1494.140625
0.518,1499.08773913191,0.328271485700408,0.0164135742850204,7.84920504723892,156.984100944778,8.42346929902654,0,1500,1508.7890625,-8.7890625,8.42346929902654,8.47799274664006,1772.44764140961,0,8.42346929902654,0.701955774918879,8.42346929902654,0,63.2046686059827,41203,103,1508.7890625,9.7013233680857,1499.08773913191,1508.7890625
0.519,1499.08372022609,0.302254011740253,0.0151127005870126,7.84918400429724,156.983680085945,8.51359619705283,0,1500,1494.140625,5.859375,8.51359619705283,8.47724723197715,-964.366548825323,0,8.51359619705283,0.709466349754403,8.51359619705283,0,63.361653563062,41305,102,1494.140625,-4.94309522609069,1499.08372022609,1494.140625
0.52,1499.080454246,0.321202364972365,0.0160601182486183,7.84916690366547,156.983338073309,8.51409320682811,0,1500,1494.140625,5.859375,8.51409320682811,8.47774424175243,-803.638790687769,0,8.51409320682811,0.709507767235676,8.51409320682811,0,63.5186362953052,41407,102,1494.140625,-4.93982924600027,1499.080454246,1494.140625
0.521,1499.13468114016,0.32827273549537,0.0164136367747685,7.84945083501932,156.989016700386,8.42371780391418,0,1500,1508.7890625,-8.7890625,8.42371780391418,8.4782412515277,1771.70725776019,0,8.42371780391418,0.701976483659515,8.42371780391418,0,63.6756221834066,41510,103,1508.7890625,9.65438135984414,1499.13468114016,1508.7890625
0.522,1499.13062153851,0.302255369553665,0.0151127684776832,7.84942957899482,156.988591579896,8.51384470194047,0,1500,1494.140625,5.859375,8.51384470194047,8.47749573686479,-964.983535199839,0,8.51384470194047,0.709487058495039,8.51384470194047,0,63.8326120541058,41612,102,1494.140625,-4.98999653851251,1499.13062153851,1494.140625
0.523,1499.12731541526,0.321203829337264,0.0160601914668632,7.84941226817395,156.988245363479,8.51434171171575,0,1500,1494.140625,5.859375,8.51434171171575,8.47799274664007,-804.152945999866,0,8.51434171171575,0.709528475976312,8.51434171171574,-1.77635683940025e-15,63.9895996957362,41714,102,1494.140625,-4.98669041526114,1499.12731541526,1494.140625
0.524,1499.18150271141,0.328274304964744,0.0164137152482372,7.84969599219311,156.993919843862,8.42396630880182,0,1500,1508.7890625,-8.7890625,8.42396630880182,8.47848975641534,1771.27879500011,0,8.42396630880182,0.701997192400152,8.42396630880182,0,64.1465904890497,41817,103,1508.7890625,9.60755978859265,1499.18150271141,1508.7890625
0.525,1499.17740404951,0.302257042700167,0.0151128521350083,7.84967453164958,156.993490632992,8.51409320682811,0,1500,1494.140625,5.859375,8.51409320682811,8.47774424175243,-965.340587499907,0,8.51409320682811,0.709507767235676,8.51409320682811,0,64.3035852608426,41919,102,1494.140625,-5.03677904950678,1499.17740404951,1494.140625
0.526,1499.17405939645,0.32120560475293,0.0160602802376465,7.8496570190871,156.993140381742,8.51459021660338,0,1500,1494.140625,5.859375,8.51459021660338,8.4782412515277,-804.450489583256,0,8.51459021660338,0.709549184716949,8.51459021660338,0,64.4605777995041,42021,102,1494.140625,-5.03343439644595,1499.17405939645,1494.140625
0.527,1499.22820868603,0.328276181260733,0.0164138090630367,7.84994054410435,156.998810882087,8.42421481368946,0,1500,1508.7890625,-8.7890625,8.42421481368946,8.47873826130298,1771.03084201395,0,8.42421481368946,0.702017901140788,8.42421481368946,0,64.6175734858413,42124,103,1508.7890625,9.56085381397315,1499.22820868603,1508.7890625
0.528,1499.2240725337,0.3022590185065,0.015112950925325,7.84991888726139,156.998377745228,8.51434171171575,0,1500,1494.140625,5.859375,8.51434171171575,8.47799274664007,-965.547214988372,0,8.51434171171575,0.709528475976312,8.51434171171575,0,64.774573146705,42226,102,1494.140625,-5.08344753369738,1499.2240725337,1494.140625
0.529,1499.22069089934,0.321207678718237,0.0160603839359119,7.84990118106528,156.998023621306,8.51483872149102,0,1500,1494.140625,5.859375,8.51483872149102,8.47848975641534,-804.622679156977,0,8.51483872149102,0.709569893457585,8.51483872149102,-1.77635683940025e-15,64.931570570538,42328,102,1494.140625,-5.0800658993353,1499.22069089934,1494.140625
0.53,1499.27480370983,0.328278352051993,0.0164139176025996,7.85018451507847,157.003690301569,8.4244633185771,0,1500,1508.7890625,-8.7890625,8.4244633185771,8.47898676619062,1770.88735070252,0,8.4244633185771,0.702038609881425,8.4244633185771,0,65.0885711382004,42431,103,1508.7890625,9.5142587901687,1499.27480370983,1508.7890625
0.531,1499.27063157381,0.302261284808792,0.0151130642404396,7.85016266982536,157.003253396507,8.51459021660339,0,1500,1494.140625,5.859375,8.51459021660339,8.47824125152771,-965.666791081234,0,8.51459021660339,0.709549184716949,8.51459021660339,0,65.2455756765951,42533,102,1494.140625,-5.13000657381099,1499.27063157381,1494.140625
0.532,1499.26721444443,0.321210039234498,0.0160605019617249,7.85014477777774,157.002895555555,8.51508722637866,0,1500,1494.140625,5.859375,8.51508722637866,8.47873826130298,-804.722325901028,0,8.51508722637866,0.709590602198222,8.51508722637866,0,65.4025779742166,42635,102,1494.140625,-5.12658944442592,1499.26721444443,1494.140625
0.533,1499.32129224193,0.328280805502775,0.0164140402751388,7.85042792846333,157.008558569267,8.42471182346474,0,1500,1508.7890625,-8.7890625,8.42471182346474,8.47923527107826,1770.80431174914,0,8.42471182346474,0.702059318622061,8.42471182346474,0,65.5595834119758,42738,103,1508.7890625,9.4677702580716,1499.32129224193,1508.7890625
0.534,1499.3170855684,0.302263829932024,0.0151131914966012,7.85040590237224,157.008118047445,8.51483872149102,0,1500,1494.140625,5.859375,8.51483872149102,8.47848975641534,-965.735990209047,0,8.51483872149102,0.709569893457585,8.51483872149102,0,65.7165928168256,42840,102,1494.140625,-5.17646056839953,1499.3170855684,1494.140625
0.535,1499.31363437053,0.321212674785248,0.0160606337392624,7.85038783194246,157.007756638849,8.5153357312663,0,1500,1494.140625,5.859375,8.5153357312663,8.47898676619062,-804.779991840873,0,8.5153357312663,0.709611310938858,8.5153357312663,-1.77635683940025e-15,65.8735999773102,42942,102,1494.140625,-5.17300937053278,1499.31363437053,1494.140625
0.536,1499.36767856221,0.328283530253015,0.0164141765126508,7.85067080666838,157.013416133368,8.42496032835238,0,1500,1508.7890625,-8.7890625,8.42496032835238,8.47948377596589,1770.75625679927,0,8.42496032835238,0.702080027362698,8.42496032835238,0,66.0306102743891,43045,103,1508.7890625,9.42138393778851,1499.36767856221,1508.7890625
0.537,1499.36343873923,0.302266642670405,0.0151133321335203,7.85064860700718,157.012972140144,8.51508722637866,0,1500,1494.140625,5.859375,8.51508722637866,8.47873826130298,-965.776036000606,0,8.51508722637866,0.709590602198222,8.51508722637866,0,66.1876245350634,43147,102,1494.140625,-5.22281373923352,1499.36343873923,1494.140625
0.538,1499.3599548421,0.321215574316871,0.0160607787158435,7.85063036536442,157.012607307288,8.51558423615394,0,1500,1494.140625,5.859375,8.51558423615394,8.47923527107826,-804.813363333839,0,8.51558423615394,0.709632019679495,8.51558423615394,0,66.3446365479247,43249,102,1494.140625,-5.21932984209502,1499.3599548421,1494.140625
0.539,1499.41396677857,0.328286515399209,0.0164143257699605,7.85091317120245,157.018263424049,8.42520883324001,0,1500,1508.7890625,-8.7890625,8.42520883324001,8.47973228085353,1770.7284472218,0,8.42520883324001,0.702100736103334,8.42520883324001,0,66.5016516939792,43352,103,1508.7890625,9.37509572143495,1499.41396677857,1508.7890625
0.54,1499.40969513841,0.302269712268503,0.0151134856134252,7.85089080494692,157.017816098938,8.5153357312663,0,1500,1494.140625,5.859375,8.5153357312663,8.47898676619062,-965.799210648499,0,8.5153357312663,0.709611310938858,8.5153357312663,0,66.6586708002745,43454,102,1494.140625,-5.2690701384131,1499.40969513841,1494.140625
0.541,1499.40617985618,0.321218727219995,0.0160609363609998,7.85087239897221,157.017447979444,8.42496032835238,0,1500,1508.7890625,-8.7890625,8.42496032835238,8.4794837759659,1636.57357445958,0,8.42496032835238,0.702080027362698,8.42496032835238,0,66.8156876554475,43557,103,1508.7890625,9.38288264381526,1499.40617985618,1508.7890625
0.542,1499.38045819535,0.299627399307236,0.0149813699653618,7.85073772067104,157.014754413421,8.51508722637866,0,1500,1494.140625,5.859375,8.51508722637866,8.47873826130298,-1077.59493795035,0,8.51508722637866,0.709590602198222,8.51508722637866,0,66.9727046415266,43659,102,1494.140625,-5.23983319535455,1499.38045819535,1494.140625
0.543,1499.36893445407,0.320225264118495,0.0160112632059248,7.85067738250278,157.013547650056,8.51558423615394,0,1500,1494.140625,5.859375,8.51558423615394,8.47923527107826,-897.995781625289,0,8.51558423615394,0.709632019679495,8.51558423615394,0,67.1297179480121,43761,102,1494.140625,-5.228309454071,1499.36893445407,1494.140625
0.544,1499.41991514147,0.327910645569297,0.0163955322784648,7.8509443167578,157.018886335156,8.42520883324002,0,1500,1508.7890625,-8.7890625,8.42520883324002,8.47973228085353,1693.07643197893,0,8.42520883324002,0.702100736103335,8.42520883324002,0,67.2867338504723,43864,103,1508.7890625,9.36914735852861,1499.41991514147,1508.7890625
0.545,1499.41447879791,0.302122859137166,0.0151061429568583,7.85091585212946,157.018317042589,8.5153357312663,0,1500,1494.140625,5.859375,8.5153357312663,8.47898676619062,-1030.50922335089,0,8.5153357312663,0.709611310938859,8.5153357312663,0,67.443753509294,43966,102,1494.140625,-5.27385379790758,1499.41447879791,1494.140625
0.546,1499.41049471372,0.321157291695913,0.0160578645847956,7.85089499151345,157.017899830269,8.51583274104158,0,1500,1494.140625,5.859375,8.51583274104158,8.4794837759659,-858.757686125746,0,8.51583274104158,0.709652728420131,8.51583274104158,0,67.6007708373575,44068,102,1494.140625,-5.26986971372276,1499.41049471372,1494.140625
0.547,1499.46426663581,0.328260230395037,0.0164130115197519,7.8511765406391,157.023530812782,8.42545733812765,0,1500,1508.7890625,-8.7890625,8.42545733812765,8.47998078574117,1725.77484489521,0,8.42545733812765,0.702121444843971,8.42545733812765,0,67.7577912620537,44171,103,1508.7890625,9.32479586419163,1499.46426663581,1508.7890625
0.548,1499.45985264285,0.302255489151875,0.0151127744575938,7.85115342902603,157.023068580521,8.51558423615394,0,1500,1494.140625,5.859375,8.51558423615394,8.47923527107826,-1003.26054592066,0,8.51558423615394,0.709632019679495,8.51558423615394,0,67.9148156277882,44273,102,1494.140625,-5.31922764285196,1499.45985264285,1494.140625
0.549,1499.45623211253,0.321209136601427,0.0160604568300713,7.85113447197361,157.022689439472,8.51608124592922,0,1500,1494.140625,5.859375,8.51608124592922,8.47973228085354,-836.050454933881,0,8.51608124592922,0.709673437160768,8.51608124592922,0,68.0718377297409,44375,102,1494.140625,-5.3156071125336,1499.45623211253,1494.140625
0.55,1499.51012237524,0.328282022495868,0.0164141011247934,7.8514166407293,157.028332814586,8.42570584301529,0,1500,1508.7890625,-8.7890625,8.42570584301529,8.48022929062881,1744.6975375551,0,8.42570584301529,0.702142153584608,8.42570584301529,0,68.2288629514759,44478,103,1508.7890625,9.2789401247619,1499.51012237524,1508.7890625
0.551,1499.50573559582,0.302266129234517,0.0151133064617258,7.85139367160596,157.027873432119,8.51583274104158,0,1500,1494.140625,5.859375,8.51583274104158,8.4794837759659,-987.49163537075,0,8.51583274104158,0.709652728420132,8.51583274104158,0,68.3858921210945,44580,102,1494.140625,-5.36511059581676,1499.50573559582,1494.140625
0.552,1499.50210855688,0.321215665949091,0.0160607832974546,7.85137468047451,157.02749360949,8.42545733812766,0,1500,1508.7890625,-8.7890625,8.42545733812766,8.47998078574117,1618.49655385771,0,8.42545733812766,0.702121444843971,8.42545733812765,-1.77635683940025e-15,68.5429190277265,44683,103,1508.7890625,9.28695394311785,1499.50210855688,1508.7890625
0.553,1499.47627733471,0.299624712720053,0.0149812356360026,7.85123942851152,157.02478857023,8.51558423615394,0,1500,1494.140625,5.859375,8.51558423615394,8.47923527107826,-1092.65912178524,0,8.51558423615394,0.709632019679495,8.51558423615394,-1.77635683940025e-15,68.6999460536826,44785,102,1494.140625,-5.3356523347145,1499.47627733471,1494.140625
0.554,1499.46464577245,0.320222894969099,0.016011144748455,7.85117852579391,157.023570515878,8.51608124592922,0,1500,1494.140625,5.859375,8.51608124592922,8.47973228085354,-910.549268154369,0,8.51608124592922,0.709673437160768,8.51608124592922,0,68.8569693886652,44887,102,1494.140625,-5.32402077244865,1499.46464577245,1494.140625
0.555,1499.51552019717,0.327908570114368,0.0163954285057184,7.85144490365884,157.028898073177,8.42570584301529,0,1500,1508.7890625,-8.7890625,8.42570584301529,8.48022929062881,1682.61519320469,0,8.42570584301529,0.702142153584608,8.42570584301529,0,69.0139953084142,44990,103,1508.7890625,9.27354230283049,1499.51552019717,1508.7890625
0.556,1499.50997906905,0.302121066148294,0.0151060533074147,7.85141589037983,157.028317807597,8.51583274104158,0,1500,1494.140625,5.859375,8.51583274104158,8.4794837759659,-1039.22692232942,0,8.51583274104158,0.709652728420132,8.51583274104158,0,69.1710249734748,45092,102,1494.140625,-5.36935406904536,1499.50997906905,1494.140625
0.557,1499.50589163636,0.321155774639737,0.0160577887319868,7.85139448863232,157.027889772646,8.51632975081686,0,1500,1494.140625,5.859375,8.51632975081686,8.47998078574118,-866.022435274519,0,8.51632975081686,0.709694145901405,8.51632975081686,0,69.3280522968796,45194,102,1494.140625,-5.36526663635709,1499.50589163636,1494.140625
0.558,1499.5595616183,0.328258984519352,0.0164129492259676,7.85167550400064,157.033510080013,8.42595434790293,0,1500,1508.7890625,-8.7890625,8.42595434790293,8.48047779551645,1719.72088727123,0,8.42595434790293,0.702162862325244,8.42595434790293,-1.77635683940025e-15,69.4850827061684,45297,103,1508.7890625,9.22950088170001,1499.5595616183,1508.7890625
0.559,1499.55504707138,0.302254510399561,0.0151127255199781,7.85165186588826,157.033037317765,8.51608124592922,0,1500,1494.140625,5.859375,8.51608124592922,8.47973228085354,-1008.3055106073,0,8.51608124592922,0.709673437160768,8.51608124592922,-1.77635683940025e-15,69.6421170458931,45399,102,1494.140625,-5.41442207138448,1499.55504707138,1494.140625
0.56,1499.55132735333,0.321208421205386,0.0160604210602693,7.85163238949007,157.032647789801,8.51657825570449,0,1500,1494.140625,5.859375,8.51657825570449,8.48022929062881,-840.254592172754,0,8.51657825570449,0.709714854642041,8.51657825570449,0,69.7991491113778,45501,102,1494.140625,-5.41070235332836,1499.55132735333,1494.140625
0.561,1499.60511977554,0.328281566827689,0.0164140783413845,7.85191404595412,157.038280919082,8.42620285279057,0,1500,1508.7890625,-8.7890625,8.42620285279057,8.48072630040409,1741.19408985604,0,8.42620285279057,0.702183571065881,8.42620285279057,0,69.9561842863285,45604,103,1508.7890625,9.1839427244613,1499.60511977554,1508.7890625
0.562,1499.60063648441,0.302265929747671,0.0151132964873836,7.85189057149669,157.037811429934,8.51632975081686,0,1500,1494.140625,5.859375,8.51632975081686,8.47998078574118,-990.411175119968,0,8.51632975081686,0.709694145901405,8.51632975081686,0,70.1132233989867,45706,102,1494.140625,-5.46001148441383,1499.60063648441,1494.140625
0.563,1499.59691424446,0.321215719157362,0.0160607859578681,7.85187108189387,157.037421637877,8.42595434790293,0,1500,1508.7890625,-8.7890625,8.42595434790293,8.48047779551645,1616.06360406669,0,8.42595434790293,0.702162862325244,8.42595434790293,0,70.2702602386205,45809,103,1508.7890625,9.19214825553854,1499.59691424446,1508.7890625
0.564,1499.57098911414,0.299625015189096,0.0149812507594548,7.85173533822894,157.034706764579,8.51608124592922,0,1500,1494.140625,5.859375,8.51608124592922,8.47973228085354,-1094.68657994442,0,8.51608124592922,0.709673437160768,8.51608124592922,0,70.4272971876767,45911,102,1494.140625,-5.43036411414141,1499.57098911414,1494.140625
0.565,1499.55926491902,0.320223443312893,0.0160111721656447,7.85167395048685,157.033479009737,8.5165782557045,0,1500,1494.140625,5.859375,8.5165782557045,8.48022929062882,-912.238816620352,0,8.5165782557045,0.709714854642041,8.51657825570449,-1.77635683940025e-15,70.5843304359924,46013,102,1494.140625,-5.41863991902142,1499.55926491902,1494.140625
0.566,1499.61004796887,0.327909360993502,0.0163954680496751,7.85193984991405,157.038796998281,8.42620285279057,0,1500,1508.7890625,-8.7890625,8.42620285279057,8.48072630040409,1681.20723614971,0,8.42620285279057,0.702183571065881,8.42620285279057,0,70.74136625944,46116,103,1508.7890625,9.17901453113291,1499.61004796887,1508.7890625
0.567,1499.60441670676,0.302122096268945,0.0151061048134473,7.85191036469461,157.038207293892,8.51632975081686,0,1500,1494.140625,5.859375,8.51632975081686,8.47998078574118,-1040.40021987524,0,8.51632975081686,0.709694145901405,8.51632975081686,0,70.8984058186954,46218,102,1494.140625,-5.46379170675982,1499.60441670676,1494.140625
0.568,1499.60024036413,0.321157040752897,0.0160578520376448,7.85188849741572,157.037769948314,8.51682676059214,0,1500,1494.140625,5.859375,8.51682676059214,8.48047779551645,-867.00018322937,0,8.51682676059214,0.709735563382678,8.51682676059214,0,71.0554430269206,46320,102,1494.140625,-5.45961536412824,1499.60024036413,1494.140625
0.569,1499.65382264355,0.32826048342017,0.0164130241710085,7.85216905357469,157.043381071494,8.42645135767821,0,1500,1508.7890625,-8.7890625,8.42645135767821,8.48097480529173,1718.90609730886,0,8.42645135767821,0.702204279806518,8.42645135767821,0,71.2124833117825,46423,103,1508.7890625,9.13523985645406,1499.65382264355,1508.7890625
0.57,1499.64922158513,0.30225623892672,0.015112811946336,7.85214496248914,157.042899249783,8.5165782557045,0,1500,1494.140625,5.859375,8.5165782557045,8.48022929062882,-1008.98450224262,0,8.5165782557045,0.709714854642042,8.5165782557045,0,71.3695275179586,46525,102,1494.140625,-5.50859658512627,1499.64922158513,1494.140625
0.571,1499.64541653041,0.321210376240504,0.0160605188120252,7.85212503926924,157.042500785385,8.42620285279057,0,1500,1508.7890625,-8.7890625,8.42620285279057,8.48072630040409,1600.58583146448,0,8.42620285279057,0.702183571065881,8.42620285279057,0,71.5265694408969,46628,103,1508.7890625,9.14364596958899,1499.64541653041,1508.7890625
0.572,1499.61942213643,0.299621394125913,0.0149810697062956,7.85198893294062,157.039778658812,8.51632975081686,0,1500,1494.140625,5.859375,8.51632975081686,8.47998078574118,-1107.5847237796,0,8.51632975081686,0.709694145901405,8.51632975081686,0,71.6836114654027,46730,102,1494.140625,-5.47879713642737,1499.61942213643,1494.140625
0.573,1499.607634248,0.320220564327742,0.0160110282163871,7.85192721170116,157.038544234023,8.51682676059214,0,1500,1494.140625,5.859375,8.51682676059214,8.48047779551646,-922.98726981633,0,8.51682676059214,0.709735563382678,8.51682676059214,0,71.8406497822465,46832,102,1494.140625,-5.46700924800234,1499.607634248,1494.140625
0.574,1499.65835619442,0.327906857684358,0.0163953428842179,7.85219279119156,157.043855823831,8.42645135767821,0,1500,1508.7890625,-8.7890625,8.42645135767821,8.48097480529173,1672.25019181972,0,8.42645135767821,0.702204279806518,8.42645135767821,0,71.997690667703,46935,103,1508.7890625,9.13070630557922,1499.65835619442,1508.7890625
0.575,1499.65266530134,0.302119830777763,0.0151059915388882,7.85216299374505,157.043259874901,8.5165782557045,0,1500,1494.140625,5.859375,8.5165782557045,8.48022929062882,-1047.86442348356,0,8.5165782557045,0.709714854642042,8.5165782557045,0,72.1547352826514,47037,102,1494.140625,-5.51204030133613,1499.65266530134,1494.140625
0.576,1499.64843037696,0.321154960388871,0.0160577480194435,7.85214081973289,157.042816394658,8.51707526547978,0,1500,1494.140625,5.859375,8.51707526547978,8.4807263004041,-873.220352902969,0,8.51707526547978,0.709756272123315,8.51707526547978,0,72.3117775403821,47139,102,1494.140625,-5.50780537696369,1499.64843037696,1494.140625
0.577,1499.7019549594,0.32825856724141,0.0164129283620705,7.85242107379117,157.048421475823,8.42669986256585,0,1500,1508.7890625,-8.7890625,8.42669986256585,8.48122331017937,1713.72262258086,0,8.42669986256585,0.702224988547154,8.42669986256585,0,72.4688228686619,47242,103,1508.7890625,9.08710754059962,1499.7019549594,1508.7890625
0.578,1499.69729702077,0.302254477837873,0.0151127238918936,7.85239668488155,157.047933697631,8.51682676059214,0,1500,1494.140625,5.859375,8.51682676059214,8.48047779551646,-1013.30406451595,0,8.51682676059214,0.709735563382678,8.51682676059214,0,72.6258721122572,47344,102,1494.140625,-5.55667202077325,1499.69729702077,1494.140625
0.579,1499.69343587068,0.321208765577459,0.016060438278873,7.85237646794694,157.047529358939,8.42645135767821,0,1500,1508.7890625,-8.7890625,8.42645135767821,8.48097480529173,1596.98619623671,0,8.42645135767821,0.702204279806518,8.42645135767821,0,72.7829190666994,47447,103,1508.7890625,9.0956266293199,1499.69343587068,1508.7890625
0.58,1499.66738614772,0.299619930892832,0.0149809965446416,7.85224007191647,157.044801438329,8.5165782557045,0,1500,1494.140625,5.859375,8.5165782557045,8.48022929062882,-1110.58441980274,0,8.5165782557045,0.709714854642042,8.5165782557045,0,72.9399661168751,47549,102,1494.140625,-5.52676114771998,1499.66738614772,1494.140625
0.581,1499.65554368342,0.320219246167425,0.0160109623083713,7.85217806491838,157.043561298368,8.51707526547978,0,1500,1494.140625,5.859375,8.51707526547978,8.4807263004041,-925.487016502286,0,8.51707526547978,0.709756272123315,8.51707526547978,0,73.0970094536344,47651,102,1494.140625,-5.51491868341691,1499.65554368342,1494.140625
0.582,1499.70621179575,0.327905682494394,0.0163952841247197,7.85244336253418,157.048867250684,8.42669986256585,0,1500,1508.7890625,-8.7890625,8.42669986256585,8.48122331017937,1670.16706958143,0,8.42669986256585,0.702224988547154,8.42669986256585,-1.77635683940025e-15,73.25405535333,47754,103,1508.7890625,9.08285070424927,1499.70621179575,1508.7890625
0.583,1499.7004677999,0.302118796567295,0.0151059398283648,7.85241328704224,157.048265740845,8.51682676059214,0,1500,1494.140625,5.859375,8.51682676059214,8.48047779551646,-1049.60035868214,0,8.51682676059214,0.709735563382678,8.51682676059214,-1.77635683940025e-15,73.4111049769185,47856,102,1494.140625,-5.55984279990025,1499.7004677999,1494.140625
0.584,1499.696180494,0.321154065225,0.01605770326125,7.85239083876104,157.047816775221,8.51732377036742,0,1500,1494.140625,5.859375,8.51732377036742,8.48097480529174,-874.666965568452,0,8.51732377036742,0.709776980863951,8.51732377036742,0,73.5681522377662,47958,102,1494.140625,-5.55555549399969,1499.696180494,1494.140625
0.585,1499.74965340629,0.328257809229011,0.0164128904614505,7.85267082227508,157.053416445502,8.42694836745349,0,1500,1508.7890625,-8.7890625,8.42694836745349,8.48147181506701,1712.51711202629,0,8.42694836745349,0.702245697287791,8.42694836745349,0,73.725202563715,48061,103,1508.7890625,9.03940909370658,1499.74965340629,1508.7890625
0.586,1499.74494449923,0.302253855111848,0.0151126927555924,7.85264616649535,157.052923329907,8.51707526547978,0,1500,1494.140625,5.859375,8.51707526547978,8.4807263004041,-1014.30865664476,0,8.51707526547978,0.709756272123315,8.51707526547978,0,73.8822567996051,48163,102,1494.140625,-5.60431949922827,1499.74494449923,1494.140625
0.587,1499.74103307287,0.321208276299639,0.016060413814982,7.8526256863148,157.052513726296,8.42669986256585,0,1500,1508.7890625,-8.7890625,8.42669986256585,8.48122331017937,1596.14903612937,0,8.42669986256585,0.702224988547155,8.42669986256585,0,74.0393087410412,48266,103,1508.7890625,9.04802942713491,1499.74103307287,1508.7890625
0.588,1499.7149337564,0.299619573250604,0.0149809786625302,7.85248903061335,157.049780612267,8.51682676059214,0,1500,1494.140625,5.859375,8.51682676059214,8.48047779551646,-1111.28205322553,0,8.51682676059214,0.709735563382679,8.51682676059214,0,74.1963607729816,48368,102,1494.140625,-5.57430875640034,1499.7149337564,1494.140625
0.589,1499.70304237208,0.320219018373015,0.0160109509186508,7.85242676747067,157.048535349413,8.51732377036742,0,1500,1494.140625,5.859375,8.51732377036742,8.48097480529174,-926.068377687939,0,8.51732377036742,0.709776980863951,8.51732377036742,-1.77635683940025e-15,74.3534090863476,48470,102,1494.140625,-5.56241737208416,1499.70304237208,1494.140625
0.59,1499.75366222875,0.32790558278439,0.0163952791392195,7.85269181242039,157.053836248408,8.42694836745349,0,1500,1508.7890625,-8.7890625,8.42694836745349,8.48147181506701,1669.68260192672,0,8.42694836745349,0.702245697287791,8.42694836745349,0,74.5104599575618,48573,103,1508.7890625,9.03540027124927,1499.75366222875,1508.7890625
0.591,1499.74787063256,0.302118823202265,0.0151059411601132,7.85266148769362,157.053229753872,8.51707526547978,0,1500,1494.140625,5.859375,8.51707526547978,8.4807263004041,-1050.00408172774,0,8.51707526547978,0.709756272123315,8.51707526547978,0,74.6675145476499,48675,102,1494.140625,-5.60724563255508,1499.74787063256,1494.140625
0.592,1499.74353637273,0.321154216489143,0.0160577108244572,7.85263879356226,157.052775871245,8.42669986256586,0,1500,1508.7890625,-8.7890625,8.42669986256586,8.48122331017938,1566.40284856022,0,8.42669986256586,0.702224988547155,8.42669986256586,0,74.8245667700466,48778,103,1508.7890625,9.04552612726752,1499.74353637273,1508.7890625
0.593,1499.71726033032,0.299595732261008,0.0149797866130504,7.85250121252592,157.050024250518,8.51682676059214,0,1500,1494.140625,5.859375,8.51682676059214,8.48047779551646,-1136.07054286648,0,8.51682676059214,0.709735563382679,8.51682676059214,0,74.9816190536379,48880,102,1494.140625,-5.57663533032292,1499.71726033032,1494.140625
0.594,1499.70528417328,0.320206486295191,0.0160103243147595,7.85243850551429,157.048770110286,8.51732377036742,0,1500,1494.140625,5.859375,8.51732377036742,8.48097480529174,-946.725452388736,0,8.51732377036742,0.709776980863952,8.51732377036742,0,75.1386676057389,48982,102,1494.140625,-5.56465917328137,1499.70528417328,1494.140625
0.595,1499.75585377343,0.327897313645618,0.0163948656822809,7.85270328732147,157.054065746429,8.42694836745349,0,1500,1508.7890625,-8.7890625,8.42694836745349,8.48147181506701,1652.46837300939,0,8.42694836745349,0.702245697287791,8.42694836745349,0,75.2957187089073,49085,103,1508.7890625,9.03320872657446,1499.75585377343,1508.7890625
0.596,1499.75002503404,0.302112191201904,0.0151056095600952,7.85267276811339,157.053455362268,8.51707526547978,0,1500,1494.140625,5.859375,8.51707526547978,8.4807263004041,-1064.34927249218,0,8.51707526547978,0.709756272123315,8.51707526547978,0,75.4527735264812,49187,102,1494.140625,-5.60940003403539,1499.75002503404,1494.140625
0.597,1499.7456587668,0.321148242665171,0.0160574121332585,7.85264990639163,157.052998127833,8.51757227525506,0,1500,1494.140625,5.859375,8.51757227525506,8.48122331017938,-886.957727076814,0,8.51757227525506,0.709797689604588,8.51757227525506,0,75.6098259727829,49289,102,1494.140625,-5.6050337668039,1499.7456587668,1494.140625
0.598,1499.7990555156,0.328252402394131,0.0164126201197066,7.85292949111452,157.05858982229,8.42719687234113,0,1500,1508.7890625,-8.7890625,8.42719687234113,8.48172031995465,1702.27481076932,0,8.42719687234113,0.702266406028428,8.42719687234113,0,75.7668814760786,49392,103,1508.7890625,8.99000698440295,1499.7990555156,1508.7890625
0.599,1499.79427212223,0.302248725553245,0.0151124362776622,7.8529044453254,157.058088906508,8.51732377036742,0,1500,1494.140625,5.859375,8.51732377036742,8.48097480529174,-1022.84390769223,0,8.51732377036742,0.709776980863952,8.51732377036742,0,75.9239408814333,49494,102,1494.140625,-5.65364712222777,1499.79427212223,1494.140625
0.6,1499.79028746062,0.32120337077323,0.0160601685386615,7.85288358168601,157.05767163372,8.4269483674535,0,1500,1508.7890625,-8.7890625,8.4269483674535,8.48147181506702,1589.03632692314,0,8.4269483674535,0.702245697287791,8.42694836745349,-1.77635683940025e-15,76.0809979846014,49597,103,1508.7890625,8.99877503938137,1499.79028746062,1508.7890625
0.601,1499.7641159927,0.299614870279671,0.0149807435139836,7.85274654820041,157.054930964008,8.51707526547978,0,1500,1494.140625,5.859375,8.51707526547978,8.4807263004041,-1117.20931089738,0,8.51707526547978,0.709756272123315,8.51707526547978,-1.77635683940025e-15,76.2380551706623,49699,102,1494.140625,-5.62349099269659,1499.7641159927,1494.140625
0.602,1499.75215347,0.320214508338714,0.0160107254169357,7.85268391257806,157.053678251561,8.51757227525506,0,1500,1494.140625,5.859375,8.51757227525506,8.48122331017938,-931.007759081153,0,8.51757227525506,0.709797689604588,8.51757227525506,0,76.3951086306466,49801,102,1494.140625,-5.6115284700038,1499.75215347,1494.140625
0.603,1499.80270316676,0.32790126050774,0.016395063025387,7.85294859017133,157.058971803427,8.42719687234113,0,1500,1508.7890625,-8.7890625,8.42719687234113,8.48172031995465,1665.56645076571,0,8.42719687234113,0.702266406028428,8.42719687234113,0,76.552164641081,49904,103,1508.7890625,8.98635933324317,1499.80270316676,1508.7890625
0.604,1499.79684236805,0.302114685180117,0.0151057342590059,7.85291790310106,157.058358062021,8.51732377036742,0,1500,1494.140625,5.859375,8.51732377036742,8.48097480529174,-1053.43420769524,0,8.51732377036742,0.709776980863952,8.51732377036742,0,76.7092243630924,50006,102,1494.140625,-5.65621736805087,1499.79684236805,1494.140625
0.605,1499.79243984722,0.321150259864085,0.0160575129932043,7.85289485155591,157.057897031118,8.4269483674535,0,1500,1508.7890625,-8.7890625,8.4269483674535,8.48147181506702,1563.54441025396,0,8.4269483674535,0.702245697287792,8.4269483674535,0,76.8662817102148,50109,103,1508.7890625,8.99662265277675,1499.79243984722,1508.7890625
0.606,1499.76609647145,0.299591954437292,0.0149795977218646,7.85275691796291,157.055138359258,8.51707526547979,0,1500,1494.140625,5.859375,8.51707526547979,8.48072630040411,-1138.45257478836,0,8.51707526547979,0.709756272123315,8.51707526547979,0,77.0233391114324,50211,102,1494.140625,-5.6254714714496,1499.76609647145,1494.140625
0.607,1499.75405389568,0.320202884795348,0.0160101442397674,7.85269386318365,157.053877263673,8.51757227525506,0,1500,1494.140625,5.859375,8.51757227525506,8.48122331017938,-948.710478990304,0,8.51757227525506,0.709797689604588,8.51757227525506,-1.77635683940025e-15,77.1803927741566,50313,102,1494.140625,-5.61342889568436,1499.75405389568,1494.140625
0.608,1499.80455797918,0.32789388605676,0.016394694302838,7.85295830194645,157.059166038929,8.42719687234114,0,1500,1508.7890625,-8.7890625,8.42719687234114,8.48172031995466,1650.81418417475,0,8.42719687234114,0.702266406028428,8.42719687234114,0,77.3374489810401,50416,103,1508.7890625,8.98450452082329,1499.80455797918,1508.7890625
0.609,1499.7986646129,0.302108935155433,0.0151054467577717,7.85292744435278,157.058548887056,8.51732377036742,0,1500,1494.140625,5.859375,8.51732377036742,8.48097480529174,-1065.72776318771,0,8.51732377036742,0.709776980863952,8.51732377036742,0,77.4945088955149,50518,102,1494.140625,-5.65803961289998,1499.7986646129,1494.140625
0.61,1499.79423459644,0.321145155828953,0.0160572577914477,7.85290424884084,157.058084976817,8.5178207801427,0,1500,1494.140625,5.859375,8.5178207801427,8.48147181506702,-888.106469323092,0,8.5178207801427,0.709818398345225,8.5178207801427,0,77.6515664319959,50620,102,1494.140625,-5.65360959644113,1499.79423459644,1494.140625
0.611,1499.84756846174,0.328249482469303,0.0164124741234651,7.85318350430653,157.063670086131,8.42744537722877,0,1500,1508.7890625,-8.7890625,8.42744537722877,8.48196882484229,1701.31752556409,0,8.42744537722877,0.702287114769065,8.42744537722877,0,77.8086270188405,50723,103,1508.7890625,8.94149403825941,1499.84756846174,1508.7890625
0.612,1499.84272303885,0.302245970272757,0.0151122985136378,7.85315813373161,157.063162674632,8.51757227525506,0,1500,1494.140625,5.859375,8.51757227525506,8.48122331017938,-1023.64164536326,0,8.51757227525506,0.709797689604589,8.51757227525506,0,77.9656915012038,50825,102,1494.140625,-5.70209803885155,1499.84272303885,1494.140625
0.613,1499.8386771901,0.321200777901044,0.0160600388950522,7.85313694971708,157.062738994342,8.42719687234114,0,1500,1508.7890625,-8.7890625,8.42719687234114,8.48172031995466,1588.37154553062,0,8.42719687234114,0.702266406028428,8.42719687234114,0,78.122753674929,50928,103,1508.7890625,8.95038530990132,1499.8386771901,1508.7890625
0.614,1499.81244536597,0.299612437610195,0.0149806218805098,7.85299960020712,157.059992004142,8.51732377036743,0,1500,1494.140625,5.859375,8.51732377036743,8.48097480529175,-1117.76329539115,0,8.51732377036743,0.709776980863952,8.51732377036743,0,78.2798159251831,51030,102,1494.140625,-5.67182036596864,1499.81244536597,1494.140625
0.615,1499.80042330672,0.320212233696338,0.0160106116848169,7.85293665285209,157.058733057042,8.5178207801427,0,1500,1494.140625,5.859375,8.5178207801427,8.48147181506702,-931.46941282596,0,8.5178207801427,0.709818398345225,8.5178207801427,0,78.4368744430831,51132,102,1494.140625,-5.65979830671972,1499.80042330672,1494.140625
0.616,1499.85091427544,0.327899141746415,0.0163949570873207,7.85320102294607,157.064020458921,8.42744537722878,0,1500,1508.7890625,-8.7890625,8.42744537722878,8.4819688248423,1665.1817393117,0,8.42744537722878,0.702287114769065,8.42744537722878,0,78.593935505241,51235,103,1508.7890625,8.9381482245642,1499.85091427544,1508.7890625
0.617,1499.84499554623,0.302112720182939,0.0151056360091469,7.85317003255244,157.063400651049,8.51757227525506,0,1500,1494.140625,5.859375,8.51757227525506,8.48122331017938,-1053.75480057358,0,8.51757227525506,0.709797689604589,8.51757227525506,0,78.7510002728678,51337,102,1494.140625,-5.70437054623358,1499.84499554623,1494.140625
0.618,1499.84053588162,0.321148446542901,0.0160574223271451,7.85314668180312,157.062933636062,8.42719687234114,0,1500,1508.7890625,-8.7890625,8.42719687234114,8.48172031995466,1563.27724952201,0,8.42719687234114,0.702266406028428,8.42719687234114,-1.77635683940025e-15,78.9080626595804,51440,103,1508.7890625,8.94852661838127,1499.84053588162,1508.7890625
0.619,1499.81413613808,0.299590290732306,0.0149795145366153,7.85300845306921,157.060169061384,8.51732377036743,0,1500,1494.140625,5.859375,8.51732377036743,8.48097480529175,-1138.67520873165,0,8.51732377036743,0.709776980863952,8.51732377036743,-1.77635683940025e-15,79.0651250944447,51542,102,1494.140625,-5.67351113808377,1499.81413613808,1494.140625
0.62,1499.80203796004,0.320201368674738,0.0160100684337369,7.85294510715713,157.058902143143,8.5178207801427,0,1500,1494.140625,5.859375,8.5178207801427,8.48147181506702,-948.896007276379,0,8.5178207801427,0.709818398345225,8.5178207801427,0,79.2221837849531,51644,102,1494.140625,-5.6614129600448,1499.80203796004,1494.140625
0.621,1499.85248719635,0.327892515516297,0.0163946257758149,7.85320925874074,157.064185174815,8.42744537722878,0,1500,1508.7890625,-8.7890625,8.42744537722878,8.4819688248423,1650.65957726968,0,8.42744537722878,0.702287114769065,8.42744537722878,0,79.3792450138377,51747,103,1508.7890625,8.93657530364567,1499.85248719635,1508.7890625
0.622,1499.84653972773,0.302107708218106,0.0151053854109053,7.85317811786786,157.063562357357,8.51757227525507,0,1500,1494.140625,5.859375,8.51757227525507,8.48122331017939,-1065.85660227526,0,8.51757227525507,0.709797689604589,8.51757227525507,0,79.5363099446091,51849,102,1494.140625,-5.70591472773253,1499.84653972773,1494.140625
0.623,1499.84205634365,0.321144070544597,0.0160572035272299,7.8531546429237,157.063092858474,8.42719687234114,0,1500,1508.7890625,-8.7890625,8.42719687234114,8.48172031995466,1553.19241477061,0,8.42719687234114,0.702266406028428,8.42719687234114,0,79.6933724917598,51952,103,1508.7890625,8.94700615634952,1499.84205634365,1508.7890625
0.624,1499.81563492765,0.299586185745416,0.0149793092872708,7.853016300713,157.06032601426,8.51732377036743,0,1500,1494.140625,5.859375,8.51732377036743,8.48097480529175,-1147.07923769115,0,8.51732377036743,0.709776980863952,8.51732377036743,0,79.8504350847004,52054,102,1494.140625,-5.67500992764508,1499.81563492765,1494.140625
0.625,1499.80351601409,0.320197398264782,0.0160098699132391,7.85295284623003,157.059056924601,8.5178207801427,0,1500,1494.140625,5.859375,8.5178207801427,8.48147181506702,-955.899364742629,0,8.5178207801427,0.709818398345225,8.5178207801427,-1.77635683940025e-15,80.0074939310702,52156,102,1494.140625,-5.66289101409438,1499.80351601409,1494.140625
0.626,1499.85394503591,0.32788862839532,0.016394431419766,7.85321689197083,157.064337839417,8.42744537722878,0,1500,1508.7890625,-8.7890625,8.42744537722878,8.4819688248423,1644.82344604781,0,8.42744537722878,0.702287114769065,8.42744537722878,0,80.1645553136742,52259,103,1508.7890625,8.93511746408558,1499.85394503591,1508.7890625
0.627,1499.84797771653,0.30210388482751,0.0151051942413755,7.85318564715957,157.063712943191,8.51757227525507,0,1500,1494.140625,5.859375,8.51757227525507,8.48122331017939,-1070.72004496016,0,8.51757227525507,0.709797689604589,8.51757227525507,0,80.3216203960681,52361,102,1494.140625,-5.70735271652529,1499.84797771653,1494.140625
0.628,1499.84347478449,0.321140303153346,0.0160570151576673,7.85316206986256,157.063241397251,8.51806928503034,0,1500,1494.140625,5.859375,8.51806928503034,8.48172031995466,-892.266704133466,0,8.51806928503034,0.709839107085862,8.51806928503034,0,80.4786830927785,52463,102,1494.140625,-5.70284978448899,1499.84347478449,1494.140625
0.629,1499.8967367368,0.328244822203933,0.0164122411101967,7.85344094879275,157.068818975855,8.42769388211642,0,1500,1508.7890625,-8.7890625,8.42769388211642,8.48221732972994,1697.85066322211,0,8.42769388211642,0.702307823509702,8.42769388211642,0,80.6357488322696,52566,103,1508.7890625,8.89232576319546,1499.8967367368,1508.7890625
0.63,1499.89182038214,0.302241498851645,0.0151120749425822,7.85341520681992,157.068304136398,8.51782078014271,0,1500,1494.140625,5.859375,8.51782078014271,8.48147181506703,-1026.53069731491,0,8.51782078014271,0.709818398345226,8.51782078014271,0,80.7928184598001,52668,102,1494.140625,-5.75119538213949,1499.89182038214,1494.140625
0.631,1499.8877045666,0.321196492404578,0.0160598246202289,7.85339365646015,157.067873129203,8.42744537722878,0,1500,1508.7890625,-8.7890625,8.42744537722878,8.4819688248423,1585.96400223758,0,8.42744537722878,0.702287114769065,8.42744537722878,0,80.9498857713153,52771,103,1508.7890625,8.9013579334005,1499.8877045666,1508.7890625
0.632,1499.86140372649,0.299608335381189,0.0149804167690594,7.85325594558335,157.065118911667,8.51757227525507,0,1500,1494.140625,5.859375,8.51757227525507,8.48122331017939,-1119.76958146869,0,8.51757227525507,0.709797689604589,8.51757227525507,0,81.1069531520823,52873,102,1494.140625,-5.72077872648811,1499.86140372649,1494.140625
0.633,1499.84931358875,0.320208312196692,0.0160104156098346,7.85319264177018,157.063852835404,8.51806928503034,0,1500,1494.140625,5.859375,8.51806928503034,8.48172031995466,-933.141317890571,0,8.51806928503034,0.709839107085862,8.51806928503034,0,81.2640167933171,52975,102,1494.140625,-5.70868858874928,1499.84931358875,1494.140625
0.634,1499.89973740359,0.327895398503419,0.0163947699251709,7.85345666024728,157.069133204946,8.42769388211642,0,1500,1508.7890625,-8.7890625,8.42769388211642,8.48221732972994,1663.78848509119,0,8.42769388211642,0.702307823509702,8.42769388211642,0,81.4210829717291,53078,103,1508.7890625,8.88932509641381,1499.89973740359,1508.7890625
0.635,1499.8937524325,0.302109152768985,0.0151054576384492,7.85342532301197,157.068506460239,8.51782078014271,0,1500,1494.140625,5.859375,8.51782078014271,8.48147181506703,-1054.91584575734,0,8.51782078014271,0.709818398345226,8.51782078014271,0,81.5781528486255,53180,102,1494.140625,-5.75312743250333,1499.8937524325,1494.140625
0.636,1499.8892274256,0.321145052567641,0.0160572526283821,7.85340163013123,157.068032602624,8.42744537722878,0,1500,1508.7890625,-8.7890625,8.42744537722878,8.4819688248423,1562.30971186888,0,8.42744537722878,0.702287114769065,8.42744537722878,-1.77635683940025e-15,81.7352203377182,53283,103,1508.7890625,8.89983507440002,1499.8892274256,1508.7890625
0.637,1499.86276322714,0.299587067839453,0.0149793533919727,7.85326306391214,157.065261278243,8.51757227525507,0,1500,1494.140625,5.859375,8.51757227525507,8.48122331017939,-1139.48149010926,0,8.51757227525507,0.709797689604589,8.51757227525507,-1.77635683940025e-15,81.8922878681666,53385,102,1494.140625,-5.72213822714434,1499.86276322714,1494.140625
0.638,1499.8506014695,0.320198314540601,0.01600991572703,7.85319938509802,157.06398770196,8.51806928503035,0,1500,1494.140625,5.859375,8.51806928503035,8.48172031995467,-949.567908424387,0,8.51806928503035,0.709839107085862,8.51806928503035,0,82.0493516475552,53487,102,1494.140625,-5.70997646949877,1499.8506014695,1494.140625
0.639,1499.90098798963,0.327889627848961,0.0163944813924481,7.85346320830049,157.06926416601,8.42769388211642,0,1500,1508.7890625,-8.7890625,8.42769388211642,8.48221732972994,1650.09965964634,0,8.42769388211642,0.702307823509702,8.42769388211642,0,82.2064179587074,53590,103,1508.7890625,8.88807451037087,1499.90098798963,1508.7890625
0.64,1499.89497865653,0.302104984756863,0.0151052492378432,7.85343174350595,157.068634870119,8.51782078014271,0,1500,1494.140625,5.859375,8.51782078014271,8.48147181506703,-1066.32320029471,0,8.51782078014271,0.709818398345226,8.51782078014271,0,82.3634879652234,53692,102,1494.140625,-5.75435365652811,1499.89497865653,1494.140625
0.641,1499.8904342481,0.321141509059474,0.0160570754529737,7.85340794903906,157.068158980781,8.42744537722879,0,1500,1508.7890625,-8.7890625,8.42744537722879,8.4819688248423,1552.80358308774,0,8.42744537722879,0.702287114769065,8.42744537722879,0,82.5205555816843,53795,103,1508.7890625,8.89862825189994,1499.8904342481,1508.7890625
0.642,1499.86395263647,0.299583784036732,0.0149791892018366,7.85326929164483,157.065385832897,8.51757227525507,0,1500,1494.140625,5.859375,8.51757227525507,8.48122331017939,-1147.40326409355,0,8.51757227525507,0.709797689604589,8.51757227525507,0,82.6776232375882,53897,102,1494.140625,-5.72332763647387,1499.86395263647,1494.140625
0.643,1499.85177434477,0.320195154162736,0.0160097577081368,7.85320552625858,157.064110525172,8.51806928503035,0,1500,1494.140625,5.859375,8.51806928503035,8.48172031995467,-956.169386744626,0,8.51806928503035,0.709839107085862,8.51806928503035,-1.77635683940025e-15,82.8346871406605,53999,102,1494.140625,-5.71114934477146,1499.85177434477,1494.140625
0.644,1499.90214479481,0.327886539759577,0.0163943269879789,7.85346926531825,157.069385306365,8.42769388211642,0,1500,1508.7890625,-8.7890625,8.42769388211642,8.48221732972994,1644.59842771281,0,8.42769388211642,0.702307823509702,8.42769388211642,0,82.9917535737913,54102,103,1508.7890625,8.88691770518994,1499.90214479481,1508.7890625
0.645,1499.89611969906,0.3021019495468,0.01510509747734,7.85343771799066,157.068754359813,8.51782078014271,0,1500,1494.140625,5.859375,8.51782078014271,8.48147181506703,-1070.90756023932,0,8.51782078014271,0.709818398345226,8.51782078014271,0,83.14882370062,54204,102,1494.140625,-5.75549469905695,1499.89611969906,1494.140625
0.646,1499.89155977527,0.321138519145072,0.0160569259572536,7.85341384228556,157.068276845711,8.51831778991799,0,1500,1494.140625,5.859375,8.51831778991799,8.48196882484231,-892.422966866103,0,8.51831778991799,0.709859815826499,8.51831778991799,0,83.3058914357563,54306,102,1494.140625,-5.75093477527344,1499.89155977527,1494.140625
0.647,1499.9447655098,0.328243187413782,0.0164121593706891,7.8536924268601,157.073848537202,8.42794238700406,0,1500,1508.7890625,-8.7890625,8.42794238700406,8.48246583461758,1697.72044427825,0,8.42794238700406,0.702328532250339,8.42794238700406,0,83.4629622077455,54409,103,1508.7890625,8.84429699019734,1499.9447655098,1508.7890625
0.648,1499.9397937008,0.302240011253199,0.01511200056266,7.85366639452905,157.073327890581,8.51806928503035,0,1500,1494.140625,5.859375,8.51806928503035,8.48172031995467,-1026.63921310146,0,8.51806928503035,0.709839107085863,8.51806928503035,0,83.6200368619272,54511,102,1494.140625,-5.79916870080206,1499.9397937008,1494.140625
0.649,1499.93562318401,0.321195149998941,0.016059757499947,7.85364455775419,157.072891155084,8.42769388211643,0,1500,1508.7890625,-8.7890625,8.42769388211643,8.48221732972995,1585.87357241545,0,8.42769388211643,0.702307823509702,8.42769388211643,0,83.7771091943259,54614,103,1508.7890625,8.85343931599073,1499.93562318401,1508.7890625
0.65,1499.9092683855,0.299607136196607,0.0149803568098304,7.85350656435189,157.070131287038,8.51782078014271,0,1500,1494.140625,5.859375,8.51782078014271,8.48147181506703,-1119.84493965379,0,8.51782078014271,0.709818398345226,8.51782078014271,0,83.9341815902871,54716,102,1494.140625,-5.76864338550104,1499.9092683855,1494.140625
0.651,1499.89712502213,0.320207254288191,0.0160103627144095,7.85344298184997,157.068859636999,8.51831778991799,0,1500,1494.140625,5.859375,8.51831778991799,8.48196882484231,-933.20411637816,0,8.51831778991799,0.709859815826499,8.51831778991799,0,84.091250241104,54818,102,1494.140625,-5.75650002213229,1499.89712502213,1494.140625
0.652,1499.94749633416,0.327894479952437,0.0163947239976219,7.85370672542298,157.07413450846,8.42794238700406,0,1500,1508.7890625,-8.7890625,8.42794238700406,8.48246583461758,1663.7361530182,0,8.42794238700406,0.702328532250339,8.42794238700406,0,84.2483214235623,54921,103,1508.7890625,8.84156616584414,1499.94749633416,1508.7890625
0.653,1499.94145957326,0.302108371683015,0.0151054185841508,7.85367511701684,157.073502340337,8.51806928503035,0,1500,1494.140625,5.859375,8.51806928503035,8.48172031995467,-1054.95945581817,0,8.51806928503035,0.709839107085863,8.51806928503035,0,84.4053962990445,55023,102,1494.140625,-5.80083457325986,1499.94145957326,1494.140625
0.654,1499.93688347986,0.321144407079877,0.0160572203539938,7.85365115664784,157.073023132957,8.42769388211643,0,1500,1508.7890625,-8.7890625,8.42769388211643,8.48221732972995,1562.27337015153,0,8.42769388211643,0.702307823509702,8.42769388211643,-1.77635683940025e-15,84.5624687813363,55126,103,1508.7890625,8.85217902013869,1499.93688347986,1508.7890625
0.655,1499.91036888868,0.299586556108439,0.014979327805422,7.85351232657304,157.070246531461,8.51782078014272,0,1500,1494.140625,5.859375,8.51782078014272,8.48147181506704,-1139.51177487373,0,8.51782078014272,0.709818398345226,8.51782078014271,-1.77635683940025e-15,84.7195412996704,55228,102,1494.140625,-5.76974388867666,1499.91036888868,1494.140625
0.656,1499.89815742265,0.320197934749889,0.0160098967374944,7.85344838748643,157.068967749729,8.51831778991799,0,1500,1494.140625,5.859375,8.51831778991799,8.48196882484231,-949.593145728106,0,8.51831778991799,0.709859815826499,8.51831778991799,0,84.8766100617036,55330,102,1494.140625,-5.75753242264705,1499.89815742265,1494.140625
0.657,1499.94849490944,0.327889378206772,0.0163944689103386,7.85371195395096,157.074239079019,8.42794238700407,0,1500,1508.7890625,-8.7890625,8.42794238700407,8.48246583461759,1650.07862855991,0,8.42794238700407,0.702328532250339,8.42794238700407,0,85.0336813503303,55433,103,1508.7890625,8.84056759055579,1499.94849490944,1508.7890625
0.658,1499.94243720889,0.302104863495751,0.0151052431747876,7.85368023590505,157.073604718101,8.51806928503035,0,1500,1494.140625,5.859375,8.51806928503035,8.48172031995467,-1066.34072620007,0,8.51806928503035,0.709839107085863,8.51806928503035,0,85.190756329221,55535,102,1494.140625,-5.80181220889381,1499.94243720889,1494.140625
0.659,1499.93784508986,0.321141514435994,0.0160570757217997,7.85365619162601,157.07312383252,8.42769388211643,0,1500,1508.7890625,-8.7890625,8.42769388211643,8.48221732972995,1552.78897816661,0,8.42769388211643,0.702307823509702,8.42769388211643,0,85.3478289130261,55638,103,1508.7890625,8.85121741014154,1499.93784508986,1508.7890625
0.66,1499.91131641555,0.299583914331116,0.0149791957165558,7.85351728781212,157.070345756242,8.51782078014272,0,1500,1494.140625,5.859375,8.51782078014272,8.48147181506704,-1147.41543486116,0,8.51782078014272,0.709818398345226,8.51782078014272,0,85.504901531312,55740,102,1494.140625,-5.77069141554512,1499.91131641555,1494.140625
0.661,1499.89909170028,0.320195407678569,0.0160097703839285,7.85345327935266,157.069065587053,8.51831778991799,0,1500,1494.140625,5.859375,8.51831778991799,8.48196882484231,-956.179529050968,0,8.51831778991799,0.709859815826499,8.51831778991799,-1.77635683940025e-15,85.6619703918714,55842,102,1494.140625,-5.75846670027863,1499.89909170028,1494.140625
0.662,1499.9494163572,0.327886914823484,0.0163943457411742,7.8537167786401,157.074335572802,8.42794238700407,0,1500,1508.7890625,-8.7890625,8.42794238700407,8.48246583461759,1644.58997579086,0,8.42794238700407,0.702328532250339,8.42794238700407,0,85.8190417776609,55945,103,1508.7890625,8.8396461428049,1499.9494163572,1508.7890625
0.663,1499.9433460902,0.302102444508131,0.0151051222254066,7.85368499479645,157.073699895929,8.51806928503036,0,1500,1494.140625,5.859375,8.51806928503036,8.48172031995468,-1070.91460350762,0,8.51806928503036,0.709839107085863,8.51806928503036,0,85.9761168523855,56047,102,1494.140625,-5.8027210902012,1499.9433460902,1494.140625
0.664,1499.93874160861,0.321139132375592,0.0160569566187796,7.85366088578723,157.073217715745,8.42769388211643,0,1500,1508.7890625,-8.7890625,8.42769388211643,8.48221732972995,1548.97741374365,0,8.42769388211643,0.702307823509703,8.42769388211643,0,86.1331895307194,56150,103,1508.7890625,8.85032089138667,1499.93874160861,1508.7890625
0.665,1499.91220075202,0.299581566138544,0.0149790783069272,7.85352191818705,157.070438363741,8.51782078014272,0,1500,1494.140625,5.859375,8.51782078014272,8.48147181506704,-1150.59173854696,0,8.51782078014272,0.709818398345227,8.51782078014272,0,86.2902622422491,56252,102,1494.140625,-5.77157575201591,1499.91220075202,1494.140625
0.666,1499.89996402452,0.320193091940894,0.0160096545970447,7.85345784683169,157.069156936634,8.51831778991799,0,1500,1494.140625,5.859375,8.51831778991799,8.48196882484231,-958.82644878913,0,8.51831778991799,0.709859815826499,8.51831778991799,0,86.4473311947856,56354,102,1494.140625,-5.75933902451629,1499.89996402452,1494.140625
0.667,1499.95027683405,0.327884630744899,0.016394231537245,7.85372128408637,157.074425681727,8.42794238700407,0,1500,1508.7890625,-8.7890625,8.42794238700407,8.48246583461759,1642.38420934239,0,8.42794238700407,0.702328532250339,8.42794238700407,0,86.6044026713029,56457,103,1508.7890625,8.8387856659524,1499.95027683405,1508.7890625
0.668,1499.9441948812,0.302100191526412,0.0151050095763206,7.85368943905573,157.073788781115,8.51806928503036,0,1500,1494.140625,5.859375,8.51806928503036,8.48172031995468,-1072.75274221467,0,8.51806928503036,0.709839107085863,8.51806928503036,0,86.7614778355232,56559,102,1494.140625,-5.80356988120025,1499.9441948812,1494.140625
0.669,1499.93957887269,0.32113691001915,0.0160568455009575,7.8536652696917,157.073305393834,8.42769388211643,0,1500,1508.7890625,-8.7890625,8.42769388211643,8.48221732972995,1547.44563148777,0,8.42769388211643,0.702307823509703,8.42769388211643,0,86.9185506021374,56662,103,1508.7890625,8.84948362730756,1499.93957887269,1508.7890625
0.67,1499.9130266458,0.29957937397312,0.014978968698656,7.85352624255681,157.070524851136,8.51782078014272,0,1500,1494.140625,5.859375,8.51782078014272,8.48147181506704,-1151.86822376019,0,8.51782078014272,0.709818398345227,8.51782078014272,0,87.0756234007485,56764,102,1494.140625,-5.77240164580235,1499.9130266458,1494.140625
0.671,1499.90077870245,0.320190929549645,0.0160095464774823,7.8534621124754,157.069242249508,8.518317789918,0,1500,1494.140625,5.859375,8.518317789918,8.48196882484232,-959.890186466825,0,8.518317789918,0.7098598158265,8.518317789918,0,87.2326924391837,56866,102,1494.140625,-5.760153702455,1499.90077870245,1494.140625
0.672,1499.95108044847,0.327882497720936,0.0163941248860468,7.85372549180162,157.074509836032,8.42794238700407,0,1500,1508.7890625,-8.7890625,8.42794238700407,8.48246583461759,1641.49776127765,0,8.42794238700407,0.702328532250339,8.42794238700407,-1.77635683940025e-15,87.3897640004333,56969,103,1508.7890625,8.83798205153494,1499.95108044847,1508.7890625
0.673,1499.94498758234,0.302098087469969,0.0151049043734984,7.85369358962921,157.073871792584,8.51806928503036,0,1500,1494.140625,5.859375,8.51806928503036,8.48172031995468,-1073.4914489353,0,8.51806928503036,0.709839107085863,8.51806928503036,-1.77635683940025e-15,87.5468392482352,57071,102,1494.140625,-5.80436258234499,1499.94498758234,1494.140625
0.674,1499.94036080877,0.32113483453649,0.0160567417268245,7.85366936389943,157.073387277989,8.42769388211643,0,1500,1508.7890625,-8.7890625,8.42769388211643,8.48221732972995,1546.83004255392,0,8.42769388211643,0.702307823509703,8.42769388211643,0,87.7039120972959,57174,103,1508.7890625,8.8487016912286,1499.94036080877,1508.7890625
0.675,1499.91379796301,0.299577326676072,0.0149788663338036,7.85353028116426,157.070605623285,8.51782078014272,0,1500,1494.140625,5.859375,8.51782078014272,8.48147181506704,-1152.3812145384,0,8.51782078014272,0.709818398345227,8.51782078014272,0,87.8609849772339,57276,102,1494.140625,-5.77317296300907,1499.91379796301,1494.140625
0.676,1499.901539545,0.320188910055392,0.0160094455027696,7.85346609623763,157.069321924753,8.518317789918,0,1500,1494.140625,5.859375,8.518317789918,8.48196882484232,-960.317678782,0,8.518317789918,0.7098598158265,8.518317789918,0,88.0180540958916,57378,102,1494.140625,-5.76091454499624,1499.901539545,1494.140625
0.677,1499.95183095859,0.327880505651892,0.0163940252825946,7.85372942146344,157.074588429269,8.42794238700407,0,1500,1508.7890625,-8.7890625,8.42794238700407,8.48246583461759,1641.14151768167,0,8.42794238700407,0.702328532250339,8.42794238700407,0,88.1751257362742,57481,103,1508.7890625,8.83723154141126,1499.95183095859,1508.7890625
0.678,1499.94572790037,0.302096122453688,0.0151048061226844,7.85369746592532,157.073949318506,8.51806928503036,0,1500,1494.140625,5.859375,8.51806928503036,8.48172031995468,-1073.78831859861,0,8.51806928503036,0.709839107085863,8.51806928503036,0,88.3322010621344,57583,102,1494.140625,-5.80510290036796,1499.94572790037,1494.140625
0.679,1499.94109107311,0.321132896205584,0.0160566448102792,7.85367318755454,157.073463751091,8.42769388211644,0,1500,1508.7890625,-8.7890625,8.42769388211644,8.48221732972996,1546.58265116782,0,8.42769388211644,0.702307823509703,8.42769388211644,0,88.4892739881935,57686,103,1508.7890625,8.84797142689467,1499.94109107311,1508.7890625
0.68,1499.91451831018,0.299575414668147,0.0149787707334074,7.85353405289325,157.070681057865,8.51782078014272,0,1500,1494.140625,5.859375,8.51782078014272,8.48147181506704,-1152.58737402681,0,8.51782078014272,0.709818398345227,8.51782078014272,0,88.6463469440841,57788,102,1494.140625,-5.77389331018458,1499.91451831018,1494.140625
0.681,1499.90225010969,0.320187024012976,0.0160093512006488,7.85346981674567,157.069396334913,8.518317789918,0,1500,1494.140625,5.859375,8.518317789918,8.48196882484232,-960.489478355678,0,8.518317789918,0.7098598158265,8.518317789918,0,88.803416137663,57890,102,1494.140625,-5.76162510969061,1499.90225010969,1494.140625
0.682,1499.95253187365,0.327878645222367,0.0163939322611184,7.85373309144612,157.074661828922,8.42794238700407,0,1500,1508.7890625,-8.7890625,8.42794238700407,8.48246583461759,1640.99835137027,0,8.42794238700407,0.70232853225034,8.42794238700407,0,88.9604878519495,57993,103,1508.7890625,8.83653062634903,1499.95253187365,1508.7890625
0.683,1499.94641929684,0.302094287289224,0.0151047143644612,7.85370108606879,157.074021721376,8.51806928503036,0,1500,1494.140625,5.859375,8.51806928503036,8.48172031995468,-1073.90762385811,0,8.51806928503036,0.709839107085864,8.51806928503036,0,89.1175632507098,58095,102,1494.140625,-5.80579429684258,1499.94641929684,1494.140625
0.684,1499.94177308026,0.321131085963077,0.0160565542981538,7.85367675853563,157.073535170713,8.42769388211644,0,1500,1508.7890625,-8.7890625,8.42769388211644,8.48221732972996,1546.48323011824,0,8.42769388211644,0.702307823509703,8.42769388211644,-1.77635683940025e-15,89.2746362486789,58198,103,1508.7890625,8.8472894197439,1499.94177308026,1508.7890625
0.685,1499.91519105552,0.29957362900915,0.0149786814504575,7.85353757537959,157.070751507592,8.51782078014273,0,1500,1494.140625,5.859375,8.51782078014273,8.48147181506705,-1152.67022490146,0,8.51782078014273,0.709818398345227,8.51782078014272,-1.77635683940025e-15,89.4317092755032,58300,102,1494.140625,-5.77456605552106,1499.91519105552,1494.140625
0.686,1499.90291371899,0.32018526260364,0.016009263130182,7.85347329139584,157.069465827917,8.518317789918,0,1500,1494.140625,5.859375,8.518317789918,8.48196882484232,-960.558520751221,0,8.518317789918,0.7098598158265,8.518317789918,0,89.5887785390524,58402,102,1494.140625,-5.76228871898979,1499.90291371899,1494.140625
0.687,1499.95318647098,0.327876907733378,0.0163938453866689,7.85373651890973,157.074730378195,8.42794238700408,0,1500,1508.7890625,-8.7890625,8.42794238700408,8.4824658346176,1640.94081604065,0,8.42794238700408,0.70232853225034,8.42794238700408,0,89.7458503223588,58505,103,1508.7890625,8.8358760290173,1499.95318647098,1508.7890625
0.688,1499.94706500459,0.302092573395738,0.0151046286697869,7.85370446698666,157.074089339733,8.51806928503036,0,1500,1494.140625,5.859375,8.51806928503036,8.48172031995468,-1073.95556996613,0,8.51806928503036,0.709839107085864,8.51806928503036,0,89.9029257892018,58607,102,1494.140625,-5.80644000459029,1499.94706500459,1494.140625
0.689,1499.94241001914,0.321129395344659,0.016056469767233,7.85368009353986,157.073601870797,8.51856629480564,0,1500,1494.140625,5.859375,8.51856629480564,8.48221732972996,-894.962974971771,0,8.51856629480564,0.709880524567137,8.51856629480564,0,90.0599988543292,58709,102,1494.140625,-5.80178501914452,1499.94241001914,1494.140625
0.69,1499.99552198306,0.328234312518544,0.0164117156259272,7.85395818713261,157.079163742652,8.42819089189171,0,1500,1508.7890625,-8.7890625,8.42819089189171,8.48271433950523,1695.60377085686,0,8.42819089189171,0.702349240990976,8.42819089189171,-1.77635683940025e-15,90.2170749464225,58812,103,1508.7890625,8.79354051694031,1499.99552198306,1508.7890625
0.691,1499.9904576769,0.302231381876055,0.0151115690938027,7.85393167048759,157.078633409752,8.518317789918,0,1500,1494.140625,5.859375,8.518317789918,8.48196882484232,-1028.40310761929,0,8.518317789918,0.7098598158265,8.518317789918,-1.77635683940025e-15,90.3741549109554,58914,102,1494.140625,-5.84983267690495,1499.9904576769,1494.140625
0.692,1499.9861959191,0.321186762803131,0.0160593381401565,7.85390935597592,157.078187119518,8.42794238700408,0,1500,1508.7890625,-8.7890625,8.42794238700408,8.4824658346176,1584.40366031726,0,8.42794238700408,0.70232853225034,8.42794238700408,0,90.531232544085,59017,103,1508.7890625,8.80286658089744,1499.9861959191,1508.7890625
0.693,1499.95975111866,0.299598987892299,0.014979949394615,7.85377089132461,157.075417826492,8.51806928503037,0,1500,1494.140625,5.859375,8.51806928503037,8.48172031995469,-1121.06986640228,0,8.51806928503037,0.709839107085864,8.51806928503037,0,90.6883102312874,59119,102,1494.140625,-5.81912611866323,1499.95975111866,1494.140625
0.694,1499.94751897561,0.320199341630825,0.0160099670815413,7.85370684397337,157.074136879467,8.51856629480564,0,1500,1494.140625,5.859375,8.51856629480564,8.48221732972996,-934.224888668568,0,8.51856629480564,0.709880524567137,8.51856629480564,0,90.8453841639847,59221,102,1494.140625,-5.80689397561309,1499.94751897561,1494.140625
0.695,1499.99780271361,0.32788679974174,0.016394339987087,7.85397012900982,157.079402580196,8.42819089189172,0,1500,1508.7890625,-8.7890625,8.42819089189172,8.48271433950524,1662.88550944286,0,8.42819089189172,0.702349240990976,8.42819089189172,0,91.0024606190897,59324,103,1508.7890625,8.7912597863949,1499.99780271361,1508.7890625
0.696,1499.99167956795,0.302100920762258,0.0151050460381129,7.85393806829416,157.078761365883,8.518317789918,0,1500,1494.140625,5.859375,8.518317789918,8.48196882484232,-1055.66832546428,0,8.518317789918,0.7098598158265,8.518317789918,0,91.1595407581102,59426,102,1494.140625,-5.85105456795213,1499.99167956795,1494.140625
0.697,1499.98701826292,0.321137182335231,0.0160568591167615,7.85391366175809,157.078273235162,8.42794238700408,0,1500,1508.7890625,-8.7890625,8.42794238700408,8.4824658346176,1561.68264544643,0,8.42794238700408,0.70232853225034,8.42794238700408,0,91.3166184949557,59529,103,1508.7890625,8.80204423707823,1499.98701826292,1508.7890625
0.698,1499.9604196173,0.299579554468374,0.0149789777234187,7.85377439157529,157.075487831506,8.51806928503037,0,1500,1494.140625,5.859375,8.51806928503037,8.48172031995469,-1140.00404546131,0,8.51806928503037,0.709839107085864,8.51806928503037,0,91.4736962589809,59631,102,1494.140625,-5.81979461729952,1499.9604196173,1494.140625
0.699,1499.94812523831,0.320191153184591,0.0160095576592295,7.85371001835743,157.074200367149,8.51856629480564,0,1500,1494.140625,5.859375,8.51856629480564,8.48221732972996,-950.003371217757,0,8.51856629480564,0.709880524567137,8.51856629480564,0,91.6307702579629,59733,102,1494.140625,-5.80750023831069,1499.94812523831,1494.140625
0.7,1499.99838093813,0.327882813727573,0.0163941406863787,7.85397315658633,157.079463131727,8.42819089189172,0,1500,1508.7890625,-8.7890625,8.42819089189172,8.48271433950524,1649.7367739852,0,8.42819089189172,0.702349240990977,8.42819089189172,0,91.7878467749149,59836,103,1508.7890625,8.79068156187464,1499.99838093813,1508.7890625
0.701,1499.99224256128,0.302098513154572,0.0151049256577286,7.85394101612032,157.078820322406,8.51831778991801,0,1500,1494.140625,5.859375,8.51831778991801,8.48196882484233,-1066.62560501233,0,8.51831778991801,0.7098598158265,8.51831778991801,0,91.9449269736245,59938,102,1494.140625,-5.85161756127832,1499.99224256128,1494.140625
0.702,1499.98757086155,0.321135375324791,0.0160567687662396,7.85391655515774,157.078331103155,8.42794238700408,0,1500,1508.7890625,-8.7890625,8.42794238700408,8.4824658346176,1552.55157915639,0,8.42794238700408,0.70232853225034,8.42794238700408,-1.77635683940025e-15,92.1020047688576,60041,103,1508.7890625,8.80149163845022,1499.98757086155,1508.7890625
0.703,1499.96096368727,0.299577983581337,0.0149788991790669,7.85377724031897,157.075544806379,8.51806928503037,0,1500,1494.140625,5.859375,8.51806928503037,8.48172031995469,-1147.61326736967,0,8.51806928503037,0.709839107085864,8.51806928503037,-1.77635683940025e-15,92.2590825902945,60143,102,1494.140625,-5.82033868726671,1499.96096368727,1494.140625
0.704,1499.94866153808,0.320189682460617,0.0160094841230309,7.85371282641645,157.074256528329,8.51856629480564,0,1500,1494.140625,5.859375,8.51856629480564,8.48221732972996,-956.344389474729,0,8.51856629480564,0.709880524567137,8.51856629480564,0,92.4161566458403,60245,102,1494.140625,-5.80803653807857,1499.94866153808,1494.140625
0.705,1499.99890981264,0.327881392346193,0.0163940696173097,7.85397592576683,157.079518515337,8.42819089189172,0,1500,1508.7890625,-8.7890625,8.42819089189172,8.48271433950524,1644.45259210439,0,8.42819089189172,0.702349240990977,8.42819089189172,0,92.5732332185626,60348,103,1508.7890625,8.79015268735611,1499.99890981264,1508.7890625
0.706,1499.99276420059,0.302097122018233,0.0151048561009117,7.85394374741736,157.078874948347,8.51831778991801,0,1500,1494.140625,5.859375,8.51831778991801,8.48196882484233,-1071.02908991301,0,8.51831778991801,0.709859815826501,8.51831778991801,0,92.7303134722757,60450,102,1494.140625,-5.85213920058891,1499.99276420059,1494.140625
0.707,1499.98808539714,0.321134007157213,0.0160567003578606,7.8539192492598,157.078384985196,8.42794238700408,0,1500,1508.7890625,-8.7890625,8.42794238700408,8.4824658346176,1548.88200840583,0,8.42794238700408,0.70232853225034,8.42794238700408,0,92.8873913217617,60553,103,1508.7890625,8.80097710285736,1499.98808539714,1508.7890625
0.708,1499.96147122799,0.299576635512693,0.0149788317756346,7.85377989779601,157.07559795592,8.51806928503037,0,1500,1494.140625,5.859375,8.51806928503037,8.48172031995469,-1150.67124299514,0,8.51806928503037,0.709839107085864,8.51806928503037,0,93.0444691967135,60655,102,1494.140625,-5.82084622799493,1499.96147122799,1494.140625
0.709,1499.94916218355,0.320188353264957,0.0160094176632479,7.85371544778999,157.0743089558,8.51856629480565,0,1500,1494.140625,5.859375,8.51856629480565,8.48221732972997,-958.892702495952,0,8.51856629480565,0.709880524567137,8.51856629480564,-1.77635683940025e-15,93.201543305047,60757,102,1494.140625,-5.80853718354729,1499.94916218355,1494.140625
0.71,1499.99940365821,0.327880081412152,0.0163940040706076,7.85397851153618,157.079570230724,8.42819089189172,0,1500,1508.7890625,-8.7890625,8.42819089189172,8.48271433950524,1642.32899792004,0,8.42819089189172,0.702349240990977,8.42819089189172,0,93.3586199298399,60860,103,1508.7890625,8.78965884178911,1499.99940365821,1508.7890625
0.711,1499.99325133924,0.302095828965532,0.0151047914482766,7.85394629806937,157.078925961387,8.51831778991801,0,1500,1494.140625,5.859375,8.51831778991801,8.48196882484233,-1072.7987517333,0,8.51831778991801,0.709859815826501,8.51831778991801,0,93.5157002349164,60962,102,1494.140625,-5.85262633923867,1499.99325133924,1494.140625
0.712,1499.9885659202,0.321132731693732,0.0160566365846866,7.85392176527263,157.078435305453,8.42794238700409,0,1500,1508.7890625,-8.7890625,8.42794238700409,8.4824658346176,1547.40729022225,0,8.42794238700409,0.70232853225034,8.42794238700409,0,93.6727781350683,61065,103,1508.7890625,8.80049657980385,1499.9885659202,1508.7890625
0.713,1499.96194522538,0.299575377381202,0.0149787688690601,7.85378237964053,157.075647592811,8.51806928503037,0,1500,1494.140625,5.859375,8.51806928503037,8.48172031995469,-1151.90017481479,0,8.51806928503037,0.709839107085864,8.51806928503037,0,93.8298560599979,61167,102,1494.140625,-5.82132022538212,1499.96194522538,1494.140625
0.714,1499.94962974392,0.320187112223245,0.0160093556111622,7.85371789593038,157.074357918608,8.51856629480565,0,1500,1494.140625,5.859375,8.51856629480565,8.48221732972997,-959.91681234566,0,8.51856629480565,0.709880524567137,8.51856629480565,0,93.9869302176305,61269,102,1494.140625,-5.80900474392047,1499.94962974392,1494.140625
0.715,1499.999864869,0.327878857225587,0.0163939428612793,7.85398092643022,157.079618528604,8.42819089189172,0,1500,1508.7890625,-8.7890625,8.42819089189172,8.48271433950524,1641.47557304528,0,8.42819089189172,0.702349240990977,8.42819089189172,0,94.144006891053,61372,103,1508.7890625,8.78919763100066,1499.999864869,1508.7890625
0.716,1499.99370628668,0.302094621404266,0.0151047310702133,7.85394868016858,157.078973603372,8.51831778991801,0,1500,1494.140625,5.859375,8.51831778991801,8.48196882484233,-1073.50993912893,0,8.51831778991801,0.709859815826501,8.51831778991801,0,94.3010872440987,61474,102,1494.140625,-5.85308128667543,1499.99370628668,1494.140625
0.717,1499.98901468934,0.321131540531636,0.0160565770265818,7.85392411502237,157.078482300447,8.42794238700409,0,1500,1508.7890625,-8.7890625,8.42794238700409,8.48246583461761,1546.81463405922,0,8.42794238700409,0.702328532250341,8.42794238700409,0,94.4581651915683,61577,103,1508.7890625,8.80004781065963,1499.98901468934,1508.7890625
0.718,1499.96238790014,0.29957420239544,0.014978710119772,7.85378469748013,157.075693949603,8.51806928503037,0,1500,1494.140625,5.859375,8.51806928503037,8.48172031995469,-1152.39405495065,0,8.51806928503037,0.709839107085865,8.51806928503037,0,94.6152431631731,61679,102,1494.140625,-5.82176290013808,1499.96238790014,1494.140625
0.719,1499.95006640705,0.32018595319409,0.0160092976597045,7.85372018229319,157.074403645864,8.51856629480565,0,1500,1494.140625,5.859375,8.51856629480565,8.48221732972997,-960.328379125539,0,8.51856629480565,0.709880524567137,8.51856629480565,0,94.772317366847,61781,102,1494.140625,-5.80944140705105,1499.95006640705,1494.140625
0.72,1500.00029560214,0.327877713936325,0.0163938856968163,7.85398318174369,157.079663634874,8.42819089189173,0,1500,1508.7890625,-8.7890625,8.42819089189173,8.48271433950524,1641.13260072872,0,8.42819089189173,0.702349240990977,8.42819089189172,-1.77635683940025e-15,94.9293940856855,61884,103,1508.7890625,8.78876689785602,1500.00029560214,1508.7890625
0.721,1499.99413117037,0.302093493641138,0.0151046746820569,7.85395090485438,157.079018097087,8.51831778991801,0,1500,1494.140625,5.859375,8.51831778991801,8.48196882484233,-1073.79574939274,0,8.51831778991801,0.709859815826501,8.51831778991801,-1.77635683940025e-15,95.0864744835304,61986,102,1494.140625,-5.85350617036556,1499.99413117037,1494.140625
0.722,1499.98943380301,0.321130428083793,0.0160565214041896,7.85392630949642,157.078526189928,8.42794238700409,0,1500,1508.7890625,-8.7890625,8.42794238700409,8.48246583461761,1546.57645883939,0,8.42794238700409,0.702328532250341,8.42794238700409,0,95.243552475191,62089,103,1508.7890625,8.79962869698829,1499.98943380301,1508.7890625
0.723,1499.96280132215,0.299573105054898,0.0149786552527449,7.85378686215271,157.075737243054,8.51806928503038,0,1500,1494.140625,5.859375,8.51806928503038,8.4817203199547,-1152.59253430051,0,8.51806928503038,0.709839107085865,8.51806928503038,0,95.4006304903865,62191,102,1494.140625,-5.82217632214815,1499.96280132215,1494.140625
0.724,1499.95047421469,0.320184870755686,0.0160092435377843,7.85372231756902,157.07444635138,8.51856629480565,0,1500,1494.140625,5.859375,8.51856629480565,8.48221732972997,-960.493778583759,0,8.51856629480565,0.709880524567138,8.51856629480565,0,95.5577047370592,62293,102,1494.140625,-5.8098492146944,1499.95047421469,1494.140625
0.725,1500.00069787167,0.327876646197686,0.0163938323098843,7.85398528802198,157.07970576044,8.42819089189173,0,1500,1508.7890625,-8.7890625,8.42819089189173,8.48271433950525,1640.99476784687,0,8.42819089189173,0.702349240990977,8.42819089189173,0,95.7147814983126,62396,103,1508.7890625,8.78836462833442,1500.00069787167,1508.7890625
0.726,1499.99452797697,0.302092440402637,0.0151046220201319,7.85395298252892,157.079059650578,8.51831778991802,0,1500,1494.140625,5.859375,8.51831778991802,8.48196882484234,-1073.91061012761,0,8.51831778991802,0.709859815826501,8.51831778991802,0,95.8718619379965,62498,102,1494.140625,-5.85390297697381,1499.99452797697,1494.140625
0.727,1499.9898252209,0.321129389148514,0.0160564694574257,7.85392835895567,157.078567179113,8.42794238700409,0,1500,1508.7890625,-8.7890625,8.42794238700409,8.48246583461761,1546.48074156032,0,8.42794238700409,0.702328532250341,8.42794238700409,0,96.0289399709277,62601,103,1508.7890625,8.79923727910477,1499.9898252209,1508.7890625
0.728,1499.96318742449,0.299572080228597,0.0149786040114299,7.85378888377983,157.075777675597,8.51806928503038,0,1500,1494.140625,5.859375,8.51806928503038,8.4817203199547,-1152.67229869973,0,8.51806928503038,0.709839107085865,8.51806928503038,0,96.1860180268334,62703,102,1494.140625,-5.82256242448739,1499.96318742449,1494.140625
0.729,1499.95085507368,0.320183859846762,0.0160091929923381,7.85372431174198,157.07448623484,8.51856629480565,0,1500,1494.140625,5.859375,8.51856629480565,8.48221732972997,-960.560248916441,0,8.51856629480565,0.709880524567138,8.51856629480565,0,96.3430923136634,62805,102,1494.140625,-5.81023007367503,1499.95085507368,1494.140625
0.73,1500.00107355849,0.327875649017138,0.0163937824508569,7.85398725511361,157.079745102272,8.42819089189173,0,1500,1508.7890625,-8.7890625,8.42819089189173,8.48271433950525,1640.93937590297,0,8.42819089189173,0.702349240990977,8.42819089189173,0,96.5001691145289,62908,103,1508.7890625,8.78798894150668,1500.00107355849,1508.7890625
0.731,1499.99489856189,0.302091456764031,0.0151045728382016,7.85395492290699,157.07909845814,8.51831778991802,0,1500,1494.140625,5.859375,8.51831778991802,8.48196882484234,-1073.95677008086,0,8.51831778991802,0.709859815826501,8.51831778991802,0,96.6572495932869,63010,102,1494.140625,-5.85427356188734,1499.99489856189,1494.140625
0.732,1499.99019077318,0.321128418867948,0.0160564209433974,7.85393027298295,157.078605459659,8.42794238700409,0,1500,1508.7890625,-8.7890625,8.42794238700409,8.48246583461761,1546.44227493261,0,8.42794238700409,0.702328532250341,8.42794238700409,-1.77635683940025e-15,96.8143276647616,63113,103,1508.7890625,8.79887172682106,1499.99019077318,1508.7890625
0.733,1499.96354801249,0.299571123124668,0.0149785561562334,7.85379077181418,157.075815436284,8.51806928503038,0,1500,1494.140625,5.859375,8.51806928503038,8.4817203199547,-1152.70435422282,0,8.51806928503038,0.709839107085865,8.51806928503038,-1.77635683940025e-15,96.9714057586874,63215,102,1494.140625,-5.82292301248572,1499.96354801249,1494.140625
0.734,1499.95121076481,0.320182915740524,0.0160091457870262,7.85372617413639,157.074523482728,8.51856629480566,0,1500,1494.140625,5.859375,8.51856629480566,8.48221732972998,-960.586961852351,0,8.51856629480566,0.709880524567138,8.51856629480566,0,97.1284800830211,63317,102,1494.140625,-5.81058576480632,1499.95121076481,1494.140625
0.735,1500.00142441926,0.327874717732081,0.016393735886604,7.85398909221627,157.079781844325,8.42819089189173,0,1500,1508.7890625,-8.7890625,8.42819089189173,8.48271433950525,1640.91711512304,0,8.42819089189173,0.702349240990978,8.42819089189173,0,97.285556920881,63420,103,1508.7890625,8.78763808074314,1500.00142441926,1508.7890625
0.736,1499.99524465788,0.30209053812604,0.015104526906302,7.85395673506137,157.079134701227,8.51831778991802,0,1500,1494.140625,5.859375,8.51831778991802,8.48196882484234,-1073.9753207308,0,8.51831778991802,0.709859815826501,8.51831778991802,0,97.4426374361309,63522,102,1494.140625,-5.85461965788113,1499.99524465788,1494.140625
0.737,1499.99053216911,0.321127512705272,0.0160563756352636,7.85393206052787,157.078641210557,8.42794238700409,0,1500,1508.7890625,-8.7890625,8.42794238700409,8.48246583461761,1546.42681605767,0,8.42794238700409,0.702328532250341,8.42794238700409,0,97.599715543602,63625,103,1508.7890625,8.79853033089012,1499.99053216911,1508.7890625
0.738,1499.96388477218,0.299570229267889,0.0149785114633945,7.85379253508382,157.075850701676,8.51806928503038,0,1500,1494.140625,5.859375,8.51806928503038,8.4817203199547,-1152.71723661861,0,8.51806928503038,0.709839107085865,8.51806928503038,0,97.7567936730355,63727,102,1494.140625,-5.8232597721817,1499.96388477218,1494.140625
0.739,1499.95154295123,0.320182034022527,0.0160091017011263,7.85372791346042,157.074558269208,8.51856629480566,0,1500,1494.140625,5.859375,8.51856629480566,8.48221732972998,-960.597697182175,0,8.51856629480566,0.709880524567138,8.51856629480566,-1.77635683940025e-15,97.9138680323946,63829,102,1494.140625,-5.81091795122825,1499.95154295123,1494.140625
0.74,1500.00175209451,0.327873847988015,0.0163936923994007,7.85399080791989,157.079816158398,8.42819089189173,0,1500,1508.7890625,-8.7890625,8.42819089189173,8.48271433950525,1640.90816901485,0,8.42819089189173,0.702349240990978,8.42819089189173,0,98.0709449048042,63932,103,1508.7890625,8.78731040548905,1500.00175209451,1508.7890625
0.741,1499.99556788323,0.302089680193299,0.0151044840096649,7.85395842746534,157.079168549307,8.51831778991802,0,1500,1494.140625,5.859375,8.51831778991802,8.48196882484234,-1073.98277582096,0,8.51831778991802,0.709859815826502,8.51831778991802,0,98.2280254541346,64034,102,1494.140625,-5.85494288322957,1499.99556788323,1494.140625
0.742,1499.99085100498,0.321126666423455,0.0160563333211727,7.8539337299486,157.078674598972,8.4279423870041,0,1500,1508.7890625,-8.7890625,8.4279423870041,8.48246583461762,1546.42060348254,0,8.4279423870041,0.702328532250341,8.4279423870041,0,98.3851035952235,64137,103,1508.7890625,8.7982114950164,1499.99085100498,1508.7890625
0.743,1499.96419927819,0.299569394478774,0.0149784697239387,7.85379418183343,157.075883636669,8.51806928503038,0,1500,1494.140625,5.859375,8.51806928503038,8.4817203199547,-1152.72241376455,0,8.51806928503038,0.709839107085865,8.51806928503038,0,98.5421817578181,64239,102,1494.140625,-5.82357427819056,1499.96419927819,1494.140625
0.744,1499.95185318617,0.320181210570042,0.0160090605285021,7.85372953784679,157.074590756936,8.51856629480566,0,1500,1494.140625,5.859375,8.51856629480566,8.48221732972998,-960.60201147046,0,8.51856629480566,0.709880524567138,8.51856629480566,0,98.6992561498881,64341,102,1494.140625,-5.81122818617155,1499.95185318617,1494.140625
0.745,1500.00205811639,0.327873035718207,0.0163936517859103,7.85399241024671,157.079848204934,8.42819089189173,0,1500,1508.7890625,-8.7890625,8.42819089189173,8.48271433950525,1640.90457377462,0,8.42819089189173,0.702349240990978,8.42819089189173,0,98.8563330545643,64444,103,1508.7890625,8.78700438360829,1500.00205811639,1508.7890625
0.746,1499.99586974926,0.302088878954302,0.0151044439477151,7.8539600080322,157.079200160644,8.51831778991802,0,1500,1494.140625,5.859375,8.51831778991802,8.48196882484234,-1073.98577185449,0,8.51831778991802,0.709859815826502,8.51831778991802,0,99.0134136357232,64546,102,1494.140625,-5.85524474926297,1499.99586974926,1494.140625
0.747,1499.99114877161,0.321125876065469,0.0160562938032734,7.85393528905099,157.07870578102,8.4279423870041,0,1500,1508.7890625,-8.7890625,8.4279423870041,8.48246583461762,1546.41810678793,0,8.4279423870041,0.702328532250341,8.4279423870041,0,99.1704918082082,64649,103,1508.7890625,8.79791372839327,1499.99114877161,1508.7890625
0.748,1499.96449300107,0.299568614854032,0.0149784307427016,7.85379571976286,157.075914395257,8.51806928503039,0,1500,1494.140625,5.859375,8.51806928503039,8.48172031995471,-1152.72449434339,0,8.51806928503039,0.709839107085865,8.51806928503039,0,99.3275700017726,64751,102,1494.140625,-5.82386800107429,1499.96449300107,1494.140625
0.749,1499.95214292023,0.320180441532782,0.0160090220766391,7.85373105489078,157.074621097816,8.51856629480566,0,1500,1494.140625,5.859375,8.51856629480566,8.48221732972998,-960.603745286161,0,8.51856629480566,0.709880524567138,8.51856629480566,0,99.4846444243919,64853,102,1494.140625,-5.81151792023184,1499.95214292023,1494.140625
0.75,1500.0023439158,0.327872277124649,0.0163936138562325,7.8539939066889,157.079878133778,8.42819089189174,0,1500,1508.7890625,-8.7890625,8.42819089189174,8.48271433950526,1640.9031289282,0,8.42819089189174,0.702349240990978,8.42819089189173,-1.77635683940025e-15,99.6417213592025,64956,103,1508.7890625,8.78671858420307,1500.0023439158,1508.7890625
0.751,1499.99615166745,0.30208813066262,0.015104406533131,7.85396148415235,157.079229683047,8.51831778991802,0,1500,1494.140625,5.859375,8.51831778991802,8.48196882484234,-1073.98697589317,0,8.51831778991802,0.709859815826502,8.51831778991802,-1.77635683940025e-15,99.7988019700866,65058,102,1494.140625,-5.8555266674457,1499.99615166745,1494.140625
0.752,1499.99142686128,0.32112513793576,0.016056256896788,7.85393674512509,157.078734902502,8.4279423870041,0,1500,1508.7890625,-8.7890625,8.4279423870041,8.48246583461762,1546.41710342236,0,8.4279423870041,0.702328532250342,8.4279423870041,0,99.9558801718932,65161,103,1508.7890625,8.79763563872461,1499.99142686128,1508.7890625
0.753,1499.96476731422,0.299567886748296,0.0149783943374148,7.85379715606313,157.075943121263,8.51806928503039,0,1500,1494.140625,5.859375,8.51806928503039,8.48172031995471,-1152.72533048137,0,8.51806928503039,0.709839107085866,8.51806928503039,0,100.112958394381,65263,102,1494.140625,-5.82414231422104,1499.96476731422,1494.140625
0.754,1499.95241350814,0.320179723314891,0.0160089861657446,7.85373247168577,157.074649433715,8.51856629480566,0,1500,1494.140625,5.859375,8.51856629480566,8.48221732972998,-960.604442067805,0,8.51856629480566,0.709880524567138,8.51856629480566,0,100.270032845531,65365,102,1494.140625,-5.8117885081424,1499.95241350814,1494.140625
0.755,1500.00261082906,0.327871568660323,0.0163935784330162,7.85399530424348,157.07990608487,8.42819089189174,0,1500,1508.7890625,-8.7890625,8.42819089189174,8.48271433950526,1640.90254827683,0,8.42819089189174,0.702349240990978,8.42819089189174,0,100.427109808484,65468,103,1508.7890625,8.78645167093896,1500.00261082906,1508.7890625
0.756,1499.99641495597,0.302087431819404,0.0151043715909702,7.85396286272782,157.079257254556,8.51831778991803,0,1500,1494.140625,5.859375,8.51831778991803,8.48196882484235,-1073.98745976931,0,8.51831778991803,0.709859815826502,8.51831778991803,0,100.584190447129,65570,102,1494.140625,-5.85578995596643,1499.99641495597,1494.140625
0.757,1499.99168657428,0.321124448582996,0.0160562224291498,7.85393810497919,157.078762099584,8.4279423870041,0,1500,1508.7890625,-8.7890625,8.4279423870041,8.48246583461762,1546.41670019224,0,8.4279423870041,0.702328532250342,8.4279423870041,0,100.74126867632,65673,103,1508.7890625,8.79737592572269,1499.99168657428,1508.7890625
0.758,1499.96502350026,0.299567206757101,0.014978360337855,7.8537984974501,157.075969949002,8.51806928503039,0,1500,1494.140625,5.859375,8.51806928503039,8.48172031995471,-1152.72566650646,0,8.51806928503039,0.709839107085866,8.51806928503039,0,100.898346925819,65775,102,1494.140625,-5.82439850026071,1499.96502350026,1494.140625
0.759,1499.95266621512,0.320179052558133,0.0160089526279066,7.85373379485639,157.074675897128,8.51856629480566,0,1500,1494.140625,5.859375,8.51856629480566,8.48221732972998,-960.604722088721,0,8.51856629480566,0.709880524567139,8.51856629480566,0,101.055421403614,65877,102,1494.140625,-5.8120412151161,1499.95266621512,1494.140625
0.76,1500.00286010422,0.327870907012597,0.0163935453506298,7.85399660944514,157.079932188903,8.42819089189174,0,1500,1508.7890625,-8.7890625,8.42819089189174,8.48271433950526,1640.90231492607,0,8.42819089189174,0.702349240990978,8.42819089189174,0,101.212498392851,65980,103,1508.7890625,8.7862023957839,1500.00286010422,1508.7890625
0.761,1499.99666084591,0.302086779157005,0.0151043389578503,7.85396415020454,157.079283004091,8.51831778991803,0,1500,1494.140625,5.859375,8.51831778991803,8.48196882484235,-1073.98765422828,0,8.51831778991803,0.709859815826502,8.51831778991803,0,101.369579057423,66082,102,1494.140625,-5.85603584590763,1499.99666084591,1494.140625
0.762,1499.99192912498,0.321123804783903,0.0160561902391952,7.85393937497168,157.078787499434,8.4279423870041,0,1500,1508.7890625,-8.7890625,8.4279423870041,8.48246583461762,1546.4165381431,0,8.4279423870041,0.702328532250342,8.4279423870041,-1.77635683940025e-15,101.526657312187,66185,103,1508.7890625,8.79713337502358,1499.99192912498,1508.7890625
0.763,1499.96526275707,0.299566571700946,0.0149783285850473,7.8537997501958,157.075995003916,8.51806928503039,0,1500,1494.140625,5.859375,8.51806928503039,8.48172031995471,-1152.72580154742,0,8.51806928503039,0.709839107085866,8.51806928503039,-1.77635683940025e-15,101.683735586914,66287,102,1494.140625,-5.82463775706606,1499.96526275707,1494.140625
0.764,1499.95290222276,0.320178426126187,0.0160089213063093,7.85373503058951,157.07470061179,8.51856629480567,0,1500,1494.140625,5.859375,8.51856629480567,8.48221732972999,-960.604834622846,0,8.51856629480567,0.709880524567139,8.51856629480567,0,101.840810089593,66389,102,1494.140625,-5.81227722275867,1499.95290222276,1494.140625
0.765,1500.00309290682,0.327870289087742,0.0163935144543871,7.85399782839672,157.079956567934,8.42819089189174,0,1500,1508.7890625,-8.7890625,8.42819089189174,8.48271433950526,1640.90222114763,0,8.42819089189174,0.702349240990978,8.42819089189174,0,101.997887103377,66492,103,1508.7890625,8.78596959317997,1500.00309290682,1508.7890625
0.766,1499.996890487,0.302086169623713,0.0151043084811856,7.85396535260248,157.07930705205,8.51831778991803,0,1500,1494.140625,5.859375,8.51831778991803,8.48196882484235,-1073.98773237698,0,8.51831778991803,0.709859815826502,8.51831778991803,0,102.154967792161,66594,102,1494.140625,-5.85626548699884,1499.996890487,1494.140625
0.767,1499.99215564749,0.321123203528213,0.0160561601764107,7.85394056104078,157.078811220816,8.42794238700411,0,1500,1508.7890625,-8.7890625,8.42794238700411,8.48246583461762,1546.41647301919,0,8.42794238700411,0.702328532250342,8.42794238700411,0,102.31204607081,66697,103,1508.7890625,8.79690685251148,1499.99215564749,1508.7890625
0.768,1499.96548620335,0.29956597861045,0.0149782989305225,7.85380092015781,157.076018403156,8.51806928503039,0,1500,1494.140625,5.859375,8.51806928503039,8.48172031995471,-1152.72585581734,0,8.51806928503039,0.709839107085866,8.51806928503039,0,102.469124369097,66799,102,1494.140625,-5.82486120334897,1499.96548620335,1494.140625
0.769,1499.95312263459,0.320177841089997,0.0160088920544998,7.85373618466316,157.074723693263,8.51856629480567,0,1500,1494.140625,5.859375,8.51856629480567,8.48221732972999,-960.604879847787,0,8.51856629480567,0.709880524567139,8.51856629480567,-1.77635683940025e-15,102.626198895016,66901,102,1494.140625,-5.81249763458959,1499.95312263459,1494.140625
0.77,1500.00331032541,0.327869711996478,0.0163934855998239,7.85399896679779,157.079979335956,8.42819089189174,0,1500,1508.7890625,-8.7890625,8.42819089189174,8.48271433950526,1640.90218346018,0,8.42819089189174,0.702349240990979,8.42819089189174,0,102.783275931724,67004,103,1508.7890625,8.78575217459229,1500.00331032541,1508.7890625
0.771,1499.99710495299,0.302085600369482,0.0151042800184741,7.85396647554379,157.079329510876,8.51831778991803,0,1500,1494.140625,5.859375,8.51831778991803,8.48196882484235,-1073.98776378319,0,8.51831778991803,0.709859815826503,8.51831778991803,0,102.940356643122,67106,102,1494.140625,-5.85647995299109,1499.99710495299,1494.140625
0.772,1499.99236720098,0.321122642004586,0.0160561321002293,7.85394166873229,157.078833374646,8.42794238700411,0,1500,1508.7890625,-8.7890625,8.42794238700411,8.48246583461763,1546.41644684735,0,8.42794238700411,0.702328532250342,8.42794238700411,0,103.097434944077,67209,103,1508.7890625,8.79669529901571,1499.99236720098,1508.7890625
0.773,1499.9656948839,0.299565424712441,0.0149782712356221,7.85380201280661,157.076040256132,8.51806928503039,0,1500,1494.140625,5.859375,8.51806928503039,8.48172031995471,-1152.72587762721,0,8.51806928503039,0.709839107085866,8.51806928503039,0,103.254513264366,67311,102,1494.140625,-5.82506988389969,1499.9656948839,1494.140625
0.774,1499.95332848121,0.32017729471405,0.0160088647357025,7.85373726247355,157.074745249471,8.51856629480567,0,1500,1494.140625,5.859375,8.51856629480567,8.48221732972999,-960.604898022677,0,8.51856629480567,0.709880524567139,8.51856629480567,0,103.41158781199,67413,102,1494.140625,-5.81270348121097,1499.95332848121,1494.140625
0.775,1500.00351337658,0.327869173040442,0.0163934586520221,7.85400002997126,157.080000599425,8.42819089189175,0,1500,1508.7890625,-8.7890625,8.42819089189175,8.48271433950526,1640.90216831444,0,8.42819089189175,0.702349240990979,8.42819089189175,0,103.568664870107,67516,103,1508.7890625,8.78554912341565,1500.00351337658,1508.7890625
0.776,1499.99730524669,0.302085068732593,0.0151042534366297,7.85396752427912,157.079350485582,8.51831778991803,0,1500,1494.140625,5.859375,8.51831778991803,8.48196882484235,-1073.98777640464,0,8.51831778991803,0.709859815826503,8.51831778991803,0,103.725745602624,67618,102,1494.140625,-5.85668024668576,1499.99730524669,1494.140625
0.777,1499.99256477464,0.32112211758745,0.0160561058793725,7.85394270322555,157.078854064511,8.42794238700411,0,1500,1508.7890625,-8.7890625,8.42794238700411,8.48246583461763,1546.41643632947,0,8.42794238700411,0.702328532250342,8.42794238700411,0,103.88282392441,67721,103,1508.7890625,8.79649772535663,1499.99256477464,1508.7890625
0.778,1499.96588977446,0.299564907417012,0.0149782453708506,7.85380303325122,157.076060665024,8.5180692850304,0,1500,1494.140625,5.859375,8.5180692850304,8.48172031995472,-1152.72588639211,0,8.5180692850304,0.709839107085866,8.5180692850304,0,104.039902265249,67823,102,1494.140625,-5.82526477446345,1499.96588977446,1494.140625
0.779,1499.95352072512,0.320176784443612,0.0160088392221806,7.85373826906028,157.074765381206,8.51856629480567,0,1500,1494.140625,5.859375,8.51856629480567,8.48221732972999,-960.604905326757,0,8.51856629480567,0.709880524567139,8.51856629480567,0,104.196976833143,67925,102,1494.140625,-5.81289572511605,1499.95352072512,1494.140625
0.78,1500.00370300977,0.327868669699594,0.0163934334849797,7.85400102288831,157.080020457766,8.42819089189175,0,1500,1508.7890625,-8.7890625,8.42819089189175,8.48271433950527,1640.9021622277,0,8.42819089189175,0.702349240990979,8.42819089189175,-1.77635683940025e-15,104.354053911255,68028,103,1508.7890625,8.78535949022717,1500.00370300977,1508.7890625
0.781,1499.99749230461,0.302084572227229,0.0151042286113614,7.85396850371214,157.079370074243,8.51831778991803,0,1500,1494.140625,5.859375,8.51831778991803,8.48196882484235,-1073.98778147691,0,8.51831778991803,0.709859815826503,8.51831778991803,-1.77635683940025e-15,104.511134663494,68130,102,1494.140625,-5.85686730461248,1499.99749230461,1494.140625
0.782,1499.99274929228,0.321121627824742,0.0160560813912371,7.85394366935764,157.078873387153,8.42794238700411,0,1500,1508.7890625,-8.7890625,8.42794238700411,8.48246583461763,1546.41643210257,0,8.42794238700411,0.702328532250343,8.42794238700411,0,104.668213004737,68233,103,1508.7890625,8.79631320771978,1499.99274929228,1508.7890625
0.783,1499.96607178631,0.299564424305394,0.0149782212152697,7.85380398626301,157.07607972526,8.5180692850304,0,1500,1494.140625,5.859375,8.5180692850304,8.48172031995472,-1152.72588991452,0,8.5180692850304,0.709839107085867,8.5180692850304,0,104.825291364767,68335,102,1494.140625,-5.82544678630802,1499.96607178631,1494.140625
0.784,1499.9537002652,0.320176307892762,0.0160088153946381,7.85373920912995,157.074784182599,8.51856629480567,0,1500,1494.140625,5.859375,8.51856629480567,8.48221732972999,-960.604908262103,0,8.51856629480567,0.709880524567139,8.51856629480567,0,104.982365951591,68437,102,1494.140625,-5.81307526519777,1499.9537002652,1494.140625
0.785,1500.00388011166,0.327868199620414,0.0163934099810207,7.85400195019162,157.080039003832,8.42819089189175,0,1500,1508.7890625,-8.7890625,8.42819089189175,8.48271433950527,1640.90215978158,0,8.42819089189175,0.702349240990979,8.42819089189175,0,105.139443048376,68540,103,1508.7890625,8.78518238834113,1500.00388011166,1508.7890625
0.786,1499.99766700141,0.302084108531832,0.0151042054265916,7.85396941842246,157.079388368449,8.51831778991804,0,1500,1494.140625,5.859375,8.51831778991804,8.48196882484236,-1073.98778351535,0,8.51831778991804,0.709859815826503,8.51831778991804,0,105.296523819036,68642,102,1494.140625,-5.85704200141458,1499.99766700141,1494.140625
0.787,1499.99292161666,0.321121170426436,0.0160560585213218,7.85394457164598,157.07889143292,8.42794238700411,0,1500,1508.7890625,-8.7890625,8.42794238700411,8.48246583461763,1546.41643040388,0,8.42794238700411,0.702328532250343,8.42794238700411,0,105.453602178448,68745,103,1508.7890625,8.79614088333983,1499.99292161666,1508.7890625
0.788,1499.96624177048,0.299563973118662,0.0149781986559331,7.85380487629807,157.076097525961,8.5180692850304,0,1500,1494.140625,5.859375,8.5180692850304,8.48172031995472,-1152.7258913301,0,8.5180692850304,0.709839107085867,8.5180692850304,0,105.6106805564,68847,102,1494.140625,-5.82561677048261,1499.96624177048,1494.140625
0.789,1499.95386794095,0.320175862833249,0.0160087931416625,7.85374008707813,157.074801741563,8.51856629480567,0,1500,1494.140625,5.859375,8.51856629480567,8.48221732972999,-960.604909441753,0,8.51856629480567,0.70988052456714,8.51856629480567,0,105.767755160904,68949,102,1494.140625,-5.81324294094816,1499.95386794095,1494.140625
0.79,1500.00404551033,0.327867760604913,0.0163933880302456,7.85400281621705,157.080056324341,8.42819089189175,0,1500,1508.7890625,-8.7890625,8.42819089189175,8.48271433950527,1640.90215879854,0,8.42819089189175,0.702349240990979,8.42819089189175,0,105.924832275129,69052,103,1508.7890625,8.7850169896667,1500.00404551033,1508.7890625
0.791,1499.99783015394,0.302083675478264,0.0151041837739132,7.85397027268706,157.079405453741,8.51831778991804,0,1500,1494.140625,5.859375,8.51831778991804,8.48196882484236,-1073.98778433455,0,8.51831778991804,0.709859815826503,8.51831778991804,0,106.081913062991,69154,102,1494.140625,-5.85720515393587,1499.99783015394,1494.140625
0.792,1499.99308255353,0.321120743253836,0.0160560371626918,7.85394541430948,157.078908286189,8.42794238700411,0,1500,1508.7890625,-8.7890625,8.42794238700411,8.48246583461763,1546.41642972121,0,8.42794238700411,0.702328532250343,8.42794238700411,-1.77635683940025e-15,106.238991439372,69257,103,1508.7890625,8.7959799464677,1499.99308255353,1508.7890625
0.793,1499.96640052179,0.299563551747165,0.0149781775873582,7.85380570751799,157.07611415036,8.5180692850304,0,1500,1494.140625,5.859375,8.5180692850304,8.48172031995472,-1152.72589189899,0,8.5180692850304,0.709839107085867,8.5180692850304,-1.77635683940025e-15,106.396069834064,69359,102,1494.140625,-5.82577552179464,1499.96640052179,1494.140625
0.794,1499.95402453638,0.320175447184075,0.0160087723592038,7.85374090700989,157.074818140198,8.51856629480568,0,1500,1494.140625,5.859375,8.51856629480568,8.48221732973,-960.604909915828,0,8.51856629480568,0.70988052456714,8.51856629480568,0,106.553144455078,69461,102,1494.140625,-5.81339953637985,1499.95402453638,1494.140625
0.795,1500.00419997916,0.327867350600352,0.0163933675300176,7.85400362501396,157.080072500279,8.42819089189175,0,1500,1508.7890625,-8.7890625,8.42819089189175,8.48271433950527,1640.90215840348,0,8.42819089189175,0.702349240990979,8.42819089189175,0,106.71022158559,69564,103,1508.7890625,8.78486252083667,1500.00419997916,1508.7890625
0.796,1499.99798252504,0.302083271041661,0.015104163552083,7.85397107050032,157.079421410006,8.51831778991804,0,1500,1494.140625,5.859375,8.51831778991804,8.48196882484236,-1073.98778466377,0,8.51831778991804,0.709859815826503,8.51831778991804,0,106.867302389518,69666,102,1494.140625,-5.85735752504434,1499.99798252504,1494.140625
0.797,1499.99323285541,0.321120344309574,0.0160560172154787,7.85394620128824,157.078924025765,8.42794238700412,0,1500,1508.7890625,-8.7890625,8.42794238700412,8.48246583461763,1546.41642944686,0,8.42794238700412,0.702328532250343,8.42794238700412,0,107.024380781747,69769,103,1508.7890625,8.79582964459473,1499.99323285541,1508.7890625
0.798,1499.96654878253,0.299563158220658,0.0149781579110329,7.85380648380941,157.076129676188,8.5180692850304,0,1500,1494.140625,5.859375,8.5180692850304,8.48172031995472,-1152.72589212762,0,8.5180692850304,0.709839107085867,8.5180692850304,0,107.181459192071,69871,102,1494.140625,-5.8259237825348,1499.96654878253,1494.140625
0.799,1499.9541707837,0.320175059001749,0.0160087529500874,7.8537416727591,157.074833455182,8.51856629480568,0,1500,1494.140625,5.859375,8.51856629480568,8.48221732973,-960.604910106348,0,8.51856629480568,0.70988052456714,8.51856629480568,-1.77635683940025e-15,107.338533828506,69973,102,1494.140625,-5.81354578370497,1499.9541707837,1494.140625
0.8,1500.00434424042,0.32786696768963,0.0163933483844815,7.85400438036411,157.080087607282,8.42819089189175,0,1500,1508.7890625,-8.7890625,8.42819089189175,8.48271433950527,1640.90215824471,0,8.42819089189175,0.70234924099098,8.42819089189175,0,107.495610974229,70076,103,1508.7890625,8.78471825958422,1500.00434424042,1508.7890625
0.801,1499.9981248272,0.302082893330955,0.0151041446665477,7.85397181559264,157.079436311853,8.51831778991804,0,1500,1494.140625,5.859375,8.51831778991804,8.48196882484236,-1073.98778479607,0,8.51831778991804,0.709859815826503,8.51831778991804,0,107.652691793161,70178,102,1494.140625,-5.8574998271954,1499.9981248272,1494.140625
0.802,1499.99337322506,0.321119971728267,0.0160559985864133,7.85394693626204,157.078938725241,8.42794238700412,0,1500,1508.7890625,-8.7890625,8.42794238700412,8.48246583461764,1546.4164293366,0,8.42794238700412,0.702328532250343,8.42794238700412,0,107.80977020019,70281,103,1508.7890625,8.79568927493915,1499.99337322506,1508.7890625
0.803,1499.96668724594,0.29956279069909,0.0149781395349545,7.85380720880209,157.076144176042,8.51806928503041,0,1500,1494.140625,5.859375,8.51806928503041,8.48172031995473,-1152.7258922195,0,8.51806928503041,0.709839107085867,8.51806928503041,0,107.966848625113,70383,102,1494.140625,-5.82606224593769,1499.96668724594,1494.140625
0.804,1499.95430736674,0.320174696471209,0.0160087348235604,7.85374238790621,157.074847758124,8.51856629480568,0,1500,1494.140625,5.859375,8.51856629480568,8.48221732973,-960.604910182914,0,8.51856629480568,0.70988052456714,8.51856629480568,0,108.123923275949,70485,102,1494.140625,-5.81368236674302,1499.95430736674,1494.140625
0.805,1500.00447896862,0.327866610082338,0.0163933305041169,7.85400508579936,157.080101715987,8.42819089189176,0,1500,1508.7890625,-8.7890625,8.42819089189176,8.48271433950528,1640.90215818091,0,8.42819089189176,0.70234924099098,8.42819089189176,0,108.281000435878,70588,103,1508.7890625,8.78458353137512,1500.00447896862,1508.7890625
0.806,1499.99825772576,0.302082540580052,0.0151041270290026,7.85397251144791,157.079450228958,8.51831778991804,0,1500,1494.140625,5.859375,8.51831778991804,8.48196882484236,-1073.98778484925,0,8.51831778991804,0.709859815826504,8.51831778991804,0,108.438081268822,70690,102,1494.140625,-5.85763272576378,1499.99825772576,1494.140625
0.807,1499.99350431884,0.321119623767804,0.0160559811883902,7.85394762266744,157.078952453349,8.42794238700412,0,1500,1508.7890625,-8.7890625,8.42794238700412,8.48246583461764,1546.4164292923,0,8.42794238700412,0.702328532250343,8.42794238700412,0,108.595159689674,70793,103,1508.7890625,8.79555818116432,1499.99350431884,1508.7890625
0.808,1499.96681655943,0.299562447464012,0.0149781223732006,7.85380788588595,157.076157717719,8.51806928503041,0,1500,1494.140625,5.859375,8.51806928503041,8.48172031995473,-1152.72589225642,0,8.51806928503041,0.709839107085867,8.51806928503041,0,108.752238128232,70895,102,1494.140625,-5.82619155942825,1499.96681655943,1494.140625
0.809,1499.95443492413,0.320174357897342,0.0160087178948671,7.85374305579511,157.074861115902,8.51856629480568,0,1500,1494.140625,5.859375,8.51856629480568,8.48221732973,-960.604910213684,0,8.51856629480568,0.70988052456714,8.51856629480568,0,108.909312792518,70997,102,1494.140625,-5.81380992412687,1499.95443492413,1494.140625
0.81,1500.00460479375,0.327866276106384,0.0163933138053192,7.85400574461818,157.080114892363,8.42819089189176,0,1500,1508.7890625,-8.7890625,8.42819089189176,8.48271433950528,1640.90215815526,0,8.42819089189176,0.70234924099098,8.42819089189176,-1.77635683940025e-15,109.066389965713,71100,103,1508.7890625,8.78445770625035,1500.00460479375,1508.7890625
0.811,1499.99838184215,0.302082211139567,0.0151041105569784,7.85397316131982,157.079463226396,8.51831778991805,0,1500,1494.140625,5.859375,8.51831778991805,8.48196882484237,-1073.98778487061,0,8.51831778991805,0.709859815826504,8.51831778991804,-1.77635683940025e-15,109.223470811744,71202,102,1494.140625,-5.85775684215491,1499.99838184215,1494.140625
0.812,1499.9936267497,0.321119298801196,0.0160559649400598,7.85394826371393,157.078965274279,8.42794238700412,0,1500,1508.7890625,-8.7890625,8.42794238700412,8.48246583461764,1546.41642927449,0,8.42794238700412,0.702328532250343,8.42794238700412,0,109.380549245505,71305,103,1508.7890625,8.79543575030243,1499.9936267497,1508.7890625
0.813,1499.96693732765,0.299562126910526,0.0149781063455263,7.85380851822688,157.076170364538,8.51806928503041,0,1500,1494.140625,5.859375,8.51806928503041,8.48172031995473,-1152.72589227126,0,8.51806928503041,0.709839107085867,8.51806928503041,0,109.537627696796,71407,102,1494.140625,-5.82631232765129,1499.96693732765,1494.140625
0.814,1499.95455405229,0.320174041697045,0.0160087020848523,7.85374367954871,157.074873590974,8.51856629480568,0,1500,1494.140625,5.859375,8.51856629480568,8.48221732973,-960.60491022605,0,8.51856629480568,0.70988052456714,8.51856629480568,0,109.694702373643,71509,102,1494.140625,-5.81392905228995,1499.95455405229,1494.140625
0.815,1500.00472230413,0.327865964200158,0.0163932982100079,7.85400635990107,157.080127198021,8.42819089189176,0,1500,1508.7890625,-8.7890625,8.42819089189176,8.48271433950528,1640.90215814496,0,8.42819089189176,0.70234924099098,8.42819089189176,0,109.851779559228,71612,103,1508.7890625,8.78434019587417,1500.00472230413,1508.7890625
0.816,1499.99849775671,0.3020819034691,0.015104095173455,7.85397376824702,157.07947536494,8.51831778991805,0,1500,1494.140625,5.859375,8.51831778991805,8.48196882484237,-1073.9877848792,0,8.51831778991805,0.709859815826504,8.51831778991805,0,110.008860417482,71714,102,1494.140625,-5.8578727567126,1499.99849775671,1494.140625
0.817,1499.99374109011,0.321118995308965,0.0160559497654482,7.85394886239893,157.078977247979,8.42794238700412,0,1500,1508.7890625,-8.7890625,8.42794238700412,8.48246583461764,1546.41642926733,0,8.42794238700412,0.702328532250344,8.42794238700412,0,110.165938863298,71817,103,1508.7890625,8.79532140989068,1499.99374109011,1508.7890625
0.818,1499.96705011529,0.299561827539789,0.0149780913769894,7.8538091087816,157.076182175632,8.51806928503041,0,1500,1494.140625,5.859375,8.51806928503041,8.48172031995473,-1152.72589227722,0,8.51806928503041,0.709839107085868,8.51806928503041,0,110.323017326482,71919,102,1494.140625,-5.82642511529366,1499.96705011529,1494.140625
0.819,1499.95466530825,0.320173746391832,0.0160086873195916,7.85374426208356,157.074885241671,8.51856629480569,0,1500,1494.140625,5.859375,8.51856629480569,8.48221732973001,-960.604910231019,0,8.51856629480569,0.70988052456714,8.51856629480569,0,110.480092015059,72021,102,1494.140625,-5.81404030824933,1499.95466530825,1494.140625
0.82,1500.0048320492,0.32786567290526,0.016393283645263,7.85400693452494,157.080138690499,8.42819089189176,0,1500,1508.7890625,-8.7890625,8.42819089189176,8.48271433950528,1640.90215814082,0,8.42819089189176,0.70234924099098,8.42819089189176,0,110.637169212216,72124,103,1508.7890625,8.78423045079739,1500.0048320492,1508.7890625
0.821,1499.99860601143,0.302081616130054,0.0151040808065027,7.85397433506738,157.079486701348,8.51831778991805,0,1500,1494.140625,5.859375,8.51831778991805,8.48196882484237,-1073.98778488265,0,8.51831778991805,0.709859815826504,8.51831778991805,0,110.794250081883,72226,102,1494.140625,-5.85798101142609,1499.99860601143,1494.140625
0.822,1499.9938478747,0.32111871187205,0.0160559355936025,7.85394942152173,157.078988430435,8.42794238700412,0,1500,1508.7890625,-8.7890625,8.42794238700412,8.48246583461764,1546.41642926446,0,8.42794238700412,0.702328532250344,8.42794238700412,-1.77635683940025e-15,110.951328538959,72329,103,1508.7890625,8.7952146253017,1499.9938478747,1508.7890625
0.823,1499.96715544972,0.299561547952013,0.0149780773976007,7.85380966031138,157.076193206228,8.51806928503041,0,1500,1494.140625,5.859375,8.51806928503041,8.48172031995473,-1152.72589227962,0,8.51806928503041,0.709839107085868,8.51806928503041,-1.77635683940025e-15,111.108407013249,72431,102,1494.140625,-5.82653044972312,1499.96715544972,1494.140625
0.824,1499.95476921221,0.320173470600923,0.0160086735300462,7.85374480612344,157.074896122469,8.51856629480569,0,1500,1494.140625,5.859375,8.51856629480569,8.48221732973001,-960.604910233016,0,8.51856629480569,0.709880524567141,8.51856629480569,0,111.265481712782,72533,102,1494.140625,-5.81414421221348,1499.95476921221,1494.140625
0.825,1500.00493454213,0.327865400859654,0.0163932700429827,7.85400747117664,157.080149423533,8.42819089189176,0,1500,1508.7890625,-8.7890625,8.42819089189176,8.48271433950528,1640.90215813915,0,8.42819089189176,0.70234924099098,8.42819089189176,0,111.422558920746,72636,103,1508.7890625,8.78412795787244,1500.00493454213,1508.7890625
0.826,1499.99870711247,0.302081347778891,0.0151040673889446,7.85397486443122,157.079497288624,8.51831778991805,0,1500,1494.140625,5.859375,8.51831778991805,8.48196882484237,-1073.98778488404,0,8.51831778991805,0.709859815826504,8.51831778991805,0,111.579639801073,72738,102,1494.140625,-5.85808211247308,1499.99870711247,1494.140625
0.827,1499.99394760277,0.321118447165158,0.0160559223582579,7.85394994369669,157.078998873934,8.42794238700413,0,1500,1508.7890625,-8.7890625,8.42794238700413,8.48246583461765,1546.4164292633,0,8.42794238700413,0.702328532250344,8.42794238700413,0,111.736718268664,72841,103,1508.7890625,8.79511489723086,1499.99394760277,1508.7890625
0.828,1499.96725382346,0.299561286839902,0.0149780643419951,7.85381017539509,157.076203507902,8.51806928503041,0,1500,1494.140625,5.859375,8.51806928503041,8.48172031995473,-1152.72589228058,0,8.51806928503041,0.709839107085868,8.51806928503041,0,111.893796753327,72943,102,1494.140625,-5.82662882346449,1499.96725382346,1494.140625
0.829,1499.95486625002,0.320173213034776,0.0160086606517388,7.85374531421219,157.074906284244,8.51856629480569,0,1500,1494.140625,5.859375,8.51856629480569,8.48221732973001,-960.604910233819,0,8.51856629480569,0.709880524567141,8.51856629480569,-1.77635683940025e-15,112.050871463091,73045,102,1494.140625,-5.81424125001604,1499.95486625002,1494.140625
0.83,1500.00503026213,0.327865146791314,0.0163932573395657,7.85400797236543,157.080159447309,8.42819089189176,0,1500,1508.7890625,-8.7890625,8.42819089189176,8.48271433950528,1640.90215813848,0,8.42819089189176,0.70234924099098,8.42819089189176,0,112.207948681147,73148,103,1508.7890625,8.78403223786563,1500.00503026213,1508.7890625
0.831,1499.99880153258,0.302081097160857,0.0151040548580428,7.85397535881375,157.079507176275,8.51831778991805,0,1500,1494.140625,5.859375,8.51831778991805,8.48196882484237,-1073.9877848846,0,8.51831778991805,0.709859815826504,8.51831778991805,0,112.36502957143,73250,102,1494.140625,-5.85817653258073,1499.99880153258,1494.140625
0.832,1499.99404074063,0.321118199950574,0.0160559099975287,7.85395043136539,157.079008627308,8.42794238700413,0,1500,1508.7890625,-8.7890625,8.42794238700413,8.48246583461765,1546.41642926284,0,8.42794238700413,0.702328532250344,8.42794238700413,0,112.522108048842,73353,103,1508.7890625,8.79502175936886,1499.99404074063,1508.7890625
0.833,1499.96734569649,0.299561042982549,0.0149780521491274,7.85381065644114,157.076213128823,8.51806928503042,0,1500,1494.140625,5.859375,8.51806928503042,8.48172031995474,-1152.72589228097,0,8.51806928503042,0.709839107085868,8.51806928503042,0,112.679186543191,73455,102,1494.140625,-5.8267206964922,1499.96734569649,1494.140625
0.834,1499.95495687539,0.32017297248906,0.016008648624453,7.85374578872552,157.07491577451,8.51856629480569,0,1500,1494.140625,5.859375,8.51856629480569,8.48221732973001,-960.604910234141,0,8.51856629480569,0.709880524567141,8.51856629480569,0,112.836261262511,73557,102,1494.140625,-5.81433187538732,1499.95495687539,1494.140625
0.835,1500.00511965679,0.327864909512265,0.0163932454756133,7.85400844043476,157.080168808695,8.42819089189177,0,1500,1508.7890625,-8.7890625,8.42819089189177,8.48271433950529,1640.90215813822,0,8.42819089189177,0.702349240990981,8.42819089189177,0,112.993338489993,73660,103,1508.7890625,8.78394284320802,1500.00511965679,1508.7890625
0.836,1499.99888971324,0.302080863104112,0.0151040431552056,7.85397582052659,157.079516410532,8.51831778991805,0,1500,1494.140625,5.859375,8.51831778991805,8.48196882484237,-1073.98778488482,0,8.51831778991805,0.709859815826504,8.51831778991805,0,113.150419389574,73762,102,1494.140625,-5.85826471323844,1499.99888971324,1494.140625
0.837,1499.99412772377,0.321117969072373,0.0160558984536187,7.85395088680807,157.079017736161,8.42794238700413,0,1500,1508.7890625,-8.7890625,8.42794238700413,8.48246583461765,1546.41642926265,0,8.42794238700413,0.702328532250344,8.42794238700413,0,113.307497876157,73865,103,1508.7890625,8.79493477622555,1499.99412772377,1508.7890625
0.838,1499.96743149838,0.299560815239727,0.0149780407619863,7.85381110569879,157.076222113976,8.51806928503042,0,1500,1494.140625,5.859375,8.51806928503042,8.48172031995474,-1152.72589228113,0,8.51806928503042,0.709839107085868,8.51806928503042,0,113.464576379553,73967,102,1494.140625,-5.82680649838449,1499.96743149838,1494.140625
0.839,1499.95504151207,0.320172747839039,0.0160086373919519,7.85374623188216,157.074924637643,8.51856629480569,0,1500,1494.140625,5.859375,8.51856629480569,8.48221732973001,-960.604910234271,0,8.51856629480569,0.709880524567141,8.51856629480569,0,113.621651107797,74069,102,1494.140625,-5.81441651207069,1499.95504151207,1494.140625
0.84,1500.00520314409,0.327864687913042,0.0163932343956521,7.85400887757323,157.080177551465,8.42819089189177,0,1500,1508.7890625,-8.7890625,8.42819089189177,8.48271433950529,1640.90215813811,0,8.42819089189177,0.702349240990981,8.42819089189177,-1.77635683940025e-15,113.778728344082,74172,103,1508.7890625,8.78385935590995,1500.00520314409,1508.7890625
0.841,1499.99897206676,0.302080644514256,0.0151040322257128,7.85397625172862,157.079525034572,8.51831778991806,0,1500,1494.140625,5.859375,8.51831778991806,8.48196882484238,-1073.98778488491,0,8.51831778991806,0.709859815826505,8.51831778991805,-1.77635683940025e-15,113.935809252346,74274,102,1494.140625,-5.85834706675973,1499.99897206676,1494.140625
0.842,1499.99420895892,0.321117753451017,0.0160558876725509,7.85395131215428,157.079026243086,8.51881479969333,0,1500,1494.140625,5.859375,8.51881479969333,8.48246583461765,-894.989820737425,0,8.51881479969333,0.709901233307778,8.51881479969333,0,114.092887747494,74376,102,1494.140625,-5.85358395891672,1499.99420895892,1494.140625
0.843,1500.04721426876,0.328222953715381,0.0164111476857691,7.85422884730762,157.084576946152,8.42843939677941,0,1500,1508.7890625,-8.7890625,8.42843939677941,8.48296284439293,1695.58139938548,0,8.42843939677941,0.702369949731617,8.42843939677941,0,114.249969258362,74479,103,1508.7890625,8.74184823123869,1500.04721426876,1508.7890625
0.844,1500.04204475692,0.302220302318939,0.015111015115947,7.85420177980693,157.084035596139,8.51856629480569,0,1500,1494.140625,5.859375,8.51856629480569,8.48221732973001,-1028.4217505121,0,8.51856629480569,0.709880524567141,8.51856629480569,0,114.407054630577,74581,102,1494.140625,-5.90141975692268,1500.04204475692,1494.140625
0.845,1500.03767922215,0.321175958699836,0.0160587979349918,7.85417892192034,157.083578438407,8.42819089189177,0,1500,1508.7890625,-8.7890625,8.42819089189177,8.48271433950529,1584.38812457325,0,8.42819089189177,0.702349240990981,8.42819089189177,0,114.564137660447,74684,103,1508.7890625,8.75138327784543,1500.03767922215,1508.7890625
0.846,1500.01113205406,0.299588455502098,0.0149794227751049,7.85403992127326,157.080798425465,8.51831778991806,0,1500,1494.140625,5.859375,8.51831778991806,8.48196882484238,-1121.08281285563,0,8.51831778991806,0.709859815826505,8.51831778991806,0,114.721220733596,74786,102,1494.140625,-5.87050705406432,1500.01113205406,1494.140625
0.847,1499.99879893354,0.320189077263792,0.0160094538631896,7.8539753452052,157.079506904104,8.42794238700413,0,1500,1508.7890625,-8.7890625,8.42794238700413,8.48246583461765,1507.17057262031,0,8.42794238700413,0.702328532250344,8.42794238700413,0,114.878300041593,74889,103,1508.7890625,8.79026356646023,1499.99879893354,1508.7890625
0.848,1499.96928042693,0.299214448589235,0.0149607224294618,7.853820786666,157.07641573332,8.51806928503042,0,1500,1494.140625,5.859375,8.51806928503042,8.48172031995474,-1185.43077281641,0,8.51806928503042,0.709839107085868,8.51806928503042,0,115.035378862473,74991,102,1494.140625,-5.82865542692662,1499.96928042693,1494.140625
0.849,1499.95583746509,0.320043417286894,0.0160021708643447,7.8537503994824,157.075007989648,8.5185662948057,0,1500,1494.140625,5.859375,8.5185662948057,8.48221732973002,-987.858977347005,0,8.5185662948057,0.709880524567141,8.5185662948057,0,115.192453720294,75093,102,1494.140625,-5.8152124650851,1499.95583746509,1494.140625
0.85,1500.00560533421,0.327816222653509,0.0163908111326754,7.85401098343578,157.080219668716,8.42819089189177,0,1500,1508.7890625,-8.7890625,8.42819089189177,8.48271433950529,1618.19043554416,0,8.42819089189177,0.702349240990981,8.42819089189177,0,115.349531015994,75196,103,1508.7890625,8.78345716578792,1500.00560533421,1508.7890625
0.851,1499.99922611748,0.302062311153914,0.0151031155576957,7.8539775819351,157.079551638702,8.51831778991806,0,1500,1494.140625,5.859375,8.51831778991806,8.48196882484238,-1092.91422037986,0,8.51831778991806,0.709859815826505,8.51831778991806,0,115.506611957382,75298,102,1494.140625,-5.85860111748229,1499.99922611748,1494.140625
0.852,1499.994406402,0.32111065012925,0.0160555325064625,7.85395234596383,157.079046919277,8.42794238700414,0,1500,1508.7890625,-8.7890625,8.42794238700414,8.48246583461765,1530.64439968345,0,8.42794238700414,0.702328532250345,8.42794238700413,-1.77635683940025e-15,115.663690475709,75401,103,1508.7890625,8.7946560980015,1499.994406402,1508.7890625
0.853,1499.9676865871,0.299557686920617,0.0149778843460309,7.85381244134021,157.076248826804,8.51806928503042,0,1500,1494.140625,5.859375,8.51806928503042,8.48172031995474,-1165.8692502638,0,8.51806928503042,0.709839107085869,8.51806928503042,-1.77635683940025e-15,115.820769006881,75503,102,1494.140625,-5.82706158710471,1499.9676865871,1494.140625
0.854,1499.95528575786,0.320171186278713,0.0160085593139357,7.8537475107501,157.074950215002,8.5185662948057,0,1500,1494.140625,5.859375,8.5185662948057,8.48221732973002,-971.557708553163,0,8.5185662948057,0.709880524567141,8.5185662948057,0,115.977843761206,75605,102,1494.140625,-5.81466075785579,1499.95528575786,1494.140625
0.855,1500.00544132384,0.327863715460444,0.0163931857730222,7.85401012467949,157.08020249359,8.42819089189177,0,1500,1508.7890625,-8.7890625,8.42819089189177,8.48271433950529,1631.7748262057,0,8.42819089189177,0.702349240990981,8.42819089189177,0,116.134921022726,75708,103,1508.7890625,8.78362117615802,1500.00544132384,1508.7890625
0.856,1499.99920598773,0.302079896851574,0.0151039948425787,7.85397747653597,157.079549530719,8.51831778991806,0,1500,1494.140625,5.859375,8.51831778991806,8.48196882484238,-1081.59389482859,0,8.51831778991806,0.709859815826505,8.51831778991806,0,116.2920019557,75810,102,1494.140625,-5.85858098773247,1499.99920598773,1494.140625
0.857,1499.99443932158,0.321117094771823,0.0160558547385911,7.85395251833038,157.079050366608,8.51881479969334,0,1500,1494.140625,5.859375,8.51881479969334,8.48246583461766,-901.328245690488,0,8.51881479969334,0.709901233307778,8.51881479969334,0,116.449080475154,75912,102,1494.140625,-5.85381432158442,1499.99443932158,1494.140625
0.858,1500.04744136088,0.328222333351023,0.0164111166675511,7.85423003635916,157.084600727183,8.42843939677941,0,1500,1508.7890625,-8.7890625,8.42843939677941,8.48296284439293,1690.29937859126,0,8.42843939677941,0.702369949731618,8.42843939677941,-1.77635683940025e-15,116.606162009973,76015,103,1508.7890625,8.74162113912303,1500.04744136088,1508.7890625
0.859,1500.04226871211,0.302219701321624,0.0151109850660812,7.85420295243353,157.084059048671,8.5185662948057,0,1500,1494.140625,5.859375,8.5185662948057,8.48221732973002,-1032.82343450728,0,8.5185662948057,0.709880524567142,8.5185662948057,-1.77635683940025e-15,116.763247405805,76117,102,1494.140625,-5.9016437121054,1500.04226871211,1494.140625
0.86,1500.03790011624,0.321175369941009,0.0160587684970505,7.85418007851906,157.083601570381,8.42819089189178,0,1500,1508.7890625,-8.7890625,8.42819089189178,8.48271433950529,1580.72005457726,0,8.42819089189178,0.702349240990981,8.42819089189178,0,116.920330458966,76220,103,1508.7890625,8.75116238376063,1500.03790011624,1508.7890625
0.861,1500.011349941,0.299587876257653,0.0149793938128827,7.85404106212661,157.080821242532,8.51831778991806,0,1500,1494.140625,5.859375,8.51831778991806,8.48196882484238,-1124.13953785228,0,8.51831778991806,0.709859815826505,8.51831778991806,0,117.077413555089,76322,102,1494.140625,-5.8707249410038,1500.011349941,1494.140625
0.862,1499.99901385878,0.320188506451519,0.016009425322576,7.85397647055115,157.079529411023,8.42794238700414,0,1500,1508.7890625,-8.7890625,8.42794238700414,8.48246583461766,1504.62330178977,0,8.42794238700414,0.702328532250345,8.42794238700414,0,117.234492885748,76425,103,1508.7890625,8.79004864121544,1499.99901385878,1508.7890625
0.863,1499.96949243242,0.299213885739564,0.0149606942869782,7.85382189672415,157.076437934483,8.51806928503043,0,1500,1494.140625,5.859375,8.51806928503043,8.48172031995475,-1187.55349850853,0,8.51806928503043,0.709839107085869,8.51806928503043,0,117.391571728981,76527,102,1494.140625,-5.8288674324167,1499.96949243242,1494.140625
0.864,1499.95604659111,0.320042862159404,0.0160021431079702,7.85375149446371,157.075029889274,8.5185662948057,0,1500,1494.140625,5.859375,8.5185662948057,8.48221732973002,-989.627915423773,0,8.5185662948057,0.709880524567142,8.5185662948057,0,117.548646608852,76629,102,1494.140625,-5.81542159111154,1499.95604659111,1494.140625
0.865,1500.00581162012,0.327815675094043,0.0163907837547022,7.85401206354626,157.080241270925,8.42819089189178,0,1500,1508.7890625,-8.7890625,8.42819089189178,8.4827143395053,1616.71632048019,0,8.42819089189178,0.702349240990981,8.42819089189178,0,117.705723926303,76732,103,1508.7890625,8.78325087988242,1500.00581162012,1508.7890625
0.866,1499.99942960192,0.302061771041336,0.0151030885520668,7.85397864737714,157.079572947543,8.51831778991806,0,1500,1494.140625,5.859375,8.51831778991806,8.48196882484238,-1094.14264959984,0,8.51831778991806,0.709859815826505,8.51831778991806,0,117.862804889146,76834,102,1494.140625,-5.85880460192448,1499.99942960192,1494.140625
0.867,1499.99460712306,0.321110117355587,0.0160555058677793,7.85395339693683,157.079067938737,8.42794238700414,0,1500,1508.7890625,-8.7890625,8.42794238700414,8.48246583461766,1529.6207086668,0,8.42794238700414,0.702328532250345,8.42794238700414,0,118.019883428637,76937,103,1508.7890625,8.79445537694414,1499.99460712306,1508.7890625
0.868,1499.96788458232,0.299557161383657,0.0149778580691828,7.85381347804072,157.076269560814,8.51806928503043,0,1500,1494.140625,5.859375,8.51806928503043,8.48172031995475,-1166.722326111,0,8.51806928503043,0.709839107085869,8.51806928503043,0,118.176961980686,77039,102,1494.140625,-5.82725958231731,1499.96788458232,1494.140625
0.869,1499.95548106425,0.320170667879228,0.0160085333939614,7.85374853337196,157.074970667439,8.5185662948057,0,1500,1494.140625,5.859375,8.5185662948057,8.48221732973002,-972.268605092501,0,8.5185662948057,0.709880524567142,8.5185662948057,0,118.334036755603,77141,102,1494.140625,-5.81485606424508,1499.95548106425,1494.140625
0.87,1500.00563397792,0.327863204101152,0.0163931602050576,7.85401113341391,157.080222668278,8.42819089189178,0,1500,1508.7890625,-8.7890625,8.42819089189178,8.4827143395053,1631.18241242292,0,8.42819089189178,0.702349240990982,8.42819089189178,-1.77635683940025e-15,118.491114037436,77244,103,1508.7890625,8.78342852207516,1500.00563397792,1508.7890625
0.871,1499.99939602553,0.302079392436736,0.0151039696218368,7.85397847157154,157.079569431431,8.51831778991807,0,1500,1494.140625,5.859375,8.51831778991807,8.48196882484239,-1082.0875729809,0,8.51831778991807,0.709859815826505,8.51831778991806,-1.77635683940025e-15,118.648194990448,77346,102,1494.140625,-5.85877102552763,1499.99939602553,1494.140625
0.872,1499.99462677862,0.321116597207086,0.0160558298603543,7.85395349985314,157.079069997063,8.51881479969334,0,1500,1494.140625,5.859375,8.51881479969334,8.48246583461766,-901.739644150753,0,8.51881479969334,0.709901233307778,8.51881479969334,0,118.805273529667,77448,102,1494.140625,-5.85400177862243,1499.99462677862,1494.140625
0.873,1500.0476262722,0.32822184254334,0.016411092127167,7.85423100455261,157.084620091052,8.42843939677942,0,1500,1508.7890625,-8.7890625,8.42843939677942,8.48296284439294,1689.95654654104,0,8.42843939677942,0.702369949731618,8.42843939677942,0,118.962355083983,77551,103,1508.7890625,8.74143622779502,1500.0476262722,1508.7890625
0.874,1500.0424511123,0.302219217179228,0.0151109608589614,7.85420390747869,157.084078149574,8.51856629480571,0,1500,1494.140625,5.859375,8.51856629480571,8.48221732973002,-1033.10912788247,0,8.51856629480571,0.709880524567142,8.51856629480571,0,119.119440499047,77653,102,1494.140625,-5.90182611229511,1500.0424511123,1494.140625
0.875,1500.03808003939,0.321174892373379,0.016058744618669,7.85418102059449,157.08362041189,8.42819089189178,0,1500,1508.7890625,-8.7890625,8.42819089189178,8.4827143395053,1580.48197676461,0,8.42819089189178,0.702349240990982,8.42819089189178,0,119.276523571179,77756,103,1508.7890625,8.75098246060656,1500.03808003939,1508.7890625
0.876,1500.01152742076,0.2995874051755,0.014979370258775,7.85404199140844,157.080839828169,8.51831778991807,0,1500,1494.140625,5.859375,8.51831778991807,8.48196882484239,-1124.33793602949,0,8.51831778991807,0.709859815826506,8.51831778991807,0,119.433606686016,77858,102,1494.140625,-5.87090242076056,1500.01152742076,1494.140625
0.877,1499.99918892833,0.32018804176677,0.0160094020883385,7.85397738721313,157.079547744262,8.42794238700414,0,1500,1508.7890625,-8.7890625,8.42794238700414,8.48246583461766,1504.45796997542,0,8.42794238700414,0.702328532250345,8.42794238700414,0,119.590686035133,77961,103,1508.7890625,8.78987357167466,1499.99918892833,1508.7890625
0.878,1499.96966512447,0.29921342736534,0.014960671368267,7.85382280093764,157.076456018753,8.51806928503043,0,1500,1494.140625,5.859375,8.51806928503043,8.48172031995475,-1187.69127502048,0,8.51806928503043,0.709839107085869,8.51806928503043,0,119.747764896575,78063,102,1494.140625,-5.82904012447261,1499.96966512447,1494.140625
0.879,1499.95621693797,0.320042410010007,0.0160021205005003,7.85375238639777,157.075047727955,8.51856629480571,0,1500,1494.140625,5.859375,8.51856629480571,8.48221732973003,-989.742729183733,0,8.51856629480571,0.709880524567142,8.51856629480571,0,119.904839794407,78165,102,1494.140625,-5.81559193797011,1499.95621693797,1494.140625
0.88,1500.00597965363,0.327815229084939,0.0163907614542469,7.85401294336766,157.080258867353,8.42819089189178,0,1500,1508.7890625,-8.7890625,8.42819089189178,8.4827143395053,1616.62064234689,0,8.42819089189178,0.702349240990982,8.42819089189178,0,120.061917129575,78268,103,1508.7890625,8.78308284637365,1500.00597965363,1508.7890625
0.881,1499.9995953535,0.302061331089138,0.0151030665544569,7.85397951525036,157.079590305007,8.51831778991807,0,1500,1494.140625,5.859375,8.51831778991807,8.48196882484239,-1094.22238137759,0,8.51831778991807,0.709859815826506,8.51831778991807,0,120.218998109895,78370,102,1494.140625,-5.85897035350013,1499.9995953535,1494.140625
0.882,1499.99477062369,0.32110968337804,0.016055484168902,7.85395425302413,157.079085060483,8.42794238700415,0,1500,1508.7890625,-8.7890625,8.42794238700415,8.48246583461767,1529.55426551867,0,8.42794238700415,0.702328532250345,8.42794238700414,-1.77635683940025e-15,120.376076666625,78473,103,1508.7890625,8.79429187631331,1499.99477062369,1508.7890625
0.883,1499.96804586257,0.299556733299625,0.0149778366649813,7.85381432250215,157.076286450043,8.51806928503043,0,1500,1494.140625,5.859375,8.51806928503043,8.48172031995475,-1166.77769540111,0,8.51806928503043,0.709839107085869,8.51806928503043,-1.77635683940025e-15,120.533155235679,78575,102,1494.140625,-5.82742086257144,1499.96804586257,1494.140625
0.884,1499.95564015428,0.320170245608678,0.0160085122804339,7.85374936636541,157.074987327308,8.51856629480571,0,1500,1494.140625,5.859375,8.51856629480571,8.48221732973003,-972.314746167588,0,8.51856629480571,0.709880524567142,8.51856629480571,0,120.690230027371,78677,102,1494.140625,-5.81501515427522,1499.95564015428,1494.140625
0.885,1500.00579090748,0.327862787565136,0.0163931393782568,7.85401195509512,157.080239101902,8.42819089189178,0,1500,1508.7890625,-8.7890625,8.42819089189178,8.4827143395053,1631.14396152701,0,8.42819089189178,0.702349240990982,8.42819089189178,0,120.847307325751,78780,103,1508.7890625,8.78327159252467,1500.00579090748,1508.7890625
0.886,1499.99955082394,0.302078981557376,0.0151039490778688,7.85397928209413,157.079585641883,8.51831778991807,0,1500,1494.140625,5.859375,8.51831778991807,8.48196882484239,-1082.11961539416,0,8.51831778991807,0.709859815826506,8.51831778991807,0,121.004388295084,78882,102,1494.140625,-5.85892582393922,1499.99955082394,1494.140625
0.887,1499.99477947484,0.321116191907561,0.0160558095953781,7.85395429936864,157.079085987373,8.51881479969335,0,1500,1494.140625,5.859375,8.51881479969335,8.48246583461767,-901.766346161799,0,8.51881479969335,0.709901233307779,8.51881479969335,0,121.161466850404,78984,102,1494.140625,-5.85415447483592,1499.99477947484,1494.140625
0.888,1500.04777689477,0.328221442747876,0.0164110721373938,7.85423179321051,157.08463586421,8.42843939677942,0,1500,1508.7890625,-8.7890625,8.42843939677942,8.48296284439294,1689.93429486517,0,8.42843939677942,0.702369949731618,8.42843939677942,-1.77635683940025e-15,121.318548420601,79087,103,1508.7890625,8.74128560523127,1500.04777689477,1508.7890625
0.889,1500.04259968937,0.302218822813077,0.0151109411406539,7.85420468542643,157.084093708529,8.51856629480571,0,1500,1494.140625,5.859375,8.51856629480571,8.48221732973003,-1033.12767094569,0,8.51856629480571,0.709880524567142,8.51856629480571,-1.77635683940025e-15,121.47563385133,79189,102,1494.140625,-5.90197468937004,1500.04259968937,1494.140625
0.89,1500.03822659876,0.321174503362812,0.0160587251681406,7.85418178797753,157.083635759551,8.42819089189179,0,1500,1508.7890625,-8.7890625,8.42819089189179,8.48271433950531,1580.46652421192,0,8.42819089189179,0.702349240990982,8.42819089189179,0,121.632716938916,79292,103,1508.7890625,8.75083590124314,1500.03822659876,1508.7890625
0.891,1500.01167198981,0.299587021447787,0.0149793510723893,7.85404274837024,157.080854967405,8.51831778991807,0,1500,1494.140625,5.859375,8.51831778991807,8.48196882484239,-1124.35081315673,0,8.51831778991807,0.709859815826506,8.51831778991807,0,121.789800068995,79394,102,1494.140625,-5.8710469898142,1500.01167198981,1494.140625
0.892,1499.9993315341,0.320187663250167,0.0160093831625084,7.85397813389521,157.079562677904,8.42794238700415,0,1500,1508.7890625,-8.7890625,8.42794238700415,8.48246583461767,1504.44723903606,0,8.42794238700415,0.702328532250346,8.42794238700415,0,121.94687943315,79497,103,1508.7890625,8.78973096590175,1499.9993315341,1508.7890625
0.893,1499.96980579363,0.299213053989078,0.0149606526994539,7.85382353747961,157.076470749592,8.51806928503044,0,1500,1494.140625,5.859375,8.51806928503044,8.48172031995476,-1187.70021746995,0,8.51806928503044,0.70983910708587,8.51806928503044,0,122.103958309423,79599,102,1494.140625,-5.82918079362639,1499.96980579363,1494.140625
0.894,1499.9563556968,0.320042041704282,0.0160021020852141,7.85375311293733,157.075062258747,8.51856629480571,0,1500,1494.140625,5.859375,8.51856629480571,8.48221732973003,-989.75018122496,0,8.51856629480571,0.709880524567143,8.51856629480571,0,122.261033221886,79701,102,1494.140625,-5.81573069680394,1499.9563556968,1494.140625
0.895,1500.00611652808,0.32781486578089,0.0163907432890445,7.85401366004064,157.080273200813,8.42819089189179,0,1500,1508.7890625,-8.7890625,8.42819089189179,8.48271433950531,1616.61443231253,0,8.42819089189179,0.702349240990982,8.42819089189179,0,122.418110571486,79804,103,1508.7890625,8.78294597191621,1500.00611652808,1508.7890625
0.896,1499.99973036917,0.302060972718841,0.0151030486359421,7.85398022219076,157.079604443815,8.51831778991808,0,1500,1494.140625,5.859375,8.51831778991808,8.4819688248424,-1094.22755640622,0,8.51831778991808,0.709859815826506,8.51831778991808,0,122.575191566041,79906,102,1494.140625,-5.85910536917072,1499.99973036917,1494.140625
0.897,1499.99490380581,0.321109329874495,0.0160554664937248,7.85395495036412,157.079099007282,8.42794238700415,0,1500,1508.7890625,-8.7890625,8.42794238700415,8.48246583461767,1529.54995299481,0,8.42794238700415,0.702328532250346,8.42794238700415,0,122.732270136814,80009,103,1508.7890625,8.79415869418654,1499.99490380581,1508.7890625
0.898,1499.96817723606,0.299556384596739,0.014977819229837,7.85381501037211,157.076300207442,8.51806928503044,0,1500,1494.140625,5.859375,8.51806928503044,8.48172031995476,-1166.78128917099,0,8.51806928503044,0.70983910708587,8.51806928503044,0,122.88934871972,80111,102,1494.140625,-5.82755223605523,1499.96817723606,1494.140625
0.899,1499.95576974368,0.320169901641256,0.0160084950820628,7.85375004489394,157.075000897879,8.51856629480571,0,1500,1494.140625,5.859375,8.51856629480571,8.48221732973003,-972.317740975823,0,8.51856629480571,0.709880524567143,8.51856629480571,0,123.046423525076,80213,102,1494.140625,-5.81514474367805,1499.95576974368,1494.140625
0.9,1500.00591873702,0.327862448268869,0.0163931224134434,7.85401262440907,157.080252488181,8.42819089189179,0,1500,1508.7890625,-8.7890625,8.42819089189179,8.48271433950531,1631.14146585348,0,8.42819089189179,0.702349240990982,8.42819089189179,-1.77635683940025e-15,123.203500836934,80316,103,1508.7890625,8.78314376297612,1500.00591873702,1508.7890625
0.901,1499.99967691753,0.302078646868829,0.0151039323434415,7.85397994231864,157.079598846373,8.51831778991808,0,1500,1494.140625,5.859375,8.51831778991808,8.4819688248424,-1082.1216951221,0,8.51831778991808,0.709859815826506,8.51831778991808,-1.77635683940025e-15,123.360581819562,80418,102,1494.140625,-5.85905191753295,1499.99967691753,1494.140625
0.902,1499.99490385605,0.321115861764161,0.0160557930882081,7.85395495062716,157.079099012543,8.51881479969335,0,1500,1494.140625,5.859375,8.51881479969335,8.48246583461767,-901.768079268416,0,8.51881479969335,0.709901233307779,8.51881479969335,0,123.517660387996,80520,102,1494.140625,-5.85427885604986,1499.99490385605,1494.140625
0.903,1500.04789958686,0.3282211170879,0.016411055854395,7.85423243562478,157.084648712496,8.42843939677943,0,1500,1508.7890625,-8.7890625,8.42843939677943,8.48296284439295,1689.93285060965,0,8.42843939677943,0.702369949731619,8.42843939677943,0,123.67474197113,80623,103,1508.7890625,8.74116291314249,1500.04789958686,1508.7890625
0.904,1500.04272071527,0.30221850157564,0.015110925078782,7.85420531911657,157.084106382331,8.51856629480572,0,1500,1494.140625,5.859375,8.51856629480572,8.48221732973004,-1033.12887449196,0,8.51856629480572,0.709880524567143,8.51856629480572,0,123.83182741462,80725,102,1494.140625,-5.90209571527089,1500.04272071527,1494.140625
0.905,1500.0383459811,0.321174186487855,0.0160587093243927,7.854182413062,157.08364826124,8.42819089189179,0,1500,1508.7890625,-8.7890625,8.42819089189179,8.48271433950531,1580.4655212567,0,8.42819089189179,0.702349240990983,8.42819089189179,0,123.988910514793,80828,103,1508.7890625,8.75071651890266,1500.0383459811,1508.7890625
0.906,1500.01178975091,0.299586708876067,0.0149793354438033,7.85404336496592,157.080867299318,8.51831778991808,0,1500,1494.140625,5.859375,8.51831778991808,8.4819688248424,-1124.35164895275,0,8.51831778991808,0.709859815826507,8.51831778991808,0,124.14599365729,80930,102,1494.140625,-5.8711647509142,1500.01178975091,1494.140625
0.907,1499.99944769598,0.320187354923244,0.0160093677461622,7.85397874211737,157.079574842347,8.42794238700415,0,1500,1508.7890625,-8.7890625,8.42794238700415,8.48246583461767,1504.44654253938,0,8.42794238700415,0.702328532250346,8.42794238700415,0,124.303073033692,81033,103,1508.7890625,8.7896148040245,1499.99944769598,1508.7890625
0.908,1499.969920378,0.299212749849307,0.0149606374924653,7.85382413744198,157.07648274884,8.51806928503044,0,1500,1494.140625,5.859375,8.51806928503044,8.48172031995476,-1187.70079788385,0,8.51806928503044,0.70983910708587,8.51806928503044,0,124.460151922047,81135,102,1494.140625,-5.82929537799851,1499.969920378,1494.140625
0.909,1499.95646872509,0.320041741694799,0.0160020870847399,7.85375370475207,157.075074095041,8.51856629480572,0,1500,1494.140625,5.859375,8.51856629480572,8.48221732973004,-989.75066490321,0,8.51856629480572,0.709880524567143,8.51856629480572,0,124.617226846427,81237,102,1494.140625,-5.81584372509337,1499.95646872509,1494.140625
0.91,1500.00622802142,0.327814569845606,0.0163907284922803,7.85401424381839,157.080284876368,8.42819089189179,0,1500,1508.7890625,-8.7890625,8.42819089189179,8.48271433950531,1616.61402924733,0,8.42819089189179,0.702349240990983,8.42819089189179,0,124.774304207783,81340,103,1508.7890625,8.7828344785778,1500.00622802142,1508.7890625
0.911,1499.9998403484,0.302060680802427,0.0151030340401214,7.85398079804068,157.079615960814,8.51831778991808,0,1500,1494.140625,5.859375,8.51831778991808,8.4819688248424,-1094.2278922939,0,8.51831778991808,0.709859815826507,8.51831778991808,0,124.931385213935,81442,102,1494.140625,-5.85921534840372,1499.9998403484,1494.140625
0.912,1499.9950122915,0.321109041922375,0.0160554520961188,7.85395551839386,157.079110367877,8.42794238700416,0,1500,1508.7890625,-8.7890625,8.42794238700416,8.48246583461768,1529.54967308842,0,8.42794238700416,0.702328532250346,8.42794238700415,-1.77635683940025e-15,125.088463796146,81545,103,1508.7890625,8.79405020849731,1499.9950122915,1508.7890625
0.913,1499.96828424848,0.299556100555076,0.0149778050277538,7.85381557068787,157.076311413757,8.51806928503044,0,1500,1494.140625,5.859375,8.51806928503044,8.48172031995476,-1166.78152242632,0,8.51806928503044,0.70983910708587,8.51806928503044,-1.77635683940025e-15,125.245542390336,81647,102,1494.140625,-5.82765924848286,1499.96828424848,1494.140625
0.914,1499.95587530285,0.320169621456946,0.0160084810728473,7.85375059760047,157.075011952009,8.51856629480572,0,1500,1494.140625,5.859375,8.51856629480572,8.48221732973004,-972.317935355264,0,8.51856629480572,0.709880524567143,8.51856629480572,0,125.402617206821,81749,102,1494.140625,-5.81525030285093,1499.95587530285,1494.140625
0.915,1500.00602286268,0.327862171889528,0.0163931085944764,7.85401316960973,157.080263392195,8.42819089189179,0,1500,1508.7890625,-8.7890625,8.42819089189179,8.48271433950531,1631.14130387061,0,8.42819089189179,0.702349240990983,8.42819089189179,0,125.559694529658,81852,103,1508.7890625,8.78303963732037,1500.00602286268,1508.7890625
0.916,1499.99977962914,0.302078374242784,0.0151039187121392,7.85398048011535,157.079609602307,8.51831778991808,0,1500,1494.140625,5.859375,8.51831778991808,8.4819688248424,-1082.12183010782,0,8.51831778991808,0.709859815826507,8.51831778991808,0,125.716775523116,81954,102,1494.140625,-5.85915462913908,1499.99977962914,1494.140625
0.917,1499.99500517281,0.321115592840441,0.0160557796420221,7.85395548112046,157.079109622409,8.51881479969336,0,1500,1494.140625,5.859375,8.51881479969336,8.48246583461768,-901.768191756518,0,8.51881479969336,0.70990123330778,8.51881479969336,0,125.873854102233,82056,102,1494.140625,-5.85438017280785,1499.99500517281,1494.140625
0.918,1500.04799952771,0.328220851816226,0.0164110425908113,7.85423295891387,157.084659178277,8.42843939677943,0,1500,1508.7890625,-8.7890625,8.42843939677943,8.48296284439295,1689.93275686957,0,8.42843939677943,0.702369949731619,8.42843939677943,-1.77635683940025e-15,126.030935695905,82159,103,1508.7890625,8.74106297228946,1500.04799952771,1508.7890625
0.919,1500.04281929891,0.302218239906415,0.0151109119953207,7.85420583529927,157.084116705985,8.51856629480572,0,1500,1494.140625,5.859375,8.51856629480572,8.48221732973004,-1033.12895260869,0,8.51856629480572,0.709880524567143,8.51856629480572,-1.77635683940025e-15,126.188021149789,82261,102,1494.140625,-5.90219429890521,1500.04281929891,1494.140625
0.92,1500.03844322594,0.321173928372156,0.0160586964186078,7.85418292223482,157.083658444696,8.4281908918918,0,1500,1508.7890625,-8.7890625,8.4281908918918,8.48271433950532,1580.46545615942,0,8.4281908918918,0.702349240990983,8.4281908918918,0,126.345104260216,82364,103,1508.7890625,8.75061927405636,1500.03844322594,1508.7890625
0.921,1500.01188567515,0.299586454265638,0.0149793227132819,7.85404386722406,157.080877344481,8.51831778991808,0,1500,1494.140625,5.859375,8.51831778991808,8.4819688248424,-1124.35170320048,0,8.51831778991808,0.709859815826507,8.51831778991808,0,126.502187412827,82466,102,1494.140625,-5.87126067515328,1500.01188567515,1494.140625
0.922,1499.99954231754,0.320187103770483,0.0160093551885242,7.85397923755473,157.079584751095,8.42794238700416,0,1500,1508.7890625,-8.7890625,8.42794238700416,8.48246583461768,1504.44649733293,0,8.42794238700416,0.702328532250347,8.42794238700416,0,126.659266799205,82569,103,1508.7890625,8.78952018245877,1499.99954231754,1508.7890625
0.923,1499.97001371458,0.299212502107259,0.0149606251053629,7.85382462615118,157.076492523024,8.51806928503045,0,1500,1494.140625,5.859375,8.51806928503045,8.48172031995477,-1187.70083555589,0,8.51806928503045,0.709839107085871,8.51806928503045,0,126.816345697402,82671,102,1494.140625,-5.82938871458146,1499.97001371458,1494.140625
0.924,1499.95656079414,0.320041497317145,0.0160020748658573,7.85375418682449,157.07508373649,8.51856629480572,0,1500,1494.140625,5.859375,8.51856629480572,8.48221732973004,-989.750696296575,0,8.51856629480572,0.709880524567144,8.51856629480572,0,126.97342063149,82773,102,1494.140625,-5.8159357941438,1499.95656079414,1494.140625
0.925,1500.00631884015,0.327814328786657,0.0163907164393329,7.85401471934416,157.080294386883,8.4281908918918,0,1500,1508.7890625,-8.7890625,8.4281908918918,8.48271433950532,1616.61400308619,0,8.4281908918918,0.702349240990983,8.4281908918918,0,127.130498002421,82876,103,1508.7890625,8.78274365984566,1500.00631884015,1508.7890625
0.926,1499.9999299338,0.302060443017114,0.0151030221508557,7.8539812671087,157.079625342174,8.51831778991809,0,1500,1494.140625,5.859375,8.51831778991809,8.48196882484241,-1094.22791409484,0,8.51831778991809,0.709859815826507,8.51831778991809,0,127.287579018019,82978,102,1494.140625,-5.85930493379669,1499.9999299338,1494.140625
0.927,1499.99510066031,0.321108807366241,0.016055440368312,7.85395598109183,157.079119621837,8.51881479969336,0,1500,1494.140625,5.859375,8.51881479969336,8.48246583461768,-911.856595079036,0,8.51881479969336,0.70990123330778,8.51881479969336,0,127.444657609548,83080,102,1494.140625,-5.85447566030552,1499.99510066031,1494.140625
0.928,1500.04807405564,0.328218220353091,0.0164109110176545,7.85423334914122,157.084666982824,8.42843939677944,0,1500,1508.7890625,-8.7890625,8.42843939677944,8.48296284439296,1681.5257541008,0,8.42843939677944,0.70236994973162,8.42843939677944,0,127.601739211951,83183,103,1508.7890625,8.74098844435548,1500.04807405564,1508.7890625
0.929,1500.04288548893,0.302217157512851,0.0151108578756426,7.85420618186942,157.084123637388,8.51856629480572,0,1500,1494.140625,5.859375,8.51856629480572,8.48221732973004,-1040.13478824933,0,8.51856629480572,0.709880524567144,8.51856629480572,0,127.75882467314,83285,102,1494.140625,-5.90226048892805,1500.04288548893,1494.140625
0.93,1500.03850578771,0.321173424502526,0.0160586712251263,7.85418324980745,157.083664996149,8.4281908918918,0,1500,1508.7890625,-8.7890625,8.4281908918918,8.48271433950532,1574.62725979222,0,8.4281908918918,0.702349240990983,8.4281908918918,-1.77635683940025e-15,127.915907790284,83388,103,1508.7890625,8.75055671229393,1500.03850578771,1508.7890625
0.931,1500.01194637042,0.299586167303631,0.0149793083651816,7.85404418502374,157.080883700475,8.51831778991809,0,1500,1494.140625,5.859375,8.51831778991809,8.48196882484241,-1129.21686683981,0,8.51831778991809,0.709859815826507,8.51831778991809,-1.77635683940025e-15,128.072990949339,83490,102,1494.140625,-5.87132137042249,1500.01194637042,1494.140625
0.932,1499.99960180969,0.320186898969671,0.0160093449484836,7.8539795490549,157.079590981098,8.42794238700416,0,1500,1508.7890625,-8.7890625,8.42794238700416,8.48246583461768,1500.39219430016,0,8.42794238700416,0.702328532250347,8.42794238700416,0,128.230070342008,83593,103,1508.7890625,8.7894606903094,1499.99960180969,1508.7890625
0.933,1499.97007225766,0.299212329246682,0.0149606164623341,7.85382493268203,157.076498653641,8.51806928503045,0,1500,1494.140625,5.859375,8.51806928503045,8.48172031995477,-1191.07942141654,0,8.51806928503045,0.709839107085871,8.51806928503045,0,128.387149246383,83695,102,1494.140625,-5.82944725766015,1499.97007225766,1494.140625
0.934,1499.9566184896,0.320041337667859,0.016002066883393,7.85375448891722,157.075089778344,8.51856629480573,0,1500,1494.140625,5.859375,8.51856629480573,8.48221732973005,-992.566184513781,0,8.51856629480573,0.709880524567144,8.51856629480573,0,128.544224186557,83797,102,1494.140625,-5.81599348960458,1499.9566184896,1494.140625
0.935,1500.0063757325,0.327814175352988,0.0163907087676494,7.85401501723181,157.080300344636,8.4281908918918,0,1500,1508.7890625,-8.7890625,8.4281908918918,8.48271433950532,1614.26776290518,0,8.4281908918918,0.702349240990984,8.4281908918918,0,128.701301563488,83900,103,1508.7890625,8.78268676749644,1500.0063757325,1508.7890625
0.936,1499.99998604623,0.302060293175109,0.0151030146587554,7.85398156091274,157.079631218255,8.51831778991809,0,1500,1494.140625,5.859375,8.51831778991809,8.48196882484241,-1096.18311424568,0,8.51831778991809,0.709859815826507,8.51831778991809,0,128.858382585002,84002,102,1494.140625,-5.85936104623488,1499.99998604623,1494.140625
0.937,1499.995156008,0.321108660120961,0.0160554330060481,7.8539562708917,157.079125417834,8.42794238700417,0,1500,1508.7890625,-8.7890625,8.42794238700417,8.48246583461768,1527.92032146193,0,8.42794238700417,0.702328532250347,8.42794238700417,0,129.015461182367,84105,103,1508.7890625,8.79390649199581,1499.995156008,1508.7890625
0.938,1499.96842601227,0.299555724147938,0.0149777862073969,7.85381631296131,157.076326259226,8.51806928503045,0,1500,1494.140625,5.859375,8.51806928503045,8.48172031995477,-1168.13931544839,0,8.51806928503045,0.709839107085871,8.51806928503045,0,129.172539791504,84207,102,1494.140625,-5.82780101226786,1499.96842601227,1494.140625
0.939,1499.95601514107,0.32016925023949,0.0160084625119745,7.8537513297917,157.075026595834,8.51856629480573,0,1500,1494.140625,5.859375,8.51856629480573,8.48221732973005,-973.449429540325,0,8.51856629480573,0.709880524567144,8.51856629480573,0,129.329614622734,84309,102,1494.140625,-5.81539014107489,1499.95601514107,1494.140625
0.94,1500.00616080173,0.327861805742345,0.0163930902871172,7.8540138918569,157.080277837138,8.4281908918918,0,1500,1508.7890625,-8.7890625,8.4281908918918,8.48271433950532,1630.19839204973,0,8.4281908918918,0.702349240990984,8.4281908918918,0,129.486691960115,84412,103,1508.7890625,8.78290169827233,1500.00616080173,1508.7890625
0.941,1499.99991569489,0.302078013078789,0.0151039006539395,7.85398119255396,157.079623851079,8.51831778991809,0,1500,1494.140625,5.859375,8.51831778991809,8.48196882484241,-1082.90758995856,0,8.51831778991809,0.709859815826508,8.51831778991809,0,129.64377296792,84514,102,1494.140625,-5.85929069488952,1499.99991569489,1494.140625
0.942,1499.99513939074,0.32111523658517,0.0160557618292585,7.85395618388389,157.079123677678,8.51881479969337,0,1500,1494.140625,5.859375,8.51881479969337,8.48246583461769,-902.422991632132,0,8.51881479969337,0.709901233307781,8.51881479969337,0,129.800851561188,84616,102,1494.140625,-5.8545143907354,1499.99513939074,1494.140625
0.943,1500.04813192292,0.328220500400486,0.0164110250200243,7.85423365213356,157.084673042671,8.42843939677944,0,1500,1508.7890625,-8.7890625,8.42843939677944,8.48296284439296,1689.38709030656,0,8.42843939677944,0.70236994973162,8.42843939677944,0,129.95793316882,84719,103,1508.7890625,8.74093057707978,1500.04813192292,1508.7890625
0.944,1500.04294989615,0.302217893263542,0.0151108946631771,7.85420651910487,157.084130382097,8.51856629480573,0,1500,1494.140625,5.859375,8.51856629480573,8.48221732973005,-1033.58367474454,0,8.51856629480573,0.709880524567144,8.51856629480573,0,130.115018636474,84821,102,1494.140625,-5.90232489615482,1500.04294989615,1494.140625
0.945,1500.03857204965,0.321173586436983,0.0160586793218492,7.85418359675418,157.083671935084,8.42819089189181,0,1500,1508.7890625,-8.7890625,8.42819089189181,8.48271433950532,1580.08652104622,0,8.42819089189181,0.702349240990984,8.42819089189181,0,130.272101760484,84924,103,1508.7890625,8.75049045034871,1500.03857204965,1508.7890625
0.946,1500.01201274941,0.2995861169741,0.014979305848705,7.85404453258329,157.080890651666,8.51831778991809,0,1500,1494.140625,5.859375,8.51831778991809,8.48196882484241,-1124.66748246148,0,8.51831778991809,0.709859815826508,8.51831778991809,0,130.429184926493,85026,102,1494.140625,-5.87138774940536,1500.01201274941,1494.140625
0.947,1499.9996676661,0.320186771059471,0.0160093385529735,7.85397989387823,157.079597877565,8.42794238700417,0,1500,1508.7890625,-8.7890625,8.42794238700417,8.48246583461769,1504.18334794876,0,8.42794238700417,0.702328532250347,8.42794238700417,0,130.586264326089,85129,103,1508.7890625,8.78939483390423,1499.9996676661,1508.7890625
0.948,1499.97013736087,0.299212173914549,0.0149606086957274,7.85382527356166,157.076505471233,8.51806928503046,0,1500,1494.140625,5.859375,8.51806928503046,8.48172031995478,-1187.92012670936,0,8.51806928503046,0.709839107085871,8.51806928503046,0,130.743343237322,85231,102,1494.140625,-5.82951236087365,1499.97013736087,1494.140625
0.949,1499.95668276129,0.320041173581371,0.0160020586790686,7.85375482544298,157.07509650886,8.51856629480573,0,1500,1494.140625,5.859375,8.51856629480573,8.48221732973005,-989.93343892447,0,8.51856629480573,0.709880524567144,8.51856629480573,-1.77635683940025e-15,130.90041818427,85333,102,1494.140625,-5.81605776129118,1499.95668276129,1494.140625
0.95,1500.00643915096,0.327814009447291,0.0163907004723645,7.85401534929006,157.080306985801,8.42819089189181,0,1500,1508.7890625,-8.7890625,8.42819089189181,8.48271433950533,1616.46171756294,0,8.42819089189181,0.702349240990984,8.42819089189181,0,131.057495567887,85436,103,1508.7890625,8.7826233490407,1500.00643915096,1508.7890625
0.951,1500.00004861075,0.302060128014452,0.0151030064007226,7.85398188849979,157.079637769996,8.5183177899181,0,1500,1494.140625,5.859375,8.5183177899181,8.48196882484241,-1094.35481869755,0,8.5183177899181,0.709859815826508,8.5183177899181,0,131.214576595998,85538,102,1494.140625,-5.85942361075217,1500.00004861075,1494.140625
0.952,1499.9952177256,0.321108496641389,0.0160554248320694,7.85395659404428,157.079131880886,8.42794238700417,0,1500,1508.7890625,-8.7890625,8.42794238700417,8.48246583461769,1529.44390108538,0,8.42794238700417,0.702328532250348,8.42794238700417,0,131.37165519987,85641,103,1508.7890625,8.79384477439908,1499.9952177256,1508.7890625
0.953,1499.96848689274,0.299555562679132,0.0149777781339566,7.85381663173071,157.076332634614,8.51806928503046,0,1500,1494.140625,5.859375,8.51806928503046,8.48172031995478,-1166.86966576219,0,8.51806928503046,0.709839107085872,8.51806928503046,0,131.528733815426,85743,102,1494.140625,-5.82786189273838,1499.96848689274,1494.140625
0.954,1499.95607519515,0.320169090885482,0.0160084545442741,7.85375164423411,157.075032884682,8.51856629480573,0,1500,1494.140625,5.859375,8.51856629480573,8.48221732973005,-972.391388135155,0,8.51856629480573,0.709880524567144,8.51856629480573,0,131.685808652988,85845,102,1494.140625,-5.81545019515124,1499.95607519515,1494.140625
0.955,1500.0062200404,0.327861648523346,0.0163930824261673,7.85401420202984,157.080284040597,8.42819089189181,0,1500,1508.7890625,-8.7890625,8.42819089189181,8.48271433950533,1631.0800932207,0,8.42819089189181,0.702349240990984,8.42819089189181,0,131.842885996615,85948,103,1508.7890625,8.78284245960435,1500.0062200404,1508.7890625
0.956,1499.99997412914,0.302077857984036,0.0151038928992018,7.85398149851495,157.079629970299,8.5183177899181,0,1500,1494.140625,5.859375,8.5183177899181,8.48196882484242,-1082.17283898275,0,8.5183177899181,0.709859815826508,8.5183177899181,0,131.999967010581,86050,102,1494.140625,-5.85934912913581,1499.99997412914,1494.140625
0.957,1499.99519703145,0.321115083592605,0.0160557541796303,7.85395648568997,157.079129713799,8.51881479969337,0,1500,1494.140625,5.859375,8.51881479969337,8.48246583461769,-901.810699152289,0,8.51881479969337,0.709901233307781,8.51881479969337,0,132.157045609927,86152,102,1494.140625,-5.85457203145097,1499.99519703145,1494.140625
0.958,1500.04818878087,0.328220349484093,0.0164110174742047,7.85423394984109,157.084678996822,8.42843939677945,0,1500,1508.7890625,-8.7890625,8.42843939677945,8.48296284439297,1689.89733403976,0,8.42843939677945,0.702369949731621,8.42843939677945,0,132.314127223554,86255,103,1508.7890625,8.74087371913151,1500.04818878087,1508.7890625
0.959,1500.04300598196,0.302217744396069,0.0151108872198035,7.85420681276947,157.084136255389,8.51856629480574,0,1500,1494.140625,5.859375,8.51856629480574,8.48221732973006,-1033.15847163353,0,8.51856629480574,0.709880524567145,8.51856629480574,0,132.471212697122,86357,102,1494.140625,-5.90238098196164,1500.04300598196,1494.140625
0.96,1500.0386273738,0.321173439590954,0.0160586719795477,7.85418388643075,157.083677728615,8.42819089189181,0,1500,1508.7890625,-8.7890625,8.42819089189181,8.48271433950533,1580.44085697205,0,8.42819089189181,0.702349240990984,8.42819089189181,-1.77635683940025e-15,132.628295826965,86460,103,1508.7890625,8.75043512619868,1500.0386273738,1508.7890625
0.961,1500.01206732224,0.299585972122197,0.0149792986061099,7.85404481832598,157.08089636652,8.5183177899181,0,1500,1494.140625,5.859375,8.5183177899181,8.48196882484242,-1124.37220252329,0,8.5183177899181,0.709859815826508,8.5183177899181,-1.77635683940025e-15,132.785378998728,86562,102,1494.140625,-5.87144232224045,1500.01206732224,1494.140625
0.962,1499.99972149782,0.320186628174661,0.0160093314087331,7.85398017574047,157.079603514809,8.42794238700417,0,1500,1508.7890625,-8.7890625,8.42794238700417,8.48246583461769,1504.42941456393,0,8.42794238700417,0.702328532250348,8.42794238700417,0,132.942458403999,86665,103,1508.7890625,8.78934100218089,1499.99972149782,1508.7890625
0.963,1499.97019046155,0.299212032970139,0.0149606016485069,7.85382555159615,157.076511031923,8.51806928503046,0,1500,1494.140625,5.859375,8.51806928503046,8.48172031995478,-1187.71507119673,0,8.51806928503046,0.709839107085872,8.51806928503046,0,133.099537320832,86767,102,1494.140625,-5.82956546154969,1499.97019046155,1494.140625
0.964,1499.95673514085,0.320041034551015,0.0160020517275508,7.8537550997017,157.075101994034,8.51856629480574,0,1500,1494.140625,5.859375,8.51856629480574,8.48221732973006,-989.762559330606,0,8.51856629480574,0.709880524567145,8.51856629480574,0,133.256612273303,86869,102,1494.140625,-5.81611014084797,1499.95673514085,1494.140625
0.965,1500.00649081919,0.327813872304998,0.0163906936152499,7.85401561982429,157.080312396486,8.42819089189181,0,1500,1508.7890625,-8.7890625,8.42819089189181,8.48271433950533,1616.60411722449,0,8.42819089189181,0.702349240990984,8.42819089189181,0,133.413689662367,86972,103,1508.7890625,8.78257168081041,1500.00649081919,1508.7890625
0.966,1500.00009957732,0.302059992734583,0.0151029996367291,7.85398215536009,157.079643107202,8.5183177899181,0,1500,1494.140625,5.859375,8.5183177899181,8.48196882484242,-1094.23615231292,0,8.5183177899181,0.709859815826508,8.5183177899181,0,133.570770695852,87074,102,1494.140625,-5.85947457731663,1500.00009957732,1494.140625
0.967,1499.99526800003,0.32110836319865,0.0160554181599325,7.85395685728057,157.079137145611,8.42794238700418,0,1500,1508.7890625,-8.7890625,8.42794238700418,8.4824658346177,1529.54278973923,0,8.42794238700418,0.702328532250348,8.42794238700418,0,133.727849305025,87177,103,1508.7890625,8.79379449997214,1499.99526800003,1508.7890625
0.968,1499.96853648443,0.299555431048576,0.0149777715524288,7.85381689139218,157.076337827844,8.51806928503046,0,1500,1494.140625,5.859375,8.51806928503046,8.48172031995478,-1166.78725855064,0,8.51806928503046,0.709839107085872,8.51806928503046,0,133.88492792581,87279,102,1494.140625,-5.82791148442698,1499.96853648443,1494.140625
0.969,1499.95612411337,0.320168961042498,0.0160084480521249,7.85375190036932,157.075038007386,8.51856629480574,0,1500,1494.140625,5.859375,8.51856629480574,8.48221732973006,-972.322715458866,0,8.51856629480574,0.709880524567145,8.51856629480574,0,134.04200276853,87381,102,1494.140625,-5.81549911337356,1499.95612411337,1494.140625
0.97,1500.0062682943,0.32786152044366,0.016393076022183,7.85401445468667,157.080289093733,8.42819089189181,0,1500,1508.7890625,-8.7890625,8.42819089189181,8.48271433950533,1631.13732045094,0,8.42819089189181,0.702349240990985,8.42819089189181,0,134.199080117245,87484,103,1508.7890625,8.78279420570288,1500.0062682943,1508.7890625
0.971,1500.00002172774,0.302077731643702,0.0151038865821851,7.85398174774065,157.079634954813,8.5183177899181,0,1500,1494.140625,5.859375,8.5183177899181,8.48196882484242,-1082.12514962421,0,8.5183177899181,0.709859815826508,8.5183177899181,0,134.35616113623,87586,102,1494.140625,-5.85939672773793,1500.00002172774,1494.140625
0.972,1499.99524398365,0.321114958968004,0.0160557479484002,7.85395673153112,157.079134630622,8.51881479969338,0,1500,1494.140625,5.859375,8.51881479969338,8.4824658346177,-901.770958020177,0,8.51881479969338,0.709901233307781,8.51881479969338,0,134.513239740527,87688,102,1494.140625,-5.85461898365247,1499.99524398365,1494.140625
0.973,1500.04823509545,0.328220226551923,0.0164110113275962,7.85423419234366,157.084683846873,8.42843939677945,0,1500,1508.7890625,-8.7890625,8.42843939677945,8.48296284439297,1689.93045164985,0,8.42843939677945,0.702369949731621,8.42843939677945,0,134.670321359036,87791,103,1508.7890625,8.74082740455219,1500.04823509545,1508.7890625
0.974,1500.04305166758,0.302217623133348,0.0151108811566674,7.85420705197879,157.084141039576,8.51856629480574,0,1500,1494.140625,5.859375,8.51856629480574,8.48221732973006,-1033.13087362512,0,8.51856629480574,0.709880524567145,8.51856629480574,0,134.827406837421,87893,102,1494.140625,-5.9024266675774,1500.04305166758,1494.140625
0.975,1500.038672439,0.321173319975011,0.0160586659987506,7.85418412239156,157.083682447831,8.42819089189182,0,1500,1508.7890625,-8.7890625,8.42819089189182,8.48271433950534,1580.4638553124,0,8.42819089189182,0.702349240990985,8.42819089189182,0,134.984489972016,87996,103,1508.7890625,8.75039006100428,1500.038672439,1508.7890625
0.976,1500.01211177544,0.299585854130666,0.0149792927065333,7.85404505108239,157.080901021648,8.5183177899181,0,1500,1494.140625,5.859375,8.5183177899181,8.48196882484242,-1124.35303723967,0,8.5183177899181,0.709859815826509,8.5183177899181,0,135.141573148466,88098,102,1494.140625,-5.87148677543951,1500.01211177544,1494.140625
0.977,1499.99976534733,0.320186511785482,0.0160093255892741,7.85398040533599,157.07960810672,8.42794238700418,0,1500,1508.7890625,-8.7890625,8.42794238700418,8.4824658346177,1504.44538563361,0,8.42794238700418,0.702328532250348,8.42794238700418,0,135.298652558361,88201,103,1508.7890625,8.78929715266645,1499.99976534733,1508.7890625
0.978,1499.97023371558,0.299211918161551,0.0149605959080775,7.85382577807371,157.076515561474,8.51806928503047,0,1500,1494.140625,5.859375,8.51806928503047,8.48172031995479,-1187.70176197199,0,8.51806928503047,0.709839107085872,8.51806928503047,0,135.455731479754,88303,102,1494.140625,-5.82960871557816,1499.97023371558,1494.140625
0.979,1499.95677780748,0.320040921301553,0.0160020460650777,7.85375532310364,157.075106462073,8.51856629480574,0,1500,1494.140625,5.859375,8.51856629480574,8.48221732973006,-989.751468309993,0,8.51856629480574,0.709880524567145,8.51856629480574,-1.77635683940025e-15,135.612806436724,88405,102,1494.140625,-5.81615280747678,1499.95677780748,1494.140625
0.98,1500.0065329064,0.327813760593489,0.0163906880296745,7.85401584019238,157.080316803848,8.42819089189182,0,1500,1508.7890625,-8.7890625,8.42819089189182,8.48271433950534,1616.61335974167,0,8.42819089189182,0.702349240990985,8.42819089189182,0,135.769883830226,88508,103,1508.7890625,8.78252959360407,1500.0065329064,1508.7890625
0.981,1500.00014109297,0.302059882540142,0.0151029941270071,7.85398237273554,157.079647454711,8.51831778991811,0,1500,1494.140625,5.859375,8.51831778991811,8.48196882484243,-1094.22845021527,0,8.51831778991811,0.709859815826509,8.51831778991811,0,135.926964868088,88610,102,1494.140625,-5.85951609296831,1500.00014109297,1494.140625
0.982,1499.99530895189,0.321108254500677,0.0160554127250338,7.853957071704,157.07914143408,8.42794238700418,0,1500,1508.7890625,-8.7890625,8.42794238700418,8.4824658346177,1529.54920815394,0,8.42794238700418,0.702328532250348,8.42794238700418,0,136.084043481579,88713,103,1508.7890625,8.79375354811305,1499.99530895189,1508.7890625
0.983,1499.96857688015,0.299555323826747,0.0149777661913373,7.8538171029037,157.076342058074,8.51806928503047,0,1500,1494.140625,5.859375,8.51806928503047,8.48172031995479,-1166.78190987172,0,8.51806928503047,0.709839107085872,8.51806928503047,0,136.241122106623,88815,102,1494.140625,-5.82795188015052,1499.96857688015,1494.140625
0.984,1499.95616396051,0.320168855276767,0.0160084427638383,7.85375210900846,157.075042180169,8.51856629480574,0,1500,1494.140625,5.859375,8.51856629480574,8.48221732973006,-972.318258226431,0,8.51856629480574,0.709880524567145,8.51856629480574,0,136.398196953545,88917,102,1494.140625,-5.81553896051309,1499.95616396051,1494.140625
0.985,1500.0063076003,0.327861416114252,0.0163930708057126,7.85401466049244,157.080293209849,8.42819089189182,0,1500,1508.7890625,-8.7890625,8.42819089189182,8.48271433950534,1631.14103481131,0,8.42819089189182,0.702349240990985,8.42819089189182,0,136.555274306404,89020,103,1508.7890625,8.7827548996961,1500.0063076003,1508.7890625
0.986,1500.00006049996,0.302077628731112,0.0151038814365556,7.85398195075153,157.079639015031,8.51831778991811,0,1500,1494.140625,5.859375,8.51831778991811,8.48196882484243,-1082.12205432391,0,8.51831778991811,0.709859815826509,8.51831778991811,0,136.712355329477,89122,102,1494.140625,-5.85943549995977,1500.00006049996,1494.140625
0.987,1499.99528222934,0.32111485745299,0.0160557428726495,7.85395693178506,157.079138635701,8.51881479969338,0,1500,1494.140625,5.859375,8.51881479969338,8.4824658346177,-901.768378603259,0,8.51881479969338,0.709901233307782,8.51881479969338,0,136.869433937806,89224,102,1494.140625,-5.85465722933827,1499.99528222934,1494.140625
0.988,1500.04827282175,0.328220126415507,0.0164110063207754,7.85423438987811,157.084687797562,8.42843939677946,0,1500,1508.7890625,-8.7890625,8.42843939677946,8.48296284439298,1689.93260116395,0,8.42843939677946,0.702369949731621,8.42843939677946,0,137.026515560294,89327,103,1508.7890625,8.7407896782513,1500.04827282175,1508.7890625
0.989,1500.04308888155,0.302217524356808,0.0151108762178404,7.85420724683068,157.084144936614,8.51856629480575,0,1500,1494.140625,5.859375,8.51856629480575,8.48221732973007,-1033.12908236337,0,8.51856629480575,0.709880524567145,8.51856629480575,0,137.183601042603,89429,102,1494.140625,-5.90246388154651,1500.04308888155,1494.140625
0.99,1500.03870914759,0.321173222539879,0.0160586611269939,7.85418431459732,157.083686291946,8.42819089189182,0,1500,1508.7890625,-8.7890625,8.42819089189182,8.48271433950534,1580.46534803052,0,8.42819089189182,0.702349240990985,8.42819089189182,-1.77635683940025e-15,137.340684181068,89532,103,1508.7890625,8.75035335240864,1500.03870914759,1508.7890625
0.991,1500.01214798552,0.299585758018724,0.0149792879009362,7.85404524067794,157.080904813559,8.51831778991811,0,1500,1494.140625,5.859375,8.51831778991811,8.48196882484243,-1124.3517933079,0,8.51831778991811,0.709859815826509,8.51831778991811,-1.77635683940025e-15,137.497767361336,89634,102,1494.140625,-5.87152298552337,1500.01214798552,1494.140625
0.992,1499.99980106568,0.320186416978763,0.0160093208489382,7.8539805923568,157.079611847136,8.42794238700418,0,1500,1508.7890625,-8.7890625,8.42794238700418,8.4824658346177,1504.44642224342,0,8.42794238700418,0.702328532250349,8.42794238700418,0,137.654846774997,89737,103,1508.7890625,8.78926143432409,1499.99980106568,1508.7890625
0.993,1499.97026894886,0.29921182464233,0.0149605912321165,7.85382596255472,157.076519251094,8.51806928503047,0,1500,1494.140625,5.859375,8.51806928503047,8.48172031995479,-1187.70089813049,0,8.51806928503047,0.709839107085873,8.51806928503047,0,137.811925700105,89839,102,1494.140625,-5.82964394885653,1499.97026894886,1494.140625
0.994,1499.95681256228,0.320040829052346,0.0160020414526173,7.85375550507936,157.075110101587,8.51856629480575,0,1500,1494.140625,5.859375,8.51856629480575,8.48221732973007,-989.750748442071,0,8.51856629480575,0.709880524567146,8.51856629480575,0,137.969000660739,89941,102,1494.140625,-5.81618756227908,1499.95681256228,1494.140625
0.995,1500.00656718922,0.327813669597048,0.0163906834798524,7.85401601969683,157.080320393937,8.42819089189182,0,1500,1508.7890625,-8.7890625,8.42819089189182,8.48271433950534,1616.61395963161,0,8.42819089189182,0.702349240990985,8.42819089189182,0,138.126078057856,90044,103,1508.7890625,8.7824953107795,1500.00656718922,1508.7890625
0.996,1500.00017491023,0.302059792779452,0.0151029896389726,7.85398254980228,157.079650996046,8.51831778991811,0,1500,1494.140625,5.859375,8.51831778991811,8.48196882484243,-1094.22795030699,0,8.51831778991811,0.709859815826509,8.51831778991811,0,138.283159099284,90146,102,1494.140625,-5.85954991022504,1500.00017491023,1494.140625
0.997,1499.9953423099,0.321108165958956,0.0160554082979478,7.85395724636613,157.079144927323,8.42794238700419,0,1500,1508.7890625,-8.7890625,8.42794238700419,8.48246583461771,1529.54962474417,0,8.42794238700419,0.702328532250349,8.42794238700419,0,138.440237716292,90249,103,1508.7890625,8.79372019010339,1499.9953423099,1508.7890625
0.998,1499.96860978515,0.299555236487445,0.0149777618243722,7.85381727519387,157.076345503877,8.51806928503047,0,1500,1494.140625,5.859375,8.51806928503047,8.48172031995479,-1166.78156271319,0,8.51806928503047,0.709839107085873,8.51806928503047,0,138.597316344806,90351,102,1494.140625,-5.82798478515065,1499.96860978515,1494.140625
0.999,1499.95619641866,0.320168769123553,0.0160084384561776,7.8537522789589,157.075045579178,8.51856629480575,0,1500,1494.140625,5.859375,8.51856629480575,8.48221732973007,-972.317968927658,0,8.51856629480575,0.709880524567146,8.51856629480575,0,138.75439119515,90453,102,1494.140625,-5.81557141865642,1499.95619641866,1494.140625
1,1500.00633961766,0.327861331131018,0.0163930665565509,7.85401482813492,157.080296562698,8.42819089189183,0,1500,1508.7890625,-8.7890625,8.42819089189183,8.48271433950534,1631.14127589362,0,8.42819089189183,0.702349240990985,8.42819089189183,0,138.911468551385,90556,103,1508.7890625,8.78272288234211,1500.00633961766,1508.7890625
