time_s,rpm,current_A,torque_Nm,back_emf_V,omega_rad_s,voltage_V,load_Nm,reference_rpm,measured_rpm,error_rpm,raw_voltage_V,integrator_V,derivative_rpm_s,aw_error_V,voltage_command_sat_V,duty_cycle,voltage_avg_V,pwm_error_V,shaft_angle_rad,encoder_count,encoder_delta_count,encoder_rpm,encoder_rpm_error,true_rpm,feedback_rpm,encoder_A,encoder_B,quadrature_state,previous_quadrature_state,decoded_encoder_count,encoder_direction,invalid_transition_count,ideal_count_edge,encoder_edge_angle_rad,ideal_encoder_count_phase5a,count_difference_vs_phase5a
0,0,0,0,0,0,0,0,0,0,0,0,0,0,0,0,0,0,0,0,0,0,0,0,0,0,0,0,0,0,0,0,0,0,0,0,0
0.001,0,0,0,0,0,0,0,0,0,0,0,0,0,0,0,0,0,0,0,0,0,0,0,0,0,0,0,0,0,0,0,0,0,0,0,0
0.002,0,0,0,0,0,0,0,0,0,0,0,0,0,0,0,0,0,0,0,0,0,0,0,0,0,0,0,0,0,0,0,0,0,0,0,0
0.003,0,0,0,0,0,0,0,0,0,0,0,0,0,0,0,0,0,0,0,0,0,0,0,0,0,0,0,0,0,0,0,0,0,0,0,0
0.004,0,0,0,0,0,0,0,0,0,0,0,0,0,0,0,0,0,0,0,0,0,0,0,0,0,0,0,0,0,0,0,0,0,0,0,0
0.005,0,0,0,0,0,0,0,0,0,0,0,0,0,0,0,0,0,0,0,0,0,0,0,0,0,0,0,0,0,0,0,0,0,0,0,0
0.006,0,0,0,0,0,0,0,0,0,0,0,0,0,0,0,0,0,0,0,0,0,0,0,0,0,0,0,0,0,0,0,0,0,0,0,0
0.007,0,0,0,0,0,0,0,0,0,0,0,0,0,0,0,0,0,0,0,0,0,0,0,0,0,0,0,0,0,0,0,0,0,0,0,0
0.008,0,0,0,0,0,0,0,0,0,0,0,0,0,0,0,0,0,0,0,0,0,0,0,0,0,0,0,0,0,0,0,0,0,0,0,0
0.009,0,0,0,0,0,0,0,0,0,0,0,0,0,0,0,0,0,0,0,0,0,0,0,0,0,0,0,0,0,0,0,0,0,0,0,0
0.01,0,0,0,0,0,0,0,0,0,0,0,0,0,0,0,0,0,0,0,0,0,0,0,0,0,0,0,0,0,0,0,0,0,0,0,0
0.011,0,0,0,0,0,0,0,0,0,0,0,0,0,0,0,0,0,0,0,0,0,0,0,0,0,0,0,0,0,0,0,0,0,0,0,0
0.012,0,0,0,0,0,0,0,0,0,0,0,0,0,0,0,0,0,0,0,0,0,0,0,0,0,0,0,0,0,0,0,0,0,0,0,0
0.013,0,0,0,0,0,0,0,0,0,0,0,0,0,0,0,0,0,0,0,0,0,0,0,0,0,0,0,0,0,0,0,0,0,0,0,0
0.014,0,0,0,0,0,0,0,0,0,0,0,0,0,0,0,0,0,0,0,0,0,0,0,0,0,0,0,0,0,0,0,0,0,0,0,0
0.015,0,0,0,0,0,0,0,0,0,0,0,0,0,0,0,0,0,0,0,0,0,0,0,0,0,0,0,0,0,0,0,0,0,0,0,0
0.016,0,0,0,0,0,0,0,0,0,0,0,0,0,0,0,0,0,0,0,0,0,0,0,0,0,0,0,0,0,0,0,0,0,0,0,0
0.017,0,0,0,0,0,0,0,0,0,0,0,0,0,0,0,0,0,0,0,0,0,0,0,0,0,0,0,0,0,0,0,0,0,0,0,0
0.018,0,0,0,0,0,0,0,0,0,0,0,0,0,0,0,0,0,0,0,0,0,0,0,0,0,0,0,0,0,0,0,0,0,0,0,0
0.019,0,0,0,0,0,0,0,0,0,0,0,0,0,0,0,0,0,0,0,0,0,0,0,0,0,0,0,0,0,0,0,0,0,0,0,0
0.02,0,0,0,0,0,0,0,0,0,0,0,0,0,0,0,0,0,0,0,0,0,0,0,0,0,0,0,0,0,0,0,0,0,0,0,0
0.021,0,0,0,0,0,0,0,0,0,0,0,0,0,0,0,0,0,0,0,0,0,0,0,0,0,0,0,0,0,0,0,0,0,0,0,0
0.022,0,0,0,0,0,0,0,0,0,0,0,0,0,0,0,0,0,0,0,0,0,0,0,0,0,0,0,0,0,0,0,0,0,0,0,0
0.023,0,0,0,0,0,0,0,0,0,0,0,0,0,0,0,0,0,0,0,0,0,0,0,0,0,0,0,0,0,0,0,0,0,0,0,0
0.024,0,0,0,0,0,0,0,0,0,0,0,0,0,0,0,0,0,0,0,0,0,0,0,0,0,0,0,0,0,0,0,0,0,0,0,0
0.025,0,0,0,0,0,0,0,0,0,0,0,0,0,0,0,0,0,0,0,0,0,0,0,0,0,0,0,0,0,0,0,0,0,0,0,0
0.026,0,0,0,0,0,0,0,0,0,0,0,0,0,0,0,0,0,0,0,0,0,0,0,0,0,0,0,0,0,0,0,0,0,0,0,0
0.027,0,0,0,0,0,0,0,0,0,0,0,0,0,0,0,0,0,0,0,0,0,0,0,0,0,0,0,0,0,0,0,0,0,0,0,0
0.028,0,0,0,0,0,0,0,0,0,0,0,0,0,0,0,0,0,0,0,0,0,0,0,0,0,0,0,0,0,0,0,0,0,0,0,0
0.029,0,0,0,0,0,0,0,0,0,0,0,0,0,0,0,0,0,0,0,0,0,0,0,0,0,0,0,0,0,0,0,0,0,0,0,0
0.03,0,0,0,0,0,0,0,0,0,0,0,0,0,0,0,0,0,0,0,0,0,0,0,0,0,0,0,0,0,0,0,0,0,0,0,0
0.031,0,0,0,0,0,0,0,0,0,0,0,0,0,0,0,0,0,0,0,0,0,0,0,0,0,0,0,0,0,0,0,0,0,0,0,0
0.032,0,0,0,0,0,0,0,0,0,0,0,0,0,0,0,0,0,0,0,0,0,0,0,0,0,0,0,0,0,0,0,0,0,0,0,0
0.033,0,0,0,0,0,0,0,0,0,0,0,0,0,0,0,0,0,0,0,0,0,0,0,0,0,0,0,0,0,0,0,0,0,0,0,0
0.034,0,0,0,0,0,0,0,0,0,0,0,0,0,0,0,0,0,0,0,0,0,0,0,0,0,0,0,0,0,0,0,0,0,0,0,0
0.035,0,0,0,0,0,0,0,0,0,0,0,0,0,0,0,0,0,0,0,0,0,0,0,0,0,0,0,0,0,0,0,0,0,0,0,0
0.036,0,0,0,0,0,0,0,0,0,0,0,0,0,0,0,0,0,0,0,0,0,0,0,0,0,0,0,0,0,0,0,0,0,0,0,0
0.037,0,0,0,0,0,0,0,0,0,0,0,0,0,0,0,0,0,0,0,0,0,0,0,0,0,0,0,0,0,0,0,0,0,0,0,0
0.038,0,0,0,0,0,0,0,0,0,0,0,0,0,0,0,0,0,0,0,0,0,0,0,0,0,0,0,0,0,0,0,0,0,0,0,0
0.039,0,0,0,0,0,0,0,0,0,0,0,0,0,0,0,0,0,0,0,0,0,0,0,0,0,0,0,0,0,0,0,0,0,0,0,0
0.04,0,0,0,0,0,0,0,0,0,0,0,0,0,0,0,0,0,0,0,0,0,0,0,0,0,0,0,0,0,0,0,0,0,0,0,0
0.041,0,0,0,0,0,0,0,0,0,0,0,0,0,0,0,0,0,0,0,0,0,0,0,0,0,0,0,0,0,0,0,0,0,0,0,0
0.042,0,0,0,0,0,0,0,0,0,0,0,0,0,0,0,0,0,0,0,0,0,0,0,0,0,0,0,0,0,0,0,0,0,0,0,0
0.043,0,0,0,0,0,0,0,0,0,0,0,0,0,0,0,0,0,0,0,0,0,0,0,0,0,0,0,0,0,0,0,0,0,0,0,0
0.044,0,0,0,0,0,0,0,0,0,0,0,0,0,0,0,0,0,0,0,0,0,0,0,0,0,0,0,0,0,0,0,0,0,0,0,0
0.045,0,0,0,0,0,0,0,0,0,0,0,0,0,0,0,0,0,0,0,0,0,0,0,0,0,0,0,0,0,0,0,0,0,0,0,0
0.046,0,0,0,0,0,0,0,0,0,0,0,0,0,0,0,0,0,0,0,0,0,0,0,0,0,0,0,0,0,0,0,0,0,0,0,0
0.047,0,0,0,0,0,0,0,0,0,0,0,0,0,0,0,0,0,0,0,0,0,0,0,0,0,0,0,0,0,0,0,0,0,0,0,0
0.048,0,0,0,0,0,0,0,0,0,0,0,0,0,0,0,0,0,0,0,0,0,0,0,0,0,0,0,0,0,0,0,0,0,0,0,0
0.049,0,0,0,0,0,0,0,0,0,0,0,0,0,0,0,0,0,0,0,0,0,0,0,0,0,0,0,0,0,0,0,0,0,0,0,0
0.05,0,0,0,0,0,6.20355670624938,0,1000,0,1000,6.20355670624938,0,0,0,6.20355670624938,0.516963058854115,6.20355670624938,0,0,0,0,0,0,0,0,0,0,0,0,0,0,0,0,0,0,0
0.051,5.44103344945383,1.95668317322852,0.0978341586614259,0.0284891845212341,0.569783690424683,6.2883797078963,0,1000,0,1000,6.2883797078963,0.0848230016469244,0,0,6.2883797078963,0.524031642324692,6.2883797078963,0,0.000204733298029907,0,0,0,-5.44103344945383,5.44103344945383,0,0,0,0,0,0,0,0,0,0.000204733298029907,0,0
0.052,16.8160923622264,2.68782705482694,0.134391352741347,0.0880488537120963,1.76097707424193,6.37320270954323,0,1000,0,1000,6.37320270954323,0.169646003293849,0,0,6.37320270954323,0.531100225795269,6.37320270954323,0,0.00134025939859446,0,0,0,-16.8160923622264,16.8160923622264,0,0,0,0,0,0,0,0,0,0.00134025939859446,0,0
0.053,30.402862098059,2.96236781696109,0.148118390848054,0.159189013692276,3.18378027384552,6.27628088581175,0,1000,29.296875,970.703125,6.27628088581175,0.254469004940773,4882.8125,0,6.27628088581175,0.523023407150979,6.27628088581175,0,0.00380152582193791,2,2,29.296875,-1.10598709805901,30.402862098059,29.296875,1,1,3,3,2,0,0,2,0.00380152582193791,2,0
0.054,44.655097868666,3.00946437650443,0.150473218825222,0.233813545682557,4.67627091365114,6.2677464258931,0,1000,43.9453125,956.0546875,6.2677464258931,0.336806957711323,6510.41666666667,0,6.2677464258931,0.522312202157758,6.2677464258931,-8.88178419700125e-16,0.00772977040531848,5,3,43.9453125,-0.709785368666005,44.655097868666,43.9453125,0,1,1,1,5,0,0,5,0.00772977040531848,5,0
0.055,58.9619456807119,3.00041917565031,0.150020958782516,0.308724025653142,6.17448051306283,6.34884185422546,0,1000,43.9453125,956.0546875,6.34884185422546,0.417902386043685,5425.34722222222,0,6.34884185422546,0.529070154518789,6.34884185422546,0,0.0131556672563297,8,3,43.9453125,-15.0166331807119,58.9619456807119,43.9453125,0,0,0,0,8,0,0,8,0.0131556672563297,8,0
0.056,73.2327140725146,2.99908603856981,0.14995430192849,0.383445594221089,7.66891188442179,6.24819245717942,0,1000,73.2421875,926.7578125,6.24819245717942,0.498997814376048,9403.93518518519,0,6.24819245717942,0.520682704764952,6.24819245717942,0,0.020077568051712,13,5,73.2421875,0.00947342748543178,73.2327140725146,73.2421875,0,1,1,1,13,0,0,13,0.020077568051712,13,0
0.057,87.3314144629667,2.94329942432307,0.147164971216153,0.457266216840769,9.14532433681539,6.32680283663541,0,1000,73.2421875,926.7578125,6.32680283663541,0.577608193832035,7836.61265432099,0,6.32680283663541,0.527233569719618,6.32680283663541,0,0.0284871213127977,18,5,73.2421875,-14.0892269629667,87.3314144629667,73.2421875,1,1,3,3,18,0,0,18,0.0284871213127977,18,0
0.058,101.252317531723,2.92448497700616,0.146224248850308,0.530155894861005,10.6031178972201,6.223668390713,0,1000,102.5390625,897.4609375,6.223668390713,0.656218573288023,11413.3230452675,0,6.223668390713,0.518639032559417,6.223668390713,-8.88178419700125e-16,0.0383622600100255,25,7,102.5390625,1.28674496827672,101.252317531723,102.5390625,0,1,1,1,25,0,0,25,0.0383622600100255,25,0
0.059,114.948306261646,2.86211865158507,0.143105932579253,0.601867924156962,12.0373584831392,6.29979372129261,0,1000,102.5390625,897.4609375,6.29979372129261,0.732343903867636,9511.10253772291,0,6.29979372129261,0.524982810107718,6.29979372129261,-8.88178419700125e-16,0.04968519885963,32,7,102.5390625,-12.4092437616461,114.948306261646,102.5390625,0,0,0,0,32,0,0,32,0.04968519885963,32,0
0.06,128.446762959866,2.84078623782323,0.142039311891162,0.67254567815351,13.4509135630702,6.28504663918303,0,1000,117.1875,882.8125,6.28504663918303,0.808469234447249,10367.3250314358,0,6.28504663918303,0.523753886598586,6.28504663918303,0,0.0624303512502315,40,8,117.1875,-11.2592629598665,128.446762959866,117.1875,0,0,0,0,40,0,0,40,0.0624303512502315,40,0
0.061,141.792610311758,2.80607770644457,0.140303885322229,0.74242437148123,14.8484874296246,6.26905703263525,0,1000,131.8359375,868.1640625,6.26905703263525,0.883352040588674,11080.8437761965,0,6.26905703263525,0.522421419386271,6.26905703263525,-8.88178419700125e-16,0.0765816148747271,49,9,131.8359375,-9.95667281175756,141.792610311758,131.8359375,0,1,1,1,49,0,0,49,0.0765816148747271,49,0
0.062,154.945346597267,2.76635247076431,0.138317623538215,0.81129193762983,16.2258387525966,6.16095248896009,0,1000,161.1328125,838.8671875,6.16095248896009,0.956992322291912,14116.8489801637,0,6.16095248896009,0.513412707413341,6.16095248896009,-8.88178419700125e-16,0.0921205447285706,60,11,161.1328125,6.18746590273298,154.945346597267,161.1328125,0,0,0,0,60,0,0,60,0.0921205447285706,60,0
0.063,167.810157539456,2.69606271553766,0.134803135776883,0.878651930206171,17.5730386041234,6.23210772178695,0,1000,161.1328125,838.8671875,6.23210772178695,1.02814755511878,11764.0408168031,0,6.23210772178695,0.519342310148913,6.23210772178695,-8.88178419700125e-16,0.109023000160167,71,11,161.1328125,-6.6773450394565,167.810157539456,161.1328125,1,0,2,2,71,0,0,71,0.109023000160167,71,0
0.064,180.453872489325,2.67164582290796,0.133582291145398,0.944854266873819,18.8970853374764,6.30326295461382,0,1000,161.1328125,838.8671875,6.30326295461382,1.09930278794564,9803.36734733592,0,6.30326295461382,0.525271912884485,6.30326295461382,-8.88178419700125e-16,0.127259195968208,82,11,161.1328125,-19.3210599893246,180.453872489325,161.1328125,1,1,3,3,82,0,0,82,0.127259195968208,82,0
0.065,193.015814802308,2.66431824837086,0.133215912418543,1.01062844301596,20.2125688603193,6.19267336206228,0,1000,190.4296875,809.5703125,6.19267336206228,1.1704580207725,13052.2852894466,0,6.19267336206228,0.51605611350519,6.19267336206228,0,0.146814455455554,95,13,190.4296875,-2.58612730230769,193.015814802308,190.4296875,1,0,2,2,95,0,0,95,0.146814455455554,95,0
0.066,205.388478925165,2.60603138721544,0.130301569360772,1.07541156087213,21.5082312174427,6.17047113332357,0,1000,205.078125,794.921875,6.17047113332357,1.23912820472299,13318.3106578722,0,6.17047113332357,0.514205927776964,6.17047113332357,0,0.167677375008879,109,14,205.078125,-0.31035392516506,205.388478925165,205.078125,0,1,1,1,109,0,0,109,0.167677375008879,109,0
0.067,217.497047388003,2.55735666464127,0.127867833232064,1.13881187708603,22.7762375417207,6.23789879283587,0,1000,205.078125,794.921875,6.23789879283587,1.30655586423529,11098.5922148935,0,6.23789879283587,0.519824899402989,6.23789879283587,0,0.189821732071099,123,14,205.078125,-12.4189223880028,217.497047388003,205.078125,1,0,2,2,123,0,0,123,0.189821732071099,123,0
0.068,229.450544036643,2.54089269110299,0.12704463455515,1.2014002391795,24.0280047835899,6.12358162696977,0,1000,234.375,765.625,6.12358162696977,1.37398352374759,14131.6393457446,0,6.12358162696977,0.510298468914148,6.12358162696977,-8.88178419700125e-16,0.213224653782865,139,16,234.375,4.92445596335747,229.450544036643,234.375,1,0,2,3,139,1,0,139,0.213224653782865,139,0
0.069,241.187391900924,2.47910340592266,0.123955170296133,1.26285423089071,25.2570846178142,6.1885242376057,0,1000,234.375,765.625,6.1885242376057,1.43892613438352,11776.3661214538,0,6.1885242376057,0.515710353133808,6.1885242376057,0,0.237869854901998,155,16,234.375,-6.81239190092435,241.187391900924,234.375,1,0,2,2,155,0,0,155,0.237869854901998,155,0
0.07,252.729588657707,2.45768782897379,0.122884391448689,1.32328903178637,26.4657806357274,6.25346684824163,0,1000,234.375,765.625,6.25346684824163,1.50386874501945,9813.63843454484,0,6.25346684824163,0.521122237353469,6.25346684824162,-8.88178419700125e-16,0.263732286751082,171,16,234.375,-18.3545886577072,252.729588657707,234.375,1,0,2,2,171,0,0,171,0.263732286751082,171,0
0.071,264.199756168635,2.45131303263802,0.122565651631901,1.38334668843266,27.6669337686533,6.13666463349915,0,1000,263.671875,736.328125,6.13666463349915,1.56881135565537,13060.8445287874,0,6.13666463349915,0.511388719458263,6.13666463349915,-8.88178419700125e-16,0.290799025810521,189,18,263.671875,-0.52788116863519,264.199756168635,263.671875,0,1,1,1,189,0,0,189,0.290799025810521,189,0
0.072,275.484167865543,2.39321600926094,0.119660800463047,1.44243172991115,28.8486345982229,6.1991221952587,0,1000,263.671875,736.328125,6.1991221952587,1.63126891741493,10884.0371073228,0,6.1991221952587,0.516593516271559,6.1991221952587,0,0.319059310291537,207,18,263.671875,-11.8122928655429,275.484167865543,263.671875,1,0,2,2,207,0,0,207,0.319059310291537,207,0
0.073,286.585392608053,2.37310950796069,0.118655475398035,1.50055760673934,30.0111521347869,6.07983493163986,0,1000,292.96875,707.03125,6.07983493163986,1.69372647917448,13952.843422769,0,6.07983493163986,0.506652910969988,6.07983493163986,0,0.348490144580489,227,20,292.96875,6.38335739194684,286.585392608053,292.96875,1,0,2,2,227,0,0,227,0.348490144580489,227,0
0.074,297.459408980674,2.30983129765674,0.115491564882837,1.55749382332475,31.1498764664949,6.13980744452303,0,1000,292.96875,707.03125,6.13980744452303,1.75369899205765,11627.3695189742,0,6.13980744452303,0.511650620376919,6.13980744452303,-8.88178419700125e-16,0.379073367273366,247,20,292.96875,-4.49065898067425,297.459408980674,292.96875,1,0,2,2,247,0,0,247,0.379073367273366,247,0
0.075,308.134756507085,2.28772938796591,0.114386469398295,1.6133898122639,32.2677962452779,6.19977995740621,0,1000,292.96875,707.03125,6.19977995740621,1.81367150494083,9689.47459914514,0,6.19977995740621,0.516648329783851,6.19977995740621,-8.88178419700125e-16,0.410783221880273,267,20,292.96875,-15.1660065070848,308.134756507085,292.96875,1,0,2,2,267,0,0,267,0.410783221880273,267,0
0.076,318.736495488121,2.28096750054269,0.114048375027134,1.66890038776073,33.3780077552146,6.07800764491099,0,1000,322.265625,677.734375,6.07800764491099,1.87364401782401,12957.3746659543,0,6.07800764491099,0.506500637075916,6.07800764491099,-8.88178419700125e-16,0.443606512482239,289,22,322.265625,3.52912951187898,318.736495488121,322.265625,0,1,1,1,289,0,0,289,0.443606512482239,289,0
0.077,329.151808967281,2.22259509070211,0.111129754535105,1.72343484161233,34.4686968322467,6.13549510891779,0,1000,322.265625,677.734375,6.13549510891779,1.93113148183081,10797.8122216286,0,6.13549510891779,0.511291259076482,6.13549510891779,0,0.477532367231568,311,22,322.265625,-6.88618396728066,329.151808967281,322.265625,1,0,2,2,311,0,0,311,0.477532367231568,311,0
0.078,339.383605803317,2.20225503370756,0.110112751685378,1.77700840456753,35.5401680913505,6.10211016023539,0,1000,336.9140625,663.0859375,6.10211016023539,1.98861894583761,11439.5831013571,0,6.10211016023539,0.508509180019616,6.10211016023539,-8.88178419700125e-16,0.512537741055484,334,23,336.9140625,-2.46954330331704,339.383605803317,336.9140625,1,1,3,3,334,0,0,334,0.512537741055484,334,0
0.079,349.467694981988,2.16742141376217,0.108371070688109,1.82980857203728,36.5961714407457,6.15835509980401,0,1000,336.9140625,663.0859375,6.15835509980401,2.04486388540623,9532.98591779762,0,6.15835509980401,0.513196258317001,6.15835509980401,0,0.548607444806328,357,23,336.9140625,-12.5536324819875,349.467694981988,336.9140625,0,1,1,1,357,0,0,357,0.548607444806328,357,0
0.08,359.439886264547,2.15581795051876,0.107790897525938,1.88202284349309,37.6404568698617,6.12372762668342,0,1000,351.5625,648.4375,6.12372762668342,2.10110882497484,10385.561181498,0,6.12372762668342,0.510310635556952,6.12372762668342,-8.88178419700125e-16,0.585726339432751,381,24,351.5625,-7.87738626454683,359.439886264547,351.5625,0,1,1,1,381,0,0,381,0.585726339432751,381,0
0.081,369.291030414433,2.12420611002036,0.106210305501018,1.93360331364431,38.6720662728862,6.08785762912465,0,1000,366.2109375,633.7890625,6.08785762912465,2.15611124010527,11096.040567915,0,6.08785762912465,0.507321469093721,6.08785762912465,-8.88178419700125e-16,0.623884000462052,406,25,366.2109375,-3.08009291443267,369.291030414433,366.2109375,1,1,3,3,406,0,0,406,0.623884000462052,406,0
0.082,378.960484715361,2.0851074723306,0.10425537361653,1.98423245797101,39.6846491594201,6.05074510712769,0,1000,380.859375,619.140625,6.05074510712769,2.20987113079751,11688.1067232625,0,6.05074510712769,0.504228758927308,6.05074510712769,0,0.663064062654059,432,26,380.859375,1.89889028463921,378.960484715361,380.859375,0,0,0,0,432,0,0,432,0.663064062654059,432,0
0.083,388.425638160209,2.04318726527945,0.102159363263972,2.03379188551673,40.6758377103347,6.10326247338174,0,1000,380.859375,619.140625,6.10326247338174,2.26238849705156,9740.0889360521,0,6.10326247338174,0.508605206115145,6.10326247338174,0,0.703246124090576,458,26,380.859375,-7.56626316020936,388.425638160209,380.859375,1,1,3,3,458,0,0,458,0.703246124090576,458,0
0.084,397.757752140028,2.02884601548309,0.101442300774155,2.0826547200525,41.6530944010501,6.0649074269466,0,1000,395.5078125,604.4921875,6.0649074269466,2.31490586330562,10558.1470300434,0,6.0649074269466,0.50540895224555,6.0649074269466,-8.88178419700125e-16,0.744411276129707,485,27,395.5078125,-2.24993964002806,397.757752140028,395.5078125,0,1,1,1,485,0,0,485,0.744411276129707,485,0
0.085,406.960886448002,1.99611677502611,0.0998058387513057,2.13084221860572,42.6168443721144,6.11618226876246,0,1000,395.5078125,604.4921875,6.11618226876246,2.36618070512148,8798.45585836951,0,6.11618226876246,0.509681855730205,6.11618226876246,0,0.786547683974208,512,27,395.5078125,-11.4530739480021,406.960886448002,395.5078125,0,0,0,0,512,0,0,512,0.786547683974208,512,0
0.086,416.059023070047,1.98516694425802,0.0992583472129008,2.17847995056101,43.5695990112202,6.07658469788913,0,1000,410.15625,589.84375,6.07658469788913,2.41745554693735,9773.45279864126,0,6.07658469788913,0.506382058157427,6.07658469788913,0,0.829641450157097,540,28,410.15625,-5.90277307004692,416.059023070047,410.15625,0,0,0,0,540,0,0,540,0.829641450157097,540,0
0.087,425.038607129126,1.95366843185283,0.0976834215926416,2.22549694274817,44.5099388549634,6.0357446025776,0,1000,424.8046875,575.1953125,6.0357446025776,2.46748786431502,10585.9502488677,0,6.0357446025776,0.502978716881467,6.0357446025776,-8.88178419700125e-16,0.873682604744619,569,29,424.8046875,-0.233919629126433,425.038607129126,424.8046875,0,1,1,1,569,0,0,569,0.873682604744619,569,0
0.088,433.837355529045,1.91448201996622,0.0957241009983112,2.27156708163812,45.4313416327623,6.0845343955171,0,1000,424.8046875,575.1953125,6.0845343955171,2.51627765725451,8821.62520738976,0,6.0845343955171,0.507044532959758,6.0845343955171,-8.88178419700125e-16,0.918654943914156,598,29,424.8046875,-9.03266802904454,433.837355529045,424.8046875,1,1,3,3,598,0,0,598,0.918654943914156,598,0
0.089,442.51174976398,1.90106166186884,0.0950530830934418,2.31698610364281,46.3397220728562,6.04245177576739,0,1000,439.453125,560.546875,6.04245177576739,2.56506745019401,9792.76058949147,0,6.04245177576739,0.503537647980616,6.04245177576739,0,0.964541117087054,628,30,439.453125,-3.05862476398045,442.51174976398,439.453125,0,0,0,0,628,0,0,628,0.964541117087054,628,0
0.09,451.060343837229,1.86857802687712,0.0934289013438562,2.36174643754121,47.2349287508241,5.99912663157949,0,1000,454.1015625,545.8984375,5.99912663157949,2.61261471869531,10602.0400745762,0,5.99912663157949,0.499927219298291,5.99912663157949,0,1.01132986401075,659,31,454.1015625,3.04121866277131,451.060343837229,454.1015625,1,0,2,2,659,0,0,659,1.01132986401075,659,0
0.091,459.425366562414,1.82896000572629,0.0914480002863143,2.4055455941088,48.1109118821759,6.04543137564261,0,1000,454.1015625,545.8984375,6.04543137564261,2.65891946275842,8835.03339548019,0,6.04543137564261,0.503785947970217,6.04543137564261,0,1.05900449638989,690,31,454.1015625,-5.32380406241424,459.425366562414,454.1015625,1,1,3,3,690,0,0,690,1.05900449638989,690,0
0.092,467.664980923354,1.81531435436441,0.0907657177182206,2.4486881140167,48.973762280334,6.00086370701652,0,1000,468.75,531.25,6.00086370701652,2.70522420682154,9803.93407956682,0,6.00086370701652,0.50007197558471,6.00086370701652,0,1.10754747945905,722,32,468.75,1.08501907664566,467.664980923354,468.75,1,1,3,1,722,1,0,722,1.10754747945905,722,0
0.093,475.77836787297,1.78268238507246,0.0891341192536231,2.49116970874444,49.8233941748888,6.04592592664145,0,1000,468.75,531.25,6.04592592664145,2.75028642644647,8169.94506630569,0,6.04592592664145,0.503827160553454,6.04592592664145,-8.88178419700125e-16,1.15694748070684,754,32,468.75,-7.02836787297031,475.77836787297,468.75,1,1,3,3,754,0,0,754,1.15694748070684,754,0
0.094,483.787692915096,1.7716071437875,0.088580357189375,2.5331064365987,50.6621287319741,6.09098814626638,0,1000,468.75,531.25,6.09098814626638,2.7953486460714,6808.28755525474,0,6.09098814626638,0.507582345522198,6.09098814626638,0,1.2071907803526,786,32,468.75,-15.0376929150964,483.787692915096,468.75,1,1,3,3,786,0,0,786,1.2071907803526,786,0
0.095,491.758428259198,1.76856284190682,0.0884281420953411,2.5748411092666,51.496822185332,5.95430554051291,0,1000,498.046875,501.953125,5.95430554051291,2.84041086569633,10556.3854627123,0,5.95430554051291,0.496192128376076,5.95430554051291,0,1.25827046436364,820,34,498.046875,6.28844674080239,491.758428259198,498.046875,0,0,0,0,820,0,0,820,1.25827046436364,820,0
0.096,499.555559242802,1.71118546228014,0.085559273114007,2.61566679162855,52.3133358325709,5.99688271126146,0,1000,498.046875,501.953125,5.99688271126146,2.88298803644488,8796.98788559357,0,5.99688271126146,0.499740225938455,5.99688271126146,0,1.31017797752679,854,34,498.046875,-1.50868424280202,499.555559242802,498.046875,1,1,3,3,854,0,0,854,1.31017797752679,854,0
0.097,507.173727562844,1.69082668078656,0.0845413340393282,2.6555554276753,53.1111085535061,6.03945988201002,0,1000,498.046875,501.953125,6.03945988201002,2.92556520719344,7330.82323799464,0,6.03945988201002,0.503288323500835,6.03945988201002,0,1.36289111438805,888,34,498.046875,-9.12685256284431,507.173727562844,498.046875,0,0,0,0,888,0,0,888,1.36289111438805,888,0
0.098,514.725367761676,1.68425957492132,0.0842129787460659,2.69509572329397,53.9019144658795,5.99116464006937,0,1000,512.6953125,487.3046875,5.99116464006937,2.96814237794199,8550.42561499553,0,5.99116464006937,0.499263720005781,5.99116464006937,0,1.41639797446671,923,35,512.6953125,-2.03005526167556,514.725367761676,512.6953125,1,0,2,2,923,0,0,923,1.41639797446671,923,0
0.099,522.172665077027,1.65416811297205,0.0827084056486026,2.73408968085232,54.6817936170463,6.03249928637974,0,1000,512.6953125,487.3046875,6.03249928637974,3.00947702425236,7125.35467916295,0,6.03249928637974,0.502708273864978,6.03249928637974,0,1.47069114037968,958,35,512.6953125,-9.47735257702664,522.172665077027,512.6953125,1,1,3,3,958,0,0,958,1.47069114037968,958,0
0.1,529.524002182985,1.64394277365091,0.0821971386825455,2.77258119192922,55.4516238385844,5.9829615200009,0,1000,527.34375,472.65625,5.9829615200009,3.05081167056272,8379.20181596912,0,5.9829615200009,0.498580126666742,5.9829615200009,0,1.52575834554393,994,36,527.34375,-2.18025218298487,529.524002182985,527.34375,1,1,3,3,994,0,0,994,1.52575834554393,994,0
0.101,536.760014267244,1.61245628719032,0.0806228143595162,2.81046886260454,56.2093772520908,5.93218122918388,0,1000,541.9921875,458.0078125,5.93218122918388,3.0909037924349,9424.07442997427,0,5.93218122918388,0.494348435765324,5.93218122918388,0,1.58159021293089,1031,37,541.9921875,5.23217323275628,536.760014267244,541.9921875,1,0,2,3,1031,1,0,1031,1.58159021293089,1031,0
0.102,543.81625551348,1.57301682242497,0.0786508411212486,2.8474152553731,56.948305107462,6.06190323930707,0,1000,527.34375,472.65625,6.06190323930707,3.12975338986889,5411.98910831189,0,6.06190323930707,0.505158603275589,6.06190323930707,-8.88178419700125e-16,1.63817074510183,1067,36,527.34375,-16.4725055134803,543.81625551348,527.34375,1,0,2,2,1067,0,0,1067,1.63817074510183,1067,0
0.103,550.828106156299,1.58790736229267,0.0793953681146333,2.88412921948568,57.6825843897135,5.92025053580085,0,1000,556.640625,443.359375,5.92025053580085,3.16984551174107,9392.80342359324,0,5.92025053580085,0.493354211316738,5.92025053580085,-8.88178419700125e-16,1.69548565307526,1105,38,556.640625,5.81251884370135,550.828106156299,556.640625,0,1,1,1,1105,0,0,1105,1.69548565307526,1105,0
0.104,557.721341458096,1.53708373278964,0.0768541866394818,2.920222115125,58.4044423024999,5.95785760879666,0,1000,556.640625,443.359375,5.95785760879666,3.20745258473688,7827.3361863277,0,5.95785760879666,0.496488134066388,5.95785760879666,0,1.75353132240232,1143,38,556.640625,-1.08071645809571,557.721341458096,556.640625,1,0,2,2,1143,0,0,1143,1.75353132240232,1143,0
0.105,564.456036132465,1.51903860606024,0.0759519303030119,2.95548489398028,59.1096978796056,5.99546468179246,0,1000,556.640625,443.359375,5.99546468179246,3.24505965773268,6522.78015527309,0,5.99546468179246,0.499622056816039,5.99546468179246,0,1.81228920302886,1181,38,556.640625,-7.81541113246521,564.456036132465,556.640625,0,1,1,1,1181,0,0,1181,1.81228920302886,1181,0
0.106,571.13174694084,1.51320558786844,0.0756602793934221,2.99043883403541,59.8087766807083,5.94219934209907,0,1000,571.2890625,428.7109375,5.94219934209907,3.28266673072849,7877.05637939424,0,5.94219934209907,0.495183278508256,5.94219934209907,0,1.87174874958006,1220,39,571.2890625,0.15731555915977,571.13174694084,571.2890625,0,0,0,0,1220,0,0,1220,1.87174874958006,1220,0
0.107,577.705862103434,1.48325988079028,0.0741629940395138,3.02486082053318,60.4972164106636,5.97856389065668,0,1000,571.2890625,428.7109375,5.97856389065668,3.3190312792861,6564.2136494952,0,5.97856389065668,0.498213657554724,5.97856389065668,-8.88178419700125e-16,1.93190304284736,1259,39,571.2890625,-6.41679960343436,577.705862103434,571.2890625,1,0,2,2,1259,0,0,1259,1.93190304284736,1259,0
0.108,584.184977925871,1.47296126674517,0.0736480633372586,3.05878539164905,61.175707832981,5.9240560265251,0,1000,585.9375,414.0625,5.9240560265251,3.35539582784372,7911.584291246,0,5.9240560265251,0.493671335543759,5.9240560265251,0,1.99273999524509,1299,40,585.9375,1.75252207412905,584.184977925871,585.9375,1,0,2,2,1299,0,0,1299,1.99273999524509,1299,0
0.109,590.549064897237,1.44132006550115,0.0720660032750577,3.09210767310914,61.8421534621827,5.95917805064453,0,1000,585.9375,414.0625,5.95917805064453,3.39051785196315,6592.98690937167,0,5.95917805064453,0.496598170887044,5.95917805064453,0,2.05425028991559,1339,40,585.9375,-4.61156489723726,590.549064897237,585.9375,1,0,2,2,1339,0,0,1339,2.05425028991559,1339,0
0.11,596.813133031527,1.43035805675392,0.0715179028376958,3.12490625716292,62.4981251432584,5.99430007476396,0,1000,585.9375,414.0625,5.99430007476396,3.42563987608258,5494.15575780972,0,5.99430007476396,0.49952500623033,5.99430007476396,0,2.11642094443107,1379,40,585.9375,-10.8756330315268,596.813133031527,585.9375,1,0,2,2,1379,0,0,1379,2.11642094443107,1379,0
0.111,603.039990362156,1.42710038107737,0.0713550190538687,3.15751000590435,63.150200118087,5.93854968619419,0,1000,600.5859375,399.4140625,5.93854968619419,3.46076190020201,7019.8693815081,0,5.93854968619419,0.494879140516183,5.93854968619419,0,2.17924530603853,1420,41,600.5859375,-2.454052862156,603.039990362156,600.5859375,0,0,0,0,1420,0,0,1420,2.17924530603853,1420,0
0.112,609.173334000037,1.39805062832535,0.0699025314162677,3.18962411809553,63.7924823619105,5.88155677318623,0,1000,615.234375,384.765625,5.88155677318623,3.49464139988325,8291.29740125675,0,5.88155677318623,0.490129731098853,5.88155677318623,0,2.2427179026386,1462,42,615.234375,6.06104099996332,609.173334000037,615.234375,1,1,3,1,1462,1,0,1462,2.2427179026386,1462,0
0.113,615.134957105595,1.35936000423101,0.0679680002115506,3.22083910368202,64.4167820736403,6.00506616111849,0,1000,600.5859375,399.4140625,6.00506616111849,3.52727837512631,4468.00825104729,0,6.00506616111849,0.500422180093207,6.00506616111849,-8.88178419700125e-16,2.30682418364704,1503,41,600.5859375,-14.5490196055952,615.134957105595,600.5859375,1,0,2,2,1503,0,0,1503,2.30682418364704,1503,0
0.114,621.055113982122,1.37437072309049,0.0687185361545246,3.25183697260101,65.0367394520202,5.85720083542133,0,1000,629.8828125,370.1171875,5.85720083542133,3.56115787480755,8606.15270920608,0,5.85720083542133,0.488100069618444,5.85720083542133,0,2.37155039123741,1546,43,629.8828125,8.82769851787782,621.055113982122,629.8828125,1,1,3,1,1546,1,0,1546,2.37155039123741,1546,0
0.115,626.857671134548,1.32343324745647,0.0661716623728234,3.2822190908045,65.6443818160901,5.9794676989154,0,1000,615.234375,384.765625,5.9794676989154,3.59255232561241,4730.3876743384,0,5.9794676989154,0.498288974909616,5.9794676989154,0,2.43689310105981,1588,42,615.234375,-11.6232961345478,626.857671134548,615.234375,0,0,0,0,1588,0,0,1588,2.43689310105981,1588,0
0.116,632.581695770408,1.33384962825385,0.0666924814126927,3.31219001371281,66.2438002742562,5.92123226146925,0,1000,629.8828125,370.1171875,5.92123226146925,3.62518930085547,6383.39597861533,0,5.92123226146925,0.493436021789104,5.92123226146925,0,2.50283682522014,1631,43,629.8828125,-2.6988832704078,632.581695770408,629.8828125,1,0,2,2,1631,0,0,1631,2.50283682522014,1631,0
0.117,638.253999986158,1.30983130883565,0.0654915654417827,3.34189012913469,66.8378025826938,5.95262671227412,0,1000,629.8828125,370.1171875,5.95262671227412,3.65658375166034,5319.49664884611,0,5.95262671227412,0.496052226022843,5.95262671227412,0,2.56937867089709,1674,43,629.8828125,-8.37118748615774,638.253999986158,629.8828125,1,1,3,3,1674,0,0,1674,2.56937867089709,1674,0
0.118,643.84982975535,1.30161454853935,0.0650807274269677,3.37118982529074,67.4237965058149,5.89314875038979,0,1000,644.53125,355.46875,5.89314875038979,3.6879782024652,6874.32012403843,0,5.89314875038979,0.491095729199149,5.89314875038979,0,2.63650986608935,1718,44,644.53125,0.681420244649985,643.84982975535,644.53125,1,1,3,3,1718,0,0,1718,2.63650986608935,1718,0
0.119,649.337476108123,1.27062261500974,0.0635311307504868,3.39992307440303,67.9984614880606,5.92330067675647,0,1000,644.53125,355.46875,5.92330067675647,3.71813012883188,5728.60010336536,0,5.92330067675647,0.493608389729706,5.92330067675647,0,2.70422232328316,1762,44,644.53125,-4.80622610812304,649.337476108123,644.53125,1,1,3,3,1762,0,0,1762,2.70422232328316,1762,0
0.12,654.727598392735,1.25977628115826,0.0629888140579132,3.42814568868851,68.5629137737701,5.86258019043395,0,1000,659.1796875,340.8203125,5.86258019043395,3.74828205519856,7215.23966947113,0,5.86258019043395,0.488548349202829,5.86258019043395,-8.88178419700125e-16,2.77250351220207,1807,45,659.1796875,4.45208910726524,654.727598392735,659.1796875,1,0,2,2,1807,0,0,1807,2.77250351220207,1807,0
0.121,660.00168182643,1.22777327349928,0.0613886636749639,3.45576072497137,69.1152144994273,5.89148959236244,0,1000,659.1796875,340.8203125,5.89148959236244,3.77719145712706,6012.69972455927,0,5.89148959236244,0.490957466030203,5.89148959236244,0,2.84134394374139,1852,45,659.1796875,-0.821994326429603,660.00168182643,659.1796875,0,0,0,0,1852,0,0,1852,2.84134394374139,1852,0
0.122,665.175301709418,1.21651890593771,0.0608259452968856,3.48284973533281,69.6569947066561,5.92039899429093,0,1000,659.1796875,340.8203125,5.92039899429093,3.80610085905555,5010.5831037994,0,5.92039899429093,0.493366582857578,5.92039899429093,0,2.91073056408528,1897,45,659.1796875,-5.99561420941848,665.175301709418,659.1796875,0,1,1,1,1897,0,0,1897,2.91073056408528,1897,0
0.123,670.31147761368,1.2129949247644,0.06064974623822,3.50974268948009,70.1948537896019,5.85843598353023,0,1000,673.828125,326.171875,5.85843598353023,3.83501026098404,6616.89216983283,0,5.85843598353023,0.488202998627519,5.85843598353023,0,2.98065668676775,1943,46,673.828125,3.51664738632007,670.31147761368,673.828125,1,0,2,2,1943,0,0,1943,2.98065668676775,1943,0
0.124,675.353986379834,1.18368874993387,0.0591844374966934,3.53614520363911,70.7229040727823,5.88610286102053,0,1000,673.828125,326.171875,5.88610286102053,3.86267713847435,5514.07680819403,0,5.88610286102053,0.490508571751711,5.88610286102053,0,3.05111682010978,1989,46,673.828125,-1.52586137983428,675.353986379834,673.828125,0,1,1,0,1989,1,0,1989,3.05111682010978,1989,0
0.125,680.304354415778,1.17340791150878,0.0586703955754389,3.56206527006293,71.2413054012585,5.91376973851084,0,1000,673.828125,326.171875,5.91376973851084,3.89034401596465,4595.06400682836,0,5.91376973851084,0.492814144875903,5.91376973851084,0,3.12209939833137,2035,46,673.828125,-6.47622941577845,680.304354415778,673.828125,1,0,2,2,2035,0,0,2035,3.12209939833137,2035,0
0.126,685.220367244916,1.17021543793212,0.0585107718966062,3.58780545304455,71.756109060891,5.94143661600114,0,1000,673.828125,326.171875,5.94143661600114,3.91801089345496,3829.2200056903,0,5.94143661600114,0.495119718000095,5.94143661600114,0,3.19359828809312,2081,46,673.828125,-11.3922422449162,685.220367244916,673.828125,0,1,1,1,2081,0,0,2081,3.19359828809312,2081,0
0.127,690.123554453687,1.1696639546453,0.0584831977322651,3.61347848123497,72.2695696246993,5.87823108080225,0,1000,688.4765625,311.5234375,5.87823108080225,3.94567777094526,5632.42292140858,0,5.87823108080225,0.489852590066854,5.87823108080225,0,3.26561120156242,2128,47,688.4765625,-1.64699195368735,690.123554453687,688.4765625,0,0,0,0,2128,0,0,2128,3.26561120156242,2128,0
0.128,694.942235061872,1.14143414520056,0.0570717072600282,3.63870903389941,72.7741806779882,5.81378302116517,0,1000,703.125,296.875,5.81378302116517,3.97210212399738,7135.09201784048,0,5.81378302116517,0.484481918430431,5.81378302116517,0,3.33813428464641,2176,48,703.125,8.18276493812823,694.942235061872,703.125,0,0,0,0,2176,0,0,2176,3.33813428464641,2176,0
0.129,699.592473854724,1.10286090660474,0.0551430453302369,3.66305762728118,73.2611525456237,5.9298372624683,0,1000,688.4765625,311.5234375,5.9298372624683,3.99728395261131,3504.50376486707,0,5.9298372624683,0.494153105205691,5.9298372624683,0,3.41115358145779,2223,47,688.4765625,-11.1159113547238,699.592473854724,688.4765625,1,0,2,2,2223,0,0,2223,3.41115358145779,2223,0
0.13,704.202391953656,1.11772745983241,0.0558863729916204,3.68719510200327,73.7439020400655,5.86538920283122,0,1000,703.125,296.875,5.86538920283122,4.02370830566343,5361.82605405589,0,5.86538920283122,0.488782433569268,5.86538920283122,0,3.48465554772162,2271,48,703.125,-1.07739195365571,704.202391953656,703.125,1,0,2,2,2271,0,0,2271,3.48465554772162,2271,0
0.131,708.77476477194,1.09521092232011,0.0547605461160053,3.7111359900956,74.222719801912,5.89057103144515,0,1000,703.125,296.875,5.89057103144515,4.04889013427736,4468.18837837991,0,5.89057103144515,0.490880919287095,5.89057103144514,-8.88178419700125e-16,3.55863982976735,2319,48,703.125,-5.64976477194034,708.77476477194,703.125,1,0,2,2,2319,0,0,2319,3.55863982976735,2319,0
0.132,713.275883738672,1.08739761908826,0.0543698809544131,3.73470379389363,74.6940758778726,5.82488044736988,0,1000,717.7734375,282.2265625,5.82488044736988,4.07407196289129,6164.89656531659,0,5.82488044736988,0.48540670394749,5.82488044736988,0,3.63309859521303,2368,49,717.7734375,4.49755376132828,713.275883738672,717.7734375,0,0,0,0,2368,0,0,2368,3.63309859521303,2368,0
0.133,717.670704500986,1.05640009706525,0.0528200048532626,3.75771502159485,75.154300431897,5.84881975154562,0,1000,717.7734375,282.2265625,5.84881975154562,4.09801126706704,5137.41380443049,0,5.84881975154562,0.487401645962135,5.84881975154562,0,3.70802410031154,2417,49,717.7734375,0.10273299901371,717.670704500986,717.7734375,0,1,1,1,2417,0,0,2417,3.70802410031154,2417,0
0.134,721.968644551527,1.04539593271942,0.0522697966359708,3.78021898307543,75.6043796615086,5.87275905572136,0,1000,717.7734375,282.2265625,5.87275905572136,4.12195057124278,4281.17817035874,0,5.87275905572136,0.48939658797678,5.87275905572136,-8.88178419700125e-16,3.783403936641,2466,49,717.7734375,-4.19520705152672,721.968644551527,717.7734375,1,1,3,3,2466,0,0,2466,3.783403936641,2466,0
0.135,726.230429867633,1.04184087925601,0.0520920439628007,3.80253363880919,76.0506727761838,5.89669835989711,0,1000,717.7734375,282.2265625,5.89669835989711,4.14588987541852,3567.64847529895,0,5.89669835989711,0.491391529991426,5.89669835989711,0,3.85923165338075,2515,49,717.7734375,-8.45699236763323,726.230429867633,717.7734375,1,0,2,2,2515,0,0,2515,3.85923165338075,2515,0
0.136,730.478686020207,1.0410613075518,0.0520530653775898,3.82477745600835,76.4955491201669,5.82976525138365,0,1000,732.421875,267.578125,5.82976525138365,4.16982917959427,5414.44664608246,0,5.82976525138365,0.485813770948637,5.82976525138365,0,3.9355048409247,2565,50,732.421875,1.94318897979269,730.478686020207,732.421875,0,1,1,1,2565,0,0,2565,3.9355048409247,2565,0
0.137,734.642140810826,1.01265360399753,0.0506326801998763,3.84657725431462,76.9315450862923,5.85246203112121,0,1000,732.421875,267.578125,5.85246203112121,4.19252595933182,4512.03887173539,0,5.85246203112121,0.4877051692601,5.85246203112121,0,4.01221959636899,2615,50,732.421875,-2.22026581082616,734.642140810826,732.421875,1,0,2,2,2615,0,0,2615,4.01221959636899,2615,0
0.138,738.716714406815,1.00258360888647,0.0501291804443236,3.86791167177407,77.3582334354813,5.87515881085876,0,1000,732.421875,267.578125,5.87515881085876,4.21522273906938,3760.03239311282,0,5.87515881085876,0.489596567571564,5.87515881085876,0,4.08936494126874,2665,50,732.421875,-6.2948394068153,738.716714406815,732.421875,0,1,1,1,2665,0,0,2665,4.08936494126874,2665,0
0.139,742.75810419904,0.999345902296995,0.0499672951148497,3.88907233924331,77.7814467848662,5.80698317790712,0,1000,747.0703125,252.9296875,5.80698317790712,4.23791951880693,5574.76657759402,0,5.80698317790712,0.483915264825593,5.80698317790712,0,4.16693495657425,2716,51,747.0703125,4.31220830095981,742.75810419904,747.0703125,0,0,0,0,2716,0,0,2716,4.16693495657425,2716,0
0.14,746.707359741201,0.969991540725543,0.0484995770362771,3.90975059290731,78.1950118581463,5.82843743320649,0,1000,747.0703125,252.9296875,5.82843743320649,4.2593737741063,4645.63881466168,0,5.82843743320649,0.485703119433874,5.82843743320649,0,4.24492443079518,2767,51,747.0703125,0.362952758798883,746.707359741201,747.0703125,1,0,2,2,2767,0,0,2767,4.24492443079518,2767,0
0.141,750.564992070053,0.959538047103976,0.0479769023551988,3.92994910854827,78.5989821709654,5.84989168850586,0,1000,747.0703125,252.9296875,5.84989168850586,4.28082802940567,3871.36567888474,0,5.84989168850586,0.487490974042155,5.84989168850586,0,4.32332189689099,2818,51,747.0703125,-3.49467957005334,750.564992070053,747.0703125,1,1,3,3,2818,0,0,2818,4.32332189689099,2818,0
0.142,754.388409138606,0.956126685270349,0.0478063342635175,3.94996847350523,78.9993694701046,5.87134594380522,0,1000,747.0703125,252.9296875,5.87134594380522,4.30228228470504,3226.13806573728,0,5.87134594380522,0.489278828650435,5.87134594380522,-8.88178419700125e-16,4.40212125273574,2869,51,747.0703125,-7.31809663860645,754.388409138606,747.0703125,0,1,1,1,2869,0,0,2869,4.40212125273574,2869,0
0.143,758.199000579315,0.955339227027284,0.0477669613513642,3.96992068363183,79.3984136726366,5.80192778641539,0,1000,761.71875,238.28125,5.80192778641539,4.32373654000441,5129.8546381144,0,5.80192778641539,0.483493982201283,5.80192778641539,0,4.48132021662764,2921,52,761.71875,3.51974942068534,758.199000579315,761.71875,0,1,1,1,2921,0,0,2921,4.48132021662764,2921,0
0.144,761.925033977298,0.926867213146486,0.0463433606573243,3.98943014888206,79.7886029776411,5.82213951727658,0,1000,761.71875,238.28125,5.82213951727658,4.34394827086559,4274.87886509533,0,5.82213951727658,0.485178293106381,5.82213951727658,0,4.56091493133429,2973,52,761.71875,-0.206283977298312,761.925033977298,761.71875,0,1,1,1,2973,0,0,2973,4.56091493133429,2973,0
0.145,765.5622582917,0.916711935039855,0.0458355967519927,4.00847461085803,80.1694922171606,5.84235124813776,0,1000,761.71875,238.28125,5.84235124813776,4.36416000172677,3562.39905424611,0,5.84235124813776,0.48686260401148,5.84235124813776,0,4.64089443347154,3025,52,761.71875,-3.84350829170035,765.5622582917,761.71875,0,1,1,1,3025,0,0,3025,4.64089443347154,3025,0
0.146,769.166307377932,0.9133811801885,0.045669059009425,4.0273453677455,80.5469073549099,5.86256297899894,0,1000,761.71875,238.28125,5.86256297899894,4.38437173258795,2968.66587853843,0,5.86256297899894,0.488546914916578,5.86256297899894,0,4.72125280767234,3077,52,761.71875,-7.44755737793162,769.166307377932,761.71875,0,1,1,1,3077,0,0,3077,4.72125280767234,3077,0
0.147,772.757910005014,0.912593276299778,0.0456296638149889,4.04615095512526,80.9230191025051,5.79190229717092,0,1000,776.3671875,223.6328125,5.79190229717092,4.40458346344913,4915.29448211536,0,5.79190229717092,0.482658524764243,5.79190229717092,0,4.8019878409389,3130,53,776.3671875,3.60927749498603,772.757910005014,776.3671875,1,1,3,3,3130,0,0,3130,4.8019878409389,3130,0
0.148,776.265087652238,0.884090640663445,0.0442045320331722,4.06451449434418,81.2902898868836,5.81087150359391,0,1000,776.3671875,223.6328125,5.81087150359391,4.42355266987213,4096.07873509613,0,5.81087150359391,0.484239291966159,5.81087150359391,0,4.88309570077093,3183,53,776.3671875,0.102099847761792,776.265087652238,776.3671875,1,0,2,2,3183,0,0,3183,4.88309570077093,3183,0
0.149,779.683497698187,0.873893519528688,0.0436946759764344,4.0824132474897,81.648264949794,5.82984071001691,0,1000,776.3671875,223.6328125,5.82984071001691,4.44252187629512,3413.39894591344,0,5.82984071001691,0.485820059168075,5.82984071001691,0,4.96456543214543,3236,53,776.3671875,-3.31631019818747,779.683497698187,776.3671875,0,0,0,0,3236,0,0,3236,4.96456543214543,3236,0
0.15,783.068739987885,0.870516762114229,0.0435258381057114,4.10013833466959,82.0027666933918,5.8488099164399,0,1000,776.3671875,223.6328125,5.8488099164399,4.46149108271811,2844.49912159453,0,5.8488099164399,0.487400826369992,5.8488099164399,0,5.04639112196867,3289,53,776.3671875,-6.70155248788478,783.068739987885,776.3671875,0,1,1,1,3289,0,0,3289,5.04639112196867,3289,0
0.151,786.44153072747,0.869681326840777,0.0434840663420389,4.11779822568555,82.355964513711,5.77690671017369,0,1000,791.015625,208.984375,5.77690671017369,4.48046028914111,4811.82218466211,0,5.77690671017369,0.481408892514474,5.77690671017369,0,5.1285705572596,3343,54,791.015625,4.57409427252992,786.44153072747,791.015625,1,0,2,2,3343,0,0,3343,5.1285705572596,3343,0
0.152,789.729886822603,0.841130610842663,0.0420565305421331,4.13501601793698,82.7003203587396,5.7946333921585,0,1000,791.015625,208.984375,5.7946333921585,4.49818697112591,4009.85182055176,0,5.7946333921585,0.482886116013208,5.7946333921585,0,5.21109990470508,3397,54,791.015625,1.28573817739664,789.729886822603,791.015625,0,1,1,1,3397,0,0,3397,5.21109990470508,3397,0
0.153,792.929464053351,0.830885225151099,0.0415442612575549,4.1517689651415,83.0353793028299,5.8123600741433,0,1000,791.015625,208.984375,5.8123600741433,4.51591365311072,3341.54318379313,0,5.8123600741433,0.484363339511942,5.8123600741433,0,5.29396820817136,3451,54,791.015625,-1.91383905335067,792.929464053351,791.015625,1,0,2,2,3451,0,0,3451,5.29396820817136,3451,0
0.154,796.095861773237,0.827460154615942,0.0413730077307971,4.16834818483339,83.3669636966679,5.83008675612811,0,1000,791.015625,208.984375,5.83008675612811,4.53364033509553,2784.61931982761,0,5.83008675612811,0.485840563010676,5.83008675612811,0,5.37716955335398,3505,54,791.015625,-5.08023677323695,796.095861773237,791.015625,0,1,1,1,3505,0,0,3505,5.37716955335398,3505,0
0.155,799.249796107923,0.826576407917724,0.0413288203958862,4.18486214639298,83.6972429278597,5.84781343811292,0,1000,791.015625,208.984375,5.84781343811292,4.55136701708033,2320.51609985634,0,5.84781343811292,0.48731778650941,5.84781343811292,0,5.46070172603467,3559,54,791.015625,-8.23417110792298,799.249796107923,791.015625,1,0,2,2,3559,0,0,3559,5.46070172603467,3559,0
0.156,802.398986672757,0.826639751817746,0.0413319875908873,4.20135126963171,84.0270253926342,5.77466770740852,0,1000,805.6640625,194.3359375,5.77466770740852,4.56909369906514,4375.16966654695,0,5.77466770740852,0.48122230895071,5.77466770740852,0,5.54456389068679,3614,55,805.6640625,3.26507582724344,802.398986672757,805.6640625,1,1,3,3,3614,0,0,3614,5.54456389068679,3614,0
0.157,805.466608298518,0.798393865900609,0.0399196932950304,4.21741329890419,84.3482659780837,5.79115186495514,0,1000,805.6640625,194.3359375,5.79115186495514,4.58557785661176,3645.97472212246,0,5.79115186495514,0.482595988746262,5.79115186495514,0,5.62875272656541,3669,55,805.6640625,0.197454201482174,805.466608298518,805.6640625,0,1,1,1,3669,0,0,3669,5.62875272656541,3669,0
0.158,808.44651282828,0.788232037564896,0.0394116018782448,4.23301604253602,84.6603208507204,5.80763602250176,0,1000,805.6640625,194.3359375,5.80763602250176,4.60206201415838,3038.31226843538,0,5.80763602250176,0.483969668541814,5.80763602250176,0,5.71325746788172,3724,55,805.6640625,-2.78245032828022,808.44651282828,805.6640625,0,0,0,0,3724,0,0,3724,5.71325746788172,3724,0
0.159,811.393627600598,0.784808099984866,0.0392404049992433,4.24844709939935,84.9689419879871,5.82412018004838,0,1000,805.6640625,194.3359375,5.82412018004838,4.618546171705,2531.92689036282,0,5.82412018004838,0.485343348337365,5.82412018004838,0,5.79807227063348,3779,55,805.6640625,-5.72956510059817,811.393627600598,805.6640625,1,0,2,2,3779,0,0,3779,5.79807227063348,3779,0
0.16,814.3284184468,0.783894792538614,0.0391947396269307,4.26381362833644,85.2762725667288,5.7497319249058,0,1000,820.3125,179.6875,5.7497319249058,4.63503032925162,4551.34532530235,0,5.7497319249058,0.479144327075483,5.7497319249058,0,5.88319494618856,3835,56,820.3125,5.98408155319953,814.3284184468,820.3125,1,0,2,2,3835,0,0,3835,5.88319494618856,3835,0
0.161,817.178809169424,0.755254803985615,0.0377627401992808,4.27873823925986,85.5747647851973,5.85584597070343,0,1000,805.6640625,194.3359375,5.85584597070343,4.65027196236005,1351.38152108529,0,5.85584597070343,0.487987164225286,5.85584597070343,-8.88178419700125e-16,5.96862166893186,3890,55,805.6640625,-11.514746669424,817.178809169424,805.6640625,1,1,3,3,3890,0,0,3890,5.96862166893186,3890,0
0.162,820.020123676329,0.77357828356464,0.038678914178232,4.29361532722891,85.8723065445783,5.78145771556085,0,1000,820.3125,179.6875,5.78145771556085,4.66675611990667,3567.55751757108,0,5.78145771556085,0.481788142963404,5.78145771556085,0,6.05434448326559,3946,56,820.3125,0.292376323671078,820.020123676329,820.3125,1,1,3,3,3946,0,0,3946,6.05434448326559,3946,0
0.163,822.835467562171,0.752105955288556,0.0376052977644278,4.30835643334407,86.1671286668813,5.79669934866928,0,1000,820.3125,179.6875,5.79669934866928,4.6819977530151,2972.9645979759,0,5.79669934866928,0.483058279055774,5.79669934866928,-8.88178419700125e-16,6.14036511072672,4002,56,820.3125,-2.52296756217117,822.835467562171,820.3125,1,1,3,3,4002,0,0,4002,6.14036511072672,4002,0
0.164,825.583804743319,0.744438125183815,0.0372219062591907,4.32274669317387,86.4549338634774,5.72106856908852,0,1000,834.9609375,165.0390625,5.72106856908852,4.69723938612353,4918.87674831325,0,5.72106856908852,0.47675571409071,5.72106856908852,0,6.22667648521735,4059,57,834.9609375,9.37713275668079,825.583804743319,834.9609375,1,0,2,2,4059,0,0,4059,6.22667648521735,4059,0
0.165,828.227361731574,0.713251403775226,0.0356625701887613,4.33658832519662,86.7317665039323,5.82594009044796,0,1000,820.3125,179.6875,5.82594009044796,4.71123849479378,1657.65770692771,0,5.82594009044796,0.48549500753733,5.82594009044796,0,6.31327114170041,4115,56,820.3125,-7.91486173157409,828.227361731574,820.3125,1,0,2,2,4115,0,0,4115,6.31327114170041,4115,0
0.166,830.854242734295,0.730595870317671,0.0365297935158835,4.35034264196329,87.0068528392657,5.75030931086719,0,1000,834.9609375,165.0390625,5.75030931086719,4.72648012790221,3822.78767243976,0,5.75030931086719,0.479192442572266,5.75030931086719,0,6.40013976792318,4172,57,834.9609375,4.10669476570524,830.854242734295,834.9609375,0,0,0,0,4172,0,0,4172,6.40013976792318,4172,0
0.167,833.452315011113,0.708728634141756,0.0354364317070878,4.36394611659386,87.2789223318772,5.76430841953744,0,1000,834.9609375,165.0390625,5.76430841953744,4.74047923657245,3185.6563936998,0,5.76430841953744,0.480359034961453,5.76430841953744,0,6.48728357927082,4229,57,834.9609375,1.50862248888745,833.452315011113,834.9609375,0,1,1,0,4229,1,0,4229,6.48728357927082,4229,0
0.168,835.982316628633,0.700883534383768,0.0350441767191884,4.37719317408582,87.5438634817164,5.77830752820768,0,1000,834.9609375,165.0390625,5.77830752820768,4.7544783452427,2654.7136614165,0,5.77830752820768,0.48152562735064,5.77830752820768,0,6.57469532037631,4286,57,834.9609375,-1.02137912863338,835.982316628633,834.9609375,1,1,3,1,4286,1,0,4286,6.57469532037631,4286,0
0.169,838.486837823685,0.698262997438275,0.0349131498719138,4.39030681639771,87.8061363279542,5.79230663687793,0,1000,834.9609375,165.0390625,5.79230663687793,4.76847745391294,2212.26138451375,0,5.79230663687793,0.482692219739827,5.79230663687793,0,6.66237045402718,4343,57,834.9609375,-3.52590032368505,838.486837823685,834.9609375,1,0,2,2,4343,0,0,4343,6.66237045402718,4343,0
0.17,840.981748117698,0.697589295127728,0.0348794647563864,4.40337013614943,88.0674027229887,5.80630574554817,0,1000,834.9609375,165.0390625,5.80630574554817,4.78247656258319,1843.55115376146,0,5.80630574554817,0.483858812129014,5.80630574554817,0,6.75030727738573,4400,57,834.9609375,-6.02081061769752,840.981748117698,834.9609375,0,0,0,0,4400,0,0,4400,6.75030727738573,4400,0
0.171,843.472961637078,0.697641235598552,0.0348820617799276,4.41641409963445,88.3282819926889,5.72943244152922,0,1000,849.609375,150.390625,5.72943244152922,4.79647567125343,3977.69887813455,0,5.72943244152922,0.477452703460768,5.72943244152922,0,6.83850514378953,4458,58,849.609375,6.13641336292233,843.472961637078,849.609375,1,1,3,1,4458,1,0,4458,6.83850514378953,4458,0
0.172,845.882980753165,0.669301482399972,0.0334650741199986,4.42903293021797,88.5806586043594,5.83306143845047,0,1000,834.9609375,165.0390625,5.83306143845047,4.80923225548549,873.342815112123,0,5.83306143845047,0.486088453204206,5.83306143845047,0,6.92696080122001,4515,57,834.9609375,-10.9220432531654,845.882980753165,834.9609375,1,0,2,2,4515,0,0,4515,6.92696080122001,4515,0
0.173,848.285109619426,0.687677454983982,0.0343838727491991,4.44161044755,88.8322089510001,5.75618813443152,0,1000,849.609375,150.390625,5.75618813443152,4.82323136415573,3169.1919292601,0,5.75618813443152,0.47968234453596,5.75618813443152,0,7.01566650689999,4573,58,849.609375,1.32426538057371,848.285109619426,849.609375,0,1,1,1,4573,0,0,4573,7.01566650689999,4573,0
0.174,850.661701441885,0.666165339987755,0.0333082669993878,4.45405425323337,89.0810850646673,5.76894471866357,0,1000,849.609375,150.390625,5.76894471866357,4.83598794838779,2640.99327438342,0,5.76894471866357,0.480745393221965,5.76894471866357,0,7.10462406078435,4631,58,849.609375,-1.05232644188482,850.661701441885,849.609375,1,0,2,2,4631,0,0,4631,7.10462406078435,4631,0
0.175,852.971439930906,0.65842336405918,0.032921168202959,4.46614801568141,89.3229603136281,5.78170130289563,0,1000,849.609375,150.390625,5.78170130289563,4.84874453261985,2200.82772865285,0,5.78170130289563,0.481808441907969,5.78170130289563,-8.88178419700125e-16,7.19382642513023,4689,58,849.609375,-3.3620649309064,852.971439930906,849.609375,0,1,1,1,4689,0,0,4689,7.19382642513023,4689,0
0.176,855.256149950888,0.655812068163161,0.0327906034081581,4.478110729372,89.56221458744,5.79445788712769,0,1000,849.609375,150.390625,5.79445788712769,4.8615011168519,1834.02310721071,0,5.79445788712769,0.482871490593974,5.79445788712769,0,7.2832691436384,4747,58,849.609375,-5.64677495088802,855.256149950888,849.609375,1,0,2,2,4747,0,0,4747,7.2832691436384,4747,0
0.177,857.531415888969,0.655112633023945,0.0327556316511972,4.4900239939654,89.800479879308,5.71634205867054,0,1000,864.2578125,135.7421875,5.71634205867054,4.87425770108396,3969.75883934226,0,5.71634205867054,0.476361838222545,5.71634205867054,0,7.37295054345199,4806,59,864.2578125,6.72639661103096,857.531415888969,864.2578125,1,1,3,3,4806,0,0,4806,7.37295054345199,4806,0
0.178,859.723343021548,0.626463463330265,0.0313231731665132,4.50150089759359,90.0300179518718,5.72785611846441,0,1000,864.2578125,135.7421875,5.72785611846441,4.88577176087783,3308.13236611855,0,5.72785611846441,0.477321343205368,5.72785611846441,0,7.46286698989277,4865,59,864.2578125,4.53446947845202,859.723343021548,864.2578125,0,1,1,0,4865,1,0,4865,7.46286698989277,4865,0
0.179,861.826875245248,0.616032337722535,0.0308016168861268,4.5125149665612,90.2502993312239,5.83024259094748,0,1000,849.609375,150.390625,5.83024259094748,4.8972858206717,315.370721765456,0,5.83024259094748,0.485853549245624,5.83024259094748,-8.88178419700125e-16,7.55300759826818,4923,58,849.609375,-12.2175002452479,861.826875245248,849.609375,1,0,2,2,4923,0,0,4923,7.55300759826818,4923,0
0.18,863.977049654942,0.641051421779124,0.0320525710889562,4.52377325344358,90.4754650688716,5.75212676249034,0,1000,864.2578125,135.7421875,5.75212676249034,4.91004240490376,2704.21518480455,0,5.75212676249034,0.479343896874195,5.75212676249034,0,7.64336947738382,4982,59,864.2578125,0.280762845058348,863.977049654942,864.2578125,1,1,3,3,4982,0,0,4982,7.64336947738382,4982,0
0.181,866.122002933335,0.621985213180371,0.0310992606590186,4.53500420254641,90.7000840509281,5.76364082228421,0,1000,864.2578125,135.7421875,5.76364082228421,4.92155646469763,2253.51265400379,0,5.76364082228421,0.480303401857017,5.76364082228421,-8.88178419700125e-16,7.73395805611459,5041,59,864.2578125,-1.86419043333535,866.122002933335,864.2578125,0,1,1,1,5041,0,0,5041,7.73395805611459,5041,0
0.182,868.207670712295,0.61512538871801,0.0307562694359005,4.54592473350009,90.9184946700017,5.77515488207808,0,1000,864.2578125,135.7421875,5.77515488207808,4.93307052449149,1877.92721166982,0,5.77515488207808,0.48126290683984,5.77515488207808,0,7.82476764861299,5100,59,864.2578125,-3.94985821229477,868.207670712295,864.2578125,0,0,0,0,5100,0,0,5100,7.82476764861299,5100,0
0.183,870.271128304953,0.612813637386886,0.0306406818693443,4.55672897219023,91.1345794438046,5.69579652918275,0,1000,878.90625,121.09375,5.69579652918275,4.94458458428536,4006.34559305819,0,5.69579652918275,0.474649710765229,5.69579652918275,-8.88178419700125e-16,7.91579430212275,5160,60,878.90625,8.63512169504736,870.271128304953,878.90625,0,0,0,0,5160,0,0,5160,7.91579430212275,5160,0
0.184,872.246487930629,0.583534336341476,0.0291767168170738,4.56707193100394,91.3414386200788,5.79694047722763,0,1000,864.2578125,135.7421875,5.79694047722763,4.95485611964105,897.215077548489,0,5.79694047722763,0.483078373102303,5.79694047722763,0,8.00703353223713,5219,59,864.2578125,-7.9886754306292,872.246487930629,864.2578125,1,0,2,2,5219,0,0,5219,8.00703353223713,5219,0
0.185,874.211379320976,0.601501372016642,0.0300750686008321,4.57736007826563,91.5472015653126,5.7175821243323,0,1000,878.90625,121.09375,5.7175821243323,4.96637017943492,3189.08548129041,0,5.7175821243323,0.476465177027692,5.7175821243323,0,8.09847713640274,5279,60,878.90625,4.69487067902423,874.211379320976,878.90625,1,0,2,2,5279,0,0,5279,8.09847713640274,5279,0
0.186,876.149767348849,0.579778026033421,0.0289889013016711,4.58750945424592,91.7501890849184,5.72785365968798,0,1000,878.90625,121.09375,5.72785365968798,4.9766417147906,2657.57123440867,0,5.72785365968798,0.477321138307332,5.72785365968798,0,8.19012674265969,5339,60,878.90625,2.7564826511508,876.149767348849,878.90625,1,0,2,2,5339,0,0,5339,8.19012674265969,5339,0
0.187,878.020936264744,0.571898493957937,0.0285949246978968,4.59730687177892,91.9461374355783,5.73812519504366,0,1000,878.90625,121.09375,5.73812519504366,4.98691325014628,2214.64269534056,0,5.73812519504366,0.478177099586972,5.73812519504366,0,8.28197524860782,5399,60,878.90625,0.885313735256432,878.020936264744,878.90625,1,0,2,3,5399,1,0,5399,8.28197524860782,5399,0
0.188,879.866934755273,0.569177106119976,0.0284588553059988,4.60697249727289,92.1394499454578,5.74839673039935,0,1000,878.90625,121.09375,5.74839673039935,4.99718478550196,1845.53557945047,0,5.74839673039935,0.479033060866612,5.74839673039935,0,8.3740181732597,5459,60,878.90625,-0.960684755272837,879.866934755273,878.90625,1,0,2,3,5459,1,0,5459,8.3740181732597,5459,0
0.189,881.703430674433,0.568377826280381,0.028418891314019,4.61658836741953,92.3317673483905,5.75866826575503,0,1000,878.90625,121.09375,5.75866826575503,5.00745632085764,1537.94631620872,0,5.75866826575503,0.479889022146252,5.75866826575503,0,8.46625383396985,5519,60,878.90625,-2.79718067443264,881.703430674433,878.90625,1,0,2,2,5519,0,0,5519,8.46625383396985,5519,0
0.19,883.536263110446,0.568294995549056,0.0284147497774528,4.62618505561326,92.5237011122652,5.76893980111071,0,1000,878.90625,121.09375,5.76893980111071,5.01772785621332,1281.62193017394,0,5.76893980111071,0.480744983425893,5.76893980111071,0,8.55868159085354,5579,60,878.90625,-4.63001311044604,883.536263110446,878.90625,1,0,2,2,5579,0,0,5579,8.55868159085354,5579,0
0.191,885.367609211989,0.568479415527933,0.0284239707763966,4.6357739613779,92.7154792275581,5.77921133646639,0,1000,878.90625,121.09375,5.77921133646639,5.02799939156901,1068.01827514495,0,5.77921133646639,0.481600944705533,5.77921133646639,0,8.65130119270508,5639,60,878.90625,-6.46135921198868,885.367609211989,878.90625,1,0,2,2,5639,0,0,5639,8.65130119270508,5639,0
0.192,887.198281771267,0.56876372338632,0.028438186169316,4.6453593404835,92.90718680967,5.69861045913287,0,1000,893.5546875,106.4453125,5.69861045913287,5.03827092692469,3331.42147928746,0,5.69861045913287,0.47488420492774,5.69861045913287,0,8.74411253330324,5700,61,893.5546875,6.35640572873285,887.198281771267,893.5546875,0,0,0,0,5700,0,0,5700,8.74411253330324,5700,0
0.193,888.948882599552,0.54042320904058,0.027021160452029,4.65452546498602,93.0905092997203,5.79851188273957,0,1000,878.90625,121.09375,5.79851188273957,5.04729993784218,334.77831607288,0,5.79851188273957,0.483209323561631,5.79851188273957,0,8.83711256159256,5760,60,878.90625,-10.0426325995525,888.948882599552,878.90625,0,0,0,0,5760,0,0,5760,8.83711256159256,5760,0
0.194,890.692007806298,0.55871157314526,0.027935578657263,4.66365244722568,93.2730489445136,5.71791100540605,0,1000,893.5546875,106.4453125,5.71791100540605,5.05757147319787,2720.38818006073,0,5.71791100540605,0.476492583783838,5.71791100540605,0,8.93029360928433,5821,61,893.5546875,2.86267969370169,890.692007806298,893.5546875,0,1,1,1,5821,0,0,5821,8.93029360928433,5821,0
0.195,892.409746850137,0.537079502391257,0.0268539751195628,4.67264650782719,93.4529301565439,5.72694001632355,0,1000,893.5546875,106.4453125,5.72694001632355,5.06660048411536,2266.99015005061,0,5.72694001632355,0.477245001360296,5.72694001632355,0,9.02365750370643,5882,61,893.5546875,1.14494064986309,892.409746850137,893.5546875,1,1,3,3,5882,0,0,5882,9.02365750370643,5882,0
0.196,894.060685225567,0.529205528455401,0.0264602764227701,4.68129080094683,93.6258160189366,5.73596902724104,0,1000,893.5546875,106.4453125,5.73596902724104,5.07562949503286,1889.15845837551,0,5.73596902724104,0.477997418936754,5.73596902724104,0,9.11719721694022,5943,61,893.5546875,-0.505997725566999,894.060685225567,893.5546875,1,0,2,2,5943,0,0,5943,9.11719721694022,5943,0
0.197,895.686611252768,0.526457757246729,0.0263228878623365,4.68980412971739,93.7960825943478,5.74499803815854,0,1000,893.5546875,106.4453125,5.74499803815854,5.08465850595035,1574.29871531292,0,5.74499803815854,0.478749836513211,5.74499803815854,0,9.21090829597753,6004,61,893.5546875,-2.13192375276844,895.686611252768,893.5546875,0,0,0,0,6004,0,0,6004,9.21090829597753,6004,0
0.198,897.303095751093,0.525620187844747,0.0262810093922374,4.69826802275835,93.9653604551671,5.75402704907603,0,1000,893.5546875,106.4453125,5.75402704907603,5.09368751686785,1311.9155960941,0,5.75402704907603,0.479502254089669,5.75402704907603,0,9.30478906882353,6065,61,893.5546875,-3.74840825109311,897.303095751093,893.5546875,0,1,1,1,6065,0,0,6065,9.30478906882353,6065,0
0.199,898.915941627277,0.52549462602249,0.0262747313011245,4.70671286401834,94.1342572803668,5.67218364730433,0,1000,908.203125,91.796875,5.67218364730433,5.10271652778534,3534.66924674509,0,5.67218364730433,0.472681970608694,5.67218364730433,0,9.39883889978505,6127,62,908.203125,9.28718337272323,898.915941627277,908.203125,1,0,2,2,6127,0,0,6127,9.39883889978505,6127,0
0.2,900.447609882621,0.496972303407536,0.0248486151703768,4.71473266024955,94.294653204991,5.77084254647284,0,1000,893.5546875,106.4453125,5.77084254647284,5.11050301426465,504.151455620906,0,5.77084254647284,0.480903545539403,5.77084254647284,-8.88178419700125e-16,9.49305454041538,6188,61,893.5546875,-6.89292238262135,900.447609882621,893.5546875,0,0,0,0,6188,0,0,6188,9.49305454041538,6188,0
0.201,901.971389323629,0.515163831496372,0.0257581915748186,4.72271115074549,94.4542230149097,5.68899914470113,0,1000,908.203125,91.796875,5.68899914470113,5.11953202518215,2861.53246301742,0,5.68899914470113,0.474083262058428,5.68899914470113,0,9.5874282487602,6250,62,908.203125,6.23173567637116,901.971389323629,908.203125,1,1,3,1,6250,1,0,6250,9.5874282487602,6250,0
0.202,903.469627503895,0.493466586016853,0.0246733293008427,4.73055590751291,94.6111181502581,5.78765804386964,0,1000,893.5546875,106.4453125,5.78765804386964,5.12731851166145,-56.7958641521486,0,5.78765804386964,0.482304836989137,5.78765804386964,0,9.68196182457995,6311,61,893.5546875,-9.91494000389525,903.469627503895,893.5546875,1,0,2,2,6311,0,0,6311,9.68196182457995,6311,0
0.203,904.980708730805,0.514201587637058,0.0257100793818529,4.7384679103153,94.769358206306,5.70581464209793,0,1000,908.203125,91.796875,5.70581464209793,5.13634752257895,2394.07636320654,0,5.70581464209793,0.475484553508161,5.70581464209793,0,9.77665122858807,6373,62,908.203125,3.22241626919504,904.980708730805,908.203125,0,1,1,1,6373,0,0,6373,9.77665122858807,6373,0
0.204,906.473976096123,0.493452604088186,0.0246726302044093,4.74628663995652,94.9257327991303,5.71360112857724,0,1000,908.203125,91.796875,5.71360112857724,5.14413400905826,1995.06363600545,0,5.71360112857724,0.476133427381437,5.71360112857724,0,9.87149964040101,6435,62,908.203125,1.72914890387688,906.473976096123,908.203125,1,0,2,2,6435,0,0,6435,9.87149964040101,6435,0
0.205,907.903266134068,0.485879177683633,0.0242939588841816,4.75377038509494,95.0754077018989,5.72138761505655,0,1000,908.203125,91.796875,5.72138761505655,5.15192049553756,1662.55303000454,0,5.72138761505655,0.476782301254712,5.72138761505655,0,9.96650053614752,6497,62,908.203125,0.299858865932151,907.903266134068,908.203125,0,1,1,1,6497,0,0,6497,9.96650053614752,6497,0
0.206,909.308597809499,0.483214910866506,0.0241607455433253,4.7611286845406,95.2225736908119,5.72917410153586,0,1000,908.203125,91.796875,5.72917410153586,5.15970698201687,1385.46085833712,0,5.72917410153586,0.477431175127988,5.72917410153586,0,10.0616496508334,6559,62,908.203125,-1.10547280949913,909.308597809499,908.203125,1,0,2,2,6559,0,0,6559,10.0616496508334,6559,0
0.207,910.704882702291,0.482379976328945,0.0241189988164473,4.76843961514312,95.3687923028624,5.73696058801517,0,1000,908.203125,91.796875,5.73696058801517,5.16749346849618,1154.55071528093,0,5.73696058801517,0.478080049001264,5.73696058801517,0,10.1569453827299,6621,62,908.203125,-2.50175770229134,910.704882702291,908.203125,0,1,1,1,6621,0,0,6621,10.1569453827299,6621,0
0.208,912.097678077448,0.482226914305048,0.0241113457152524,4.77573227467403,95.5146454934806,5.74474707449447,0,1000,908.203125,91.796875,5.74474707449447,5.17527995497549,962.125596067444,0,5.74474707449447,0.478728922874539,5.74474707449447,0,10.2523871225371,6683,62,908.203125,-3.89455307744811,912.097678077448,908.203125,1,0,2,2,6683,0,0,6683,10.2523871225371,6683,0
0.209,913.489056027999,0.482328209872699,0.0241164104936349,4.78301751258706,95.6603502517412,5.75253356097378,0,1000,908.203125,91.796875,5.75253356097378,5.1830664414548,801.771330056204,0,5.75253356097378,0.479377796747815,5.75253356097378,0,10.3479746308763,6745,62,908.203125,-5.28593102799891,913.489056027999,908.203125,0,1,1,1,6745,0,0,6745,10.3479746308763,6745,0
0.21,914.87979014982,0.482524578990741,0.024126228949537,4.79029937942074,95.8059875884149,5.66944763476389,0,1000,922.8515625,77.1484375,5.66944763476389,5.1908529279341,3109.54902504684,0,5.66944763476389,0.472453969563657,5.66944763476389,0,10.4437078063586,6808,63,922.8515625,7.97177235017966,914.87979014982,922.8515625,0,0,0,0,6808,0,0,6808,10.4437078063586,6808,0
0.211,916.190467595882,0.454094321646675,0.0227047160823337,4.79716207048037,95.9432414096073,5.76686400949421,0,1000,908.203125,91.796875,5.76686400949421,5.19739688997522,149.884604205697,0,5.76686400949421,0.480572000791184,5.76686400949421,0,10.539583600149,6870,62,908.203125,-7.98734259588196,916.190467595882,908.203125,1,1,3,3,6870,0,0,6870,10.539583600149,6870,0
0.212,917.493678960266,0.472292260104963,0.0236146130052482,4.80398566922774,96.0797133845548,5.68377808328432,0,1000,922.8515625,77.1484375,5.68377808328432,5.20518337645453,2566.31008683808,0,5.68377808328432,0.473648173607026,5.68377808328432,0,10.6355943452006,6933,63,922.8515625,5.35788353973351,917.493678960266,922.8515625,0,1,1,1,6933,0,0,6933,10.6355943452006,6933,0
0.213,918.771511593354,0.450569499077904,0.0225284749538952,4.81067638524879,96.2135277049757,5.69032204532544,0,1000,922.8515625,77.1484375,5.69032204532544,5.21172733849565,2138.59173903173,0,5.69032204532544,0.47419350377712,5.69032204532544,0,10.7317418697128,6996,63,922.8515625,4.08005090664574,918.771511593354,922.8515625,0,0,0,2,6996,1,0,6996,10.7317418697128,6996,0
0.214,919.982550151518,0.442604726124891,0.0221302363062446,4.81701736831135,96.340347366227,5.78773842005576,0,1000,908.203125,91.796875,5.78773842005576,5.21827130053677,-659.246467473555,0,5.78773842005576,0.482311535004647,5.78773842005576,0,10.8280191464947,7058,62,908.203125,-11.7794251515177,919.982550151518,908.203125,1,1,3,3,7058,0,0,7058,10.8280191464947,7058,0
0.215,921.24828522915,0.468428456540535,0.0234214228270268,4.82364474168015,96.472894833603,5.70465249384587,0,1000,922.8515625,77.1484375,5.70465249384587,5.22605778701608,1892.03419377204,0,5.70465249384587,0.475387707820489,5.70465249384586,-8.88178419700125e-16,10.9244247222303,7121,63,922.8515625,1.60327727085007,921.24828522915,922.8515625,0,1,1,1,7121,0,0,7121,10.9244247222303,7121,0
0.216,922.511806382961,0.449547773171755,0.0224773886585878,4.83026052297093,96.6052104594187,5.71119645588699,0,1000,922.8515625,77.1484375,5.71119645588699,5.2326017490572,1576.6951614767,0,5.71119645588699,0.475933037990582,5.71119645588699,0,11.0209645621807,7184,63,922.8515625,0.339756117038633,922.511806382961,922.8515625,0,0,0,0,7184,0,0,7184,11.0209645621807,7184,0
0.217,923.71716874344,0.442642790404257,0.0221321395202128,4.83657178553193,96.7314357106385,5.71774041792811,0,1000,922.8515625,77.1484375,5.71774041792811,5.23914571109832,1313.91263456391,0,5.71774041792811,0.476478368160676,5.71774041792811,0,11.1176331810056,7247,63,922.8515625,-0.865606243440311,923.71716874344,922.8515625,1,0,2,2,7247,0,0,7247,11.1176331810056,7247,0
0.218,924.90074691714,0.440199918179184,0.0220099959089592,4.84276898635766,96.8553797271533,5.72428437996923,0,1000,922.8515625,77.1484375,5.72428437996923,5.24568967313944,1094.92719546993,0,5.72428437996923,0.477023698330769,5.72428437996923,0,11.2144267013078,7310,63,922.8515625,-2.04918441713971,924.90074691714,922.8515625,1,1,3,3,7310,0,0,7310,11.2144267013078,7310,0
0.219,926.076094614108,0.439419803924015,0.0219709901962008,4.84892309250801,96.9784618501603,5.73082834201035,0,1000,922.8515625,77.1484375,5.73082834201035,5.25223363518056,912.439329558274,0,5.73082834201035,0.477569028500862,5.73082834201035,0,11.3113436664272,7373,63,922.8515625,-3.22453211410823,926.076094614108,922.8515625,0,1,1,1,7373,0,0,7373,11.3113436664272,7373,0
0.22,927.248263110801,0.439259484949791,0.0219629742474896,4.85506055240465,97.1012110480929,5.64649989136227,0,1000,937.5,62.5,5.64649989136227,5.25877759722168,3201.77235796523,0,5.64649989136227,0.470541657613522,5.64649989136227,0,11.4083835217648,7437,64,937.5,10.2517368891989,927.248263110801,937.5,0,1,1,1,7437,0,0,7437,11.4083835217648,7437,0
0.221,928.339433261003,0.410668028004087,0.0205334014002044,4.8607739059508,97.215478119016,5.7426737416544,0,1000,922.8515625,77.1484375,5.7426737416544,5.26407903482461,226.73738163769,0,5.7426737416544,0.478556145137867,5.7426737416544,0,11.5055430499419,7500,63,922.8515625,-5.48787076100291,928.339433261003,922.8515625,0,0,0,0,7500,0,0,7500,11.5055430499419,7500,0
0.222,929.422789386178,0.428777592584373,0.0214388796292187,4.86644634535758,97.3289269071516,5.74921770369552,0,1000,922.8515625,77.1484375,5.74921770369552,5.27062299686573,188.947818031409,0,5.74921770369552,0.47910147530796,5.74921770369552,-8.88178419700125e-16,11.6028145214225,7563,63,922.8515625,-6.57122688617767,929.422789386178,922.8515625,1,0,2,2,7563,0,0,7563,11.6028145214225,7563,0
0.223,930.560342641617,0.435655934044928,0.0217827967022464,4.87240256027484,97.4480512054968,5.66488925304744,0,1000,937.5,62.5,5.66488925304744,5.27716695890685,2598.86276502617,0,5.66488925304744,0.47207410442062,5.66488925304744,0,11.7002027404483,7627,64,937.5,6.93965735838344,930.560342641617,937.5,1,0,2,2,7627,0,0,7627,11.7002027404483,7627,0
0.224,931.638278969475,0.409687775282632,0.0204843887641316,4.87804662168924,97.5609324337847,5.76106310333957,0,1000,922.8515625,77.1484375,5.76106310333957,5.28246839650979,-275.687279144855,0,5.76106310333957,0.480088591944964,5.76106310333957,0,11.7977083081783,7690,63,922.8515625,-8.7867164694751,931.638278969475,922.8515625,1,1,3,3,7690,0,0,7690,11.7977083081783,7690,0
0.225,932.716371955344,0.428775588415653,0.0214387794207826,4.88369150336305,97.6738300672611,5.67673465269149,0,1000,937.5,62.5,5.67673465269149,5.28901235855091,2211.66685071262,0,5.67673465269149,0.473061221057624,5.67673465269149,0,11.8953249182369,7754,64,937.5,4.78362804465633,932.716371955344,937.5,1,1,3,3,7754,0,0,7754,11.8953249182369,7754,0
0.226,933.771933597935,0.407356916907357,0.0203678458453679,4.88921841119935,97.784368223987,5.68203609029443,0,1000,937.5,62.5,5.68203609029443,5.29431379615384,1843.05570892718,0,5.68203609029443,0.473503007524536,5.68203609029443,0,11.9930549065481,7818,64,937.5,3.72806640206477,933.771933597935,937.5,1,1,3,3,7818,0,0,7818,11.9930549065481,7818,0
0.227,934.76176929426,0.3994779674006,0.01997389837003,4.89440117878574,97.8880235757148,5.68733752789736,0,1000,937.5,62.5,5.68733752789736,5.29961523375677,1535.87975743932,0,5.68733752789736,0.473944793991447,5.68733752789736,0,12.0908914358518,7882,64,937.5,2.73823070574008,934.76176929426,937.5,1,1,3,1,7882,1,0,7882,12.0908914358518,7882,0
0.228,935.727004000456,0.396643831363092,0.0198321915681546,4.89945513588903,97.9891027177807,5.78351137818949,0,1000,922.8515625,77.1484375,5.78351137818949,5.30491667135971,-1161.5064521339,0,5.78351137818949,0.481959281515791,5.78351137818949,0,12.1888301253278,7945,63,922.8515625,-12.8754415004562,935.727004000456,922.8515625,0,1,1,1,7945,0,0,7945,12.1888301253278,7945,0
0.229,936.762663875193,0.424351896333881,0.021217594816694,4.90487783831252,98.0975567662503,5.69918292754141,0,1000,937.5,62.5,5.69918292754141,5.31146063340083,1473.48420655508,0,5.69918292754141,0.474931910628451,5.69918292754141,-8.88178419700125e-16,12.2868723300384,8009,64,937.5,0.737336124807371,936.762663875193,937.5,0,1,1,1,8009,0,0,8009,12.2868723300384,8009,0
0.23,937.801978466278,0.406146045449098,0.0203073022724549,4.91031967678606,98.2063935357211,5.70448436514434,0,1000,937.5,62.5,5.70448436514434,5.31676207100376,1227.90350546257,0,5.70448436514434,0.475373697095362,5.70448436514434,-8.88178419700125e-16,12.3850250624722,8073,64,937.5,-0.301978466278456,937.801978466278,937.5,0,1,1,1,8073,0,0,8073,12.3850250624722,8073,0
0.231,938.785329230631,0.399465246838748,0.0199732623419374,4.91546848934804,98.3093697869609,5.70978580274728,0,1000,937.5,62.5,5.70978580274728,5.32206350860669,1023.25292121881,0,5.70978580274728,0.475815483562273,5.70978580274728,-8.88178419700125e-16,12.4832832283501,8137,64,937.5,-1.28532923063119,938.785329230631,937.5,0,1,1,1,8137,0,0,8137,12.4832832283501,8137,0
0.232,939.747721954124,0.397078637913971,0.0198539318956985,4.9205075658647,98.410151317294,5.71508724035021,0,1000,937.5,62.5,5.71508724035021,5.32736494620962,852.71076768234,0,5.71508724035021,0.476257270029184,5.71508724035021,-8.88178419700125e-16,12.5816430968549,8201,64,937.5,-2.24772195412424,939.747721954124,937.5,0,1,1,1,8201,0,0,8201,12.5816430968549,8201,0
0.233,940.702200249855,0.396292202559053,0.0198146101279526,4.9255052025345,98.51010405069,5.62951626526394,0,1000,952.1484375,47.8515625,5.62951626526394,5.33266638381256,3151.99855640195,0,5.62951626526394,0.469126355438662,5.62951626526394,0,12.6801032668082,8266,65,952.1484375,11.4462372501446,940.702200249855,952.1484375,1,1,3,3,8266,0,0,8266,12.6801032668082,8266,0
0.234,941.573922596301,0.367439872558067,0.0183719936279034,4.93006953006711,98.6013906013421,5.72444759111789,0,1000,937.5,62.5,5.72444759111789,5.3367252969773,185.259213668292,0,5.72444759111789,0.477037299259824,5.72444759111789,0,12.7786602061166,8330,64,937.5,-4.0739225963008,941.573922596301,937.5,1,1,3,3,8330,0,0,8330,12.7786602061166,8330,0
0.235,942.43718260285,0.385424625982563,0.0192712312991281,4.93458954889163,98.6917909778326,5.72974902872082,0,1000,937.5,62.5,5.72974902872082,5.34202673458024,154.38267805691,0,5.72974902872082,0.477479085726735,5.72974902872082,0,12.8773060686779,8394,64,937.5,-4.9371826028505,942.43718260285,937.5,1,1,3,3,8394,0,0,8394,12.8773060686779,8394,0
0.236,943.354404625183,0.392228831988385,0.0196114415994193,4.93939211217008,98.7878422434016,5.64417805363455,0,1000,952.1484375,47.8515625,5.64417805363455,5.34732817218317,2570.05848171409,0,5.64417805363455,0.470348171136213,5.64417805363455,0,12.9760456159822,8459,65,952.1484375,8.79403287481659,943.354404625183,952.1484375,1,0,2,2,8459,0,0,8459,12.9760456159822,8459,0
0.237,944.211928464771,0.3662054012529,0.018310270062645,4.94388209649463,98.8776419298925,5.7391093794885,0,1000,937.5,62.5,5.7391093794885,5.35138708534791,-299.690848571591,0,5.7391093794885,0.478259114957375,5.7391093794885,0,13.0748794339292,8523,64,937.5,-6.71192846477095,944.211928464771,937.5,1,0,2,2,8523,0,0,8523,13.0748794339292,8523,0
0.238,945.069584944663,0.385244953801268,0.0192622476900634,4.94837277532218,98.9674555064436,5.74441081709143,0,1000,937.5,62.5,5.74441081709143,5.35668852295085,-249.742373809659,0,5.74441081709143,0.478700901424286,5.74441081709143,0,13.1738012111179,8587,64,937.5,-7.56958494466255,945.069584944663,937.5,1,0,2,2,8587,0,0,8587,13.1738012111179,8587,0
0.239,945.984409942069,0.392442968742398,0.0196221484371199,4.95316278780746,99.0632557561492,5.65883984200517,0,1000,952.1484375,47.8515625,5.65883984200517,5.36198996055378,2233.28760515862,0,5.65883984200517,0.471569986833764,5.65883984200517,0,13.2728162812732,8652,65,952.1484375,6.16402755793149,945.984409942069,952.1484375,0,0,0,0,8652,0,0,8652,13.2728162812732,8652,0
0.24,946.840735607934,0.366567069785608,0.0183283534892804,4.95764649850907,99.1529299701813,5.66289875516991,0,1000,952.1484375,47.8515625,5.66289875516991,5.36604887371852,1861.07300429885,0,5.66289875516991,0.471908229597493,5.66289875516991,0,13.371925443936,8717,65,952.1484375,5.30770189206646,946.840735607934,952.1484375,0,1,1,1,8717,0,0,8717,13.371925443936,8717,0
0.241,947.617942076767,0.357000036131523,0.0178500018065762,4.96171594206375,99.234318841275,5.75783008102386,0,1000,937.5,62.5,5.75783008102386,5.37010778688327,-890.51207975096,0,5.75783008102386,0.479819173418655,5.75783008102386,0,13.4711194687157,8781,64,937.5,-10.1179420767669,947.617942076767,937.5,0,1,1,1,8781,0,0,8781,13.4711194687157,8781,0
0.242,948.445267543187,0.382171851224527,0.0191085925612264,4.96604780807614,99.3209561615227,5.67225910593759,0,1000,952.1484375,47.8515625,5.67225910593759,5.3754092244862,1699.31285020753,0,5.67225910593759,0.472688258828132,5.67225910593759,-8.88178419700125e-16,13.5703960829721,8846,65,952.1484375,3.70316995681299,948.445267543187,952.1484375,1,1,3,3,8846,0,0,8846,13.5703960829721,8846,0
0.243,949.268687901339,0.362993286120002,0.0181496643060001,4.97035922698945,99.4071845397889,5.67631801910233,0,1000,952.1484375,47.8515625,5.67631801910233,5.37946813765095,1416.09404183961,0,5.67631801910233,0.473026501591861,5.67631801910233,0,13.6697609482144,8911,65,952.1484375,2.87974959866108,949.268687901339,952.1484375,1,0,2,2,8911,0,0,8911,13.6697609482144,8911,0
0.244,950.033333454568,0.355922287028511,0.0177961143514255,4.97436290174382,99.4872580348765,5.68037693226708,0,1000,952.1484375,47.8515625,5.68037693226708,5.38352705081569,1180.07836819968,0,5.68037693226708,0.47336474435559,5.68037693226708,0,13.7692084674169,8976,65,952.1484375,2.11510404543151,950.033333454568,952.1484375,0,0,0,0,8976,0,0,8976,13.7692084674169,8976,0
0.245,950.775979196886,0.353362490901503,0.0176681245450751,4.97825138575763,99.5650277151526,5.68443584543182,0,1000,952.1484375,47.8515625,5.68443584543182,5.38758596398044,983.398640166397,0,5.68443584543182,0.473702987119319,5.68443584543182,0,13.8687347230357,9041,65,952.1484375,1.37245830311429,950.775979196886,952.1484375,0,1,1,0,9041,1,0,9041,13.8687347230357,9041,0
0.246,951.510327822688,0.352483706822363,0.0176241853411181,4.98209642617095,99.641928523419,5.77936717128577,0,1000,937.5,62.5,5.77936717128577,5.39164487714518,-1621.90738319467,0,5.77936717128577,0.481613930940481,5.77936717128577,0,13.9683382448972,9105,64,937.5,-14.0103278226876,951.510327822688,937.5,0,1,1,1,9105,0,0,9105,13.9683382448972,9105,0
0.247,952.321188568161,0.380893834282637,0.0190446917141319,4.98634208310606,99.7268416621211,5.6937961961995,0,1000,952.1484375,47.8515625,5.6937961961995,5.39694631474812,1089.81676400444,0,5.6937961961995,0.474483016349959,5.6937961961995,0,14.068021473815,9170,65,952.1484375,-0.172751068161006,952.321188568161,952.1484375,1,1,3,3,9170,0,0,9170,14.068021473815,9170,0
0.248,953.137984277461,0.362923073160825,0.0181461536580413,4.99061881543909,99.8123763087818,5.69785510936425,0,1000,952.1484375,47.8515625,5.69785510936425,5.40100522791286,908.180636670368,0,5.69785510936425,0.474821259113687,5.69785510936425,0,14.1677918281076,9235,65,952.1484375,-0.98954677746076,953.137984277461,952.1484375,1,0,2,2,9235,0,0,9235,14.1677918281076,9235,0
0.249,953.899677970063,0.356303351125389,0.0178151675562695,4.99460703428737,99.8921406857473,5.61104160983979,0,1000,966.796875,33.203125,5.61104160983979,5.40506414107761,3198.22344722531,0,5.61104160983979,0.467586800819983,5.61104160983979,0,14.2676443659885,9301,66,966.796875,12.8971970299367,953.899677970063,966.796875,0,1,1,0,9301,1,0,9301,14.2676443659885,9301,0
0.25,954.561044157847,0.325250603189755,0.0162625301594878,4.99806993954883,99.9613987909765,5.70473041125555,0,1000,952.1484375,47.8515625,5.70473041125555,5.40788052980416,223.779956021089,0,5.70473041125555,0.475394200937963,5.70473041125555,0,14.3675724157069,9366,65,952.1484375,-2.41260665784728,954.561044157847,952.1484375,1,1,3,3,9366,0,0,9366,14.3675724157069,9366,0
0.251,955.207410410984,0.342388417437498,0.0171194208718749,5.00145430533613,100.029086106723,5.7087893244203,0,1000,952.1484375,47.8515625,5.7087893244203,5.41193944296891,186.483296684241,0,5.7087893244203,0.475732443701691,5.7087893244203,0,14.4675669623694,9431,65,952.1484375,-3.0589729109837,955.207410410984,952.1484375,1,0,2,2,9431,0,0,9431,14.4675669623694,9431,0
0.252,955.905311899738,0.348849927945038,0.0174424963972519,5.00510850898613,100.102170179723,5.71284823758504,0,1000,952.1484375,47.8515625,5.71284823758504,5.41599835613366,155.402747236868,0,5.71284823758504,0.47607068646542,5.71284823758504,0,14.567632332951,9496,65,952.1484375,-3.75687439973797,955.905311899738,952.1484375,0,0,0,0,9496,0,0,9496,14.567632332951,9496,0
0.253,956.622322514335,0.351333996221907,0.0175666998110953,5.00886276778507,100.177255355701,5.71690715074979,0,1000,952.1484375,47.8515625,5.71690715074979,5.4200572692984,129.502289364056,0,5.71690715074979,0.476408929229149,5.71690715074979,0,14.6677719514161,9561,65,952.1484375,-4.473885014335,956.622322514335,952.1484375,0,1,1,1,9561,0,0,9561,14.6677719514161,9561,0
0.254,957.346362456859,0.352336422851948,0.0176168211425974,5.01265383205897,100.253076641179,5.63009365122533,0,1000,966.796875,33.203125,5.63009365122533,5.42411618246315,2549.32482447005,0,5.63009365122533,0.469174470935444,5.63009365122533,0,14.7679870839269,9627,66,966.796875,9.4505125431408,957.346362456859,966.796875,1,0,2,2,9627,0,0,9627,14.7679870839269,9627,0
0.255,957.993229726995,0.324124717208122,0.0162062358604061,5.01604082116515,100.320816423303,5.72378245264109,0,1000,952.1484375,47.8515625,5.72378245264109,5.4269325711897,-316.968896274961,0,5.72378245264109,0.476981871053424,5.72378245264109,0,14.8682751938161,9692,65,952.1484375,-5.8447922269952,957.993229726995,952.1484375,0,0,0,0,9692,0,0,9692,14.8682751938161,9692,0
0.256,958.633730275219,0.342322253540105,0.0171161126770052,5.01939447419334,100.387889483867,5.63696895311663,0,1000,966.796875,33.203125,5.63696895311663,5.43099148435445,2177.2655031042,0,5.63696895311663,0.46974741275972,5.63696895311663,-8.88178419700125e-16,14.9686288074776,9758,66,966.796875,8.16314472478132,958.633730275219,966.796875,1,1,3,1,9758,1,0,9758,14.9686288074776,9758,0
0.257,959.249286207202,0.320517449367239,0.016025872468362,5.02261751751633,100.452350350327,5.73065775453239,0,1000,952.1484375,47.8515625,5.73065775453239,5.43380787308101,-627.0183307465,0,5.73065775453239,0.477554812877699,5.73065775453239,0,15.069049827767,9823,65,952.1484375,-7.1008487072022,959.249286207202,952.1484375,1,0,2,2,9823,0,0,9823,15.069049827767,9823,0
0.258,959.877936633558,0.341102503121251,0.0170551251560626,5.02590912345152,100.51818246903,5.73471666769714,0,1000,952.1484375,47.8515625,5.73471666769714,5.43786678624575,-522.515275622084,0,5.73471666769714,0.477893055641428,5.73471666769714,-8.88178419700125e-16,15.169534256882,9888,65,952.1484375,-7.72949913355751,959.877936633558,952.1484375,0,0,0,0,9888,0,0,9888,15.169534256882,9888,0
0.259,960.568598278113,0.348850053550115,0.0174425026775057,5.02952541936594,100.590508387319,5.64790316817268,0,1000,966.796875,33.203125,5.64790316817268,5.4419256994105,2005.97685364826,0,5.64790316817268,0.470658597347724,5.64790316817268,0,15.2700882919503,9954,66,966.796875,6.22827672188737,960.568598278113,966.796875,1,1,3,3,9954,0,0,9954,15.2700882919503,9954,0
0.26,961.202578144738,0.323152586480966,0.0161576293240483,5.03284493018513,100.656898603703,5.65071955689924,0,1000,966.796875,33.203125,5.65071955689924,5.44474208813705,1671.64737804022,0,5.65071955689924,0.47089329640827,5.65071955689924,-8.88178419700125e-16,15.3707130555942,10020,66,966.796875,5.59429685526152,961.202578144738,966.796875,0,0,0,0,10020,0,0,10020,15.3707130555942,10020,0
0.261,961.75812910417,0.313625687317018,0.0156812843658509,5.03575378820654,100.715075764131,5.744408358315,0,1000,952.1484375,47.8515625,5.744408358315,5.44755847686361,-1048.36676829982,0,5.744408358315,0.47870069652625,5.744408358315,0,15.4713994391778,10085,65,952.1484375,-9.60969160416971,961.75812910417,952.1484375,0,1,1,1,10085,0,0,10085,15.4713994391778,10085,0
0.262,962.364069186647,0.338786076896927,0.0169393038448464,5.03892648305925,100.778529661185,5.65759485879054,0,1000,966.796875,33.203125,5.65759485879054,5.45161739002836,1567.76727641682,0,5.65759485879054,0.471466238232545,5.65759485879054,0,15.5721452167878,10151,66,966.796875,4.43280581335307,962.364069186647,966.796875,1,0,2,2,10151,0,0,10151,15.5721452167878,10151,0
0.263,962.966217569331,0.319576842610746,0.0159788421305373,5.04207932461827,100.841586492365,5.6604112475171,0,1000,966.796875,33.203125,5.6604112475171,5.45443377875492,1306.47273034735,0,5.6604112475171,0.471700937293092,5.6604112475171,0,15.6729560686886,10217,66,966.796875,3.83065743066902,962.966217569331,966.796875,0,1,1,1,10217,0,0,10217,15.6729560686886,10217,0
0.264,963.509645993926,0.312467971269708,0.0156233985634854,5.0449247091957,100.898494183914,5.75410004893286,0,1000,952.1484375,47.8515625,5.75410004893286,5.45725016748147,-1352.67897471054,0,5.75410004893286,0.479508337411072,5.75410004893286,0,15.7738264061702,10282,65,952.1484375,-11.3612084939257,963.509645993926,952.1484375,1,1,3,3,10282,0,0,10282,15.7738264061702,10282,0
0.265,964.110810103442,0.338529937432412,0.0169264968716206,5.04807239711246,100.961447942249,5.6672865494084,0,1000,966.796875,33.203125,5.6672865494084,5.46130908064622,1314.17377107455,0,5.6672865494084,0.472273879117367,5.6672865494084,0,15.8747553151196,10348,66,966.796875,2.68606489655849,964.110810103442,966.796875,0,0,0,0,10348,0,0,10348,15.8747553151196,10348,0
0.266,964.710923155218,0.319657284089954,0.0159828642044977,5.05121458170377,101.024291634075,5.67010293813496,0,1000,966.796875,33.203125,5.67010293813496,5.46412546937278,1095.14480922879,0,5.67010293813496,0.472508578177914,5.67010293813496,0,15.9757489649119,10414,66,966.796875,2.0859518447819,964.710923155218,966.796875,1,1,3,3,10414,0,0,10414,15.9757489649119,10414,0
0.267,965.253340809347,0.312674483278785,0.0156337241639393,5.05405467389941,101.081093477988,5.67291932686152,0,1000,966.796875,33.203125,5.67291932686152,5.46694185809933,912.620674357325,0,5.67291932686152,0.47274327723846,5.67291932686152,-8.88178419700125e-16,16.0768019494324,10480,66,966.796875,1.54353419065342,965.253340809347,966.796875,0,0,0,0,10480,0,0,10480,16.0768019494324,10480,0
0.268,965.774176660365,0.310121729551551,0.0155060864775775,5.05678176403822,101.135635280764,5.67573571558808,0,1000,966.796875,33.203125,5.67573571558808,5.46975824682589,760.517228631104,0,5.67573571558808,0.472977976299007,5.67573571558808,0,16.1779104239363,10546,66,966.796875,1.02269833963533,965.774176660365,966.796875,1,1,3,3,10546,0,0,10546,16.1779104239363,10546,0
0.269,966.286886768913,0.309219710012919,0.0154609855006459,5.05946630788895,101.189326157779,5.67855210431464,0,1000,966.796875,33.203125,5.67855210431464,5.47257463555245,633.764357192587,0,5.67855210431464,0.473212675359553,5.67855210431464,0,16.2790729470216,10612,66,966.796875,0.509988231087391,966.286886768913,966.796875,0,0,0,0,10612,0,0,10612,16.2790729470216,10612,0
0.27,966.796485631736,0.308932929240812,0.0154466464620406,5.06213456129515,101.242691225903,5.68136849304119,0,1000,966.796875,33.203125,5.68136849304119,5.47539102427901,528.136964327156,0,5.68136849304119,0.473447374420099,5.68136849304119,-8.88178419700125e-16,16.3802889728247,10678,66,966.796875,0.000389368263995493,966.796485631736,966.796875,1,1,3,3,10678,0,0,10678,16.3802889728247,10678,0
0.271,967.304842645045,0.308875588285788,0.0154437794142894,5.06479631239251,101.29592624785,5.68418488176775,0,1000,966.796875,33.203125,5.68418488176775,5.47820741300557,440.114136939297,0,5.68418488176775,0.473682073480646,5.68418488176775,0,16.4815582892536,10744,66,966.796875,-0.507967645045028,967.304842645045,966.796875,0,0,0,0,10744,0,0,10744,16.4815582892536,10744,0
0.272,967.812655415241,0.308903946531663,0.0154451973265832,5.06745521383958,101.349104276792,5.68700127049431,0,1000,966.796875,33.203125,5.68700127049431,5.48102380173212,366.761780782747,0,5.68700127049431,0.473916772541192,5.68700127049431,0,16.582880808689,10810,66,966.796875,-1.01578041524078,967.812655415241,966.796875,1,1,3,3,10810,0,0,10810,16.582880808689,10810,0
0.273,968.320184958161,0.308964447402843,0.0154482223701422,5.07011263231211,101.402252646242,5.68981765922087,0,1000,966.796875,33.203125,5.68981765922087,5.48384019045868,305.634817318956,0,5.68981765922087,0.474151471601739,5.68981765922087,-8.88178419700125e-16,16.6842564900028,10876,66,966.796875,-1.52330995816101,968.320184958161,966.796875,0,0,0,0,10876,0,0,10876,16.6842564900028,10876,0
0.274,968.827529613467,0.309037134353459,0.015451856717673,5.07276908271536,101.455381654307,5.69263404794742,0,1000,966.796875,33.203125,5.69263404794742,5.48665657918524,254.69568109913,0,5.69263404794742,0.474386170662285,5.69263404794742,0,16.7856853095039,10942,66,966.796875,-2.03065461346705,968.827529613467,966.796875,1,1,3,3,10942,0,0,10942,16.7856853095039,10942,0
0.275,969.334727097497,0.309114569285481,0.015455728464274,5.0754247625316,101.508495250632,5.69545043667398,0,1000,966.796875,33.203125,5.69545043667398,5.4894729679118,212.246400915942,0,5.69545043667398,0.474620869722832,5.69545043667398,0,16.887167250111,11008,66,966.796875,-2.53785209749685,969.334727097497,966.796875,0,0,0,0,11008,0,0,11008,16.887167250111,11008,0
0.276,969.841792525438,0.309193978154743,0.0154596989077372,5.07807975090379,101.561595018076,5.69826682540054,0,1000,966.796875,33.203125,5.69826682540054,5.49228935663835,176.872000763285,0,5.69826682540054,0.474855568783378,5.69826682540054,-8.88178419700125e-16,16.9887022973177,11074,66,966.796875,-3.04491752543822,969.841792525438,966.796875,1,1,3,3,11074,0,0,11074,16.9887022973177,11074,0
0.277,970.348732577499,0.309274324648255,0.0154637162324128,5.08073408280939,101.614681656188,5.6102108014379,0,1000,981.4453125,18.5546875,5.6102108014379,5.49510574536491,2588.7995839694,0,5.6102108014379,0.467517566786491,5.6102108014379,0,17.0902904376874,11141,67,981.4453125,11.0965799225014,970.348732577499,981.4453125,0,1,1,1,11141,0,0,11141,17.0902904376874,11141,0
0.278,970.775848138598,0.280692868749336,0.0140346434374668,5.0829704546577,101.659409093154,5.70265707841547,0,1000,966.796875,33.203125,5.70265707841547,5.49667960965328,-284.07326335883,0,5.70265707841547,0.475221423201289,5.70265707841547,0,17.1919286592683,11207,66,966.796875,-3.97897313859812,970.775848138598,966.796875,1,0,2,2,11207,0,0,11207,17.1919286592683,11207,0
0.279,971.195622617579,0.298726400934374,0.0149363200467187,5.08516838868992,101.703367773798,5.70547346714203,0,1000,966.796875,33.203125,5.70547346714203,5.49949599837984,-236.727719465692,0,5.70547346714203,0.475456122261835,5.70547346714203,0,17.2936093128141,11273,66,966.796875,-4.39874761757903,971.195622617579,966.796875,0,1,1,1,11273,0,0,11273,17.2936093128141,11273,0
0.28,971.669805546343,0.305496563199934,0.0152748281599967,5.08765120469902,101.75302409398,5.70828985586858,0,1000,966.796875,33.203125,5.70828985586858,5.5023123871064,-197.273099554743,0,5.70828985586858,0.475690821322382,5.70828985586858,0,17.3953372361823,11339,66,966.796875,-4.87293054634256,971.669805546343,966.796875,1,0,2,2,11339,0,0,11339,17.3953372361823,11339,0
0.281,972.164187555218,0.308070507498073,0.0154035253749036,5.09023978284427,101.804795656885,5.62023383190594,0,1000,981.4453125,18.5546875,5.62023383190594,5.50512877583296,2277.01200037105,0,5.62023383190594,0.468352819325495,5.62023383190594,0,17.4971160457314,11406,67,981.4453125,9.28112494478216,972.164187555218,981.4453125,1,1,3,3,11406,0,0,11406,17.4971160457314,11406,0
0.282,972.58632155182,0.280418898411898,0.0140209449205949,5.09245007128186,101.849001425637,5.71268010888351,0,1000,966.796875,33.203125,5.71268010888351,5.50670264012133,-543.896249690794,0,5.71268010888351,0.476056675740293,5.71268010888351,0,17.5989440823069,11472,66,966.796875,-5.78944655181954,972.58632155182,966.796875,0,0,0,0,11472,0,0,11472,17.5989440823069,11472,0
0.283,973.003941357254,0.298799657676214,0.0149399828838107,5.09463672346977,101.892734469395,5.62462408492087,0,1000,981.4453125,18.5546875,5.62462408492087,5.50951902884788,1988.15937525767,0,5.62462408492087,0.468718673743406,5.62462408492087,0,17.7008142011091,11539,67,981.4453125,8.44137114274599,973.003941357254,981.4453125,1,0,2,2,11539,0,0,11539,17.7008142011091,11539,0
0.284,973.397324248846,0.277037617663442,0.0138518808831721,5.09669647147356,101.933929429471,5.71707036189844,0,1000,966.796875,33.203125,5.71707036189844,5.51109289313625,-784.606770618607,0,5.71707036189844,0.476422530158203,5.71707036189844,0,17.8027284293433,11605,66,966.796875,-6.6004492488463,973.397324248846,966.796875,0,1,1,1,11605,0,0,11605,17.8027284293433,11605,0
0.285,973.804082569276,0.297613058837275,0.0148806529418638,5.09882625305898,101.97652506118,5.6290143379358,0,1000,981.4453125,18.5546875,5.6290143379358,5.51390928186281,1787.56727448449,0,5.6290143379358,0.469084528161316,5.6290143379358,-8.88178419700125e-16,17.9046828173566,11672,67,981.4453125,7.64122993072397,973.804082569276,981.4453125,0,0,0,2,11672,1,0,11672,17.9046828173566,11672,0
0.286,974.193271167989,0.276669086239288,0.0138334543119644,5.10086403979661,102.017280795932,5.72146061491337,0,1000,966.796875,33.203125,5.72146061491337,5.51548314615118,-951.766854596255,0,5.72146061491337,0.476788384576114,5.72146061491337,-8.88178419700125e-16,18.0066805829884,11738,66,966.796875,-7.39639616798911,974.193271167989,966.796875,1,1,3,3,11738,0,0,11738,18.0066805829884,11738,0
0.287,974.598321204954,0.297549702385602,0.0148774851192801,5.10298487683072,102.059697536614,5.63340459095073,0,1000,981.4453125,18.5546875,5.63340459095073,5.51829953487774,1648.26720450312,0,5.63340459095073,0.469450382579227,5.63340459095073,0,18.1087182203939,11805,67,981.4453125,6.84699129504554,974.598321204954,981.4453125,0,1,1,0,11805,1,0,11805,18.1087182203939,11805,0
0.288,974.986729713506,0.276719810481568,0.0138359905240784,5.10501857902581,102.100371580516,5.7258508679283,0,1000,966.796875,33.203125,5.7258508679283,5.51987339916611,-1067.8502462474,0,5.7258508679283,0.477154238994025,5.7258508679283,0,18.2107991129707,11871,66,966.796875,-8.18985471350629,974.986729713506,966.796875,1,0,2,2,11871,0,0,11871,18.2107991129707,11871,0
0.289,975.391347429111,0.297643305891052,0.0148821652945526,5.10713715243057,102.142743048611,5.63779484396565,0,1000,981.4453125,18.5546875,5.63779484396565,5.52268978789267,1551.53104479383,0,5.63779484396565,0.469816236997138,5.63779484396565,0,18.312919816762,11938,67,981.4453125,6.05396507088915,975.391347429111,981.4453125,1,1,3,3,11938,0,0,11938,18.312919816762,11938,0
0.29,975.779455109067,0.276829760529918,0.0138414880264959,5.10916927949083,102.183385589817,5.73024112094322,0,1000,966.796875,33.203125,5.73024112094322,5.52426365218104,-1148.4637126718,0,5.73024112094322,0.477520093411935,5.73024112094322,0,18.4150837384262,12004,66,966.796875,-8.98258010906693,975.779455109067,966.796875,0,0,0,0,12004,0,0,12004,18.4150837384262,12004,0
0.291,976.183822884459,0.297759712113185,0.0148879856056593,5.11128654421169,102.225730884234,5.64218509698058,0,1000,981.4453125,18.5546875,5.64218509698058,5.5270800409076,1484.35315610683,0,5.64218509698058,0.470182091415048,5.64218509698058,0,18.5172874428726,12071,67,981.4453125,5.26148961554088,976.183822884459,981.4453125,1,0,2,2,12071,0,0,12071,18.5172874428726,12071,0
0.292,976.571701455928,0.276948933088374,0.0138474466544187,5.11331747166271,102.266349433254,5.64375896126895,0,1000,981.4453125,18.5546875,5.64375896126895,5.52865390519597,1236.96096342236,0,5.64375896126895,0.470313246772413,5.64375896126895,-8.88178419700125e-16,18.6195343402605,12138,67,981.4453125,4.87361104407182,976.571701455928,981.4453125,1,1,3,1,12138,1,0,12138,18.6195343402605,12138,0
0.293,976.896147092465,0.269217920208103,0.0134608960104051,5.1150162650431,102.300325300862,5.73620523824652,0,1000,966.796875,33.203125,5.73620523824652,5.53022776948434,-1410.60544714803,0,5.73620523824652,0.47801710318721,5.73620523824652,-8.88178419700125e-16,18.7218179979752,12204,66,966.796875,-10.099272092465,976.896147092465,966.796875,0,0,0,0,12204,0,0,12204,18.7218179979752,12204,0
0.294,977.276590002151,0.295022595932005,0.0147511297966002,5.11700825946007,102.340165189201,5.64814921428388,0,1000,981.4453125,18.5546875,5.64814921428388,5.53304415821089,1265.90171070997,0,5.64814921428388,0.470679101190323,5.64814921428388,0,18.8241371893353,12271,67,981.4453125,4.16872249784888,977.276590002151,981.4453125,1,0,2,2,12271,0,0,12271,18.8241371893353,12271,0
0.295,977.655351442288,0.276028539376811,0.0138014269688406,5.11899144972307,102.379828994461,5.64972307857225,0,1000,981.4453125,18.5546875,5.64972307857225,5.53461802249926,1054.91809225831,0,5.64972307857225,0.470810256547687,5.64972307857225,0,18.9264979690826,12338,67,981.4453125,3.78996105771193,977.655351442288,981.4453125,1,1,3,3,12338,0,0,12338,18.9264979690826,12338,0
0.296,977.976199647464,0.268974917821625,0.0134487458910813,5.1206714069969,102.413428139938,5.74216935554982,0,1000,966.796875,33.203125,5.74216935554982,5.53619188678763,-1562.30783978474,0,5.74216935554982,0.478514112962485,5.74216935554982,0,19.0288948901895,12404,66,966.796875,-11.1793246474645,977.976199647464,966.796875,0,0,0,0,12404,0,0,12404,19.0288948901895,12404,0
0.297,978.355104332727,0.295032495494861,0.014751624774743,5.12265534728962,102.453106945792,5.65411333158718,0,1000,981.4453125,18.5546875,5.65411333158718,5.53900827551419,1139.48305017938,0,5.65411333158718,0.471176110965598,5.65411333158718,0,19.1313270934634,12471,67,981.4453125,3.09020816727286,978.355104332727,981.4453125,1,0,2,2,12471,0,0,12471,19.1313270934634,12471,0
0.298,978.733097437818,0.276133181174648,0.0138066590587324,5.12463451455972,102.492690291194,5.65568719587555,0,1000,981.4453125,18.5546875,5.65568719587555,5.54058213980256,949.569208482818,0,5.65568719587555,0.471307266322962,5.65568719587555,0,19.2338007708452,12538,67,981.4453125,2.71221506218194,978.733097437818,981.4453125,1,1,3,3,12538,0,0,12538,19.2338007708452,12538,0
0.299,979.053466798028,0.269115369038601,0.01345576845193,5.12631196460717,102.526239292143,5.65726106016392,0,1000,981.4453125,18.5546875,5.65726106016392,5.54215600409093,791.307673735682,0,5.65726106016392,0.471438421680327,5.65726106016392,0,19.3363105267035,12605,67,981.4453125,2.39184570197222,979.053466798028,981.4453125,0,1,1,1,12605,0,0,12605,19.3363105267035,12605,0
0.3,979.352300470968,0.266524441339953,0.0133262220669977,5.12787665405976,102.557533081195,5.65883492445229,0,1000,981.4453125,18.5546875,5.65883492445229,5.5437298683793,659.423061446401,0,5.65883492445229,0.471569577037691,5.65883492445229,0,19.4388525222471,12672,67,981.4453125,2.09301202903157,979.352300470968,981.4453125,0,0,0,0,12672,0,0,12672,19.4388525222471,12672,0
0.301,979.64304473922,0.265583018671995,0.0132791509335998,5.12939898748845,102.587979749769,5.66040878874066,0,1000,981.4453125,18.5546875,5.66040878874066,5.54530373266767,549.519217872001,0,5.66040878874066,0.471700732395055,5.66040878874066,0,19.5414253203118,12739,67,981.4453125,1.80226776077973,979.64304473922,981.4453125,1,0,2,3,12739,1,0,12739,19.5414253203118,12739,0
0.302,979.930710196355,0.265256326665625,0.0132628163332813,5.13090520029983,102.618104005997,5.75285506571823,0,1000,966.796875,33.203125,5.75285506571823,5.54687759695604,-1983.47356844,0,5.75285506571823,0.479404588809852,5.75285506571823,0,19.6440283786052,12805,66,966.796875,-13.1338351963553,979.930710196355,966.796875,0,1,1,1,12805,0,0,12805,19.6440283786052,12805,0
0.303,980.296867166181,0.293821186866554,0.0146910593433277,5.13282239371061,102.656447874212,5.66479904175559,0,1000,981.4453125,18.5546875,5.66479904175559,5.5496939856826,788.511609633334,0,5.66479904175559,0.472066586812966,5.66479904175559,-8.88178419700125e-16,19.7466644873544,12872,67,981.4453125,1.14844533381904,980.296867166181,981.4453125,0,0,0,0,12872,0,0,12872,19.7466644873544,12872,0
0.304,980.669731288847,0.275857021615261,0.0137928510807631,5.13477470569153,102.695494113831,5.66637290604396,0,1000,981.4453125,18.5546875,5.66637290604396,5.55126784997097,657.093008027778,0,5.66637290604396,0.47219774217033,5.66637290604396,0,19.8493411987207,12939,67,981.4453125,0.775581211152826,980.669731288847,981.4453125,1,0,2,2,12939,0,0,12939,19.8493411987207,12939,0
0.305,980.987815342647,0.269188612981089,0.0134594306490544,5.1364401899026,102.728803798052,5.66794677033233,0,1000,981.4453125,18.5546875,5.66794677033233,5.55284171425934,547.577506689815,0,5.66794677033233,0.472328897527694,5.66794677033233,-8.88178419700125e-16,19.9520536243953,13006,67,981.4453125,0.457497157352691,980.987815342647,981.4453125,1,1,3,3,13006,0,0,13006,19.9520536243953,13006,0
0.306,981.285428265756,0.26672884327199,0.0133364421635995,5.13799848752402,102.75996975048,5.6695206346207,0,1000,981.4453125,18.5546875,5.6695206346207,5.55441557854771,456.314588908179,0,5.6695206346207,0.472460052885058,5.6695206346207,0,20.0547981151367,13073,67,981.4453125,0.159884234243805,981.285428265756,981.4453125,0,1,1,1,13073,0,0,13073,20.0547981151367,13073,0
0.307,981.575353422772,0.265837253256222,0.0132918626628111,5.13951653209631,102.790330641926,5.67109449890907,0,1000,981.4453125,18.5546875,5.67109449890907,5.55598944283608,380.262157423483,0,5.67109449890907,0.472591208242422,5.67109449890907,-8.88178419700125e-16,20.1575733049306,13140,67,981.4453125,-0.130040922772423,981.575353422772,981.4453125,0,0,0,0,13140,0,0,13140,20.1575733049306,13140,0
0.308,981.862354354915,0.265530081279971,0.0132765040639985,5.14101926546297,102.820385309259,5.67266836319744,0,1000,981.4453125,18.5546875,5.67266836319744,5.55756330712445,316.885131186236,0,5.67266836319744,0.472722363599786,5.67266836319744,0,20.2603786785145,13207,67,981.4453125,-0.417041854915169,981.862354354915,981.4453125,1,0,2,2,13207,0,0,13207,20.2603786785145,13207,0
0.309,982.148206635759,0.265440803773149,0.0132720401886574,5.14251598450548,102.85031969011,5.67424222748581,0,1000,981.4453125,18.5546875,5.67424222748581,5.55913717141282,264.070942655196,0,5.67424222748581,0.472853518957151,5.67424222748581,-8.88178419700125e-16,20.3632140376776,13274,67,981.4453125,-0.702894135758925,982.148206635759,981.4453125,1,1,3,3,13274,0,0,13274,20.3632140376776,13274,0
0.31,982.433572596674,0.265432862421474,0.0132716431210737,5.14401015718281,102.880203143656,5.67581609177418,0,1000,981.4453125,18.5546875,5.67581609177418,5.56071103570119,220.05911887933,0,5.67581609177418,0.472984674314515,5.67581609177418,0,20.4660793024183,13341,67,981.4453125,-0.988260096673798,982.433572596674,981.4453125,0,1,1,1,13341,0,0,13341,20.4660793024183,13341,0
0.311,982.718699795969,0.265455377405543,0.0132727688702771,5.14550307970722,102.910061594144,5.67738995606255,0,1000,981.4453125,18.5546875,5.67738995606255,5.56228489998956,183.382599066109,0,5.67738995606255,0.473115829671879,5.67738995606255,-8.88178419700125e-16,20.5689744368601,13408,67,981.4453125,-1.27338729596909,982.718699795969,981.4453125,0,0,0,0,13408,0,0,13408,20.5689744368601,13408,0
0.312,983.003681248627,0.265489390287071,0.0132744695143535,5.14699523910402,102.93990478208,5.67896382035092,0,1000,981.4453125,18.5546875,5.67896382035092,5.56385876427793,152.818832555091,0,5.67896382035092,0.473246985029243,5.67896382035092,0,20.6718994216481,13475,67,981.4453125,-1.55836874862734,983.003681248627,981.4453125,1,0,2,2,13475,0,0,13475,20.6718994216481,13475,0
0.313,983.288552380607,0.265527835648027,0.0132763917824014,5.14848682086309,102.969736417262,5.58966527195009,0,1000,996.09375,3.90625,5.58966527195009,5.5654326285663,2568.75527712924,0,5.58966527195009,0.465805439329174,5.58966527195009,0,20.7748542436648,13543,68,996.09375,12.8051976193931,983.288552380607,996.09375,1,0,2,2,13543,0,0,13543,20.7748542436648,13543,0
0.314,983.493624512938,0.236905727926457,0.0118452863963229,5.14956057603707,102.991211520741,5.68086902448947,0,1000,981.4453125,18.5546875,5.68086902448947,5.56576396841649,-300.776852392298,0,5.68086902448947,0.473405752040789,5.68086902448947,0,20.8778358931736,13610,67,981.4453125,-2.04831201293791,983.493624512938,981.4453125,1,1,3,3,13610,0,0,13610,20.8778358931736,13610,0
0.315,983.691384672657,0.25489902168959,0.0127449510844795,5.15059604581198,103.01192091624,5.68244288877784,0,1000,981.4453125,18.5546875,5.68244288877784,5.56733783270486,-250.647376993582,0,5.68244288877784,0.473536907398154,5.68244288877784,-8.88178419700125e-16,20.9808367238213,13677,67,981.4453125,-2.24607217265702,983.691384672657,981.4453125,0,1,1,1,13677,0,0,13677,20.9808367238213,13677,0
0.316,983.943583473362,0.261629048205127,0.0130814524102563,5.15191655564455,103.038331112891,5.68401675306621,0,1000,981.4453125,18.5546875,5.68401675306621,5.56891169699323,-208.872814161318,0,5.68401675306621,0.473668062755518,5.68401675306621,0,21.0838615765831,13744,67,981.4453125,-2.49827097336208,983.943583473362,981.4453125,0,0,0,0,13744,0,0,13744,21.0838615765831,13744,0
0.317,984.216011685674,0.264162844353781,0.0132081422176891,5.1533429864286,103.066859728572,5.68559061735458,0,1000,981.4453125,18.5546875,5.68559061735458,5.5704855612816,-174.060678467765,0,5.68559061735458,0.473799218112882,5.68559061735458,-8.88178419700125e-16,21.1869140709914,13811,67,981.4453125,-2.77069918567383,984.216011685674,981.4453125,1,0,2,2,13811,0,0,13811,21.1869140709914,13811,0
0.318,984.495924648738,0.265133383704587,0.0132566691852294,5.15480860727594,103.096172145519,5.68716448164295,0,1000,981.4453125,18.5546875,5.68716448164295,5.57205942556997,-145.050565389804,0,5.68716448164295,0.473930373470246,5.68716448164295,0,21.2899955500815,13878,67,981.4453125,-3.05061214873797,984.495924648738,981.4453125,1,1,3,3,13878,0,0,13878,21.2899955500815,13878,0
0.319,984.778574775236,0.265521634896249,0.0132760817448125,5.15628855987752,103.12577119755,5.59786593324213,0,1000,996.09375,3.90625,5.59786593324213,5.57363328985834,2320.53077884183,0,5.59786593324213,0.466488827770177,5.59786593324213,0,21.3931065088061,13946,68,996.09375,11.3151752247636,984.778574775236,996.09375,1,1,3,3,13946,0,0,13946,21.3931065088061,13946,0
0.32,984.982491310301,0.237030725714738,0.0118515362857369,5.15735626435836,103.147125287167,5.68906968578151,0,1000,981.4453125,18.5546875,5.68906968578151,5.57396462970852,-507.630600965142,0,5.68906968578151,0.474089140481792,5.68906968578151,0,21.4962441271975,14013,67,981.4453125,-3.53717881030127,984.982491310301,981.4453125,0,1,1,1,14013,0,0,14013,21.4962441271975,14013,0
0.321,985.179497269202,0.255073759377272,0.0127536879688636,5.15838778514702,103.16775570294,5.69064355006988,0,1000,981.4453125,18.5546875,5.69064355006988,5.57553849399689,-423.025500804285,0,5.69064355006988,0.474220295839156,5.69064355006988,-8.88178419700125e-16,21.5994008300746,14080,67,981.4453125,-3.73418476920165,985.179497269202,981.4453125,0,0,0,0,14080,0,0,14080,21.5994008300746,14080,0
0.322,985.431095813258,0.261823164969917,0.0130911582484959,5.15970515204312,103.194103040862,5.69221741435825,0,1000,981.4453125,18.5546875,5.69221741435825,5.57711235828526,-352.521250670238,0,5.69221741435825,0.474351451196521,5.69221741435825,0,21.702581485393,14147,67,981.4453125,-3.98578331325803,985.431095813258,981.4453125,1,0,2,2,14147,0,0,14147,21.702581485393,14147,0
0.323,985.702985459773,0.264365017115018,0.0132182508557509,5.16112876290325,103.222575258065,5.60291886595742,0,1000,996.09375,3.90625,5.60291886595742,5.57868622257363,2147.63854110814,0,5.60291886595742,0.466909905496452,5.60291886595742,0,21.8057897231941,14215,68,996.09375,10.3907645402271,985.702985459773,996.09375,1,0,2,2,14215,0,0,14215,21.8057897231941,14215,0
0.324,985.902684479651,0.236677031284663,0.0118338515642332,5.16217438452621,103.243487690524,5.6941226184968,0,1000,981.4453125,18.5546875,5.6941226184968,5.57901756242382,-651.70746574322,0,5.6941226184968,0.474510218208067,5.6941226184968,0,21.9090238918567,14282,67,981.4453125,-4.45737197965104,985.902684479651,981.4453125,1,1,3,3,14282,0,0,14282,21.9090238918567,14282,0
0.325,986.097913475648,0.255019757005563,0.0127509878502781,5.16319660115887,103.263932023177,5.69569648278517,0,1000,981.4453125,18.5546875,5.69569648278517,5.58059142671219,-543.089554786017,0,5.69569648278517,0.474641373565431,5.69569648278517,-8.88178419700125e-16,22.0122768517909,14349,67,981.4453125,-4.65260097564794,986.097913475648,981.4453125,0,1,1,1,14349,0,0,14349,22.0122768517909,14349,0
0.326,986.34864712927,0.261881357681826,0.0130940678840913,5.16450943949925,103.290188789985,5.60639793438434,0,1000,996.09375,3.90625,5.60639793438434,5.58216529100056,1988.83162101165,0,5.60639793438434,0.467199827865362,5.60639793438434,0,22.1155536335354,14417,68,996.09375,9.74510287072951,986.34864712927,996.09375,0,1,1,1,14417,0,0,14417,22.1155536335354,14417,0
0.327,986.54031181368,0.235803190427395,0.0117901595213698,5.16551299344007,103.310259868801,5.69760168692373,0,1000,981.4453125,18.5546875,5.69760168692373,5.58249663085074,-784.046565823623,0,5.69760168692373,0.474800140576977,5.69760168692373,-8.88178419700125e-16,22.2188549289729,14484,67,981.4453125,-5.09499931367998,986.54031181368,981.4453125,0,0,0,0,14484,0,0,14484,22.2188549289729,14484,0
0.328,986.732397294999,0.254746086974203,0.0127373043487102,5.16651875066836,103.330375013367,5.6991755512121,0,1000,981.4453125,18.5546875,5.6991755512121,5.58407049513911,-653.372138186352,0,5.6991755512121,0.474931295934341,5.6991755512121,0,22.3221744718538,14551,67,981.4453125,-5.28708479499926,986.732397294999,981.4453125,1,0,2,2,14551,0,0,14551,22.3221744718538,14551,0
0.329,986.981811652741,0.261831687238299,0.0130915843619149,5.16782468119166,103.356493623833,5.60987700281127,0,1000,996.09375,3.90625,5.60987700281127,5.58564435942748,1896.92946817804,0,5.60987700281127,0.467489750234272,5.60987700281127,0,22.4255176183134,14619,68,996.09375,9.1119383472585,986.981811652741,996.09375,1,0,2,2,14619,0,0,14619,22.4255176183134,14619,0
0.33,987.172838704336,0.235837363606678,0.0117918681803339,5.16882489649487,103.376497929897,5.70108075535065,0,1000,981.4453125,18.5546875,5.70108075535065,5.58597569927766,-860.631693184967,0,5.70108075535065,0.475090062945888,5.70108075535065,0,22.5288851817545,14686,67,981.4453125,-5.72752620433585,987.172838704336,981.4453125,1,1,3,3,14686,0,0,14686,22.5288851817545,14686,0
0.331,987.364542505051,0.254811880412796,0.0127405940206398,5.16982865524819,103.396573104964,5.70265461963902,0,1000,981.4453125,18.5546875,5.70265461963902,5.58754956356603,-717.193077654139,0,5.70265461963902,0.475221218303252,5.70265461963902,-8.88178419700125e-16,22.6322709414114,14753,67,981.4453125,-5.91923000505142,987.364542505051,981.4453125,0,1,1,1,14753,0,0,14753,22.6322709414114,14753,0
0.332,987.613672499789,0.261909638812323,0.0130954819406162,5.17113309685029,103.422661937006,5.61335607123819,0,1000,996.09375,3.90625,5.61335607123819,5.58912342785441,1843.74535195488,0,5.61335607123819,0.467779672603183,5.61335607123819,0,22.735680270572,14821,68,996.09375,8.48007750021065,987.613672499789,996.09375,0,1,1,1,14821,0,0,14821,22.735680270572,14821,0
0.333,987.804453376692,0.235920217162097,0.0117960108581048,5.17213202318583,103.442640463717,5.70455982377757,0,1000,981.4453125,18.5546875,5.70455982377757,5.58945476770459,-904.951790037597,0,5.70455982377757,0.475379985314798,5.70455982377757,-8.88178419700125e-16,22.8391139892331,14888,67,981.4453125,-6.35914087669175,987.804453376692,981.4453125,0,0,0,0,14888,0,0,14888,22.8391139892331,14888,0
0.334,987.995927134931,0.254896927459823,0.0127448463729912,5.17313457743956,103.462691548791,5.61526127537675,0,1000,996.09375,3.90625,5.61526127537675,5.59102863199296,1687.279758302,0,5.61526127537675,0.467938439614729,5.61526127537675,0,22.9425658792864,14956,68,996.09375,8.09782286506857,987.995927134931,996.09375,0,0,0,0,14956,0,0,14956,22.9425658792864,14956,0
0.335,988.16513233766,0.233333514088887,0.0116666757044443,5.1740205338093,103.480410676186,5.70646502791613,0,1000,981.4453125,18.5546875,5.70646502791613,5.59135997184314,-1035.33978474833,0,5.70646502791613,0.475538752326344,5.70646502791613,-8.88178419700125e-16,23.0460383161853,15023,67,981.4453125,-6.71981983765954,988.16513233766,981.4453125,1,0,2,2,15023,0,0,15023,23.0460383161853,15023,0
0.336,988.348474290413,0.253959475986263,0.0126979737993132,5.17498051002907,103.499610200581,5.6171664795153,0,1000,996.09375,3.90625,5.6171664795153,5.59293383613151,1578.62309604306,0,5.6171664795153,0.468097206626275,5.6171664795153,0,23.1495274829731,15091,68,996.09375,7.74527570958662,988.348474290413,996.09375,1,0,2,2,15091,0,0,15091,23.1495274829731,15091,0
0.337,988.514557755379,0.233010770864783,0.0116505385432391,5.1758501210181,103.517002420362,5.70837023205468,0,1000,981.4453125,18.5546875,5.70837023205468,5.5932651759817,-1125.88700329745,0,5.70837023205468,0.47569751933789,5.70837023205468,-8.88178419700125e-16,23.2530366498367,15158,67,981.4453125,-7.0692452553792,988.514557755379,981.4453125,1,1,3,3,15158,0,0,15158,23.2530366498367,15158,0
0.338,988.696645828265,0.253865996480103,0.0126932998240052,5.17680353193824,103.536070638765,5.61907168365385,0,1000,996.09375,3.90625,5.61907168365385,5.59483904027007,1503.16708058546,0,5.61907168365385,0.468255973637821,5.61907168365385,0,23.3565623333036,15226,68,996.09375,7.39710417173535,988.696645828265,996.09375,1,1,3,3,15226,0,0,15226,23.3565623333036,15226,0
0.339,988.862172556915,0.233002946213608,0.0116501473106804,5.17767022786274,103.553404557255,5.71027543619324,0,1000,981.4453125,18.5546875,5.71027543619324,5.59517038012025,-1188.76701617879,0,5.71027543619324,0.475856286349436,5.71027543619324,-8.88178419700125e-16,23.4601079279375,15293,67,981.4453125,-7.41686005691452,988.862172556915,981.4453125,0,1,1,1,15293,0,0,15293,23.4601079279375,15293,0
0.34,989.043964845671,0.253890318907039,0.0126945159453519,5.1786220900608,103.572441801216,5.62097688779241,0,1000,996.09375,3.90625,5.62097688779241,5.59674424440862,1450.76706985101,0,5.62097688779241,0.468414740649367,5.62097688779241,0,23.563669996733,15361,68,996.09375,7.0497851543289,989.043964845671,996.09375,0,1,1,1,15361,0,0,15361,23.563669996733,15361,0
0.341,989.209294213452,0.233039477068946,0.0116519738534473,5.17948775260621,103.589755052124,5.71218064033179,0,1000,981.4453125,18.5546875,5.71218064033179,5.5970755842588,-1232.43369179082,0,5.71218064033179,0.476015053360982,5.71218064033179,-8.88178419700125e-16,23.667251951693,15428,67,981.4453125,-7.76398171345249,989.209294213452,981.4453125,0,0,0,0,15428,0,0,15428,23.667251951693,15428,0
0.342,989.390926994682,0.253931626479375,0.0126965813239688,5.18043877962481,103.608775592496,5.62288209193096,0,1000,996.09375,3.90625,5.62288209193096,5.59864944854717,1414.37817350765,0,5.62288209193096,0.468573507660913,5.62288209193096,0,23.7708503624342,15496,68,996.09375,6.70282300531835,989.390926994682,996.09375,0,0,0,0,15496,0,0,15496,23.7708503624342,15496,0
0.343,989.556112125587,0.233082789416428,0.0116541394708214,5.1813036869477,103.626073738954,5.71408584447034,0,1000,981.4453125,18.5546875,5.71408584447034,5.59898078839736,-1262.75777207696,0,5.71408584447034,0.476173820372529,5.71408584447034,-8.88178419700125e-16,23.8744686435495,15563,67,981.4453125,-8.11079962558654,989.556112125587,981.4453125,1,0,2,2,15563,0,0,15563,23.8744686435495,15563,0
0.344,989.737607511074,0.253975907798871,0.0126987953899436,5.18225399456388,103.645079891278,5.62478729606952,0,1000,996.09375,3.90625,5.62478729606952,5.60055465268573,1389.10810660253,0,5.62478729606952,0.46873227467246,5.62478729606952,0,23.9781033657423,15631,68,996.09375,6.35614248892557,989.737607511074,996.09375,1,0,2,2,15631,0,0,15631,23.9781033657423,15631,0
0.345,989.902658931134,0.233127650781874,0.0116563825390937,5.18311820177842,103.662364035568,5.7159910486089,0,1000,981.4453125,18.5546875,5.7159910486089,5.60088599253591,-1283.81616116456,0,5.7159910486089,0.476332587384075,5.7159910486089,-8.88178419700125e-16,24.0817579441301,15698,67,981.4453125,-8.45734643113371,989.902658931134,981.4453125,1,1,3,3,15698,0,0,15698,24.0817579441301,15698,0
0.346,990.084023099314,0.254021201333017,0.0127010600666509,5.18406782234239,103.681356446848,5.62669250020807,0,1000,996.09375,3.90625,5.62669250020807,5.60245985682428,1371.55944902954,0,5.62669250020807,0.468891041684006,5.62669250020807,0,24.1854289497299,15766,68,996.09375,6.00972690068579,990.084023099314,996.09375,1,1,3,3,15766,0,0,15766,24.1854289497299,15766,0
0.347,990.248945336526,0.233173318455749,0.0116586659227874,5.18493135315712,103.698627063142,5.62702384005825,0,1000,996.09375,3.90625,5.62702384005825,5.60279119667447,1142.96620752461,0,5.62702384005825,0.468918653338188,5.62702384005825,0,24.2891197978926,15834,68,996.09375,5.84480466347372,990.248945336526,996.09375,1,1,3,1,15834,1,0,15834,24.2891197978926,15834,0
0.348,990.350479531847,0.225404867462046,0.0112702433731023,5.18546298496063,103.709259699213,5.71822759259764,0,1000,981.4453125,18.5546875,5.71822759259764,5.60312253652465,-1488.93441039615,0,5.71822759259764,0.476518966049803,5.71822759259764,0,24.3928240608141,15901,67,981.4453125,-8.90516703184721,990.350479531847,981.4453125,0,1,1,1,15901,0,0,15901,24.3928240608141,15901,0
0.349,990.508054636196,0.251171909109551,0.0125585954554776,5.18628804627765,103.725760925553,5.62892904419681,0,1000,996.09375,3.90625,5.62892904419681,5.60469640081302,1200.62757466987,0,5.62892904419681,0.469077420349734,5.62892904419681,0,24.4965405164427,15969,68,996.09375,5.58569536380378,990.508054636196,996.09375,0,1,1,1,15969,0,0,15969,24.4965405164427,15969,0
0.35,990.66399107305,0.232140075010864,0.0116070037505432,5.18710452755173,103.742090551035,5.72013279673619,0,1000,981.4453125,18.5546875,5.72013279673619,5.6050277406632,-1440.88327110844,0,5.72013279673619,0.476677733061349,5.72013279673619,0,24.600275224044,16036,67,981.4453125,-9.21867857304994,990.66399107305,981.4453125,0,0,0,0,16036,0,0,16036,24.600275224044,16036,0
0.351,990.841759044278,0.253710904130699,0.0126855452065349,5.18803531847249,103.76070636945,5.63083424833536,0,1000,996.09375,3.90625,5.63083424833536,5.60660160495157,1240.67019074297,0,5.63083424833536,0.46923618736128,5.63083424833536,0,24.7040257400595,16104,68,996.09375,5.25199095572179,990.841759044278,996.09375,0,0,0,0,16104,0,0,16104,24.7040257400595,16104,0
0.352,991.005143945151,0.233115880056449,0.0116557940028225,5.18889079981297,103.777815996259,5.63116558818554,0,1000,996.09375,3.90625,5.63116558818554,5.60693294480176,1033.89182561914,0,5.63116558818554,0.469263799015462,5.63116558818554,0,24.8077958472677,16172,68,996.09375,5.08860605484938,991.005143945151,996.09375,0,0,0,0,16172,0,0,16172,24.8077958472677,16172,0
0.353,991.105910558663,0.225442154101569,0.0112721077050785,5.18941841256753,103.788368251351,5.72236934072493,0,1000,981.4453125,18.5546875,5.72236934072493,5.60726428465194,-1579.82972865072,0,5.72236934072493,0.476864111727077,5.72236934072493,-8.88178419700125e-16,24.9115792550405,16239,67,981.4453125,-9.66059805866291,991.105910558663,981.4453125,1,0,2,2,16239,0,0,16239,24.9115792550405,16239,0
0.354,991.263007515309,0.251244997655567,0.0125622498827784,5.19024097030903,103.804819406181,5.6330707923241,0,1000,996.09375,3.90625,5.6330707923241,5.60883814894031,1124.8814761244,0,5.6330707923241,0.469422566027008,5.6330707923241,0,25.0153747927127,16307,68,996.09375,4.83074248469143,991.263007515309,996.09375,1,0,2,2,16307,0,0,16307,25.0153747927127,16307,0
0.355,991.418576249011,0.232227005465508,0.0116113502732754,5.19105552629391,103.821110525878,5.63340213217428,0,1000,996.09375,3.90625,5.63340213217428,5.60916948879049,937.401230103668,0,5.63340213217428,0.46945017768119,5.63340213217428,0,25.1191885389703,16375,68,996.09375,4.67517375098942,991.418576249011,996.09375,1,0,2,2,16375,0,0,16375,25.1191885389703,16375,0
0.356,991.516317601395,0.225141136824761,0.011257056841238,5.19156729881825,103.831345976365,5.72460588471366,0,1000,981.4453125,18.5546875,5.72460588471366,5.60950082864068,-1660.23855824694,0,5.72460588471366,0.477050490392805,5.72460588471366,0,25.223015058739,16442,67,981.4453125,-10.0710051013955,991.516317601395,981.4453125,1,1,3,3,16442,0,0,16442,25.223015058739,16442,0
0.357,991.672175788275,0.251163295507742,0.0125581647753871,5.19238337037642,103.847667407528,5.63530733631284,0,1000,996.09375,3.90625,5.63530733631284,5.61107469292905,1057.87411812755,0,5.63530733631284,0.469608944692736,5.63530733631284,0,25.3268535002704,16510,68,996.09375,4.42157421172487,991.672175788275,996.09375,1,1,3,3,16510,0,0,16510,25.3268535002704,16510,0
0.358,991.827172863867,0.232227306162725,0.0116113653081363,5.19319493316643,103.863898663329,5.63563867616302,0,1000,996.09375,3.90625,5.63563867616302,5.61140603277923,881.561765106289,0,5.63563867616302,0.469636556346918,5.63563867616302,0,25.4307100612297,16578,68,996.09375,4.26657713613349,991.827172863867,996.09375,1,1,3,3,16578,0,0,16578,25.4307100612297,16578,0
0.359,991.924592600393,0.225172277774297,0.0112586138887148,5.19370502171407,103.874100434281,5.7268424287024,0,1000,981.4453125,18.5546875,5.7268424287024,5.61173737262942,-1706.77144574476,0,5.7268424287024,0.477236869058533,5.7268424287024,-8.88178419700125e-16,25.5345793510284,16645,67,981.4453125,-10.479280100393,991.924592600393,981.4453125,0,1,1,1,16645,0,0,16645,25.5345793510284,16645,0
0.36,992.08022380525,0.251206211077586,0.0125603105538793,5.19451990479715,103.890398095943,5.63754388030157,0,1000,996.09375,3.90625,5.63754388030157,5.61331123691779,1019.09671187937,0,5.63754388030157,0.469795323358464,5.63754388030157,0,25.6384605346478,16713,68,996.09375,4.01352619474994,992.08022380525,996.09375,0,1,1,1,16713,0,0,16713,25.6384605346478,16713,0
0.361,992.235030611894,0.232274889182037,0.0116137444591018,5.19533047134128,103.906609426826,5.63787522015176,0,1000,996.09375,3.90625,5.63787522015176,5.61364257676797,849.247259899473,0,5.63787522015176,0.469822935012646,5.63787522015176,0,25.7423598161397,16781,68,996.09375,3.85871938810601,992.235030611894,996.09375,0,1,1,1,16781,0,0,16781,25.7423598161397,16781,0
0.362,992.332275193167,0.225221876504726,0.0112610938252363,5.19583964277816,103.916792855563,5.63820656000194,0,1000,996.09375,3.90625,5.63820656000194,5.61397391661815,707.706049916228,0,5.63820656000194,0.469850546666828,5.63820656000194,0,25.8462718074463,16849,68,996.09375,3.76147480683323,992.332275193167,996.09375,0,1,1,1,16849,0,0,16849,25.8462718074463,16849,0
0.363,992.408035651247,0.222594482628682,0.0111297241314341,5.19623632360906,103.924726472181,5.72941031254132,0,1000,981.4453125,18.5546875,5.72941031254132,5.61430525646834,-1851.65120840314,0,5.72941031254132,0.477450859378444,5.72941031254132,-8.88178419700125e-16,25.9501926756182,16916,67,981.4453125,-10.9627231512466,992.408035651247,981.4453125,0,0,0,0,16916,0,0,16916,25.9501926756182,16916,0
0.364,992.555456809032,0.250278398417884,0.0125139199208942,5.19700821898619,103.940164379724,5.64011176414049,0,1000,996.09375,3.90625,5.64011176414049,5.61587912075671,898.363576330713,0,5.64011176414049,0.470009313678375,5.64011176414049,0,26.0541239876699,16984,68,996.09375,3.53829319096849,992.555456809032,996.09375,0,0,0,0,16984,0,0,16984,26.0541239876699,16984,0
0.365,992.707066273838,0.231962180379971,0.0115981090189986,5.19780204428761,103.956040885752,5.64044310399068,0,1000,996.09375,3.90625,5.64044310399068,5.61621046060689,748.636313608928,0,5.64044310399068,0.470036925332556,5.64044310399068,0,26.1580728427829,17052,68,996.09375,3.38668372616235,992.707066273838,996.09375,0,0,0,0,17052,0,0,17052,26.1580728427829,17052,0
0.366,992.802982984684,0.225138700439325,0.0112569350219662,5.19830426301119,103.966085260224,5.64077444384086,0,1000,996.09375,3.90625,5.64077444384086,5.61654180045707,623.863594674107,0,5.64077444384086,0.470064536986738,5.64077444384086,0,26.2620341865974,17120,68,996.09375,3.29076701531574,992.802982984684,996.09375,0,0,0,0,17120,0,0,17120,26.2620341865974,17120,0
0.367,992.87811393932,0.222597181621664,0.0111298590810832,5.19869764776976,103.973952955395,5.73197819638024,0,1000,981.4453125,18.5546875,5.73197819638024,5.61687314030726,-1921.51992110491,0,5.73197819638024,0.477664849698354,5.73197819638024,-8.88178419700125e-16,26.3660043106862,17187,67,981.4453125,-11.4328014393201,992.87811393932,981.4453125,1,0,2,2,17187,0,0,17187,26.3660043106862,17187,0
0.368,993.025167615495,0.250313444875896,0.0125156722437948,5.19946761901769,103.989352380354,5.64267964797942,0,1000,996.09375,3.90625,5.64267964797942,5.61844700459563,840.139649079241,0,5.64267964797942,0.470223303998285,5.64267964797942,0,26.4699848286498,17255,68,996.09375,3.06858238450491,993.025167615495,996.09375,1,0,2,2,17255,0,0,17255,26.4699848286498,17255,0
0.369,993.176509025968,0.232009626663097,0.0116004813331549,5.20026004078989,104.005200815798,5.6430109878296,0,1000,996.09375,3.90625,5.6430109878296,5.61877834444581,700.116374232701,0,5.6430109878296,0.470250915652467,5.6430109878296,0,26.5739828572171,17323,68,996.09375,2.91724097403244,993.176509025968,996.09375,1,0,2,2,17323,0,0,17323,26.5739828572171,17323,0
0.37,993.272196507161,0.22519110990133,0.0112595554950665,5.20076105926982,104.015221185396,5.64334232767978,0,1000,996.09375,3.90625,5.64334232767978,5.619109684296,583.430311860584,0,5.64334232767978,0.470278527306649,5.64334232767978,0,26.6779933487533,17391,68,996.09375,2.82155349283903,993.272196507161,996.09375,1,0,2,2,17391,0,0,17391,26.6779933487533,17391,0
0.371,993.34711445385,0.222651778918318,0.0111325889459159,5.20115332872139,104.023066574428,5.64367366752997,0,1000,996.09375,3.90625,5.64367366752997,5.61944102414618,486.191926550487,0,5.64367366752997,0.470306138960831,5.64367366752997,0,26.7820125975222,17459,68,996.09375,2.74663554614961,993.34711445385,996.09375,1,0,2,2,17459,0,0,17459,26.7820125975222,17459,0
0.372,993.41426026029,0.221706840223536,0.0110853420111768,5.20150490334178,104.030098066836,5.73487742006935,0,1000,981.4453125,18.5546875,5.73487742006935,5.61977236399636,-2036.24631120793,0,5.73487742006935,0.477906451672446,5.73487742006935,0,26.8860392192868,17526,67,981.4453125,-11.9689477602899,993.41426026029,981.4453125,1,1,3,3,17526,0,0,17526,26.8860392192868,17526,0
0.373,993.558179483446,0.250018366624958,0.0125009183312479,5.20225846263207,104.045169252641,5.64557887166852,0,1000,996.09375,3.90625,5.64557887166852,5.62134622828473,744.534323993393,0,5.64557887166852,0.470464905972377,5.64557887166852,0,26.9900756938062,17594,68,996.09375,2.53557051655446,993.558179483446,996.09375,1,1,3,3,17594,0,0,17594,26.9900756938062,17594,0
0.374,993.708195835852,0.231936743795173,0.0115968371897587,5.20304394641647,104.060878928329,5.6459102115187,0,1000,996.09375,3.90625,5.6459102115187,5.62167756813492,620.445269994495,0,5.6459102115187,0.470492517626559,5.6459102115187,0,27.0941294607428,17662,68,996.09375,2.38555416414829,993.708195835852,996.09375,1,1,3,3,17662,0,0,17662,27.0941294607428,17662,0
0.375,993.803234523196,0.22520142238747,0.0112600711193735,5.20354156781975,104.070831356395,5.64624155136889,0,1000,996.09375,3.90625,5.64624155136889,5.6220089079851,517.037724995412,0,5.64624155136889,0.470520129280741,5.64624155136889,0,27.1981955930033,17730,68,996.09375,2.29051547680353,993.803234523196,996.09375,1,1,3,3,17730,0,0,17730,27.1981955930033,17730,0
0.376,993.877757739215,0.22269349373876,0.011134674686938,5.20393177046636,104.078635409327,5.64657289121907,0,1000,996.09375,3.90625,5.64657289121907,5.62234024783528,430.86477082951,0,5.64657289121907,0.470547740934923,5.64657289121907,0,27.3022704299837,17798,68,996.09375,2.21599226078501,993.877757739215,996.09375,1,1,3,3,17798,0,0,17798,27.3022704299837,17798,0
0.377,993.944605549533,0.221760655267641,0.0110880327633821,5.2042817847827,104.085635695654,5.64690423106925,0,1000,996.09375,3.90625,5.64690423106925,5.62267158768547,359.053975691258,0,5.64690423106925,0.470575352589105,5.64690423106925,0,27.406352604481,17866,68,996.09375,2.14914445046679,993.944605549533,996.09375,1,1,3,3,17866,0,0,17866,27.406352604481,17866,0
0.378,994.008562228347,0.221414733868531,0.0110707366934265,5.20461666116988,104.092333223398,5.64723557091944,0,1000,996.09375,3.90625,5.64723557091944,5.62300292753565,299.211646409382,0,5.64723557091944,0.470602964243287,5.64723557091944,0,27.5104416037938,17934,68,996.09375,2.08518777165273,994.008562228347,996.09375,1,1,3,1,17934,1,0,17934,27.5104416037938,17934,0
0.379,994.071410686865,0.221287563417691,0.0110643781708845,5.20494573492916,104.098914698583,5.73843932345882,0,1000,981.4453125,18.5546875,5.73843932345882,5.62333426738584,-2192.06321132552,0,5.73843932345882,0.478203276954902,5.73843932345882,-8.88178419700125e-16,27.6145372336286,18001,67,981.4453125,-12.6260981868652,994.071410686865,981.4453125,0,1,1,1,18001,0,0,18001,27.6145372336286,18001,0
0.38,994.213518247046,0.249904325815679,0.0124952162907839,5.2056898083743,104.113796167486,5.64914077505799,0,1000,996.09375,3.90625,5.64914077505799,5.62490813167421,614.686907228737,0,5.64914077505799,0.470761731254833,5.64914077505799,0,27.7186424173888,18069,68,996.09375,1.88023175295439,994.213518247046,996.09375,0,1,1,1,18069,0,0,18069,27.7186424173888,18069,0
0.381,994.362651891397,0.231936976559838,0.0115968488279919,5.20647067031013,104.129413406203,5.64947211490818,0,1000,996.09375,3.90625,5.64947211490818,5.62523947152439,512.239089357281,0,5.64947211490818,0.470789342909015,5.64947211490818,0,27.8227647603278,18137,68,996.09375,1.73109810860296,994.362651891397,996.09375,0,1,1,1,18137,0,0,18137,27.8227647603278,18137,0
0.382,994.457156793757,0.225244774110427,0.0112622387055214,5.20696549682177,104.139309936435,5.64980345475836,0,1000,996.09375,3.90625,5.64980345475836,5.62557081137457,426.865907797734,0,5.64980345475836,0.470816954563197,5.64980345475836,0,27.9268993973441,18205,68,996.09375,1.63659320624265,994.457156793757,996.09375,0,1,1,1,18205,0,0,18205,27.9268993973441,18205,0
0.383,994.531279006297,0.222753446862499,0.011137672343125,5.20735359981907,104.147071996381,5.65013479460854,0,1000,996.09375,3.90625,5.65013479460854,5.62590215122476,355.721589831445,0,5.65013479460854,0.470844566217379,5.65013479460854,0,28.0310426912231,18273,68,996.09375,1.56247099370307,994.531279006297,996.09375,0,1,1,1,18273,0,0,18273,28.0310426912231,18273,0
0.384,994.597778028702,0.221827322823986,0.0110913661411993,5.20770178788617,104.154035757723,5.65046613445873,0,1000,996.09375,3.90625,5.65046613445873,5.62623349107494,296.434658192871,0,5.65046613445873,0.470872177871561,5.65046613445873,0,28.135193283766,18341,68,996.09375,1.49597197129845,994.597778028702,996.09375,0,1,1,1,18341,0,0,18341,28.135193283766,18341,0
0.385,994.661408081327,0.221484425069382,0.0110742212534691,5.20803495406263,104.160699081253,5.65079747430891,0,1000,996.09375,3.90625,5.65079747430891,5.62656483092512,247.028881827393,0,5.65079747430891,0.470899789525743,5.65079747430891,0,28.2393506659114,18409,68,996.09375,1.43234191867293,994.661408081327,996.09375,0,1,1,1,18409,0,0,18409,28.2393506659114,18409,0
0.386,994.723940841408,0.221358896091727,0.0110679448045864,5.20836237482876,104.167247496575,5.65112881415909,0,1000,996.09375,3.90625,5.65112881415909,5.62689617077531,205.857401522827,0,5.65112881415909,0.470927401179924,5.65112881415909,0,28.3435146450035,18477,68,996.09375,1.36980915859192,994.723940841408,996.09375,0,1,1,1,18477,0,0,18477,28.3435146450035,18477,0
0.387,994.786036770762,0.221314426841985,0.0110657213420992,5.20868750835455,104.173750167091,5.65146015400928,0,1000,996.09375,3.90625,5.65146015400928,5.62722751062549,171.547834602356,0,5.65146015400928,0.470955012834106,5.65146015400928,0,28.4476851463109,18545,68,996.09375,1.30771322923817,994.786036770762,996.09375,0,1,1,0,18545,1,0,18545,28.4476851463109,18545,0
0.388,994.84794231893,0.221300231463996,0.0110650115731998,5.20901164504679,104.180232900936,5.74266390654866,0,1000,981.4453125,18.5546875,5.74266390654866,5.62755885047567,-2298.4497211647,0,5.74266390654866,0.478555325545722,5.74266390654866,0,28.5518621390773,18612,67,981.4453125,-13.4026298189299,994.84794231893,981.4453125,0,0,0,0,18612,0,0,18612,28.5518621390773,18612,0
0.389,994.989452319604,0.249959738777114,0.0124979869388557,5.20975258967767,104.195051793553,5.65336535814783,0,1000,996.09375,3.90625,5.65336535814783,5.62913271476404,526.031482362747,0,5.65336535814783,0.471113779845653,5.65336535814783,0,28.6560486079931,18680,68,996.09375,1.10429768039569,994.989452319604,996.09375,0,0,0,0,18680,0,0,18680,28.6560486079931,18680,0
0.39,995.138120416518,0.232008959815121,0.011600447990756,5.21053101401282,104.210620280256,5.65369669799801,0,1000,996.09375,3.90625,5.65369669799801,5.62946405461423,438.359568635623,0,5.65369669799801,0.471141391499835,5.65369669799801,0,28.7602521814979,18748,68,996.09375,0.955629583481596,995.138120416518,996.09375,0,0,0,0,18748,0,0,18748,28.7602521814979,18748,0
0.391,995.232212254184,0.225323566989527,0.0112661783494764,5.21102367772277,104.220473554455,5.6540280378482,0,1000,996.09375,3.90625,5.6540280378482,5.62979539446441,365.299640529685,0,5.6540280378482,0.471169003154017,5.6540280378482,0,28.8644680034766,18816,68,996.09375,0.861537745816349,995.232212254184,996.09375,0,0,0,0,18816,0,0,18816,28.8644680034766,18816,0
0.392,995.305944209622,0.222835404182279,0.011141770209114,5.21140973733867,104.228194746773,5.65435937769838,0,1000,996.09375,3.90625,5.65435937769838,5.6301267343146,304.416367108071,0,5.65435937769838,0.471196614808199,5.65435937769838,0,28.9686924404061,18884,68,996.09375,0.787805790378343,995.305944209622,996.09375,0,0,0,0,18884,0,0,18884,28.9686924404061,18884,0
0.393,995.372064682221,0.22191107797381,0.0110955538986905,5.21175594332362,104.235118866472,5.65469071754857,0,1000,996.09375,3.90625,5.65469071754857,5.63045807416478,253.680305923393,0,5.65469071754857,0.47122422646238,5.65469071754857,0,29.072924135801,18952,68,996.09375,0.721685317778679,995.372064682221,996.09375,0,0,0,0,18952,0,0,18952,29.072924135801,18952,0
0.394,995.435323713086,0.221569460485155,0.0110784730242578,5.21208716683468,104.241743336694,5.65502205739875,0,1000,996.09375,3.90625,5.65502205739875,5.63078941401496,211.400254936161,0,5.65502205739875,0.471251838116562,5.65502205739875,0,29.1771625815721,19020,68,996.09375,0.658426286913937,995.435323713086,996.09375,0,0,0,0,19020,0,0,19020,29.1771625815721,19020,0
0.395,995.497491379392,0.221445010653899,0.0110722505326949,5.21241267597428,104.248253519486,5.65535339724893,0,1000,996.09375,3.90625,5.65535339724893,5.63112075386515,176.166879113467,0,5.65535339724893,0.471279449770744,5.65535339724893,0,29.2814075857553,19088,68,996.09375,0.5962586206075,995.497491379392,996.09375,0,0,0,0,19088,0,0,19088,29.2814075857553,19088,0
0.396,995.559227504403,0.221401537441755,0.0110700768720878,5.21273592556894,104.254718511379,5.65568473709912,0,1000,996.09375,3.90625,5.65568473709912,5.63145209371533,146.805732594556,0,5.65568473709912,0.471307061424926,5.65568473709912,0,29.3856590742016,19156,68,996.09375,0.534522495597116,995.559227504403,996.09375,0,0,0,0,19156,0,0,19156,29.3856590742016,19156,0
0.397,995.620778257918,0.221388299071035,0.0110694149535517,5.21305820456071,104.261164091214,5.6560160769493,0,1000,996.09375,3.90625,5.6560160769493,5.63178343356551,122.338110495463,0,5.6560160769493,0.471334673079108,5.6560160769493,0,29.4899170166923,19224,68,996.09375,0.472971742081654,995.620778257918,996.09375,0,0,0,0,19224,0,0,19224,29.4899170166923,19224,0
0.398,995.682235689708,0.221386389722681,0.011069319486134,5.21337999492108,104.267599898422,5.65634741679948,0,1000,996.09375,3.90625,5.65634741679948,5.6321147734157,101.948425412886,0,5.65634741679948,0.47136228473329,5.65634741679948,0,29.5941813994112,19292,68,996.09375,0.411514310292432,995.682235689708,996.09375,0,0,0,0,19292,0,0,19292,29.5941813994112,19292,0
0.399,995.743634424305,0.221388764755767,0.0110694382377884,5.21370147794366,104.274029558873,5.65667875664967,0,1000,996.09375,3.90625,5.65667875664967,5.63244611326588,84.9570211774051,0,5.65667875664967,0.471389896387472,5.65667875664967,0,29.6984522146876,19360,68,996.09375,0.350115575694531,995.743634424305,996.09375,0,0,0,0,19360,0,0,19360,29.6984522146876,19360,0
0.4,995.804987686772,0.2213927986764,0.01106963993382,5.21402272287473,104.280454457495,5.65701009649985,0,1000,996.09375,3.90625,5.65701009649985,5.63277745311606,70.7975176478376,0,5.65701009649985,0.471417508041654,5.65701009649985,0,29.8027294571751,19428,68,996.09375,0.288762313228176,995.804987686772,996.09375,0,0,0,0,19428,0,0,19428,29.8027294571751,19428,0
0.401,995.866300724926,0.221397512449968,0.0110698756224984,5.21434375719178,104.286875143836,5.65734143635003,0,1000,996.09375,3.90625,5.65734143635003,5.63310879296625,58.997931373198,0,5.65734143635003,0.471445119695836,5.65734143635003,0,29.9070131224267,19496,68,996.09375,0.22744927507415,995.866300724926,996.09375,0,0,0,0,19496,0,0,19496,29.9070131224267,19496,0
0.402,995.927575810136,0.221402540476985,0.0110701270238493,5.21466459278769,104.293291855754,5.65767277620022,0,1000,996.09375,3.90625,5.65767277620022,5.63344013281643,49.1649428109983,0,5.65767277620022,0.471472731350018,5.65767277620022,0,30.0113032063642,19564,68,996.09375,0.16617418986425,995.927575810136,996.09375,0,0,0,0,19564,0,0,19564,30.0113032063642,19564,0
0.403,995.988814100537,0.221407745717707,0.0110703872858853,5.21498523572643,104.299704714529,5.6580041160504,0,1000,996.09375,3.90625,5.6580041160504,5.63377147266662,40.9707856758319,0,5.6580041160504,0.4715003430042,5.6580041160504,0,30.1155997050794,19632,68,996.09375,0.104935899462816,995.988814100537,996.09375,0,0,0,0,19632,0,0,19632,30.1155997050794,19632,0
0.404,996.050016335275,0.221413076298453,0.0110706538149226,5.21530568987815,104.306113797563,5.65833545590059,0,1000,996.09375,3.90625,5.65833545590059,5.6341028125168,34.1423213965266,0,5.65833545590059,0.471527954658382,5.65833545590059,0,30.2199026147599,19700,68,996.09375,0.0437336647254369,996.050016335275,996.09375,0,0,0,0,19700,0,0,19700,30.2199026147599,19700,0
0.405,996.11118309321,0.221418512087055,0.0110709256043528,5.21562595827378,104.312519165476,5.65866679575077,0,1000,996.09375,3.90625,5.65866679575077,5.63443415236698,28.4519344971055,0,5.65866679575077,0.471555566312564,5.65866679575077,0,30.3242119316613,19768,68,996.09375,-0.017433093210002,996.11118309321,996.09375,0,0,0,0,19768,0,0,19768,30.3242119316613,19768,0
0.406,996.172314889368,0.22142404478827,0.0110712022394135,5.21594604360996,104.318920872199,5.65899813560095,0,1000,996.09375,3.90625,5.65899813560095,5.63476549221717,23.7099454142546,0,5.65899813560095,0.471583177966746,5.65899813560095,0,30.4285276520956,19836,68,996.09375,-0.0785648893676125,996.172314889368,996.09375,0,0,0,0,19836,0,0,19836,30.4285276520956,19836,0
0.407,996.233412210918,0.221429670527741,0.011071483526387,5.21626594843752,104.32531896875,5.65932947545114,0,1000,996.09375,3.90625,5.65932947545114,5.63509683206735,19.7582878452122,0,5.65932947545114,0.471610789620928,5.65932947545114,0,30.5328497724274,19904,68,996.09375,-0.13966221091755,996.233412210918,996.09375,0,0,0,0,19904,0,0,19904,30.5328497724274,19904,0
0.408,996.294475530648,0.221435387088856,0.0110717693544428,5.21658567523196,104.331713504639,5.65966081530132,0,1000,996.09375,3.90625,5.65966081530132,5.63542817191753,16.4652398710101,0,5.65966081530132,0.47163840127511,5.65966081530132,0,30.6371782890714,19972,68,996.09375,-0.200725530647674,996.294475530648,996.09375,0,0,0,0,19972,0,0,19972,30.6371782890714,19972,0
0.409,996.355505312035,0.221441192883119,0.011072059644156,5.21690522642006,104.338104528401,5.6599921551515,0,1000,996.09375,3.90625,5.6599921551515,5.63575951176772,13.7210332258418,0,5.6599921551515,0.471666012929292,5.6599921551515,0,30.7415131984911,20040,68,996.09375,-0.261755312034779,996.355505312035,996.09375,0,0,0,0,20040,0,0,20040,30.7415131984911,20040,0
0.41,996.416502011171,0.221447086566423,0.0110723543283211,5.21722460438989,104.344492087798,5.66032349500169,0,1000,996.09375,3.90625,5.66032349500169,5.6360908516179,11.4341943548682,0,5.66032349500169,0.471693624583474,5.66032349500169,0,30.8458544971985,20108,68,996.09375,-0.322752011170792,996.416502011171,996.09375,0,0,0,0,20108,0,0,20108,30.8458544971985,20108,0
0.411,996.477466077562,0.221453066895923,0.0110726533447962,5.21754381149507,104.350876229901,5.66065483485187,0,1000,996.09375,3.90625,5.66065483485187,5.63642219146808,9.52849529572346,0,5.66065483485187,0.471721236237656,5.66065483485187,0,30.9502021817527,20176,68,996.09375,-0.383716077561871,996.477466077562,996.09375,0,0,0,0,20176,0,0,20176,30.9502021817527,20176,0
0.412,996.538397954456,0.22145913267658,0.011072956633829,5.21786285005643,104.357257001129,5.66098617470205,0,1000,996.09375,3.90625,5.66098617470205,5.63675353131827,7.94041274643622,0,5.66098617470205,0.471748847891838,5.66098617470205,0,31.0545562487598,20244,68,996.09375,-0.444647954455945,996.538397954456,996.09375,0,0,0,0,20244,0,0,20244,31.0545562487598,20244,0
0.413,996.599298079028,0.221465282741103,0.0110732641370552,5.21818172236303,104.363634447261,5.66131751455224,0,1000,996.09375,3.90625,5.66131751455224,5.63708487116845,6.61701062203018,0,5.66131751455224,0.47177645954602,5.66131751455224,0,31.1589166948718,20312,68,996.09375,-0.505548079027562,996.599298079028,996.09375,0,0,0,0,20312,0,0,20312,31.1589166948718,20312,0
0.414,996.660166882492,0.221471515942349,0.0110735757971175,5.21850043067269,104.370008613454,5.66164885440242,0,1000,996.09375,3.90625,5.66164885440242,5.63741621101864,5.51417551835849,0,5.66164885440242,0.471804071200202,5.66164885440242,0,31.2632835167862,20380,68,996.09375,-0.566416882491922,996.660166882492,996.09375,0,0,0,0,20380,0,0,20380,31.2632835167862,20380,0
0.415,996.721004790205,0.221477831150352,0.0110738915575176,5.21881897721257,104.376379544251,5.66198019425261,0,1000,996.09375,3.90625,5.66198019425261,5.63774755086882,4.59514626529874,0,5.66198019425261,0.471831682854384,5.66198019425261,0,31.3676567112453,20448,68,996.09375,-0.627254790204574,996.721004790205,996.09375,0,0,0,0,20448,0,0,20448,31.3676567112453,20448,0
0.416,996.781812221736,0.221484227251087,0.0110742113625544,5.21913736417954,104.382747283591,5.66231153410279,0,1000,996.09375,3.90625,5.66231153410279,5.638078890719,3.82928855441562,0,5.66231153410279,0.471859294508566,5.66231153410279,0,31.4720362750359,20516,68,996.09375,-0.688062221736004,996.781812221736,996.09375,0,0,0,0,20516,0,0,20516,31.4720362750359,20516,0
0.417,996.84258959096,0.221490703145883,0.0110745351572941,5.21945559374064,104.389111874813,5.66264287395297,0,1000,996.09375,3.90625,5.66264287395297,5.63841023056919,3.19107379534635,0,5.66264287395297,0.471886906162748,5.66264287395297,0,31.5764222049882,20584,68,996.09375,-0.748839590960074,996.84258959096,996.09375,0,0,0,0,20584,0,0,20584,31.5764222049882,20584,0
0.418,996.903337306132,0.221497257751066,0.0110748628875533,5.21977366803349,104.39547336067,5.66297421380316,0,1000,996.09375,3.90625,5.66297421380316,5.63874157041937,2.65922816278862,0,5.66297421380316,0.47191451781693,5.66297421380316,0,31.6808144979755,20652,68,996.09375,-0.809587306132471,996.903337306132,996.09375,0,0,0,0,20652,0,0,20652,31.6808144979755,20652,0
0.419,996.96405576996,0.221503889997712,0.0110751944998856,5.22009158916665,104.401831783333,5.66330555365334,0,1000,996.09375,3.90625,5.66330555365334,5.63907291026955,2.21602346899052,0,5.66330555365334,0.471942129471112,5.66330555365334,0,31.7852131509136,20720,68,996.09375,-0.870305769960169,996.96405576996,996.09375,0,0,0,0,20720,0,0,20720,31.7852131509136,20720,0
0.42,997.024745379684,0.221510598831427,0.0110755299415713,5.22040935922008,104.408187184402,5.66363689350352,0,1000,996.09375,3.90625,5.66363689350352,5.63940425011974,1.84668622415877,0,5.66363689350352,0.471969741125294,5.66363689350352,0,31.8896181607601,20788,68,996.09375,-0.930995379683623,997.024745379684,996.09375,0,0,0,0,20788,0,0,20788,31.8896181607601,20788,0
0.421,997.085406527149,0.221517383212139,0.011075869160607,5.22072698024547,104.414539604909,5.66396823335371,0,1000,996.09375,3.90625,5.66396823335371,5.63973558996992,1.53890518679897,0,5.66396823335371,0.471997352779476,5.66396823335371,0,31.994029524514,20856,68,996.09375,-0.991656527149416,997.085406527149,996.09375,0,0,0,0,20856,0,0,20856,31.994029524514,20856,0
0.422,997.14603959888,0.221524242113899,0.0110762121056949,5.22104445426667,104.420889085333,5.66429957320389,0,1000,996.09375,3.90625,5.66429957320389,5.6400669298201,1.28242098899914,0,5.66429957320389,0.472024964433658,5.66429957320389,0,32.098447239215,20924,68,996.09375,-1.05228959888029,997.14603959888,996.09375,0,0,0,0,20924,0,0,20924,32.098447239215,20924,0
0.423,997.206644976151,0.221531174524695,0.0110765587262348,5.22136178328,104.4272356656,5.57375850036487,0,1000,1010.7421875,-10.7421875,5.57375850036487,5.64039826967029,2442.4749341575,0,5.57375850036487,0.464479875030406,5.57375850036487,0,32.2028713019431,20993,69,1010.7421875,13.5355425238491,997.206644976151,1010.7421875,0,1,1,0,20993,1,0,20993,32.2028713019431,20993,0
0.424,997.18752039664,0.19287582827592,0.00964379141379598,5.22126164721584,104.425232944317,5.66371972846607,0,1000,996.09375,3.90625,5.66371972846607,5.63948708508228,-406.010471535417,0,5.66371972846607,0.471976644038839,5.66371972846607,-8.88178419700125e-16,32.3072987107949,21061,68,996.09375,-1.09377039663991,997.18752039664,996.09375,0,1,1,1,21061,0,0,21061,32.3072987107949,21061,0
0.425,997.161147307056,0.21083514044077,0.0105417570220385,5.2211235580417,104.422471160834,5.66405106831625,0,1000,996.09375,3.90625,5.66405106831625,5.63981842493247,-338.342059612848,0,5.66405106831625,0.472004255693021,5.66405106831625,0,32.4117218263148,21129,68,996.09375,-1.06739730705613,997.161147307056,996.09375,0,1,1,1,21129,0,0,21129,32.4117218263148,21129,0
0.426,997.189273729414,0.21753080970087,0.0108765404850435,5.22127082764478,104.425416552896,5.66438240816644,0,1000,996.09375,3.90625,5.66438240816644,5.64014976478265,-281.95171634404,0,5.66438240816644,0.472031867347203,5.66438240816644,-8.88178419700125e-16,32.5161454959731,21197,68,996.09375,-1.09552372941425,997.189273729414,996.09375,0,1,1,1,21197,0,0,21197,32.5161454959731,21197,0
0.427,997.237688963239,0.220030011166699,0.011001500558335,5.22152432921629,104.430486584326,5.66471374801662,0,1000,996.09375,3.90625,5.66471374801662,5.64048110463284,-234.959763620033,0,5.66471374801662,0.472059479001385,5.66471374801662,0,32.6205733455937,21265,68,996.09375,-1.14393896323918,997.237688963239,996.09375,0,1,1,1,21265,0,0,21265,32.6205733455937,21265,0
0.428,997.293647300908,0.22096577123139,0.0110482885615695,5.22181732638717,104.436346527743,5.66504508786681,0,1000,996.09375,3.90625,5.66504508786681,5.64081244448302,-195.799803016694,0,5.66504508786681,0.472087090655567,5.6650450878668,-8.88178419700125e-16,32.7250067243756,21333,68,996.09375,-1.19989730090822,997.293647300908,996.09375,0,1,1,1,21333,0,0,21333,32.7250067243756,21333,0
0.429,997.352400273201,0.221319079520055,0.0110659539760028,5.22212495623073,104.442499124615,5.66537642771699,0,1000,996.09375,3.90625,5.66537642771699,5.6411437843332,-163.166502513912,0,5.66537642771699,0.472114702309749,5.66537642771699,0,32.8294461333351,21401,68,996.09375,-1.25865027320128,997.352400273201,996.09375,0,1,1,1,21401,0,0,21401,32.8294461333351,21401,0
0.43,997.412178949869,0.221455424095869,0.0110727712047934,5.22243795664983,104.448759132997,5.66570776756717,0,1000,996.09375,3.90625,5.66570776756717,5.64147512418339,-135.97208542826,0,5.66570776756717,0.472142313963931,5.66570776756717,-8.88178419700125e-16,32.9338917575025,21469,68,996.09375,-1.31842894986869,997.412178949869,996.09375,0,1,1,1,21469,0,0,21469,32.9338917575025,21469,0
0.431,997.472324488627,0.221510974781538,0.0110755487390769,5.22275287795434,104.455057559087,5.66603910741736,0,1000,996.09375,3.90625,5.66603910741736,5.64180646403357,-113.310071190217,0,5.66603910741736,0.472169925618113,5.66603910741736,0,33.0383436642032,21537,68,996.09375,-1.37857448862678,997.472324488627,996.09375,0,1,1,1,21537,0,0,21537,33.0383436642032,21537,0
0.432,997.5325916313,0.221536464000811,0.0110768232000405,5.22306843597546,104.461368719509,5.66637044726754,0,1000,996.09375,3.90625,5.66637044726754,5.64213780388375,-94.4250593251805,0,5.66637044726754,0.472197537272295,5.66637044726754,-8.88178419700125e-16,33.1428018769307,21605,68,996.09375,-1.43884163129962,997.5325916313,996.09375,0,1,1,1,21605,0,0,21605,33.1428018769307,21605,0
0.433,997.592889206485,0.221550792657805,0.0110775396328902,5.22338415334085,104.467683066817,5.66670178711772,0,1000,996.09375,3.90625,5.66670178711772,5.64246914373394,-78.6875494376504,0,5.66670178711772,0.472225148926477,5.66670178711772,0,33.24726640287,21673,68,996.09375,-1.49913920648532,997.592889206485,996.09375,0,1,1,1,21673,0,0,21673,33.24726640287,21673,0
0.434,997.653183448322,0.221561002151759,0.011078050107588,5.22369985325286,104.473997065057,5.66703312696791,0,1000,996.09375,3.90625,5.66703312696791,5.64280048358412,-65.5729578647087,0,5.66703312696791,0.472252760580659,5.66703312696791,-8.88178419700125e-16,33.3517372431509,21741,68,996.09375,-1.55943344832212,997.653183448322,996.09375,0,1,1,1,21741,0,0,21741,33.3517372431509,21741,0
0.435,997.713461975858,0.221569715377446,0.0110784857688723,5.22401547088499,104.4803094177,5.57649205412889,0,1000,1010.7421875,-10.7421875,5.57649205412889,5.6431318234343,2386.76211844608,0,5.57649205412889,0.464707671177408,5.57649205412889,-8.88178419700125e-16,33.4562143966684,21810,69,1010.7421875,13.028725524142,997.713461975858,1010.7421875,1,1,3,1,21810,1,0,21810,33.4562143966684,21810,0
0.436,997.694017734425,0.192915557858308,0.00964577789291541,5.22391366107493,104.478273221498,5.66645328223009,0,1000,996.09375,3.90625,5.66645328223009,5.6422206388463,-452.437817961603,0,5.66645328223009,0.472204440185841,5.66645328223009,0,33.5606948624827,21878,68,996.09375,-1.60026773442519,997.694017734425,996.09375,1,1,3,3,21878,0,0,21878,33.5606948624827,21878,0
0.437,997.667330348245,0.210875831025794,0.0105437915512897,5.22377392624765,104.475478524953,5.66678462208027,0,1000,996.09375,3.90625,5.66678462208027,5.64255197869648,-377.031514968003,0,5.66678462208027,0.472232051840023,5.66678462208027,0,33.6651710017804,21946,68,996.09375,-1.57358034824483,997.667330348245,996.09375,1,1,3,3,21946,0,0,21946,33.6651710017804,21946,0
0.438,997.695147123827,0.217572369407838,0.0108786184703919,5.223919574544,104.47839149088,5.66711596193045,0,1000,996.09375,3.90625,5.66711596193045,5.64288331854667,-314.192929140002,0,5.66711596193045,0.472259663494205,5.66711596193045,0,33.7696476625509,22014,68,996.09375,-1.60139712382659,997.695147123827,996.09375,1,1,3,3,22014,0,0,22014,33.7696476625509,22014,0
0.439,997.743257058126,0.220072398822917,0.0110036199411459,5.22417147757093,104.483429551419,5.66744730178064,0,1000,996.09375,3.90625,5.66744730178064,5.64321465839685,-261.827440950002,0,5.66744730178064,0.472287275148386,5.66744730178064,0,33.874128471087,22082,68,996.09375,-1.64950705812566,997.743257058126,996.09375,1,1,3,3,22082,0,0,22082,33.874128471087,22082,0
0.44,997.798914295277,0.221008964650763,0.0110504482325382,5.22446289818319,104.489257963664,5.66777864163082,0,1000,996.09375,3.90625,5.66777864163082,5.64354599824703,-218.189534125002,0,5.66777864163082,0.472314886802568,5.66777864163082,0,33.9786147770342,22150,68,996.09375,-1.70516429527697,997.798914295277,996.09375,1,1,3,3,22150,0,0,22150,33.9786147770342,22150,0
0.441,997.857370275803,0.221363063683324,0.0110681531841662,5.22476897298149,104.49537945963,5.66810998148101,0,1000,996.09375,3.90625,5.66810998148101,5.64387733809722,-181.824611770835,0,5.66810998148101,0.47234249845675,5.66810998148101,0,34.0831070818434,22218,68,996.09375,-1.76362027580274,997.857370275803,996.09375,1,1,3,3,22218,0,0,22218,34.0831070818434,22218,0
0.442,997.916856001274,0.221500186745646,0.0110750093372823,5.22508043951171,104.501608790234,5.66844132133119,0,1000,996.09375,3.90625,5.66844132133119,5.6442086779474,-151.520509809029,0,5.66844132133119,0.472370110110932,5.66844132133119,0,34.1876055709718,22286,68,996.09375,-1.82310600127357,997.916856001274,996.09375,1,1,3,3,22286,0,0,22286,34.1876055709718,22286,0
0.443,997.97671256992,0.221556504779897,0.0110778252389949,5.22539384777225,104.507876955445,5.66877266118137,0,1000,996.09375,3.90625,5.66877266118137,5.64454001779759,-126.267091507524,0,5.66877266118137,0.472397721765114,5.66877266118137,0,34.2921103121648,22354,68,996.09375,-1.88296256991975,997.97671256992,996.09375,1,1,3,3,22354,0,0,22354,34.2921103121648,22354,0
0.444,998.036694667781,0.221582750716143,0.0110791375358071,5.22570791330223,104.514158266045,5.57823158834236,0,1000,1010.7421875,-10.7421875,5.57823158834236,5.64487135764777,2336.18367374373,0,5.57823158834236,0.464852632361863,5.57823158834236,0,34.3966213293299,22423,69,1010.7421875,12.705492832219,998.036694667781,1010.7421875,1,0,2,2,22423,0,0,22423,34.3966213293299,22423,0
0.445,998.017008431092,0.192935474564826,0.00964677372824132,5.22560483640797,104.512096728159,5.66819281644355,0,1000,996.09375,3.90625,5.66819281644355,5.64396017305977,-494.586521880225,0,5.66819281644355,0.472349401370296,5.66819281644355,0,34.501135631037,22491,68,996.09375,-1.92325843109154,998.017008431092,996.09375,1,0,2,2,22491,0,0,22491,34.501135631037,22491,0
0.446,997.990101116891,0.210898655973013,0.0105449327986506,5.22546395004027,104.509279000805,5.66852415629374,0,1000,996.09375,3.90625,5.66852415629374,5.64429151290995,-412.155434900188,0,5.66852415629374,0.472377013024478,5.66852415629374,0,34.6056455822045,22559,68,996.09375,-1.8963511168912,997.990101116891,996.09375,1,0,2,2,22559,0,0,22559,34.6056455822045,22559,0
0.447,998.017707948351,0.217596617644844,0.0108798308822422,5.22560849907177,104.512169981435,5.66885549614392,0,1000,996.09375,3.90625,5.66885549614392,5.64462285276013,-343.462862416823,0,5.66885549614392,0.47240462467866,5.66885549614392,0,34.7101560323977,22627,68,996.09375,-1.92395794835056,998.017707948351,996.09375,1,0,2,2,22627,0,0,22627,34.7101560323977,22627,0
0.448,998.065613396579,0.220097512485484,0.0110048756242742,5.22585933141214,104.517186628243,5.6691868359941,0,1000,996.09375,3.90625,5.6691868359941,5.64495419261032,-286.219052014019,0,5.6691868359941,0.472432236332842,5.6691868359941,0,34.8146706086799,22695,68,996.09375,-1.97186339657924,998.065613396579,996.09375,1,0,2,2,22695,0,0,22695,34.8146706086799,22695,0
0.449,998.121069895911,0.221034731343267,0.0110517365671634,5.22614970096363,104.522994019273,5.66951817584429,0,1000,996.09375,3.90625,5.66951817584429,5.6452855324605,-238.515876678349,0,5.66951817584429,0.472459847987024,5.66951817584429,0,34.9191906611644,22763,68,996.09375,-2.02731989591064,998.121069895911,996.09375,1,0,2,2,22763,0,0,22763,34.9191906611644,22763,0
0.45,998.179328226551,0.221389399783658,0.0110694699891829,5.22645474086954,104.529094817391,5.66984951569447,0,1000,996.09375,3.90625,5.66984951569447,5.64561687231068,-198.763230565291,0,5.66984951569447,0.472487459641206,5.66984951569447,0,35.0237166916549,22831,68,996.09375,-2.08557822655075,998.179328226551,996.09375,1,0,2,2,22831,0,0,22831,35.0237166916549,22831,0
0.451,998.238619121091,0.221527056669994,0.0110763528334997,5.2267651872674,104.535303745348,5.57930844285545,0,1000,1010.7421875,-10.7421875,5.57930844285545,5.64594821216087,2275.77022452892,0,5.57930844285545,0.464942370237954,5.57930844285545,0,35.1282488859158,22900,69,1010.7421875,12.5035683789093,998.238619121091,1010.7421875,0,0,0,2,22900,1,0,22900,35.1282488859158,22900,0
0.452,998.218580916465,0.192921539731932,0.00964607698659662,5.22666026747333,104.533205349467,5.66926967095665,0,1000,996.09375,3.90625,5.66926967095665,5.64503702757286,-544.931062892563,0,5.66926967095665,0.472439139246387,5.66926967095665,0,35.2327843129578,22968,68,996.09375,-2.1248309164655,998.218580916465,996.09375,0,0,0,0,22968,0,0,22968,35.2327843129578,22968,0
0.453,998.191449306303,0.210900526707356,0.0105450263353678,5.22651820669472,104.530364133894,5.66960101080683,0,1000,996.09375,3.90625,5.66960101080683,5.64536836742305,-454.109219077136,0,5.66960101080683,0.472466750900569,5.66960101080683,-8.88178419700125e-16,35.3373153603522,23036,68,996.09375,-2.09769930630318,998.191449306303,996.09375,0,0,0,0,23036,0,0,23036,35.3373153603522,23036,0
0.454,998.218880673894,0.217604621003346,0.0108802310501673,5.22666183699955,104.533236739991,5.66993235065702,0,1000,996.09375,3.90625,5.66993235065702,5.64569970727323,-378.424349230947,0,5.66993235065702,0.472494362554751,5.66993235065702,0,35.4418468862379,23104,68,996.09375,-2.12513067389352,998.218880673894,996.09375,0,0,0,0,23104,0,0,23104,35.4418468862379,23104,0
0.455,998.266630099682,0.220108041294159,0.011005402064708,5.22691185240833,104.538237048167,5.6702636905072,0,1000,996.09375,3.90625,5.6702636905072,5.64603104712341,-315.353624359122,0,5.6702636905072,0.472521974208933,5.6702636905072,-8.88178419700125e-16,35.546382521004,23172,68,996.09375,-2.17288009968206,998.266630099682,996.09375,0,0,0,0,23172,0,0,23172,35.546382521004,23172,0
0.456,998.321939050934,0.22104643840489,0.0110523219202445,5.22720144939988,104.544028987998,5.67059503035738,0,1000,996.09375,3.90625,5.67059503035738,5.6463623869736,-262.794686965935,0,5.67059503035738,0.472549585863115,5.67059503035738,0,35.6509236161329,23240,68,996.09375,-2.22818905093357,998.321939050934,996.09375,0,0,0,0,23240,0,0,23240,35.6509236161329,23240,0
0.457,998.380054205128,0.221401779947968,0.0110700889973984,5.22750573963568,104.550114792714,5.67092637020757,0,1000,996.09375,3.90625,5.67092637020757,5.64669372682378,-218.995572471613,0,5.67092637020757,0.472577197517297,5.67092637020757,-8.88178419700125e-16,35.7554706740663,23308,68,996.09375,-2.28630420512809,998.380054205128,996.09375,0,0,0,0,23308,0,0,23308,35.7554706740663,23308,0
0.458,998.4392047498,0.22153991855308,0.011076995927654,5.22781545116334,104.556309023267,5.58038529736855,0,1000,1010.7421875,-10.7421875,5.58038529736855,5.64702506667397,2258.90993960699,0,5.58038529736855,0.465032108114046,5.58038529736855,-8.88178419700125e-16,35.8600238809326,23377,69,1010.7421875,12.3029827502004,998.4392047498,1010.7421875,0,1,1,1,23377,0,0,23377,35.8600238809326,23377,0
0.459,998.419028429972,0.19293480889342,0.00964674044467101,5.22770980819976,104.554196163995,5.67034652546975,0,1000,996.09375,3.90625,5.67034652546975,5.64611388208596,-558.981300327509,0,5.67034652546975,0.472528877122479,5.67034652546975,0,35.9645803060025,23445,68,996.09375,-2.3252784299716,998.419028429972,996.09375,0,1,1,1,23445,0,0,23445,35.9645803060025,23445,0
0.46,998.391760702708,0.210914172319262,0.0105457086159631,5.22756703471367,104.551340694273,5.67067786531993,0,1000,996.09375,3.90625,5.67067786531993,5.64644522193614,-465.817750272924,0,5.67067786531993,0.472556488776661,5.67067786531993,0,36.0691323370675,23513,68,996.09375,-2.29801070270753,998.391760702708,996.09375,0,1,1,1,23513,0,0,23513,36.0691323370675,23513,0
0.461,998.419057847318,0.217618628528433,0.0108809314264216,5.22770996222863,104.554199244573,5.67100920517012,0,1000,996.09375,3.90625,5.67100920517012,5.64677656178633,-388.18145856077,0,5.67100920517012,0.472584100430843,5.67100920517012,0,36.1736848324694,23581,68,996.09375,-2.32530784731784,998.419057847318,996.09375,0,1,1,1,23581,0,0,23581,36.1736848324694,23581,0
0.462,998.466674889905,0.220122402306094,0.0110061201153047,5.22795928448059,104.559185689612,5.6713405450203,0,1000,996.09375,3.90625,5.6713405450203,5.64710790163651,-323.484548800642,0,5.6713405450203,0.472611712085025,5.6713405450203,0,36.2782414227927,23649,68,996.09375,-2.37292488990454,998.466674889905,996.09375,0,1,1,1,23649,0,0,23649,36.2782414227927,23649,0
0.463,998.521853262083,0.221061146794967,0.0110530573397484,5.22824819776171,104.564963955234,5.67167188487048,0,1000,996.09375,3.90625,5.67167188487048,5.6474392414867,-269.570457333868,0,5.67167188487048,0.472639323739207,5.67167188487048,0,36.3828034597103,23717,68,996.09375,-2.42810326208348,998.521853262083,996.09375,0,1,1,1,23717,0,0,23717,36.3828034597103,23717,0
0.464,998.579839612856,0.221416830511291,0.0110708415255645,5.22855181358437,104.571036271687,5.58113081203147,0,1000,1010.7421875,-10.7421875,5.58113081203147,5.64777058133688,2216.76420222178,0,5.58113081203147,0.465094234335955,5.58113081203147,0,36.4873714458516,23786,69,1010.7421875,12.1623478871442,998.579839612856,1010.7421875,1,1,3,1,23786,1,0,23786,36.4873714458516,23786,0
0.465,998.559160465746,0.192892955290916,0.00964464776454579,5.2284435378233,104.568870756466,5.67109204013266,0,1000,996.09375,3.90625,5.67109204013266,5.64685939674888,-594.10274814852,0,5.67109204013266,0.472591003344389,5.67109204013266,0,36.5919425685064,23854,68,996.09375,-2.46541046574634,998.559160465746,996.09375,1,1,3,3,23854,0,0,23854,36.5919425685064,23854,0
0.466,998.531637255595,0.210902765214805,0.0105451382607403,5.22829942663194,104.565988532639,5.67142337998285,0,1000,996.09375,3.90625,5.67142337998285,5.64719073659906,-495.0856234571,0,5.67142337998285,0.47261861499857,5.67142337998285,0,36.6965092595359,23922,68,996.09375,-2.43788725559511,998.531637255595,996.09375,1,1,3,3,23922,0,0,23922,36.6965092595359,23922,0
0.467,998.558771996169,0.217618743333867,0.0108809371666934,5.22844150380135,104.568830076027,5.67175471983303,0,1000,996.09375,3.90625,5.67175471983303,5.64752207644924,-412.571352880916,0,5.67175471983303,0.472646226652752,5.67175471983303,0,36.8010763937987,23990,68,996.09375,-2.46502199616896,998.558771996169,996.09375,1,1,3,3,23990,0,0,23990,36.8010763937987,23990,0
0.468,998.606262226077,0.220126985839103,0.0110063492919551,5.22869016206368,104.573803241274,5.67208605968321,0,1000,996.09375,3.90625,5.67208605968321,5.64785341629943,-343.809460734097,0,5.67208605968321,0.472673838306934,5.67208605968321,0,36.905647608129,24058,68,996.09375,-2.51251222607732,998.606262226077,996.09375,1,1,3,3,24058,0,0,24058,36.905647608129,24058,0
0.469,998.66132794634,0.22106756885185,0.0110533784425925,5.22897848550075,104.579569710015,5.6724173995334,0,1000,996.09375,3.90625,5.6724173995334,5.64818475614961,-286.507883945081,0,5.6724173995334,0.472701449961116,5.6724173995334,0,37.0102242566233,24126,68,996.09375,-2.56757794633972,998.66132794634,996.09375,1,1,3,3,24126,0,0,24126,37.0102242566233,24126,0
0.47,998.719207809308,0.221424108795917,0.0110712054397959,5.22928154375457,104.585630875091,5.58187632669438,0,1000,1010.7421875,-10.7421875,5.58187632669438,5.64851609599979,2202.64968004577,0,5.58187632669438,0.465156360557865,5.58187632669438,0,37.1148068429074,24195,69,1010.7421875,12.0229796906916,998.719207809308,1010.7421875,1,0,2,2,24195,0,0,24195,37.1148068429074,24195,0
0.471,998.69842534712,0.192900721502327,0.00964503607511637,5.22917272703701,104.58345454074,5.67183755479558,0,1000,996.09375,3.90625,5.67183755479558,5.64760491141179,-605.864849961862,0,5.67183755479558,0.472653129566298,5.67183755479558,0,37.219392554735,24263,68,996.09375,-2.60467534711984,998.69842534712,996.09375,1,0,2,2,24263,0,0,24263,37.219392554735,24263,0
0.472,998.670800868215,0.21091087984063,0.0105455439920315,5.2290280856037,104.580561712074,5.67216889464576,0,1000,996.09375,3.90625,5.67216889464576,5.64793625126197,-504.887374968218,0,5.67216889464576,0.47268074122048,5.67216889464576,-8.88178419700125e-16,37.323973824231,24331,68,996.09375,-2.57705086821466,998.670800868215,996.09375,1,0,2,2,24331,0,0,24331,37.323973824231,24331,0
0.473,998.697835954957,0.217627152132961,0.010881357606648,5.22916964098686,104.583392819737,5.67250023449594,0,1000,996.09375,3.90625,5.67250023449594,5.64826759111216,-420.739479140182,0,5.67250023449594,0.472708352874662,5.67250023449594,0,37.4285555264423,24399,68,996.09375,-2.60408595495664,998.697835954957,996.09375,1,0,2,2,24399,0,0,24399,37.4285555264423,24399,0
0.474,998.745227973642,0.220135666370672,0.0110067833185336,5.22941778501643,104.588355700329,5.67283157434613,0,1000,996.09375,3.90625,5.67283157434613,5.64859893096234,-350.616232616818,0,5.67283157434613,0.472735964528844,5.67283157434613,-8.88178419700125e-16,37.5331412983617,24467,68,996.09375,-2.65147797364216,998.745227973642,996.09375,1,0,2,2,24467,0,0,24467,37.5331412983617,24467,0
0.475,998.800196849685,0.221076510553307,0.0110538255276654,5.22970560137835,104.594112027567,5.67316291419631,0,1000,996.09375,3.90625,5.67316291419631,5.64893027081252,-292.180193847349,0,5.67316291419631,0.472763576183026,5.67316291419631,0,37.6377324942325,24535,68,996.09375,-2.70644684968499,998.800196849685,996.09375,1,0,2,2,24535,0,0,24535,37.6377324942325,24535,0
0.476,998.857981195995,0.221433305560057,0.0110716652780028,5.23000815950812,104.600163190162,5.58262184135729,0,1000,1010.7421875,-10.7421875,5.58262184135729,5.64926161066271,2197.92275512721,0,5.58262184135729,0.465218486779775,5.58262184135729,0,37.7423296178214,24604,69,1010.7421875,11.8842063040046,998.857981195995,1010.7421875,0,0,0,0,24604,0,0,24604,37.7423296178214,24604,0
0.477,998.837104518903,0.192910168911385,0.00964550844556925,5.22989884948248,104.59797698965,5.67258306945849,0,1000,996.09375,3.90625,5.67258306945849,5.6483504260747,-609.803954060658,0,5.67258306945849,0.472715255788208,5.67258306945849,0,37.8469298570198,24672,68,996.09375,-2.7433545189034,998.837104518903,996.09375,0,0,0,0,24672,0,0,24672,37.8469298570198,24672,0
0.478,998.809387106278,0.210920574135377,0.0105460287067688,5.22975372144934,104.595074428987,5.67291440930867,0,1000,996.09375,3.90625,5.67291440930867,5.64868176592489,-508.169961717215,0,5.67291440930867,0.47274286744239,5.67291440930867,0,37.9515256440877,24740,68,996.09375,-2.71563710627788,998.809387106278,996.09375,0,0,0,0,24740,0,0,24740,37.9515256440877,24740,0
0.479,998.836330521999,0.217637089828214,0.0108818544914107,5.22989479684416,104.597895936883,5.67324574915886,0,1000,996.09375,3.90625,5.67324574915886,5.64901310577507,-423.47496809768,0,5.67324574915886,0.472770479096571,5.67324574915886,0,38.056121854205,24808,68,996.09375,-2.74258052199855,998.836330521999,996.09375,0,0,0,0,24808,0,0,24808,38.056121854205,24808,0
0.48,998.883632114819,0.220145844111658,0.0110072922055829,5.23014246740501,104.6028493481,5.67357708900904,0,1000,996.09375,3.90625,5.67357708900904,5.64934444562526,-352.895806748066,0,5.67357708900904,0.472798090750753,5.67357708900904,0,38.1607221244961,24876,68,996.09375,-2.78988211481874,998.883632114819,996.09375,0,0,0,0,24876,0,0,24876,38.1607221244961,24876,0
0.481,998.938511793087,0.221086925061771,0.0110543462530886,5.23042981672847,104.608596334569,5.58303601617003,0,1000,1010.7421875,-10.7421875,5.58303601617003,5.64967578547544,2147.32641104328,0,5.58303601617003,0.465253001347502,5.58303601617003,0,38.2653278093338,24945,69,1010.7421875,11.8036757069134,998.938511793087,1010.7421875,0,1,1,1,24945,0,0,24945,38.2653278093338,24945,0
0.482,998.916505514561,0.192781602443454,0.00963908012217271,5.23031459212356,104.606291842471,5.67299724427122,0,1000,996.09375,3.90625,5.67299724427122,5.64876460088743,-651.967574130602,0,5.67299724427122,0.472749770355935,5.67299724427122,0,38.3699364135893,25013,68,996.09375,-2.82275551456144,998.916505514561,996.09375,0,1,1,1,25013,0,0,25013,38.3699364135893,25013,0
0.483,998.888320483239,0.210873283053489,0.0105436641526744,5.23016701564465,104.603340312893,5.67332858412141,0,1000,996.09375,3.90625,5.67332858412141,5.64909594073762,-543.306311775501,0,5.67332858412141,0.472777382010117,5.67332858412141,0,38.4745404876886,25081,68,996.09375,-2.79457048323889,998.888320483239,996.09375,0,1,1,1,25081,0,0,25081,38.4745404876886,25081,0
0.484,998.915043551101,0.217620202059701,0.0108810101029851,5.23030693730078,104.606138746016,5.67365992397159,0,1000,996.09375,3.90625,5.67365992397159,5.6494272805878,-452.755259812918,0,5.67365992397159,0.472804993664299,5.67365992397159,0,38.5791449509037,25149,68,996.09375,-2.82129355110112,998.915043551101,996.09375,0,1,1,1,25149,0,0,25149,38.5791449509037,25149,0
0.485,998.962217548501,0.220140404517036,0.0110070202258518,5.23055393977357,104.611078795471,5.67399126382177,0,1000,996.09375,3.90625,5.67399126382177,5.64975862043799,-377.296049844098,0,5.67399126382177,0.472832605318481,5.67399126382177,0,38.6837534568526,25217,68,996.09375,-2.86846754850148,998.962217548501,996.09375,0,1,1,1,25217,0,0,25217,38.6837534568526,25217,0
0.486,999.017004806151,0.221085869859033,0.0110542934929517,5.2308408051838,104.616816103676,5.58345019098276,0,1000,1010.7421875,-10.7421875,5.58345019098276,5.65008996028817,2126.99287512992,0,5.58345019098276,0.46528751591523,5.58345019098276,0,38.7883673661178,25286,69,1010.7421875,11.7251826938493,999.017004806151,1010.7421875,1,1,3,3,25286,0,0,25286,38.7883673661178,25286,0
0.487,998.994919821643,0.192782298251985,0.00963911491259925,5.23072516847533,104.614503369507,5.67341141908395,0,1000,996.09375,3.90625,5.67341141908395,5.64917877570017,-668.912187391735,0,5.67341141908395,0.472784284923663,5.67341141908395,-8.88178419700125e-16,38.8929841859488,25354,68,996.09375,-2.90116982164272,998.994919821643,996.09375,1,1,3,3,25354,0,0,25354,38.8929841859488,25354,0
0.488,998.966661795253,0.210874747155263,0.0105437373577631,5.23057720979515,104.611544195903,5.67374275893414,0,1000,996.09375,3.90625,5.67374275893414,5.64951011555035,-557.426822826446,0,5.67374275893414,0.472811896577845,5.67374275893414,0,38.9975964677209,25422,68,996.09375,-2.87291179525323,998.966661795253,996.09375,1,1,3,3,25422,0,0,25422,38.9975964677209,25422,0
0.489,998.993314588841,0.217622066747964,0.0108811033373982,5.23071676349603,104.614335269921,5.67407409878432,0,1000,996.09375,3.90625,5.67407409878432,5.64984145540053,-464.522352355372,0,5.67407409878432,0.472839508232027,5.67407409878432,-8.88178419700125e-16,39.1022091311223,25490,68,996.09375,-2.89956458884058,998.993314588841,996.09375,1,1,3,3,25490,0,0,25490,39.1022091311223,25490,0
0.49,999.040419910667,0.220142531241989,0.0110071265620995,5.23096340638436,104.619268127687,5.6744054386345,0,1000,996.09375,3.90625,5.6744054386345,5.65017279525072,-387.101960296143,0,5.6744054386345,0.472867119886209,5.6744054386345,0,39.2068258299877,25558,68,996.09375,-2.94666991066708,999.040419910667,996.09375,1,1,3,3,25558,0,0,25558,39.2068258299877,25558,0
0.491,999.095139665445,0.221088205469285,0.0110544102734643,5.23124991835038,104.624998367008,5.58386436579549,0,1000,1010.7421875,-10.7421875,5.58386436579549,5.6505041351009,2118.82128308655,0,5.58386436579549,0.465322030482957,5.58386436579549,0,39.3114479250413,25627,69,1010.7421875,11.6470478345553,999.095139665445,1010.7421875,1,0,2,2,25627,0,0,25627,39.3114479250413,25627,0
0.492,999.072988184216,0.192784821433936,0.00963924107169681,5.23113393346589,104.622678669318,5.67382559389668,0,1000,996.09375,3.90625,5.67382559389668,5.6495929505129,-675.721847427877,0,5.67382559389668,0.47281879949139,5.67382559389668,0,39.4160729236456,25695,68,996.09375,-2.97923818421589,999.072988184216,996.09375,1,0,2,2,25695,0,0,25695,39.4160729236456,25695,0
0.493,999.044664597466,0.210877448477689,0.0105438724238844,5.23098563151246,104.619712630249,5.67415693374687,0,1000,996.09375,3.90625,5.67415693374687,5.64992429036308,-563.101539523231,0,5.67415693374687,0.472846411145572,5.67415693374687,0,39.5206933772767,25763,68,996.09375,-2.95091459746595,999.044664597466,996.09375,1,0,2,2,25763,0,0,25763,39.5206933772767,25763,0
0.494,999.071252733433,0.217624941226915,0.0108812470613458,5.23112484666684,104.622496933337,5.67448827359705,0,1000,996.09375,3.90625,5.67448827359705,5.65025563021326,-469.251282936026,0,5.67448827359705,0.472874022799754,5.67448827359705,0,39.6253142057192,25831,68,996.09375,-2.9775027334332,999.071252733433,996.09375,1,0,2,2,25831,0,0,25831,39.6253142057192,25831,0
0.495,999.118294280331,0.220145575570404,0.0110072787785202,5.23137115563042,104.627423112608,5.67481961344723,0,1000,996.09375,3.90625,5.67481961344723,5.65058697006345,-391.042735780021,0,5.67481961344723,0.472901634453936,5.67481961344723,0,39.7299390629012,25899,68,996.09375,-3.02454428033093,999.118294280331,996.09375,1,0,2,2,25899,0,0,25899,39.7299390629012,25899,0
0.496,999.172951127984,0.221091416984548,0.0110545708492274,5.23165733821552,104.63314676431,5.58427854060822,0,1000,1010.7421875,-10.7421875,5.58427854060822,5.65091830991363,2115.53730351665,0,5.58427854060822,0.465356545050685,5.58427854060822,0,39.8345693096385,25968,69,1010.7421875,11.5692363720157,999.172951127984,1010.7421875,0,0,0,0,25968,0,0,25968,39.8345693096385,25968,0
0.497,999.15073759456,0.192788197732977,0.00963940988664884,5.23154102842649,104.63082056853,5.67423976870941,0,1000,996.09375,3.90625,5.67423976870941,5.65000712532563,-678.458497069459,0,5.67423976870941,0.472853314059118,5.67423976870941,0,39.9392024533835,26036,68,996.09375,-3.05698759456027,999.15073759456,996.09375,0,0,0,0,26036,0,0,26036,39.9392024533835,26036,0
0.498,999.122352798541,0.210880987273291,0.0105440493636645,5.23139240598208,104.627848119641,5.6745711085596,0,1000,996.09375,3.90625,5.6745711085596,5.65033846517581,-565.382080891216,0,5.6745711085596,0.4728809257133,5.6745711085596,0,40.0438310457017,26104,68,996.09375,-3.02860279854076,999.122352798541,996.09375,0,0,0,0,26104,0,0,26104,40.0438310457017,26104,0
0.499,999.148880556566,0.217628640293923,0.0108814320146962,5.23153130499829,104.630626099966,5.67490244840978,0,1000,996.09375,3.90625,5.67490244840978,5.65066980502599,-471.151734076013,0,5.67490244840978,0.472908537367482,5.67490244840978,0,40.148460006465,26172,68,996.09375,-3.05513055656581,999.148880556566,996.09375,0,0,0,0,26172,0,0,26172,40.148460006465,26172,0
0.5,999.195862545499,0.220149432725433,0.0110074716362716,5.23177730211709,104.635546042342,5.67523378825996,0,1000,996.09375,3.90625,5.67523378825996,5.65100114487618,-392.626445063344,0,5.67523378825996,0.472936149021664,5.67523378825996,0,40.253092989688,26240,68,996.09375,-3.1021125454987,999.195862545499,996.09375,0,0,0,0,26240,0,0,26240,40.253092989688,26240,0
0.501,999.250460644011,0.221095430078173,0.0110547715039087,5.2320631770924,104.641263541848,5.58469271542095,0,1000,1010.7421875,-10.7421875,5.58469271542095,5.65133248472636,2114.21754578055,0,5.58469271542095,0.465391059618412,5.58469271542095,0,40.3577313562718,26309,69,1010.7421875,11.4917268559889,999.250460644011,1010.7421875,0,1,1,1,26309,0,0,26309,40.3577313562718,26309,0
0.502,999.228189159279,0.192792364646562,0.00963961823232809,5.23194656387104,104.638931277421,5.67465394352214,0,1000,996.09375,3.90625,5.67465394352214,5.65042130013836,-679.558295182878,0,5.67465394352214,0.472887828626845,5.67465394352214,-8.88178419700125e-16,40.4623726137532,26377,68,996.09375,-3.13443915927928,999.228189159279,996.09375,0,1,1,1,26377,0,0,26377,40.4623726137532,26377,0
0.503,999.199747198945,0.210885305917568,0.0105442652958784,5.23179764211497,104.635952842299,5.67498528337233,0,1000,996.09375,3.90625,5.67498528337233,5.65075263998854,-566.298579319065,0,5.67498528337233,0.472915440281027,5.67498528337233,0,40.5670093137803,26445,68,996.09375,-3.10599719894526,999.199747198945,996.09375,0,1,1,1,26445,0,0,26445,40.5670093137803,26445,0
0.504,999.22621856896,0.217633108608221,0.010881655430411,5.23193624588425,104.638724917685,5.67531662322251,0,1000,996.09375,3.90625,5.67531662322251,5.65108397983872,-471.915482765888,0,5.67531662322251,0.472943051935209,5.67531662322251,-8.88178419700125e-16,40.6716463763072,26513,68,996.09375,-3.13246856895967,999.22621856896,996.09375,0,1,1,1,26513,0,0,26513,40.6716463763072,26513,0
0.505,999.273144935646,0.220154048677151,0.0110077024338576,5.23218195176566,104.643639035313,5.58477555038349,0,1000,1010.7421875,-10.7421875,5.58477555038349,5.65141531968891,2048.14334769509,0,5.58477555038349,0.465397962531958,5.58477555038349,-8.88178419700125e-16,40.7762874554289,26582,69,1010.7421875,11.469042564354,999.273144935646,1010.7421875,1,1,3,1,26582,1,0,26582,40.7762874554289,26582,0
0.506,999.247985528856,0.192437840492002,0.00962189202460011,5.23205021741976,104.641004348395,5.67473677848469,0,1000,996.09375,3.90625,5.67473677848469,5.6505041351009,-734.620126920755,0,5.67473677848469,0.472894731540391,5.67473677848469,0,40.8809309131035,26650,68,996.09375,-3.15423552885591,999.247985528856,996.09375,1,1,3,3,26650,0,0,26650,40.8809309131035,26650,0
0.507,999.218438359644,0.210749505602687,0.0105374752801344,5.23189550880354,104.637910176071,5.67506811833487,0,1000,996.09375,3.90625,5.67506811833487,5.65083547495109,-612.18343910063,0,5.67506811833487,0.472922343194573,5.67506811833487,0,40.9855696193547,26718,68,996.09375,-3.12468835964353,999.218438359644,996.09375,1,1,3,3,26718,0,0,26718,40.9855696193547,26718,0
0.508,999.244469105882,0.217578875118085,0.0108789437559043,5.23203180547212,104.640636109442,5.67539945818506,0,1000,996.09375,3.90625,5.67539945818506,5.65116681480127,-510.152865917191,0,5.67539945818506,0.472949954848755,5.67539945818506,0,41.0902086127958,26786,68,996.09375,-3.1507191058821,999.244469105882,996.09375,1,1,3,3,26786,0,0,26786,41.0902086127958,26786,0
0.509,999.291202846015,0.220130280197387,0.0110065140098693,5.23227650276325,104.645530055265,5.67573079803524,0,1000,996.09375,3.90625,5.67573079803524,5.65149815465146,-425.127388264326,0,5.67573079803524,0.472977566502937,5.67573079803524,0,41.1948515917724,26854,68,996.09375,-3.19745284601481,999.291202846015,996.09375,1,1,3,3,26854,0,0,26854,41.1948515917724,26854,0
0.51,999.345646234282,0.221087848094992,0.0110543924047496,5.23256156767761,104.651231353552,5.58518972519623,0,1000,1010.7421875,-10.7421875,5.58518972519623,5.65182949450164,2087.13342644639,0,5.58518972519623,0.465432477099685,5.58518972519623,0,41.2994999337927,26923,69,1010.7421875,11.3965412657184,999.345646234282,1010.7421875,1,0,2,2,26923,0,0,26923,41.2994999337927,26923,0
0.511,999.323255734049,0.192789256423475,0.00963946282117375,5.23244433129254,104.648886625851,5.67515095329742,0,1000,996.09375,3.90625,5.67515095329742,5.65091830991364,-702.128394628004,0,5.67515095329742,0.472929246108118,5.67515095329742,0,41.4041511526695,26991,68,996.09375,-3.22950573404876,999.323255734049,996.09375,1,0,2,2,26991,0,0,26991,41.4041511526695,26991,0
0.512,999.294708890539,0.210884025183581,0.0105442012591791,5.23229486036945,104.645897207389,5.67548229314761,0,1000,996.09375,3.90625,5.67548229314761,5.65124964976382,-585.106995523337,0,5.67548229314761,0.4729568577623,5.67548229314761,0,41.5087978024772,27059,68,996.09375,-3.2009588905388,999.294708890539,996.09375,1,0,2,2,27059,0,0,27059,41.5087978024772,27059,0
0.513,999.321081464842,0.217632667256312,0.0108816333628156,5.23243294684559,104.648658936912,5.67581363299779,0,1000,996.09375,3.90625,5.67581363299779,5.651580989614,-487.589162936114,0,5.67581363299779,0.472984469416482,5.67581363299779,0,41.6134448041608,27127,68,996.09375,-3.22733146484234,999.321081464842,996.09375,1,0,2,2,27127,0,0,27127,41.6134448041608,27127,0
0.514,999.367912114834,0.220154076414323,0.0110077038207162,5.23267815155555,104.653563031111,5.67614497284797,0,1000,996.09375,3.90625,5.67614497284797,5.65191232946419,-406.324302446762,0,5.67614497284797,0.473012081070664,5.67614497284797,0,41.7180958122698,27195,68,996.09375,-3.27416211483387,999.367912114834,996.09375,1,0,2,2,27195,0,0,27195,41.7180958122698,27195,0
0.515,999.42236157691,0.221100548404637,0.0110550274202318,5.2329632482723,104.659264965446,5.58560390000896,0,1000,1010.7421875,-10.7421875,5.58560390000896,5.65224366931437,2102.8026646277,0,5.58560390000896,0.465466991667413,5.58560390000896,0,41.8227521880388,27264,69,1010.7421875,11.3198259230903,999.42236157691,1010.7421875,0,0,0,0,27264,0,0,27264,41.8227521880388,27264,0
0.516,999.399943715418,0.192797901347037,0.00963989506735183,5.23284586862402,104.65691737248,5.67556512811015,0,1000,996.09375,3.90625,5.67556512811015,5.65133248472637,-689.070696143584,0,5.67556512811015,0.472963760675846,5.67556512811015,0,41.9274114392609,27332,68,996.09375,-3.3061937154182,999.399943715418,996.09375,0,0,0,0,27332,0,0,27332,41.9274114392609,27332,0
0.517,999.371357456003,0.210891236749728,0.0105445618374864,5.23269619131973,104.653923826395,5.67589646796034,0,1000,996.09375,3.90625,5.67589646796034,5.65166382457655,-574.225580119654,0,5.67589646796034,0.472991372330028,5.67589646796034,-8.88178419700125e-16,42.0320661178099,27400,68,996.09375,-3.2776074560029,999.371357456003,996.09375,0,0,0,0,27400,0,0,27400,42.0320661178099,27400,0
0.518,999.397686520025,0.217639421304483,0.0108819710652242,5.23283404997658,104.656680999532,5.67622780781052,0,1000,996.09375,3.90625,5.67622780781052,5.65199516442673,-478.521316766378,0,5.67622780781052,0.47301898398421,5.67622780781052,0,42.1367211438526,27468,68,996.09375,-3.30393652002533,999.397686520025,996.09375,0,0,0,0,27468,0,0,27468,42.1367211438526,27468,0
0.519,999.44447252574,0.220160735475313,0.0110080367737657,5.23307902092965,104.661580418593,5.5856867349715,0,1000,1010.7421875,-10.7421875,5.5856867349715,5.65232650427692,2042.63848602802,0,5.5856867349715,0.465473894580959,5.5856867349715,0,42.24138017169,27537,69,1010.7421875,11.2977149742601,999.44447252574,1010.7421875,0,1,1,1,27537,0,0,27537,42.24138017169,27537,0
0.52,999.419174668759,0.19244489535178,0.00962224476758899,5.23294656166025,104.658931233205,5.6756479630727,0,1000,996.09375,3.90625,5.6756479630727,5.65141531968891,-739.207511643318,0,5.6756479630727,0.472970663589392,5.6756479630727,0,42.3460415634822,27605,68,996.09375,-3.3254246687593,999.419174668759,996.09375,0,1,1,1,27605,0,0,27605,42.3460415634822,27605,0
0.521,999.389490931275,0.210756923168084,0.0105378461584042,5.23279113797423,104.655822759485,5.67597930292288,0,1000,996.09375,3.90625,5.67597930292288,5.6517466595391,-616.006259702765,0,5.67597930292288,0.472998275243574,5.67597930292288,0,42.4506981894511,27673,68,996.09375,-3.29574093127542,999.389490931275,996.09375,0,1,1,1,27673,0,0,27673,42.4506981894511,27673,0
0.522,999.415386964514,0.217586650330235,0.0108793325165117,5.23292672928719,104.658534585744,5.67631064277307,0,1000,996.09375,3.90625,5.67631064277307,5.65207799938928,-513.338549752304,0,5.67631064277307,0.473025886897756,5.67631064277307,0,42.5553550884059,27741,68,996.09375,-3.32163696451357,999.415386964514,996.09375,0,1,1,1,27741,0,0,27741,42.5553550884059,27741,0
0.523,999.461987821323,0.220138408149723,0.0110069204074861,5.23317073080286,104.663414616057,5.58576956993405,0,1000,1010.7421875,-10.7421875,5.58576956993405,5.65240933923946,2013.62412520641,0,5.58576956993405,0.465480797494504,5.58576956993405,0,42.6600159588852,27810,69,1010.7421875,11.2801996786775,999.461987821323,1010.7421875,1,1,3,1,27810,1,0,27810,42.6600159588852,27810,0
0.524,999.436597492518,0.192433972808387,0.00962169864041934,5.23303778735212,104.660755747042,5.67573079803525,0,1000,996.09375,3.90625,5.67573079803525,5.65149815465146,-763.386145661322,0,5.67573079803525,0.472977566502937,5.67573079803525,0,42.7646791795642,27878,68,996.09375,-3.34284749251799,999.436597492518,996.09375,1,1,3,3,27878,0,0,27878,42.7646791795642,27878,0
0.525,999.406856131044,0.210750311223965,0.0105375155611983,5.2328820619476,104.657641238952,5.67606213788543,0,1000,996.09375,3.90625,5.67606213788543,5.65182949450164,-636.155121384435,0,5.67606213788543,0.473005178157119,5.67606213788543,0,42.8693376268525,27946,68,996.09375,-3.31310613104392,999.406856131044,996.09375,1,1,3,3,27946,0,0,27946,42.8693376268525,27946,0
0.526,999.432707838273,0.217581705060838,0.0108790852530419,5.23301742117012,104.660348423402,5.67639347773561,0,1000,996.09375,3.90625,5.67639347773561,5.65216083435183,-530.129267820363,0,5.67639347773561,0.473032789811301,5.67639347773561,0,42.9739963418971,28014,68,996.09375,-3.3389578382729,999.432707838273,996.09375,1,1,3,3,28014,0,0,28014,42.9739963418971,28014,0
0.527,999.479269633922,0.220134143680607,0.0110067071840304,5.23326121816203,104.665224363241,5.6767248175858,0,1000,996.09375,3.90625,5.6767248175858,5.65249217420201,-441.774389850302,0,5.6767248175858,0.473060401465483,5.6767248175858,0,43.0786590241405,28082,68,996.09375,-3.3855196339216,999.479269633922,996.09375,1,1,3,3,28082,0,0,28082,43.0786590241405,28082,0
0.528,999.533545150097,0.221092372188611,0.0110546186094306,5.23354540410018,104.670908082004,5.58618374474678,0,1000,1010.7421875,-10.7421875,5.58618374474678,5.65282351405219,2073.26092512475,0,5.58618374474678,0.465515312062232,5.58618374474678,0,43.1833270516501,28151,69,1010.7421875,11.2086423499026,999.533545150097,1010.7421875,1,0,2,2,28151,0,0,28151,43.1833270516501,28151,0
0.529,999.510989704805,0.192794298442496,0.00963971492212483,5.2334273040648,104.668546081296,5.67614497284798,0,1000,996.09375,3.90625,5.67614497284798,5.65191232946419,-713.688812396043,0,5.67614497284798,0.473012081070665,5.67614497284798,0,43.2879979385958,28219,68,996.09375,-3.41723970480484,999.510989704805,996.09375,1,0,2,2,28219,0,0,28219,43.2879979385958,28219,0
0.53,999.482280397387,0.210889528276545,0.0105444764138273,5.23327698248268,104.665539649654,5.67647631269816,0,1000,996.09375,3.90625,5.67647631269816,5.65224366931437,-594.740676996703,0,5.67647631269816,0.473039692724847,5.67647631269816,-8.88178419700125e-16,43.3926642393319,28287,68,996.09375,-3.3885303973874,999.482280397387,996.09375,1,0,2,2,28287,0,0,28287,43.3926642393319,28287,0
0.531,999.508492803931,0.217638606600999,0.0108819303300499,5.23341423032239,104.668284606448,5.67680765254834,0,1000,996.09375,3.90625,5.67680765254834,5.65257500916456,-495.617230830586,0,5.67680765254834,0.473067304379029,5.67680765254834,0,43.4973308750517,28355,68,996.09375,-3.41474280393118,999.508492803931,996.09375,1,0,2,2,28355,0,0,28355,43.4973308750517,28355,0
0.532,999.555165494753,0.220160439171137,0.0110080219585568,5.23365860796008,104.673172159202,5.58626657970933,0,1000,1010.7421875,-10.7421875,5.58626657970933,5.65290634901474,2028.39189097451,0,5.58626657970933,0.465522214975777,5.58626657970933,0,43.6020015005403,28424,69,1010.7421875,11.1870220052467,999.555165494753,1010.7421875,0,0,0,0,28424,0,0,28424,43.6020015005403,28424,0
0.533,999.529756516833,0.192444975076799,0.00962224875383996,5.23352556686279,104.670511337256,5.67622780781052,0,1000,996.09375,3.90625,5.67622780781052,5.65199516442674,-751.079674187906,0,5.67622780781052,0.47301898398421,5.67622780781052,0,43.7066744782381,28492,68,996.09375,-3.43600651683266,999.529756516833,996.09375,0,0,0,0,28492,0,0,28492,43.7066744782381,28492,0
0.534,999.499963411528,0.210757323395616,0.0105378661697808,5.23336957052821,104.667391410564,5.67655914766071,0,1000,996.09375,3.90625,5.67655914766071,5.65232650427692,-625.899728489922,0,5.67655914766071,0.473046595638392,5.67655914766071,0,43.8113426785703,28560,68,996.09375,-3.40621341152826,999.499963411528,996.09375,0,0,0,0,28560,0,0,28560,43.8113426785703,28560,0
0.535,999.525751653124,0.217587347922685,0.0108793673961343,5.23350459744545,104.670091948909,5.67689048751089,0,1000,996.09375,3.90625,5.67689048751089,5.6526578441271,-521.583107074935,0,5.67689048751089,0.473074207292574,5.67689048751089,0,43.9160111405189,28628,68,996.09375,-3.4320016531243,999.525751653124,996.09375,0,0,0,0,28628,0,0,28628,43.9160111405189,28628,0
0.536,999.572246216006,0.220139392070019,0.011006969603501,5.23374804240742,104.674960848148,5.58634941467187,0,1000,1010.7421875,-10.7421875,5.58634941467187,5.65298918397729,2006.75366077089,0,5.58634941467187,0.465529117889323,5.58634941467187,0,44.020683562783,28697,69,1010.7421875,11.1699412839943,999.572246216006,1010.7421875,0,1,1,0,28697,1,0,28697,44.020683562783,28697,0
0.537,999.546751049394,0.192435236560581,0.00962176182802905,5.23361455002721,104.672291000544,5.67631064277307,0,1000,996.09375,3.90625,5.67631064277307,5.65207799938928,-769.111532690927,0,5.67631064277307,0.473025886897756,5.67631064277307,0,44.1253583241925,28765,68,996.09375,-3.45300104939429,999.546751049394,996.09375,0,1,1,1,28765,0,0,28765,44.1253583241925,28765,0
0.538,999.516906278538,0.210751850036377,0.0105375925018189,5.23345828317242,104.669165663448,5.67664198262325,0,1000,996.09375,3.90625,5.67664198262325,5.65240933923947,-640.926277242439,0,5.67664198262325,0.473053498551938,5.67664198262325,0,44.2300283013073,28833,68,996.09375,-3.42315627853804,999.516906278538,996.09375,0,1,1,1,28833,0,0,28833,44.2300283013073,28833,0
0.539,999.542655982461,0.21758351483613,0.0108791757418065,5.23359310830688,104.671862166138,5.67697332247344,0,1000,996.09375,3.90625,5.67697332247344,5.65274067908965,-534.105231035366,0,5.67697332247344,0.47308111020612,5.67697332247344,0,44.3346985354233,28901,68,996.09375,-3.4489059824615,999.542655982461,996.09375,0,1,1,1,28901,0,0,28901,44.3346985354233,28901,0
0.54,999.589117160684,0.22013622060419,0.0110068110302095,5.23383637846718,104.676727569344,5.67730466232362,0,1000,996.09375,3.90625,5.67730466232362,5.65307201893984,-445.087692529472,0,5.67730466232362,0.473108721860302,5.67730466232362,0,44.4393727261291,28969,68,996.09375,-3.4953671606836,999.589117160684,996.09375,0,1,1,1,28969,0,0,28969,44.4393727261291,28969,0
0.541,999.643293426086,0.221094712582308,0.0110547356291154,5.23412004472949,104.68240089459,5.58676358948461,0,1000,1010.7421875,-10.7421875,5.58676358948461,5.65340335879002,2070.49983955877,0,5.58676358948461,0.46556363245705,5.58676358948461,0,44.5440522516362,29038,69,1010.7421875,11.0988940739144,999.643293426086,1010.7421875,1,1,3,3,29038,0,0,29038,44.5440522516362,29038,0
0.542,999.620640077954,0.192796898709605,0.00963984493548026,5.23400143207605,104.680028641521,5.6767248175858,0,1000,996.09375,3.90625,5.6767248175858,5.65249217420202,-715.989717034355,0,5.6767248175858,0.473060401465483,5.6767248175858,0,44.6487346262566,29106,68,996.09375,-3.52689007795425,999.620640077954,996.09375,1,1,3,3,29106,0,0,29106,44.6487346262566,29106,0
0.543,999.591834197278,0.210892384880951,0.0105446192440475,5.23385060483752,104.67701209675,5.67705615743599,0,1000,996.09375,3.90625,5.67705615743599,5.6528235140522,-596.658097528629,0,5.67705615743599,0.473088013119665,5.67705615743598,-8.88178419700125e-16,44.7534124044849,29174,68,996.09375,-3.49808419727788,999.591834197278,996.09375,1,1,3,3,29174,0,0,29174,44.7534124044849,29174,0
0.544,999.617951342061,0.217641716058985,0.0108820858029493,5.23398735388783,104.679747077757,5.67738749728617,0,1000,996.09375,3.90625,5.67738749728617,5.65315485390238,-497.215081273858,0,5.67738749728617,0.473115624773847,5.67738749728617,0,44.8580905076526,29242,68,996.09375,-3.52420134206102,999.617951342061,996.09375,1,1,3,3,29242,0,0,29242,44.8580905076526,29242,0
0.545,999.664530064804,0.220163798047924,0.0110081899023962,5.2342312395098,104.684624790196,5.58684642444715,0,1000,1010.7421875,-10.7421875,5.58684642444715,5.65348619375257,2027.06034893845,0,5.58684642444715,0.465570535370596,5.58684642444715,0,44.9627725906814,29311,69,1010.7421875,11.0776574351956,999.664530064804,1010.7421875,1,0,2,2,29311,0,0,29311,44.9627725906814,29311,0
0.546,999.639028394914,0.192448579984864,0.00962242899924322,5.2340977130785,104.68195426157,5.67680765254835,0,1000,996.09375,3.90625,5.67680765254835,5.65257500916456,-752.18929255129,0,5.67680765254835,0.473067304379029,5.67680765254835,0,45.0674570161457,29379,68,996.09375,-3.54527839491436,999.639028394914,996.09375,1,0,2,2,29379,0,0,29379,45.0674570161457,29379,0
0.547,999.60914385642,0.210761170993662,0.0105380585496831,5.23394123800085,104.678824760017,5.67713899239853,0,1000,996.09375,3.90625,5.67713899239853,5.65290634901475,-626.824410459408,0,5.67713899239853,0.473094916033211,5.67713899239853,0,45.1721366546038,29447,68,996.09375,-3.51539385642002,999.60914385642,996.09375,1,0,2,2,29447,0,0,29447,45.1721366546038,29447,0
0.548,999.634841906513,0.217591434914873,0.0108795717457437,5.23407579267649,104.68151585353,5.67747033224872,0,1000,996.09375,3.90625,5.67747033224872,5.65323768886493,-522.35367538284,0,5.67747033224872,0.473122527687393,5.67747033224872,0,45.2768165451687,29515,68,996.09375,-3.54109190651297,999.634841906513,996.09375,1,0,2,2,29515,0,0,29515,45.2768165451687,29515,0
0.549,999.681247502711,0.220143715205301,0.011007185760265,5.23431877180999,104.6863754362,5.5869292594097,0,1000,1010.7421875,-10.7421875,5.5869292594097,5.65356902871511,2006.1115205143,0,5.5869292594097,0.465577438284142,5.5869292594097,0,45.3815003866686,29584,69,1010.7421875,11.060939997289,999.681247502711,1010.7421875,0,0,0,0,29584,0,0,29584,45.3815003866686,29584,0
0.55,999.655664577604,0.192439792632074,0.00962198963160372,5.23418481992737,104.683696398547,5.6768904875109,0,1000,996.09375,3.90625,5.6768904875109,5.65265784412711,-769.646649571417,0,5.6768904875109,0.473074207292575,5.6768904875109,0,45.4861865580605,29652,68,996.09375,-3.56191457760372,999.655664577604,996.09375,0,0,0,0,29652,0,0,29652,45.4861865580605,29652,0
0.551,999.625733240032,0.210756635880751,0.0105378317940376,5.23402809981033,104.680561996207,5.67722182736108,0,1000,996.09375,3.90625,5.67722182736108,5.65298918397729,-641.372207976181,0,5.67722182736108,0.473101818946757,5.67722182736108,0,45.5908679360304,29720,68,996.09375,-3.53198324003245,999.625733240032,996.09375,0,0,0,0,29720,0,0,29720,45.5908679360304,29720,0
0.552,999.651397552838,0.217588527333015,0.0108794263666508,5.23416247783794,104.683249556759,5.67755316721126,0,1000,996.09375,3.90625,5.67755316721126,5.65332052382748,-534.476839980151,0,5.67755316721126,0.473129430600939,5.67755316721126,0,45.695549561998,29788,68,996.09375,-3.55764755283769,999.651397552838,996.09375,0,0,0,0,29788,0,0,29788,45.695549561998,29788,0
0.553,999.69777449957,0.220141456675594,0.0110070728337797,5.23440530696319,104.688106139264,5.58701209437225,0,1000,1010.7421875,-10.7421875,5.58701209437225,5.65365186367766,1996.00888334987,0,5.58701209437225,0.465584341197687,5.58701209437225,0,45.8002351356739,29857,69,1010.7421875,11.0444130004305,999.69777449957,1010.7421875,0,1,1,1,29857,0,0,29857,45.8002351356739,29857,0
0.554,999.672165038948,0.192437818021698,0.0096218909010849,5.23427121614094,104.685424322819,5.67697332247344,0,1000,996.09375,3.90625,5.67697332247344,5.65274067908966,-778.065513875105,0,5.67697332247344,0.47308111020612,5.67697332247344,-8.88178419700125e-16,45.9049230363676,29925,68,996.09375,-3.57841503894781,999.672165038948,996.09375,0,1,1,1,29925,0,0,29925,45.9049230363676,29925,0
0.555,999.642208168862,0.210754808579931,0.0105377404289966,5.23411436233596,104.682287246719,5.67730466232363,0,1000,996.09375,3.90625,5.67730466232363,5.65307201893984,-648.387928229254,0,5.67730466232363,0.473108721860302,5.67730466232363,0,46.0096061409186,29993,68,996.09375,-3.54845816886211,999.642208168862,996.09375,0,1,1,1,29993,0,0,29993,46.0096061409186,29993,0
0.556,999.667847535319,0.217586795880886,0.0108793397940443,5.2342486097448,104.684972194896,5.67763600217381,0,1000,996.09375,3.90625,5.67763600217381,5.65340335879002,-540.323273524378,0,5.67763600217381,0.473136333514484,5.67763600217381,-8.88178419700125e-16,46.1142894908264,30061,68,996.09375,-3.57409753531863,999.667847535319,996.09375,0,1,1,1,30061,0,0,30061,46.1142894908264,30061,0
0.557,999.714199963689,0.220139801342989,0.0110069900671494,5.2344913104922,104.689826209844,5.58709492933479,0,1000,1010.7421875,-10.7421875,5.58709492933479,5.65373469864021,1991.13685539635,0,5.58709492933479,0.465591244111233,5.58709492933479,-8.88178419700125e-16,46.2189767858533,30130,69,1010.7421875,11.0279875363112,999.714199963689,1010.7421875,1,1,3,3,30130,0,0,30130,46.2189767858533,30130,0
0.558,999.688566350897,0.192436230909334,0.0096218115454667,5.23435709320948,104.68714186419,5.67705615743599,0,1000,996.09375,3.90625,5.67705615743599,5.6528235140522,-782.125537169707,0,5.67705615743599,0.473088013119666,5.67705615743599,0,46.3236664053501,30198,68,996.09375,-3.59481635089662,999.688566350897,996.09375,1,1,3,3,30198,0,0,30198,46.3236664053501,30198,0
0.559,999.658585669016,0.210753286203455,0.0105376643101728,5.23420011472624,104.684002294525,5.67738749728617,0,1000,996.09375,3.90625,5.67738749728617,5.65315485390239,-651.771280974756,0,5.67738749728617,0.473115624773848,5.67738749728617,0,46.4283512261927,30266,68,996.09375,-3.56483566901625,999.658585669016,996.09375,1,1,3,3,30266,0,0,30266,46.4283512261927,30266,0
0.56,999.684201551665,0.217585336408163,0.0108792668204082,5.23433423917415,104.686684783483,5.67771883713636,0,1000,996.09375,3.90625,5.67771883713636,5.65348619375257,-543.14273414563,0,5.67771883713636,0.47314323642803,5.67771883713636,0,46.5330362899158,30334,68,996.09375,-3.59045155166496,999.684201551665,996.09375,1,1,3,3,30334,0,0,30334,46.5330362899158,30334,0
0.561,999.730530816859,0.220138403564709,0.0110069201782355,5.23457681863945,104.691536372789,5.58717776429734,0,1000,1010.7421875,-10.7421875,5.58717776429734,5.65381753360275,1988.78730487864,0,5.58717776429734,0.465598147024778,5.58717776429734,0,46.6377252963157,30403,69,1010.7421875,11.0116566831413,999.730530816859,1010.7421875,1,0,2,2,30403,0,0,30403,46.6377252963157,30403,0
0.562,999.704874356095,0.192434893855384,0.0096217446927692,5.23444248172502,104.6888496345,5.67713899239854,0,1000,996.09375,3.90625,5.67713899239854,5.65290634901475,-784.083495934465,0,5.67713899239854,0.473094916033211,5.67713899239854,0,46.7424166247763,30471,68,996.09375,-3.61112435609459,999.704874356095,996.09375,1,0,2,2,30471,0,0,30471,46.7424166247763,30471,0
0.563,999.674871136758,0.2107520089999,0.010537600449995,5.23428538523594,104.685707704719,5.67747033224872,0,1000,996.09375,3.90625,5.67747033224872,5.65323768886493,-653.402913278721,0,5.67747033224872,0.473122527687393,5.67747033224872,0,46.8471031522064,30539,68,996.09375,-3.58112113675804,999.674871136758,996.09375,1,0,2,2,30539,0,0,30539,46.8471031522064,30539,0
0.564,999.700464788107,0.217584118223857,0.0108792059111929,5.23441939328103,104.688387865621,5.6778016720989,0,1000,996.09375,3.90625,5.6778016720989,5.65356902871512,-544.502427732267,0,5.6778016720989,0.473150139341575,5.6778016720989,0,46.951789920173,30607,68,996.09375,-3.60671478810673,999.700464788107,996.09375,1,0,2,2,30607,0,0,30607,46.951789920173,30607,0
0.565,999.74677212394,0.220137243591313,0.0110068621795656,5.23466185792446,104.693237158489,5.58726059925989,0,1000,1010.7421875,-10.7421875,5.58726059925989,5.6539003685653,1987.65422688978,0,5.58726059925989,0.465605049938324,5.58726059925989,0,47.0564806285042,30676,69,1010.7421875,10.9954153760601,999.74677212394,1010.7421875,0,0,0,2,30676,1,0,30676,47.0564806285042,30676,0
0.566,999.721094031634,0.192433791299829,0.00962168956499145,5.23452740774755,104.690548154951,5.67722182736108,0,1000,996.09375,3.90625,5.67722182736108,5.6529891839773,-785.027727591852,0,5.67722182736108,0.473101818946757,5.67722182736108,0,47.1611736566153,30744,68,996.09375,-3.62734403163392,999.721094031634,996.09375,0,0,0,0,30744,0,0,30744,47.1611736566153,30744,0
0.567,999.691069474522,0.21075096308149,0.0105375481540745,5.23437019953414,104.687403990683,5.67755316721127,0,1000,996.09375,3.90625,5.67755316721127,5.65332052382748,-654.18977299321,0,5.67755316721127,0.473129430600939,5.67755316721127,-8.88178419700125e-16,47.2658618814462,30812,68,996.09375,-3.59731947452212,999.691069474522,996.09375,0,0,0,0,30812,0,0,30812,47.2658618814462,30812,0
0.568,999.716642077865,0.217583128173094,0.0108791564086547,5.23450409737213,104.690081947443,5.67788450706145,0,1000,996.09375,3.90625,5.67788450706145,5.65365186367766,-545.158144161009,0,5.67788450706145,0.473157042255121,5.67788450706145,0,47.3705503445942,30880,68,996.09375,-3.62289207786489,999.716642077865,996.09375,0,0,0,0,30880,0,0,30880,47.3705503445942,30880,0
0.569,999.762928651529,0.220136308649374,0.0110068154324687,5.2347464533051,104.694929066102,5.58734343422243,0,1000,1010.7421875,-10.7421875,5.58734343422243,5.65398320352785,1987.10779653249,0,5.58734343422243,0.46561195285187,5.58734343422243,0,47.4752427459177,30949,69,1010.7421875,10.9792588484709,999.762928651529,1010.7421875,0,1,1,0,30949,1,0,30949,47.4752427459177,30949,0
0.57,999.737230079012,0.192432910718277,0.00962164553591386,5.23461189589406,104.692237917881,5.67730466232363,0,1000,996.09375,3.90625,5.67730466232363,5.65307201893984,-785.483086222922,0,5.67730466232363,0.473108721860303,5.67730466232363,0,47.5799374648615,31017,68,996.09375,-3.64348007901197,999.737230079012,996.09375,0,1,1,1,31017,0,0,31017,47.5799374648615,31017,0
0.571,999.707185319815,0.210750136122075,0.0105375068061038,5.23445458190277,104.689091638055,5.67763600217381,0,1000,996.09375,3.90625,5.67763600217381,5.65340335879003,-654.569238519102,0,5.67763600217381,0.473136333514485,5.67763600217381,0,47.6846273783952,31085,68,996.09375,-3.61343531981504,999.707185319815,996.09375,0,1,1,1,31085,0,0,31085,47.6846273783952,31085,0
0.572,999.732737995421,0.21758235410761,0.0108791177053805,5.23458837539937,104.691767507987,5.677967342024,0,1000,996.09375,3.90625,5.677967342024,5.65373469864021,-545.474365432585,0,5.677967342024,0.473163945168666,5.677967342024,0,47.7893175281447,31153,68,996.09375,-3.63898799542096,999.732737995421,996.09375,0,1,1,1,31153,0,0,31153,47.7893175281447,31153,0
0.573,999.779004911973,0.220135586759504,0.0110067793379752,5.23483062840795,104.696612568159,5.58742626918498,0,1000,1010.7421875,-10.7421875,5.58742626918498,5.6540660384904,1986.84427880618,0,5.58742626918498,0.465618855765415,5.58742626918498,0,47.8940116139972,31222,69,1010.7421875,10.9631825880271,999.779004911973,1010.7421875,1,1,3,1,31222,1,0,31222,47.8940116139972,31222,0
0.574,999.753286949289,0.192432240295465,0.00962161201477325,5.23469596947023,104.693919389405,5.67738749728618,0,1000,996.09375,3.90625,5.67738749728618,5.65315485390239,-785.702684328184,0,5.67738749728618,0.473115624773848,5.67738749728618,0,47.9987080154256,31290,68,996.09375,-3.6595369492893,999.753286949289,996.09375,1,1,3,3,31290,0,0,31290,47.9987080154256,31290,0
0.575,999.723223063251,0.210749516467386,0.0105374758233693,5.23453855533104,104.690771106621,5.67771883713636,0,1000,996.09375,3.90625,5.67771883713636,5.65348619375257,-654.752236940153,0,5.67771883713636,0.47314323642803,5.67771883713636,0,48.1033996094271,31358,68,996.09375,-3.62947306325145,999.723223063251,996.09375,1,1,3,3,31358,0,0,31358,48.1033996094271,31358,0
0.576,999.748756871761,0.217581784531602,0.0108790892265801,5.23467225003975,104.693445000795,5.67805017698655,0,1000,996.09375,3.90625,5.67805017698655,5.65381753360276,-545.626864116795,0,5.67805017698655,0.473170848082212,5.67805017698655,0,48.208091437655,31426,68,996.09375,-3.65500687176109,999.748756871761,996.09375,1,1,3,3,31426,0,0,31426,48.208091437655,31426,0
0.577,999.795005177437,0.220135066582097,0.0110067533291049,5.23491440560201,104.69828811204,5.58750910414753,0,1000,1010.7421875,-10.7421875,5.58750910414753,5.65414887345294,1986.71719656934,0,5.58750910414753,0.465625758678961,5.58750910414753,0,48.3127872000237,31495,69,1010.7421875,10.9471823225626,999.795005177437,1010.7421875,1,0,2,3,31495,1,0,31495,48.3127872000237,31495,0
0.578,999.769268856619,0.192431768845813,0.00962158844229063,5.23477965054132,104.695593010826,5.67747033224872,0,1000,996.09375,3.90625,5.67747033224872,5.65323768886494,-785.808586192218,0,5.67747033224872,0.473122527687394,5.67747033224872,-8.88178419700125e-16,48.4174852760325,31563,68,996.09375,-3.67551885661874,999.769268856619,996.09375,1,0,2,2,31563,0,0,31563,48.4174852760325,31563,0
0.579,999.739186861751,0.210749093083755,0.0105374546541878,5.23462214158452,104.69244283169,5.67780167209891,0,1000,996.09375,3.90625,5.67780167209891,5.65356902871512,-654.840488493515,0,5.67780167209891,0.473150139341576,5.67780167209891,0,48.522178542705,31631,68,996.09375,-3.64543686175148,999.739186861751,996.09375,1,0,2,2,31631,0,0,31631,48.522178542705,31631,0
0.58,999.764702807359,0.217581408561241,0.010879070428062,5.2347557427633,104.695114855266,5.67813301194909,0,1000,996.09375,3.90625,5.67813301194909,5.65390036856531,-545.70040707793,0,5.67813301194909,0.473177750995758,5.67813301194909,-8.88178419700125e-16,48.6268720417207,31699,68,996.09375,-3.67095280735862,999.764702807359,996.09375,1,0,2,2,31699,0,0,31699,48.6268720417207,31699,0
0.581,999.810933492713,0.220134737381123,0.0110067368690562,5.23499780606577,104.699956121315,5.58759193911008,0,1000,1010.7421875,-10.7421875,5.58759193911008,5.65423170841549,1986.65591076839,0,5.58759193911008,0.465632661592506,5.58759193911007,-8.88178419700125e-16,48.7315694730191,31768,69,1010.7421875,10.9312540072873,999.810933492713,1010.7421875,0,0,0,2,31768,1,0,31768,48.7315694730191,31768,0
0.582,999.785179790859,0.192431485779087,0.00962157428895434,5.23486295999819,104.697259199964,5.67755316721127,0,1000,996.09375,3.90625,5.67755316721127,5.65332052382749,-785.859657693007,0,5.67755316721127,0.473129430600939,5.67755316721127,0,48.836269216125,31836,68,996.09375,-3.69142979085859,999.785179790859,996.09375,0,0,0,0,31836,0,0,31836,48.836269216125,31836,0
0.583,999.755080650993,0.210748855524769,0.0105374427762384,5.23470536127038,104.694107225408,5.67788450706146,0,1000,996.09375,3.90625,5.67788450706146,5.65365186367767,-654.883048077505,0,5.67788450706146,0.473157042255121,5.67788450706146,0,48.9409641480869,31904,68,996.09375,-3.66133065099291,999.755080650993,996.09375,0,0,0,0,31904,0,0,31904,48.9409641480869,31904,0
0.584,999.780579684434,0.217581215891991,0.0108790607945995,5.23483887389727,104.696777477945,5.67821584691164,0,1000,996.09375,3.90625,5.67821584691164,5.65398320352785,-545.735873397921,0,5.67821584691164,0.473184653909303,5.67821584691164,0,49.0456593106085,31972,68,996.09375,-3.68682968443375,999.780579684434,996.09375,0,0,0,0,31972,0,0,31972,49.0456593106085,31972,0
0.585,999.826793687296,0.220134588991993,0.0110067294495996,5.23508084985041,104.701616997008,5.58767477407262,0,1000,1010.7421875,-10.7421875,5.58767477407262,5.65431454337804,1986.62635550173,0,5.58767477407262,0.465639564506052,5.58767477407262,0,49.150358403654,32041,69,1010.7421875,10.9153938127041,999.826793687296,1010.7421875,0,1,1,0,32041,1,0,32041,49.150358403654,32041,0
0.586,999.8010235295,0.192431381068743,0.00962156905343715,5.23494591761972,104.698918352394,5.67763600217382,0,1000,996.09375,3.90625,5.67763600217382,5.65340335879003,-785.88428708189,0,5.67763600217382,0.473136333514485,5.67763600217382,0,49.2550598067721,32109,68,996.09375,-3.70727352949984,999.8010235295,996.09375,0,1,1,1,32109,0,0,32109,49.2550598067721,32109,0
0.587,999.770908157171,0.21074879390004,0.010537439695002,5.23478823389894,104.695764677979,5.677967342024,0,1000,996.09375,3.90625,5.677967342024,5.65373469864022,-654.903572568242,0,5.677967342024,0.473163945168667,5.677967342024,0,49.3597563970345,32177,68,996.09375,-3.67715815717065,999.770908157171,996.09375,0,1,1,1,32177,0,0,32177,49.3597563970345,32177,0
0.588,999.796391178586,0.217581196767765,0.0108790598383882,5.23492166268706,104.698433253741,5.67829868187419,0,1000,996.09375,3.90625,5.67829868187419,5.6540660384904,-545.752977140201,0,5.67829868187419,0.473191556822849,5.67829868187419,0,49.4644532161685,32245,68,996.09375,-3.70264117858608,999.796391178586,996.09375,0,1,1,1,32245,0,0,32245,49.4644532161685,32245,0
0.589,999.842589386868,0.220134611791107,0.0110067305895554,5.23516355593997,104.703271118799,5.58775760903517,0,1000,1010.7421875,-10.7421875,5.58775760903517,5.65439737834058,1986.61210238317,0,5.58775760903517,0.465646467419597,5.58775760903517,0,49.569153964161,32314,69,1010.7421875,10.8995981131316,999.842589386868,1010.7421875,1,1,3,1,32314,1,0,32314,49.569153964161,32314,0
0.59,999.81680364899,0.192431445221868,0.00962157226109339,5.23502854213216,104.700570842643,5.67771883713637,0,1000,996.09375,3.90625,5.67771883713637,5.65348619375258,-785.896164680695,0,5.67771883713637,0.47314323642803,5.67771883713637,0,49.6738570205832,32382,68,996.09375,-3.72305364898966,999.81680364899,996.09375,1,1,3,3,32382,0,0,32382,49.6738570205832,32382,0
0.591,999.786672908157,0.210748898845578,0.0105374449422789,5.23487077794208,104.697415558842,5.67805017698655,0,1000,996.09375,3.90625,5.67805017698655,5.65381753360276,-654.913470567246,0,5.67805017698655,0.473170848082212,5.67805017698655,-8.88178419700125e-16,49.7785552625293,32450,68,996.09375,-3.69292290815747,999.786672908157,996.09375,1,1,3,3,32450,0,0,32450,49.7785552625293,32450,0
0.592,999.812140769778,0.217581341951745,0.0108790670975872,5.2350041273537,104.700082547074,5.67838151683673,0,1000,996.09375,3.90625,5.67838151683673,5.65414887345295,-545.761225472705,0,5.67838151683673,0.473198459736394,5.67838151683673,0,49.8832537317486,32518,68,996.09375,-3.71839076977824,999.812140769778,996.09375,1,1,3,3,32518,0,0,32518,49.8832537317486,32518,0
0.593,999.85832402414,0.22013479666708,0.011006739833354,5.23524594230807,104.704918846161,5.58784044399772,0,1000,1010.7421875,-10.7421875,5.58784044399772,5.65448021330313,1986.60522877275,0,5.58784044399772,0.465653370333143,5.58784044399772,0,49.9879561282496,32587,69,1010.7421875,10.8838634758599,999.85832402414,1010.7421875,1,0,2,2,32587,0,0,32587,49.9879561282496,32587,0
0.594,999.832523535419,0.192431669250806,0.00962158346254031,5.23511085126503,104.702217025301,5.67780167209891,0,1000,996.09375,3.90625,5.67780167209891,5.65356902871513,-785.901892689378,0,5.67780167209891,0.473150139341576,5.67780167209891,0,50.0926608316251,32655,68,996.09375,-3.73877353541934,999.832523535419,996.09375,1,0,2,2,32655,0,0,32655,50.0926608316251,32655,0
0.595,999.802378244063,0.210749161495775,0.0105374580747887,5.23495301088859,104.699060217772,5.6781330119491,0,1000,996.09375,3.90625,5.6781330119491,5.65390036856531,-654.918243907815,0,5.6781330119491,0.473177750995758,5.6781330119491,0,50.1973607189905,32723,68,996.09375,-3.70862824406333,999.802378244063,996.09375,1,0,2,2,32723,0,0,32723,50.1973607189905,32723,0
0.596,999.827831752761,0.217581642698715,0.0108790821349357,5.23508628514848,104.70172570297,5.67846435179928,0,1000,996.09375,3.90625,5.67846435179928,5.65423170841549,-545.765203256513,0,5.67846435179928,0.47320536264994,5.67846435179928,0,50.3020608321155,32791,68,996.09375,-3.73408175276109,999.827831752761,996.09375,1,0,2,2,32791,0,0,32791,50.3020608321155,32791,0
0.597,999.874000849113,0.220135134993464,0.0110067567496732,5.23532802597168,104.706560519434,5.58792327896026,0,1000,1010.7421875,-10.7421875,5.58792327896026,5.65456304826568,1986.60191395291,0,5.58792327896026,0.465660273246689,5.58792327896026,0,50.4067648710294,32860,69,1010.7421875,10.8681866508867,999.874000849113,1010.7421875,0,0,0,0,32860,0,0,32860,50.4067648710294,32860,0
0.598,999.848186394654,0.192432044646266,0.00962160223231332,5.23519286180421,104.703857236084,5.67788450706146,0,1000,996.09375,3.90625,5.67788450706146,5.65365186367767,-785.904655039245,0,5.67788450706146,0.473157042255122,5.67788450706146,0,50.5114712153452,32928,68,996.09375,-3.75443639465448,999.848186394654,996.09375,0,0,0,0,32928,0,0,32928,50.5114712153452,32928,0
0.599,999.818027327218,0.210749573456903,0.0105374786728452,5.23503494929638,104.700698985928,5.67821584691164,0,1000,996.09375,3.90625,5.67821584691164,5.65398320352786,-654.920545866038,0,5.67821584691164,0.473184653909304,5.67821584691164,0,50.6161727421984,32996,68,996.09375,-3.72427732721792,999.818027327218,996.09375,0,0,0,0,32996,0,0,32996,50.6161727421984,32996,0
0.6,999.843467246915,0.217582090728944,0.0108791045364472,5.23516815240442,104.703363048088,5.67854718676183,0,1000,996.09375,3.90625,5.67854718676183,5.65431454337804,-545.767121555032,0,5.67854718676183,0.473212265563486,5.67854718676183,0,50.7208744933785,33064,68,996.09375,-3.74971724691477,999.843467246915,996.09375,0,0,0,0,33064,0,0,33064,50.7208744933785,33064,0
0.601,999.889622938811,0.220135618602966,0.0110067809301483,5.23540982304206,104.708196460841,5.58800611392281,0,1000,1010.7421875,-10.7421875,5.58800611392281,5.65464588322822,1986.60031537081,0,5.58800611392281,0.465667176160234,5.58800611392281,0,50.8255801689341,33133,69,1010.7421875,10.8525645611888,999.889622938811,1010.7421875,0,1,1,1,33133,0,0,33133,50.8255801689341,33133,0
0.602,999.863795261928,0.192432563351867,0.00962162816759333,5.23527458964213,104.705491792843,5.67796734202401,0,1000,996.09375,3.90625,5.67796734202401,5.65373469864022,-785.905987190994,0,5.67796734202401,0.473163945168667,5.67796734202401,-8.88178419700125e-16,50.9302881484973,33201,68,996.09375,-3.77004526192763,999.863795261928,996.09375,0,1,1,1,33201,0,0,33201,50.9302881484973,33201,0
0.603,999.833623151633,0.21075012678199,0.0105375063390995,5.23511660884206,104.702332176841,5.67829868187419,0,1000,996.09375,3.90625,5.67829868187419,5.6540660384904,-654.921655992495,0,5.67829868187419,0.473191556822849,5.67829868187419,0,51.0349913092227,33269,68,996.09375,-3.73987315163333,999.833623151633,996.09375,0,1,1,1,33269,0,0,33269,51.0349913092227,33269,0
0.604,999.859050205598,0.217582678203375,0.0108791339101687,5.23524974458529,104.704994891706,5.67863002172437,0,1000,996.09375,3.90625,5.67863002172437,5.65439737834059,-545.768046660413,0,5.67863002172437,0.473219168477031,5.67863002172437,-8.88178419700125e-16,51.1396946929185,33337,68,996.09375,-3.76530020559812,999.859050205598,996.09375,0,1,1,1,33337,0,0,33337,51.1396946929185,33337,0
0.605,999.905193206483,0.220136239762982,0.0110068119881491,5.23549134877295,104.709826975459,5.58808894888536,0,1000,1010.7421875,-10.7421875,5.58808894888536,5.65472871819077,1986.59954444966,0,5.58808894888536,0.46567407907378,5.58808894888536,-8.88178419700125e-16,51.2444019996518,33406,69,1010.7421875,10.8369942935171,999.905193206483,1010.7421875,1,1,3,3,33406,0,0,33406,51.2444019996518,33406,0
0.606,999.879353010934,0.19243321774001,0.0096216608870005,5.23535604982544,104.707120996509,5.67805017698655,0,1000,996.09375,3.90625,5.67805017698655,5.65381753360277,-785.906629625287,0,5.67805017698655,0.473170848082213,5.67805017698655,0,51.3491116090727,33474,68,996.09375,-3.7856030109341,999.879353010934,996.09375,1,1,3,3,33474,0,0,33474,51.3491116090727,33474,0
0.607,999.849168551979,0.210750813947017,0.0105375406973508,5.23519800436793,104.703960087359,5.67838151683674,0,1000,996.09375,3.90625,5.67838151683674,5.65414887345295,-654.922191354406,0,5.67838151683674,0.473198459736395,5.67838151683674,0,51.4538163983537,33542,68,996.09375,-3.75541855197923,999.849168551979,996.09375,1,1,3,3,33542,0,0,33542,51.4538163983537,33542,0
0.608,999.874583424983,0.217583397700166,0.0108791698850083,5.2353310763318,104.706621526636,5.67871285668692,0,1000,996.09375,3.90625,5.67871285668692,5.65448021330313,-545.768492795338,0,5.67871285668692,0.473226071390577,5.67871285668692,0,51.5585214093208,33610,68,996.09375,-3.78083342498292,999.874583424983,996.09375,1,1,3,3,33610,0,0,33610,51.5585214093208,33610,0
0.609,999.920714410324,0.220136991152468,0.0110068495576234,5.23557261760622,104.711452352124,5.5881717838479,0,1000,1010.7421875,-10.7421875,5.5881717838479,5.65481155315332,1986.59917267055,0,5.5881717838479,0.465680981987325,5.5881717838479,0,51.6632303420584,33679,69,1010.7421875,10.8214730896758,999.920714410324,1010.7421875,1,0,2,2,33679,0,0,33679,51.6632303420584,33679,0
0.61,999.894862362408,0.192434000589079,0.00962170002945395,5.23543725659987,104.708745131997,5.6781330119491,0,1000,996.09375,3.90625,5.6781330119491,5.65390036856531,-785.906939441207,0,5.6781330119491,0.473177750995758,5.6781330119491,0,51.767941576234,33747,68,996.09375,-3.80111236240816,999.894862362408,996.09375,1,0,2,2,33747,0,0,33747,51.767941576234,33747,0
0.611,999.864666212042,0.210751627828441,0.0105375813914221,5.23527914992627,104.705582998525,5.67846435179928,0,1000,996.09375,3.90625,5.67846435179928,5.6542317084155,-654.922449534339,0,5.67846435179928,0.47320536264994,5.67846435179928,0,51.8726479890371,33815,68,996.09375,-3.77091621204238,999.864666212042,996.09375,1,0,2,2,33815,0,0,33815,51.8726479890371,33815,0
0.612,999.890069552408,0.217584242192518,0.0108792121096259,5.23541216150539,104.708243230108,5.67879569164947,0,1000,996.09375,3.90625,5.67879569164947,5.65456304826568,-545.768707945282,0,5.67879569164947,0.473232974304122,5.67879569164947,0,51.9773546223101,33883,68,996.09375,-3.79631955240848,999.890069552408,996.09375,1,0,2,2,33883,0,0,33883,51.9773546223101,33883,0
0.613,999.936189161726,0.220137865840043,0.0110068932920021,5.23565364321509,104.713072864302,5.58825461881045,0,1000,1010.7421875,-10.7421875,5.58825461881045,5.65489438811587,1986.59899337893,0,5.58825461881045,0.465687884900871,5.58825461881045,0,52.0820651761541,33952,69,1010.7421875,10.8059983382741,999.936189161726,1010.7421875,0,0,0,0,33952,0,0,33952,52.0820651761541,33952,0
0.614,999.910325892276,0.192434905061825,0.00962174525309123,5.23551822345291,104.710364469058,5.67821584691165,0,1000,996.09375,3.90625,5.67821584691165,5.65398320352786,-785.907088850891,0,5.67821584691165,0.473184653909304,5.67821584691165,0,52.186778030253,34020,68,996.09375,-3.81657589227564,999.910325892276,996.09375,0,0,0,0,34020,0,0,34020,52.186778030253,34020,0
0.615,999.880118672769,0.210752561681863,0.0105376280840932,5.23536005882143,104.707201176429,5.67854718676183,0,1000,996.09375,3.90625,5.67854718676183,5.65431454337805,-654.922574042409,0,5.67854718676183,0.473212265563486,5.67854718676183,-8.88178419700125e-16,52.2914860618121,34088,68,996.09375,-3.78636867276884,999.880118672769,996.09375,0,0,0,0,34088,0,0,34088,52.2914860618121,34088,0
0.616,999.905511094314,0.21758520502762,0.010879260251381,5.23549301322974,104.709860264595,5.58800611392282,0,1000,1010.7421875,-10.7421875,5.58800611392282,5.65464588322823,1895.63743829799,0,5.58800611392282,0.465667176160235,5.58800611392281,-8.88178419700125e-16,52.3961943126899,34157,69,1010.7421875,10.8366764056858,999.905511094314,1010.7421875,0,1,1,0,34157,1,0,34157,52.3961943126899,34157,0
0.617,999.871917294673,0.191476506092906,0.00957382530464531,5.23531711650615,104.706342330123,5.67796734202401,0,1000,996.09375,3.90625,5.67796734202401,5.65373469864022,-861.708384751673,0,5.67796734202401,0.473163945168668,5.67796734202401,0,52.5009034839803,34225,68,996.09375,-3.77816729467338,999.871917294673,996.09375,0,1,1,1,34225,0,0,34225,52.5009034839803,34225,0
0.618,999.838821838245,0.210388160402134,0.0105194080201067,5.23514382910151,104.70287658203,5.6782986818742,0,1000,996.09375,3.90625,5.6782986818742,5.65406603849041,-718.090320626394,0,5.6782986818742,0.47319155682285,5.6782986818742,0,52.6056073177912,34293,68,996.09375,-3.74507183824494,999.838821838245,996.09375,0,1,1,1,34293,0,0,34293,52.6056073177912,34293,0
0.619,999.863130232107,0.217442131379621,0.0108721065689811,5.23527110755413,104.705422151083,5.67863002172438,0,1000,996.09375,3.90625,5.67863002172438,5.65439737834059,-598.408600521995,0,5.67863002172438,0.473219168477032,5.67863002172438,0,52.7103111782301,34361,68,996.09375,-3.76938023210664,999.863130232107,996.09375,0,1,1,1,34361,0,0,34361,52.7103111782301,34361,0
0.62,999.908827347884,0.220078264773697,0.0110039132386849,5.23551037709283,104.710207541857,5.58808894888536,0,1000,1010.7421875,-10.7421875,5.58808894888536,5.65472871819078,1942.73241623167,0,5.58808894888536,0.46567407907378,5.58808894888536,0,52.8150188854863,34430,69,1010.7421875,10.8333601521161,999.908827347884,1010.7421875,1,1,3,1,34430,1,0,34430,52.8150188854863,34430,0
0.621,999.882792319162,0.192406082852939,0.00962030414264697,5.23537405800122,104.707481160024,5.67805017698656,0,1000,996.09375,3.90625,5.67805017698656,5.65381753360277,-822.462569806941,0,5.67805017698656,0.473170848082213,5.67805017698656,0,52.9197288640058,34498,68,996.09375,-3.78904231916238,999.882792319162,996.09375,1,1,3,3,34498,0,0,34498,52.9197288640058,34498,0
0.622,999.852506951668,0.210735244365964,0.0105367622182982,5.23521548418783,104.704309683757,5.67838151683674,0,1000,996.09375,3.90625,5.67838151683674,5.65414887345296,-685.385474839117,0,5.67838151683674,0.473198459736395,5.67838151683674,0,53.0244340076915,34566,68,996.09375,-3.75875695166815,999.852506951668,996.09375,1,1,3,3,34566,0,0,34566,53.0244340076915,34566,0
0.623,999.877856294344,0.217572211167493,0.0108786105583746,5.2353482130357,104.706964260714,5.67871285668693,0,1000,996.09375,3.90625,5.67871285668693,5.65448021330314,-571.154562365931,0,5.67871285668693,0.473226071390577,5.67871285668693,0,53.1291393646435,34634,68,996.09375,-3.78410629434416,999.877856294344,996.09375,1,1,3,3,34634,0,0,34634,53.1291393646435,34634,0
0.624,999.923935309624,0.220127510757816,0.0110063755378908,5.23558948219552,104.71178964391,5.58817178384791,0,1000,1010.7421875,-10.7421875,5.58817178384791,5.65481155315332,1965.44411469506,0,5.58817178384791,0.465680981987326,5.58817178384791,0,53.2338486373234,34703,69,1010.7421875,10.8182521903759,999.923935309624,1010.7421875,1,0,2,2,34703,0,0,34703,53.2338486373234,34703,0
0.625,999.898036718021,0.192425227999088,0.00962126139995442,5.23545387748699,104.70907754974,5.67813301194911,0,1000,996.09375,3.90625,5.67813301194911,5.65390036856532,-803.536154420786,0,5.67813301194911,0.473177750995759,5.67813301194911,0,53.3385602063242,34771,68,996.09375,-3.80428671802076,999.898036718021,996.09375,1,0,2,2,34771,0,0,34771,53.3385602063242,34771,0
0.626,999.867796414808,0.210743190112933,0.0105371595056467,5.23529553962963,104.705910792593,5.67846435179929,0,1000,996.09375,3.90625,5.67846435179929,5.6542317084155,-669.613462017321,0,5.67846435179929,0.473205362649941,5.67846435179929,-8.88178419700125e-16,53.4432669492188,34839,68,996.09375,-3.77404641480848,999.867796414808,996.09375,1,0,2,2,34839,0,0,34839,53.4432669492188,34839,0
0.627,999.893156857198,0.217575999441931,0.0108787999720966,5.23542832659547,104.708566531909,5.67879569164947,0,1000,996.09375,3.90625,5.67879569164947,5.65456304826569,-558.011218347768,0,5.67879569164947,0.473232974304123,5.67879569164947,0,53.5479739080311,34907,68,996.09375,-3.79940685719839,999.893156857198,996.09375,1,0,2,2,34907,0,0,34907,53.5479739080311,34907,0
0.628,999.939234395237,0.220129764974749,0.0110064882487375,5.23566958802047,104.713391760409,5.58825461881046,0,1000,1010.7421875,-10.7421875,5.58825461881046,5.65489438811587,1976.39690137686,0,5.58825461881046,0.465687884900871,5.58825461881046,0,53.6526847829677,34976,69,1010.7421875,10.8029531047627,999.939234395237,1010.7421875,0,0,0,0,34976,0,0,34976,53.6526847829677,34976,0
0.629,999.913329716802,0.192426925365484,0.00962134626827419,5.23553395144135,104.710679028827,5.67821584691165,0,1000,996.09375,3.90625,5.67821584691165,5.65398320352787,-794.40883218595,0,5.67821584691165,0.473184653909304,5.67821584691165,0,53.7573979537891,35044,68,996.09375,-3.81957971680174,999.913329716802,996.09375,0,0,0,0,35044,0,0,35044,53.7573979537891,35044,0
0.63,999.88308168454,0.210744694508545,0.0105372347254272,5.23537557311479,104.707511462296,5.67854718676184,0,1000,996.09375,3.90625,5.67854718676184,5.65431454337805,-662.007360154958,0,5.67854718676184,0.473212265563486,5.67854718676184,0,53.8621062977659,35112,68,996.09375,-3.78933168454034,999.88308168454,996.09375,0,0,0,0,35112,0,0,35112,53.8621062977659,35112,0
0.631,999.908433860205,0.217577446241076,0.0108788723120538,5.23550831679616,104.710166335923,5.67887852661202,0,1000,996.09375,3.90625,5.67887852661202,5.65464588322823,-551.672800129132,0,5.67887852661202,0.473239877217668,5.67887852661202,0,53.9668148568174,35180,68,996.09375,-3.81468386020526,999.908433860205,996.09375,0,0,0,0,35180,0,0,35180,53.9668148568174,35180,0
0.632,999.954503004354,0.220131204419833,0.0110065602209916,5.23574953427085,104.714990685417,5.588337453773,0,1000,1010.7421875,-10.7421875,5.588337453773,5.65497722307842,1981.67891655906,0,5.588337453773,0.465694787814417,5.588337453773,0,54.0715273311188,35249,69,1010.7421875,10.7876844956457,999.954503004354,1010.7421875,0,1,1,1,35249,0,0,35249,54.0715273311188,35249,0
0.633,999.928589956817,0.19242837598384,0.009621418799192,5.23561385387123,104.712277077425,5.6782986818742,0,1000,996.09375,3.90625,5.6782986818742,5.65406603849041,-790.007152867453,0,5.6782986818742,0.47319155682285,5.6782986818742,0,54.1762421004264,35317,68,996.09375,-3.83483995681661,999.928589956817,996.09375,0,1,1,1,35317,0,0,35317,54.1762421004264,35317,0
0.634,999.898333635874,0.210746163013985,0.0105373081506992,5.23545543214523,104.709108642905,5.67863002172438,0,1000,996.09375,3.90625,5.67863002172438,5.6543973783406,-658.339294056211,0,5.67863002172438,0.473219168477032,5.67863002172438,0,54.2809520420171,35385,68,996.09375,-3.80458363587354,999.898333635874,996.09375,0,1,1,1,35385,0,0,35385,54.2809520420171,35385,0
0.635,999.923677623033,0.217578934948595,0.0108789467474298,5.23558813295168,104.711762659034,5.67896136157457,0,1000,996.09375,3.90625,5.67896136157457,5.65472871819078,-548.616078380176,0,5.67896136157457,0.473246780131214,5.67896136157457,0,54.3856621978197,35453,68,996.09375,-3.82992762303263,999.923677623033,996.09375,0,1,1,1,35453,0,0,35453,54.3856621978197,35453,0
0.636,999.969738685269,0.220132714008086,0.0110066357004043,5.23582930810958,104.716586162191,5.58842028873555,0,1000,1010.7421875,-10.7421875,5.58842028873555,5.65506005804096,1984.22618468319,0,5.58842028873555,0.465701690727963,5.58842028873555,0,54.4903762680201,35522,69,1010.7421875,10.7724488147314,999.969738685269,1010.7421875,1,1,3,3,35522,0,0,35522,54.4903762680201,35522,0
0.637,999.94381766385,0.192429906524324,0.00962149532621619,5.2356935859588,104.713871719176,5.67838151683675,0,1000,996.09375,3.90625,5.67838151683675,5.65414887345296,-787.884429430677,0,5.67838151683675,0.473198459736396,5.67838151683675,-8.88178419700125e-16,54.595092632386,35590,68,996.09375,-3.85006766384993,999.94381766385,996.09375,1,1,3,3,35590,0,0,35590,54.595092632386,35590,0
0.638,999.913553476671,0.21074771435445,0.0105373857177225,5.23553512304529,104.710702460906,5.67871285668693,0,1000,996.09375,3.90625,5.67871285668693,5.65448021330314,-656.570357858898,0,5.67871285668693,0.473226071390577,5.67871285668693,0,54.6998041682056,35658,68,996.09375,-3.81980347667115,999.913553476671,996.09375,1,1,3,3,35658,0,0,35658,54.6998041682056,35658,0
0.639,999.93888970418,0.217580506855865,0.0108790253427932,5.23566778322231,104.713355664446,5.67904419653711,0,1000,996.09375,3.90625,5.67904419653711,5.65481155315333,-547.141964882415,0,5.67904419653711,0.473253683044759,5.67904419653711,-8.88178419700125e-16,54.8045159174189,35726,68,996.09375,-3.8451397041797,999.93888970418,996.09375,1,1,3,3,35726,0,0,35726,54.8045159174189,35726,0
0.64,999.984943112056,0.220134306221221,0.011006715311061,5.23590891830207,104.718178366041,5.5885031236981,0,1000,1010.7421875,-10.7421875,5.5885031236981,5.65514289300351,1985.45461259799,0,5.5885031236981,0.465708593641508,5.5885031236981,-8.88178419700125e-16,54.909231580223,35795,69,1010.7421875,10.7572443879444,999.984943112056,1010.7421875,1,0,2,2,35795,0,0,35795,54.909231580223,35795,0
0.641,999.959014540195,0.192431518774404,0.00962157593872019,5.23577315661727,104.715463132345,5.67846435179929,0,1000,996.09375,3.90625,5.67846435179929,5.65423170841551,-786.860739501677,0,5.67846435179929,0.473205362649941,5.67846435179929,0,55.0139495363966,35863,68,996.09375,-3.86526454019452,999.959014540195,996.09375,1,0,2,2,35863,0,0,35863,55.0139495363966,35863,0
0.642,999.928742905099,0.210749346371913,0.0105374673185956,5.23561465470656,104.712293094131,5.67879569164948,0,1000,996.09375,3.90625,5.67879569164948,5.65456304826569,-655.717282918064,0,5.67879569164948,0.473232974304123,5.67879569164948,0,55.1186626632385,35931,68,996.09375,-3.83499290509872,999.928742905099,996.09375,1,0,2,2,35931,0,0,35931,55.1186626632385,35931,0
0.643,999.954071785833,0.21758215837321,0.0108791079186605,5.23574727641596,104.714945528319,5.58825461881046,0,1000,1010.7421875,-10.7421875,5.58825461881046,5.65489438811587,1894.97518090161,0,5.58825461881046,0.465687884900872,5.58825461881046,0,55.2233760026994,36000,69,1010.7421875,10.7881157141667,999.954071785833,1010.7421875,0,0,0,2,36000,1,0,36000,55.2233760026994,36000,0
0.644,999.920415308279,0.191473625803651,0.00957368129018253,5.23557105151157,104.711421030231,5.67821584691166,0,1000,996.09375,3.90625,5.67821584691166,5.65398320352787,-862.260265915322,0,5.67821584691166,0.473184653909305,5.67821584691166,0,55.3280902559642,36068,68,996.09375,-3.82666530827885,999.920415308279,996.09375,0,0,0,0,36068,0,0,36068,55.3280902559642,36068,0
0.645,999.887258025119,0.210385444218751,0.0105192722109375,5.23539744038293,104.707948807659,5.67854718676184,0,1000,996.09375,3.90625,5.67854718676184,5.65431454337805,-718.550221596102,0,5.67854718676184,0.473212265563487,5.67854718676184,0,55.4327991652303,36136,68,996.09375,-3.79350802511931,999.887258025119,996.09375,0,0,0,0,36136,0,0,36136,55.4327991652303,36136,0
0.646,999.91150543187,0.217439577073516,0.0108719788536758,5.23552439950779,104.710487990156,5.67887852661202,0,1000,996.09375,3.90625,5.67887852661202,5.65464588322824,-598.791851330085,0,5.67887852661202,0.473239877217669,5.67887852661202,0,55.5375080946945,36204,68,996.09375,-3.8177554318703,999.91150543187,996.09375,0,0,0,0,36204,0,0,36204,55.5375080946945,36204,0
0.647,999.957142388754,0.220075870146538,0.0110037935073269,5.23576335405525,104.715267081105,5.58833745377301,0,1000,1010.7421875,-10.7421875,5.58833745377301,5.65497722307842,1942.41304055826,0,5.58833745377301,0.465694787814417,5.58833745377301,0,55.6422208646327,36273,69,1010.7421875,10.7850451112461,999.957142388754,1010.7421875,0,1,1,1,36273,0,0,36273,55.6422208646327,36273,0
0.648,999.931048018112,0.192403845736251,0.00962019228681256,5.23562672425007,104.712534485001,5.6782986818742,0,1000,996.09375,3.90625,5.6782986818742,5.65406603849042,-822.728716201448,0,5.6782986818742,0.47319155682285,5.6782986818742,-8.88178419700125e-16,55.7469358995774,36341,68,996.09375,-3.83729801811171,999.931048018112,996.09375,0,1,1,1,36341,0,0,36341,55.7469358995774,36341,0
0.649,999.900704114579,0.210733162620715,0.0105366581310358,5.2354678439427,104.709356878854,5.67863002172439,0,1000,996.09375,3.90625,5.67863002172439,5.6543973783406,-685.607263501207,0,5.67863002172439,0.473219168477032,5.67863002172439,0,55.8516460935163,36409,68,996.09375,-3.80695411457896,999.900704114579,996.09375,0,1,1,1,36409,0,0,36409,55.8516460935163,36409,0
0.65,999.925995716146,0.217570282683698,0.0108785141341849,5.23560027045884,104.712005409177,5.67896136157457,0,1000,996.09375,3.90625,5.67896136157457,5.65472871819078,-571.339386251006,0,5.67896136157457,0.473246780131214,5.67896136157457,-8.88178419700125e-16,55.956356494633,36477,68,996.09375,-3.83224571614619,999.925995716146,996.09375,0,1,1,1,36477,0,0,36477,55.956356494633,36477,0
0.651,999.972017774454,0.220125733454151,0.0110062866727075,5.23584124139265,104.716824827853,5.58842028873555,0,1000,1010.7421875,-10.7421875,5.58842028873555,5.65506005804097,1965.29009479083,0,5.58842028873555,0.465701690727963,5.58842028873555,-8.88178419700125e-16,56.0610708054724,36546,69,1010.7421875,10.7701697255455,999.972017774454,1010.7421875,1,1,3,3,36546,0,0,36546,56.0610708054724,36546,0
0.652,999.946062999369,0.192423599822494,0.00962117999112469,5.23570534250809,104.714106850162,5.67838151683675,0,1000,996.09375,3.90625,5.67838151683675,5.65414887345296,-803.664504340976,0,5.67838151683675,0.473198459736396,5.67838151683675,0,56.1657874067087,36614,68,996.09375,-3.85231299936856,999.946062999369,996.09375,1,1,3,3,36614,0,0,36614,56.1657874067087,36614,0
0.653,999.91576727566,0.210741709038229,0.0105370854519114,5.23554671446969,104.710934289394,5.67871285668693,0,1000,996.09375,3.90625,5.67871285668693,5.65448021330315,-669.720420284147,0,5.67871285668693,0.473226071390578,5.67871285668693,0,56.2704991759953,36682,68,996.09375,-3.8220172756595,999.91576727566,996.09375,1,1,3,3,36682,0,0,36682,56.2704991759953,36682,0
0.654,999.941073050174,0.21757466347144,0.010878733173572,5.2356792151952,104.713584303904,5.67904419653712,0,1000,996.09375,3.90625,5.67904419653712,5.65481155315333,-558.100350236789,0,5.67904419653712,0.47325368304476,5.67904419653712,0,56.3752111554356,36750,68,996.09375,-3.84732305017383,999.941073050174,996.09375,1,1,3,3,36750,0,0,36750,56.3752111554356,36750,0
0.655,999.987096662741,0.220128572137921,0.011006428606896,5.23592019426709,104.718403885342,5.5885031236981,0,1000,1010.7421875,-10.7421875,5.5885031236981,5.65514289300352,1976.32262480268,0,5.5885031236981,0.465708593641508,5.5885031236981,0,56.4799270453144,36819,69,1010.7421875,10.7550908372593,999.987096662741,1010.7421875,1,0,2,2,36819,0,0,36819,56.4799270453144,36819,0
0.656,999.961138791151,0.192425873718532,0.0096212936859266,5.23578427916928,104.715685583385,5.6784643517993,0,1000,996.09375,3.90625,5.6784643517993,5.65423170841551,-794.470729331103,0,5.6784643517993,0.473205362649942,5.6784643517993,0,56.5846452254693,36887,68,996.09375,-3.86738879115148,999.961138791151,996.09375,1,0,2,2,36887,0,0,36887,56.5846452254693,36887,0
0.657,999.930838288115,0.210743782134079,0.0105371891067039,5.23562562610638,104.712512522127,5.67879569164948,0,1000,996.09375,3.90625,5.67879569164948,5.6545630482657,-662.058941109253,0,5.67879569164948,0.473232974304123,5.67879569164948,0,56.6893585732471,36955,68,996.09375,-3.83708828811484,999.930838288115,996.09375,1,0,2,2,36955,0,0,36955,56.6893585732471,36955,0
0.658,999.956138705567,0.217576671247742,0.0108788335623871,5.23575809878238,104.715161975648,5.67912703149967,0,1000,996.09375,3.90625,5.67912703149967,5.65489438811588,-551.715784257711,0,5.67912703149967,0.473260585958305,5.67912703149967,0,56.7940721306423,37023,68,996.09375,-3.86238870556747,999.956138705567,996.09375,1,0,2,2,37023,0,0,37023,56.7940721306423,37023,0
0.659,1000.00215679439,0.220130564941965,0.0110065282470983,5.23599904893202,104.71998097864,5.58858595866065,0,1000,1010.7421875,-10.7421875,5.58858595866065,5.65522572796606,1981.64309645191,0,5.58858595866065,0.465715496555054,5.58858595866065,0,56.8987895979041,37092,69,1010.7421875,10.7400307056078,1000.00215679439,1010.7421875,0,0,0,0,37092,0,0,37092,56.8987895979041,37092,0
0.66,999.976193384873,0.19242787018111,0.0096213935090555,5.23586310483767,104.717262096753,5.67854718676185,0,1000,996.09375,3.90625,5.67854718676185,5.65431454337806,-790.037002956743,0,5.67854718676185,0.473212265563487,5.67854718676185,0,57.0035093548622,37160,68,996.09375,-3.88244338487289,999.976193384873,996.09375,0,0,0,0,37160,0,0,37160,57.0035093548622,37160,0
0.661,999.945887385876,0.210745789071053,0.0105372894535526,5.23570442299799,104.71408845996,5.67887852661203,0,1000,996.09375,3.90625,5.67887852661203,5.65464588322824,-658.36416913062,0,5.67887852661203,0.473239877217669,5.67887852661203,-8.88178419700125e-16,57.108224278865,37228,68,996.09375,-3.85213738587561,999.945887385876,996.09375,0,0,0,0,37228,0,0,37228,57.108224278865,37228,0
0.662,999.971182369621,0.217578691074773,0.0108789345537387,5.23583686722317,104.716737344463,5.58833745377301,0,1000,1010.7421875,-10.7421875,5.58833745377301,5.65497722307843,1892.76944239115,0,5.58833745377301,0.465694787814418,5.58833745377301,-8.88178419700125e-16,57.2129394119129,37297,69,1010.7421875,10.7710051303793,999.971182369621,1010.7421875,0,1,1,0,37297,1,0,37297,57.2129394119129,37297,0
0.663,999.937492455497,0.19147024726667,0.00957351236333352,5.23566046724531,104.713209344906,5.67829868187421,0,1000,996.09375,3.90625,5.67829868187421,5.65406603849042,-864.098381340708,0,5.67829868187421,0.473191556822851,5.67829868187421,0,57.3176554552392,37365,68,996.09375,-3.84374245549714,999.937492455497,996.09375,0,1,1,1,37365,0,0,37365,57.3176554552392,37365,0
0.664,999.904302189878,0.210382153230852,0.0105191076615426,5.23548668342092,104.709733668418,5.67863002172439,0,1000,996.09375,3.90625,5.67863002172439,5.65439737834061,-720.08198445059,0,5.67863002172439,0.473219168477033,5.67863002172439,0,57.4223661510893,37433,68,996.09375,-3.81055218987808,999.904302189878,996.09375,0,1,1,1,37433,0,0,37433,57.4223661510893,37433,0
0.665,999.928517062094,0.217436372443159,0.010871818622158,5.23561347219535,104.712269443907,5.67896136157458,0,1000,996.09375,3.90625,5.67896136157458,5.65472871819079,-600.068320375492,0,5.67896136157458,0.473246780131215,5.67896136157458,0,57.5270768637067,37501,68,996.09375,-3.83476706209387,999.928517062094,996.09375,0,1,1,1,37501,0,0,37501,57.5270768637067,37501,0
0.666,999.974121926274,0.220072750700002,0.0110036375350001,5.23585225870581,104.717045174116,5.58842028873556,0,1000,1010.7421875,-10.7421875,5.58842028873556,5.65506005804097,1941.34931635376,0,5.58842028873556,0.465701690727963,5.58842028873556,0,57.6317914134145,37570,69,1010.7421875,10.7680655737261,999.974121926274,1010.7421875,1,1,3,3,37570,0,0,37570,57.6317914134145,37570,0
0.667,999.947995898753,0.192400810316358,0.00962004051581789,5.2357154631456,104.714309262912,5.67838151683676,0,1000,996.09375,3.90625,5.67838151683676,5.65414887345297,-823.615153038536,0,5.67838151683676,0.473198459736396,5.67838151683676,0,57.7365082247907,37638,68,996.09375,-3.85424589875322,999.947995898753,996.09375,1,1,3,3,37638,0,0,37638,57.7365082247907,37638,0
0.668,999.91762076825,0.210730210086233,0.0105365105043116,5.2355564193342,104.711128386684,5.67871285668694,0,1000,996.09375,3.90625,5.67871285668694,5.65448021330315,-686.345960865447,0,5.67871285668694,0.473226071390578,5.67871285668694,0,57.8412201918689,37706,68,996.09375,-3.82387076824978,999.91762076825,996.09375,1,1,3,3,37706,0,0,37706,57.8412201918689,37706,0
0.669,999.942881566919,0.217567411908973,0.0108783705954486,5.23568868456673,104.713773691335,5.67904419653712,0,1000,996.09375,3.90625,5.67904419653712,5.65481155315334,-571.954967387872,0,5.67904419653712,0.47325368304476,5.67904419653712,0,57.9459323628769,37774,68,996.09375,-3.84913156691869,999.942881566919,996.09375,1,1,3,3,37774,0,0,37774,57.9459323628769,37774,0
0.67,999.988873240641,0.220122943328842,0.0110061471664421,5.23592949640722,104.718589928144,5.58850312369811,0,1000,1010.7421875,-10.7421875,5.58850312369811,5.65514289300352,1964.77711051011,0,5.58850312369811,0.465708593641509,5.58850312369811,0,58.0506484404039,37843,69,1010.7421875,10.7533142593592,999.988873240641,1010.7421875,1,0,2,2,37843,0,0,37843,58.0506484404039,37843,0
0.671,999.962888493598,0.192420889251357,0.00962104446256786,5.23579344058986,104.715868811797,5.6784643517993,0,1000,996.09375,3.90625,5.6784643517993,5.65423170841552,-804.091991241578,0,5.6784643517993,0.473205362649942,5.6784643517993,0,58.1553668051676,37911,68,996.09375,-3.86913849359848,999.962888493598,996.09375,1,0,2,2,37911,0,0,37911,58.1553668051676,37911,0
0.672,999.932563204956,0.210739076940897,0.0105369538470449,5.23563465774983,104.712693154997,5.67879569164949,0,1000,996.09375,3.90625,5.67879569164949,5.6545630482657,-670.076659367982,0,5.67879569164949,0.473232974304124,5.67879569164949,-8.88178419700125e-16,58.2600803348642,37979,68,996.09375,-3.83881320495573,999.932563204956,996.09375,1,0,2,2,37979,0,0,37979,58.2600803348642,37979,0
0.673,999.957839816036,0.217572108782224,0.0108786054391112,5.23576700577596,104.715340115519,5.67912703149967,0,1000,996.09375,3.90625,5.67912703149967,5.65489438811588,-558.397216139985,0,5.67912703149967,0.473260585958306,5.67912703149967,0,58.3647940716398,38047,68,996.09375,-3.86408981603597,999.957839816036,996.09375,1,0,2,2,38047,0,0,38047,58.3647940716398,38047,0
0.674,1000.00383466122,0.220126093805602,0.0110063046902801,5.23600783422216,104.720156684443,5.58858595866065,0,1000,1010.7421875,-10.7421875,5.58858595866065,5.65522572796607,1976.07523655001,0,5.58858595866065,0.465715496555054,5.58858595866065,0,58.4695117158206,38116,69,1010.7421875,10.7383528387845,1000.00383466122,1010.7421875,0,0,0,0,38116,0,0,38116,58.4695117158206,38116,0
0.675,999.97784841291,0.19242347070616,0.00962117353530799,5.23587177054421,104.717435410884,5.67854718676185,0,1000,996.09375,3.90625,5.67854718676185,5.65431454337806,-794.676886208323,0,5.67854718676185,0.473212265563487,5.67854718676185,0,58.5742316472854,38184,68,996.09375,-3.88409841291036,999.97784841291,996.09375,0,0,0,0,38184,0,0,38184,58.5742316472854,38184,0
0.676,999.947519918515,0.210741453418792,0.0105370726709396,5.2357129709189,104.714259418378,5.67887852661203,0,1000,996.09375,3.90625,5.67887852661203,5.65464588322825,-662.230738506936,0,5.67887852661203,0.473239877217669,5.67887852661203,0,58.6789467434216,38252,68,996.09375,-3.85376991851479,999.947519918515,996.09375,0,0,0,0,38252,0,0,38252,58.6789467434216,38252,0
0.677,999.972792724737,0.217574415820571,0.0108787207910285,5.23584529902284,104.716905980457,5.67920986646222,0,1000,996.09375,3.90625,5.67920986646222,5.65497722307843,-551.85894875578,0,5.67920986646222,0.473267488871851,5.67920986646222,0,58.7836620462642,38320,68,996.09375,-3.87904272473736,999.972792724737,996.09375,0,0,0,0,38320,0,0,38320,58.7836620462642,38320,0
0.678,1000.0187835773,0.220128381807642,0.0110064190903821,5.23608610656374,104.721722131275,5.5886687936232,0,1000,1010.7421875,-10.7421875,5.5886687936232,5.65530856292861,1981.52379270352,0,5.5886687936232,0.4657223994686,5.5886687936232,0,58.8883812561015,38389,69,1010.7421875,10.7234039227001,1000.0187835773,1010.7421875,0,1,1,1,38389,0,0,38389,58.8883812561015,38389,0
0.679,999.992793301393,0.192425758357883,0.00962128791789413,5.23595002179732,104.719000435946,5.6786300217244,0,1000,996.09375,3.90625,5.6786300217244,5.65439737834061,-790.136422747069,0,5.6786300217244,0.473219168477033,5.6786300217244,0,58.9931027528022,38457,68,996.09375,-3.89904330139257,999.992793301393,996.09375,0,1,1,1,38457,0,0,38457,58.9931027528022,38457,0
0.68,999.962460800858,0.210743747590503,0.0105371873795251,5.23579120119591,104.715824023918,5.67896136157458,0,1000,996.09375,3.90625,5.67896136157458,5.65472871819079,-658.447018955891,0,5.67896136157458,0.473246780131215,5.67896136157458,0,59.0978194137535,38525,68,996.09375,-3.86871080085803,999.962460800858,996.09375,0,1,1,1,38525,0,0,38525,59.0978194137535,38525,0
0.681,999.987729642965,0.21757671898163,0.0108788359490815,5.23592350854379,104.718470170876,5.58842028873556,0,1000,1010.7421875,-10.7421875,5.58842028873556,5.65506005804098,1892.70040087009,0,5.58842028873556,0.465701690727964,5.58842028873556,0,59.2025362809936,38594,69,1010.7421875,10.7544578570354,999.987729642965,1010.7421875,1,1,3,1,38594,1,0,38594,59.2025362809936,38594,0
0.682,999.954013942216,0.191468343618629,0.00957341718093143,5.23574697354749,104.71493947095,5.67838151683676,0,1000,996.09375,3.90625,5.67838151683676,5.65414887345297,-864.155915941591,0,5.67838151683676,0.473198459736397,5.67838151683676,0,59.307254055793,38662,68,996.09375,-3.86026394221608,999.954013942216,996.09375,1,1,3,3,38662,0,0,38662,59.307254055793,38662,0
0.683,999.920798240159,0.210380317098409,0.0105190158549205,5.23557305653821,104.711461130764,5.67871285668694,0,1000,996.09375,3.90625,5.67871285668694,5.65448021330316,-720.129929951326,0,5.67871285668694,0.473226071390579,5.67871285668694,-8.88178419700125e-16,59.4119664804341,38730,68,996.09375,-3.82704824015877,999.920798240159,996.09375,1,1,3,3,38730,0,0,38730,59.4119664804341,38730,0
0.684,999.944988021365,0.217434602909443,0.0108717301454722,5.23569971393643,104.713994278729,5.67904419653713,0,1000,996.09375,3.90625,5.67904419653713,5.65481155315334,-600.108274959438,0,5.67904419653713,0.473253683044761,5.67904419653713,0,59.5166789191971,38798,68,996.09375,-3.85123802136548,999.944988021365,996.09375,1,1,3,3,38798,0,0,38798,59.5166789191971,38798,0
0.685,999.99056813528,0.220071046860587,0.0110035523430293,5.2359383708548,104.718767417096,5.58850312369811,0,1000,1010.7421875,-10.7421875,5.58850312369811,5.65514289300352,1941.31602086713,0,5.58850312369811,0.465708593641509,5.58850312369811,0,59.6213951924409,38867,69,1010.7421875,10.7516193647203,999.99056813528,1010.7421875,1,0,2,2,38867,0,0,38867,59.6213951924409,38867,0
0.686,999.964417693609,0.1923991712791,0.00961995856395498,5.2358014474624,104.716028949248,5.67846435179931,0,1000,996.09375,3.90625,5.67846435179931,5.65423170841552,-823.642899277388,0,5.67846435179931,0.473205362649942,5.67846435179931,0,59.7261137247788,38935,68,996.09375,-3.87066769360922,999.964417693609,996.09375,1,0,2,2,38935,0,0,38935,59.7261137247788,38935,0
0.687,999.934018480506,0.210728634971099,0.0105364317485549,5.2356422775548,104.712845551096,5.67879569164949,0,1000,996.09375,3.90625,5.67879569164949,5.6545630482657,-686.369082731156,0,5.67879569164949,0.473232974304124,5.67879569164949,0,59.8308274102793,39003,68,996.09375,-3.84026848050632,999.934018480506,996.09375,1,0,2,2,39003,0,0,39003,59.8308274102793,39003,0
0.688,999.959255523619,0.217565899847891,0.0108782949923946,5.23577441840353,104.715488368071,5.67912703149967,0,1000,996.09375,3.90625,5.67912703149967,5.65489438811589,-571.974235609297,0,5.67912703149967,0.473260585958306,5.67912703149967,0,59.9355412972053,39071,68,996.09375,-3.86550552361894,999.959255523619,996.09375,1,0,2,2,39071,0,0,39071,59.9355412972053,39071,0
0.689,1000.00522376439,0.220121493465528,0.0110060746732764,5.23601510754938,104.720302150988,5.58858595866066,0,1000,1010.7421875,-10.7421875,5.58858595866066,5.65522572796607,1964.76105365892,0,5.58858595866066,0.465715496555055,5.58858595866066,0,60.0402590881793,39140,69,1010.7421875,10.7369637356094,1000.00522376439,1010.7421875,0,0,0,0,39140,0,0,39140,60.0402590881793,39140,0
0.69,999.979215902624,0.192419500741148,0.00962097503705738,5.23587893070361,104.717578614072,5.67854718676185,0,1000,996.09375,3.90625,5.67854718676185,5.65431454337807,-804.105371950901,0,5.67854718676185,0.473212265563488,5.67854718676185,0,60.1449791639529,39208,68,996.09375,-3.88546590262399,999.979215902624,996.09375,0,0,0,0,39208,0,0,39208,60.1449791639529,39208,0
0.691,999.948867813162,0.210737748950604,0.0105368874475302,5.23572002847877,104.714400569575,5.67887852661204,0,1000,996.09375,3.90625,5.67887852661204,5.65464588322825,-670.087809959084,0,5.67887852661204,0.47323987721767,5.67887852661204,0,60.2496944022553,39276,68,996.09375,-3.85511781316166,999.948867813162,996.09375,0,0,0,0,39276,0,0,39276,60.2496944022553,39276,0
0.692,999.974121933059,0.217570840489973,0.0108785420244986,5.23585225874134,104.717045174827,5.67920986646222,0,1000,996.09375,3.90625,5.67920986646222,5.65497722307843,-558.406508299237,0,5.67920986646222,0.473267488871852,5.67920986646222,0,60.354409845265,39344,68,996.09375,-3.88037193305934,999.974121933059,996.09375,0,0,0,0,39344,0,0,39344,60.354409845265,39344,0
0.693,1000.02009459249,0.220124884400678,0.0110062442200339,5.23609297102325,104.721859420465,5.5886687936232,0,1000,1010.7421875,-10.7421875,5.5886687936232,5.65530856292862,1976.06749308397,0,5.5886687936232,0.4657223994686,5.5886687936232,0,60.4591291933407,39413,69,1010.7421875,10.7220929075057,1000.02009459249,1010.7421875,0,1,1,1,39413,0,0,39413,60.4591291933407,39413,0
0.694,999.994086459731,0.192422319388863,0.00962111596944313,5.23595679275854,104.719135855171,5.6786300217244,0,1000,996.09375,3.90625,5.6786300217244,5.65439737834061,-794.683339096692,0,5.6786300217244,0.473219168477033,5.6786300217244,-8.88178419700125e-16,60.5638508263929,39481,68,996.09375,-3.90033645973051,999.994086459731,996.09375,0,1,1,1,39481,0,0,39481,60.5638508263929,39481,0
0.695,999.963736378075,0.210740359400275,0.0105370179700137,5.2357978801026,104.715957602052,5.67896136157458,0,1000,996.09375,3.90625,5.67896136157458,5.6547287181908,-662.23611591391,0,5.67896136157458,0.473246780131215,5.67896136157458,0,60.6685676218408,39549,68,996.09375,-3.86998637807471,999.963736378075,996.09375,0,1,1,1,39549,0,0,39549,60.6685676218408,39549,0
0.696,999.988987890196,0.217573378322703,0.0108786689161352,5.23593009671089,104.718601934218,5.58842028873557,0,1000,1010.7421875,-10.7421875,5.58842028873557,5.65506005804098,1889.54282007174,0,5.58842028873557,0.465701690727964,5.58842028873557,0,60.7732846217494,39618,69,1010.7421875,10.7531996098039,999.988987890196,1010.7421875,1,1,3,1,39618,1,0,39618,60.7732846217494,39618,0
0.697,999.955255099418,0.191465048892521,0.00957325244462604,5.2357534722314,104.715069444628,5.67838151683676,0,1000,996.09375,3.90625,5.67838151683676,5.65414887345298,-866.787233273549,0,5.67838151683676,0.473198459736397,5.67838151683676,0,60.8780025274152,39686,68,996.09375,-3.86150509941842,999.955255099418,996.09375,1,1,3,3,39686,0,0,39686,60.8780025274152,39686,0
0.698,999.92202254114,0.210377067326281,0.0105188533663141,5.23557946696315,104.711589339263,5.67871285668695,0,1000,996.09375,3.90625,5.67871285668695,5.65448021330316,-722.322694394624,0,5.67871285668695,0.473226071390579,5.67871285668695,0,60.9827150811454,39754,68,996.09375,-3.82827254113988,999.92202254114,996.09375,1,1,3,3,39754,0,0,39754,60.9827150811454,39754,0
0.699,999.946195695679,0.217431397348521,0.010871569867426,5.23570603730434,104.714120746087,5.67904419653713,0,1000,996.09375,3.90625,5.67904419653713,5.65481155315334,-601.935578662187,0,5.67904419653713,0.473253683044761,5.67904419653713,0,61.0874276472445,39822,68,996.09375,-3.85244569567908,999.946195695679,996.09375,1,1,3,3,39822,0,0,39822,61.0874276472445,39822,0
0.7,999.991759408957,0.220067884861182,0.0110033942430591,5.23594460834919,104.718892166984,5.58850312369812,0,1000,1010.7421875,-10.7421875,5.58850312369812,5.65514289300353,1939.79326778151,0,5.58850312369812,0.46570859364151,5.58850312369812,0,61.1921440460949,39891,69,1010.7421875,10.7504280910425,999.991759408957,1010.7421875,1,0,2,2,39891,0,0,39891,61.1921440460949,39891,0
0.701,999.965592789462,0.192396052231279,0.00961980261156395,5.23580760024989,104.716152004998,5.67846435179931,0,1000,996.09375,3.90625,5.67846435179931,5.65423170841552,-824.911860182074,0,5.67846435179931,0.473205362649943,5.67846435179931,0,61.2968627023337,39959,68,996.09375,-3.87184278946211,999.965592789462,996.09375,1,0,2,2,39959,0,0,39959,61.2968627023337,39959,0
0.702,999.935177618264,0.210725558284732,0.0105362779142366,5.23564834678591,104.712966935718,5.6787956916495,0,1000,996.09375,3.90625,5.6787956916495,5.65456304826571,-687.426550151728,0,5.6787956916495,0.473232974304125,5.6787956916495,0,61.4015765100524,40027,68,996.09375,-3.84142761826433,999.935177618264,996.09375,1,0,2,2,40027,0,0,40027,61.4015765100524,40027,0
0.703,999.960398920012,0.21756286494515,0.0108781432472575,5.23578040521305,104.715608104261,5.67912703149968,0,1000,996.09375,3.90625,5.67912703149968,5.65489438811589,-572.855458459774,0,5.67912703149968,0.473260585958307,5.67912703149968,0,61.5062905175367,40095,68,996.09375,-3.86664892001158,999.960398920012,996.09375,1,0,2,2,40095,0,0,40095,61.5062905175367,40095,0
0.704,1000.00635163319,0.220118499778031,0.0110059249889015,5.23602101305662,104.720420261132,5.58858595866066,0,1000,1010.7421875,-10.7421875,5.58858595866066,5.65522572796608,1964.02670128352,0,5.58858595866066,0.465715496555055,5.58858595866066,0,61.611008427432,40164,69,1010.7421875,10.7358358668062,1000.00635163319,1010.7421875,0,0,0,0,40164,0,0,40164,61.611008427432,40164,0
0.705,999.980328454708,0.192416547708828,0.00962082738544141,5.2358847560127,104.717695120254,5.67854718676186,0,1000,996.09375,3.90625,5.67854718676186,5.65431454337807,-804.717332263732,0,5.67854718676186,0.473212265563488,5.67854718676186,-8.88178419700125e-16,61.7157286205118,40232,68,996.09375,-3.88657845470777,999.980328454708,996.09375,0,0,0,0,40232,0,0,40232,61.7157286205118,40232,0
0.706,999.94996525653,0.210734836021223,0.0105367418010612,5.2357257746788,104.714515493576,5.67887852661204,0,1000,996.09375,3.90625,5.67887852661204,5.65464588322826,-670.597776886443,0,5.67887852661204,0.47323987721767,5.67887852661204,0,61.8204439745275,40300,68,996.09375,-3.85621525652959,999.94996525653,996.09375,0,0,0,0,40300,0,0,40300,61.8204439745275,40300,0
0.707,999.975204472896,0.217567967118873,0.0108783983559437,5.23585792690667,104.717158538133,5.67920986646223,0,1000,996.09375,3.90625,5.67920986646223,5.65497722307844,-558.831480738703,0,5.67920986646223,0.473267488871852,5.67920986646222,-8.88178419700125e-16,61.9251595316792,40368,68,996.09375,-3.88145447289594,999.975204472896,996.09375,0,0,0,0,40368,0,0,40368,61.9251595316792,40368,0
0.708,1000.02116243119,0.22012205005063,0.0110061025025315,5.23609856221358,104.721971244272,5.58866879362321,0,1000,1010.7421875,-10.7421875,5.58866879362321,5.65530856292862,1975.71334938441,0,5.58866879362321,0.465722399468601,5.58866879362321,-8.88178419700125e-16,62.0298789923467,40437,69,1010.7421875,10.7210250688109,1000.02116243119,1010.7421875,0,1,1,1,40437,0,0,40437,62.0298789923467,40437,0
0.709,999.995139796928,0.192419523529947,0.00962097617649736,5.23596230801921,104.719246160384,5.67863002172441,0,1000,996.09375,3.90625,5.67863002172441,5.65439737834062,-794.978458846321,0,5.67863002172441,0.473219168477034,5.67863002172441,0,62.1346007364617,40505,68,996.09375,-3.90138979692756,999.995139796928,996.09375,0,1,1,1,40505,0,0,40505,62.1346007364617,40505,0
0.71,999.964775410708,0.210737601509773,0.0105368800754887,5.23580332046474,104.716066409295,5.67896136157459,0,1000,996.09375,3.90625,5.67896136157459,5.6547287181908,-662.482049038601,0,5.67896136157459,0.473246780131216,5.67896136157459,0,62.239317641464,40573,68,996.09375,-3.87102541070772,999.964775410708,996.09375,0,1,1,1,40573,0,0,40573,62.239317641464,40573,0
0.711,999.990012812526,0.217570657884997,0.0108785328942498,5.23593546319166,104.718709263833,5.67929270142477,0,1000,996.09375,3.90625,5.67929270142477,5.65506005804099,-552.068374198834,0,5.67929270142477,0.473274391785398,5.67929270142477,0,62.3440347494395,40641,68,996.09375,-3.89626281252595,999.990012812526,996.09375,0,1,1,1,40641,0,0,40641,62.3440347494395,40641,0
0.712,1000.03596874149,0.220124716569327,0.0110062358284664,5.23617608787301,104.72352175746,5.58875162858576,0,1000,1010.7421875,-10.7421875,5.58875162858576,5.65539139789117,1981.34927150097,0,5.58875162858576,0.465729302382146,5.58875162858576,0,62.4487557607275,40710,69,1010.7421875,10.706218758514,1000.03596874149,1010.7421875,1,1,3,3,40710,0,0,40710,62.4487557607275,40710,0
0.713,1000.00994401625,0.192422184557974,0.00962110922789871,5.2360398227303,104.720796454606,5.67871285668695,0,1000,996.09375,3.90625,5.67871285668695,5.65448021330317,-790.281857082524,0,5.67871285668695,0.473226071390579,5.67871285668695,0,62.5534790552466,40778,68,996.09375,-3.91619401624621,1000.00994401625,996.09375,1,1,3,3,40778,0,0,40778,62.5534790552466,40778,0
0.714,999.979577534208,0.210740263987243,0.0105370131993621,5.23588082420215,104.717616484043,5.67904419653714,0,1000,996.09375,3.90625,5.67904419653714,5.65481155315335,-658.568214235436,0,5.67904419653714,0.473253683044761,5.67904419653714,0,62.6581975104332,40846,68,996.09375,-3.88582753420792,999.979577534208,996.09375,1,1,3,3,40846,0,0,40846,62.6581975104332,40846,0
0.715,1000.00481285629,0.217573324350132,0.0108786662175066,5.23601295603958,104.720259120792,5.58850312369812,0,1000,1010.7421875,-10.7421875,5.58850312369812,5.65514289300353,1892.5994048038,0,5.58850312369812,0.46570859364151,5.58850312369812,0,62.7629161683743,40915,69,1010.7421875,10.7373746437117,1000.00481285629,1010.7421875,1,0,2,3,40915,1,0,40915,62.7629161683743,40915,0
0.716,999.971064090721,0.191465036750635,0.00957325183753174,5.2358362479163,104.716724958326,5.67846435179932,0,1000,996.09375,3.90625,5.67846435179932,5.65423170841553,-864.240079330164,0,5.67846435179932,0.473205362649943,5.67846435179931,-8.88178419700125e-16,62.8676357303884,40983,68,996.09375,-3.87731409072126,999.971064090721,996.09375,1,0,2,2,40983,0,0,40983,62.8676357303884,40983,0
0.717,999.937815772876,0.210377096802072,0.0105188548401036,5.23566216013115,104.713243202623,5.6787956916495,0,1000,996.09375,3.90625,5.6787956916495,5.65456304826571,-720.20006610847,0,5.6787956916495,0.473232974304125,5.6787956916495,0,62.9723499388052,41051,68,996.09375,-3.84406577287564,999.937815772876,996.09375,1,0,2,2,41051,0,0,41051,62.9723499388052,41051,0
0.718,999.961973381223,0.217431468009099,0.010871573400455,5.23578864907267,104.715772981453,5.67912703149968,0,1000,996.09375,3.90625,5.67912703149968,5.6548943881159,-600.166721757058,0,5.67912703149968,0.473260585958307,5.67912703149968,-8.88178419700125e-16,63.0770641579517,41119,68,996.09375,-3.86822338122306,999.961973381223,996.09375,1,0,2,2,41119,0,0,41119,63.0770641579517,41119,0
0.719,1000.00752175919,0.220067996196536,0.0110033998098268,5.23602713982203,104.720542796441,5.58858595866067,0,1000,1010.7421875,-10.7421875,5.58858595866067,5.65522572796608,1941.26731520245,0,5.58858595866067,0.465715496555056,5.58858595866067,-8.88178419700125e-16,63.1817822082327,41188,69,1010.7421875,10.7346657408068,1000.00752175919,1010.7421875,0,0,0,0,41188,0,0,41188,63.1817822082327,41188,0
0.72,999.98134001256,0.192396203707394,0.00961981018536973,5.23589005251723,104.717801050345,5.67854718676186,0,1000,996.09375,3.90625,5.67854718676186,5.65431454337808,-823.683487331291,0,5.67854718676186,0.473212265563489,5.67854718676186,0,63.2865025143072,41256,68,996.09375,-3.88759001256039,999.98134001256,996.09375,0,0,0,0,41256,0,0,41256,63.2865025143072,41256,0
0.721,999.950909919621,0.210725749363329,0.0105362874681664,5.23573072092318,104.714614418464,5.67887852661205,0,1000,996.09375,3.90625,5.67887852661205,5.65464588322826,-686.402906109409,0,5.67887852661205,0.473239877217671,5.67887852661205,0,63.3912179702882,41324,68,996.09375,-3.85715991962115,999.950909919621,996.09375,0,0,0,0,41324,0,0,41324,63.3912179702882,41324,0
0.722,999.976116502254,0.217563095090967,0.0108781547545484,5.23586270228122,104.717254045624,5.67920986646223,0,1000,996.09375,3.90625,5.67920986646223,5.65497722307844,-572.002421757841,0,5.67920986646223,0.473267488871852,5.67920986646223,0,63.495933624483,41392,68,996.09375,-3.8823665022544,999.976116502254,996.09375,0,0,0,0,41392,0,0,41392,63.495933624483,41392,0
0.723,1000.02205469621,0.220118768461477,0.0110059384230738,5.23610323410229,104.722064682046,5.58866879362321,0,1000,1010.7421875,-10.7421875,5.58866879362321,5.65530856292863,1964.7375652018,0,5.58866879362321,0.465722399468601,5.58866879362321,0,63.6006531795577,41461,69,1010.7421875,10.7201328037926,1000.02205469621,1010.7421875,0,1,1,1,41461,0,0,41461,63.6006531795577,41461,0
0.724,999.996017195667,0.192416854406904,0.0096208427203452,5.23596690206827,104.719338041365,5.67863002172441,0,1000,996.09375,3.90625,5.67863002172441,5.65439737834062,-804.124945665167,0,5.67863002172441,0.473219168477034,5.67863002172441,0,63.7053750163069,41529,68,996.09375,-3.90226719566681,999.996017195667,996.09375,0,1,1,1,41529,0,0,41529,63.7053750163069,41529,0
0.725,999.965639869929,0.210735180217813,0.0105367590108906,5.23580784676264,104.716156935253,5.67896136157459,0,1000,996.09375,3.90625,5.67896136157459,5.65472871819081,-670.104121387639,0,5.67896136157459,0.473246780131216,5.67896136157459,0,63.8100920125023,41597,68,996.09375,-3.87188986992919,999.965639869929,996.09375,0,1,1,1,41597,0,0,41597,63.8100920125023,41597,0
0.726,999.990865150589,0.217568348304789,0.0108784174152395,5.23593992602332,104.718798520466,5.67929270142478,0,1000,996.09375,3.90625,5.67929270142478,5.65506005804099,-558.420101156366,0,5.67929270142478,0.473274391785398,5.67929270142478,0,63.9148092103642,41665,68,996.09375,-3.89711515058866,999.990865150589,996.09375,0,1,1,1,41665,0,0,41665,63.9148092103642,41665,0
0.727,1000.03680936243,0.22012246772357,0.0110061233861785,5.23618048935396,104.723609787079,5.58875162858576,0,1000,1010.7421875,-10.7421875,5.58875162858576,5.65539139789117,1976.05616570303,0,5.58875162858576,0.465729302382147,5.58875162858576,0,64.0195303102928,41734,69,1010.7421875,10.7053781375726,1000.03680936243,1010.7421875,1,1,3,3,41734,0,0,41734,64.0195303102928,41734,0
0.728,1000.01077316839,0.19241997719441,0.0096209988597205,5.23604416416079,104.720883283216,5.67871285668696,0,1000,996.09375,3.90625,5.67871285668696,5.65448021330317,-794.69277858081,0,5.67871285668696,0.47322607139058,5.67871285668696,0,64.124253692239,41802,68,996.09375,-3.91702316839337,1000.01077316839,996.09375,1,1,3,3,41802,0,0,41802,64.124253692239,41802,0
0.729,999.980395406545,0.210738090676988,0.0105369045338494,5.2358851065717,104.717702131434,5.67904419653714,0,1000,996.09375,3.90625,5.67904419653714,5.65481155315335,-662.243982150675,0,5.67904419653714,0.473253683044762,5.67904419653714,-8.88178419700125e-16,64.228972233662,41870,68,996.09375,-3.88664540654474,999.980395406545,996.09375,1,1,3,3,41870,0,0,41870,64.228972233662,41870,0
0.73,1000.00561961438,0.217571182072828,0.0108785591036414,5.23601718021507,104.720343604301,5.58850312369812,0,1000,1010.7421875,-10.7421875,5.58850312369812,5.65514289300354,1889.53626487444,0,5.58850312369812,0.46570859364151,5.58850312369812,-8.88178419700125e-16,64.3336909766672,41939,69,1010.7421875,10.7365678856208,1000.00561961438,1010.7421875,1,0,2,3,41939,1,0,41939,64.3336909766672,41939,0
0.731,999.971859890111,0.191462924131848,0.00957314620659241,5.23584041471215,104.716808294243,5.67846435179932,0,1000,996.09375,3.90625,5.67846435179932,5.65423170841553,-866.792695937969,0,5.67846435179932,0.473205362649943,5.67846435179932,0,64.4384106225895,42007,68,996.09375,-3.87810989011052,999.971859890111,996.09375,1,0,2,2,42007,0,0,42007,64.4384106225895,42007,0
0.732,999.938600764103,0.210375013083977,0.0105187506541988,5.2356662703356,104.713325406712,5.6787956916495,0,1000,996.09375,3.90625,5.6787956916495,5.65456304826572,-722.327246614974,0,5.6787956916495,0.473232974304125,5.6787956916495,0,64.5431249137751,42075,68,996.09375,-3.84485076410294,999.938600764103,996.09375,1,0,2,2,42075,0,0,42075,64.5431249137751,42075,0
0.733,999.962747711709,0.217429412666928,0.0108714706333464,5.23579270345762,104.715854069152,5.67912703149969,0,1000,996.09375,3.90625,5.67912703149969,5.6548943881159,-601.939372179145,0,5.67912703149969,0.473260585958307,5.67912703149969,0,64.6478392145663,42143,68,996.09375,-3.86899771170943,999.962747711709,996.09375,1,0,2,2,42143,0,0,42143,64.6478392145663,42143,0
0.734,1000.00828557395,0.220065968795654,0.0110032984397827,5.23603113914674,104.720622782935,5.58858595866067,0,1000,1010.7421875,-10.7421875,5.58858595866067,5.65522572796608,1939.79010651738,0,5.58858595866067,0.465715496555056,5.58858595866067,0,64.7525573453832,42212,69,1010.7421875,10.7339019260506,1000.00828557395,1010.7421875,0,0,0,0,42212,0,0,42212,64.7525573453832,42212,0
0.735,999.982093454483,0.192394203849991,0.00961971019249955,5.23589399752991,104.717879950598,5.67854718676187,0,1000,996.09375,3.90625,5.67854718676187,5.65431454337808,-824.914494568851,0,5.67854718676187,0.473212265563489,5.67854718676187,0,64.8572777309,42280,68,996.09375,-3.88834345448299,999.982093454483,996.09375,0,0,0,0,42280,0,0,42280,64.8572777309,42280,0
0.736,999.951653129608,0.210723776668514,0.0105361888334257,5.23573461236158,104.714692247232,5.67887852661205,0,1000,996.09375,3.90625,5.67887852661205,5.65464588322826,-687.428745474042,0,5.67887852661205,0.473239877217671,5.67887852661205,0,64.9619932652444,42348,68,996.09375,-3.85790312960796,999.951653129608,996.09375,0,0,0,0,42348,0,0,42348,64.9619932652444,42348,0
0.737,999.976849619273,0.217561149187316,0.0108780574593658,5.23586654087295,104.717330817459,5.67920986646223,0,1000,996.09375,3.90625,5.67920986646223,5.65497722307845,-572.857287895035,0,5.67920986646223,0.473267488871853,5.67920986646223,0,65.0667089967384,42416,68,996.09375,-3.88309961927257,999.976849619273,996.09375,0,0,0,0,42416,0,0,42416,65.0667089967384,42416,0
0.738,1000.02277785733,0.220116848984206,0.0110058424492103,5.23610702056506,104.722140411301,5.58866879362322,0,1000,1010.7421875,-10.7421875,5.58866879362322,5.65530856292863,1964.02517675414,0,5.58866879362322,0.465722399468602,5.58866879362322,0,65.1714286280626,42485,69,1010.7421875,10.7194096426736,1000.02277785733,1010.7421875,0,1,1,1,42485,0,0,42485,65.1714286280626,42485,0
0.739,999.996730536087,0.192414960996788,0.0096207480498394,5.23597063710997,104.719412742199,5.67863002172441,0,1000,996.09375,3.90625,5.67863002172441,5.65439737834063,-804.718602704886,0,5.67863002172441,0.473219168477034,5.67863002172441,0,65.2761505400257,42553,68,996.09375,-3.90298053608683,999.996730536087,996.09375,0,1,1,1,42553,0,0,42553,65.2761505400257,42553,0
0.74,999.966343523021,0.210733312520722,0.0105366656260361,5.23581153108162,104.716230621632,5.6789613615746,0,1000,996.09375,3.90625,5.6789613615746,5.65472871819081,-670.598835587405,0,5.6789613615746,0.473246780131216,5.6789613615746,-8.88178419700125e-16,65.3808676104137,42621,68,996.09375,-3.87259352302124,999.966343523021,996.09375,0,1,1,1,42621,0,0,42621,65.3808676104137,42621,0
0.741,999.991559247909,0.217566505971489,0.0108783252985744,5.23594356030839,104.718871206168,5.67929270142478,0,1000,996.09375,3.90625,5.67929270142478,5.65506005804099,-558.832362989504,0,5.67929270142478,0.473274391785398,5.67929270142478,0,65.4855848814607,42689,68,996.09375,-3.89780924790853,999.991559247909,996.09375,0,1,1,1,42689,0,0,42689,65.4855848814607,42689,0
0.742,1000.03749403374,0.220120650409594,0.0110060325204797,5.23618407428459,104.723681485692,5.58875162858577,0,1000,1010.7421875,-10.7421875,5.58875162858577,5.65539139789118,1975.71261417541,0,5.58875162858577,0.465729302382147,5.58875162858577,0,65.5903060535804,42758,69,1010.7421875,10.704693466256,1000.03749403374,1010.7421875,1,1,3,3,42758,0,0,42758,65.5903060535804,42758,0
0.743,1000.01144854171,0.192418184559985,0.00962090922799928,5.23604770040723,104.720954008145,5.67871285668696,0,1000,996.09375,3.90625,5.67871285668696,5.65448021330317,-794.979071520489,0,5.67871285668696,0.47322607139058,5.67871285668696,0,65.6950295067374,42826,68,996.09375,-3.91769854171378,1000.01144854171,996.09375,1,1,3,3,42826,0,0,42826,65.6950295067374,42826,0
0.744,999.981061608138,0.210736322386959,0.0105368161193479,5.23588859479508,104.717771895902,5.67904419653714,0,1000,996.09375,3.90625,5.67904419653714,5.65481155315336,-662.482559600407,0,5.67904419653714,0.473253683044762,5.67904419653714,0,65.7997481184042,42894,68,996.09375,-3.88731160813836,999.981061608138,996.09375,1,1,3,3,42894,0,0,42894,65.7997481184042,42894,0
0.745,1000.0062767688,0.217569437796589,0.0108784718898295,5.23602062106757,104.720412421351,5.58850312369813,0,1000,1010.7421875,-10.7421875,5.58850312369813,5.65514289300354,1889.33745033299,0,5.58850312369813,0.465708593641511,5.58850312369813,0,65.9044669306989,42963,69,1010.7421875,10.7359107311999,1000.0062767688,1010.7421875,1,0,2,3,42963,1,0,42963,65.9044669306989,42963,0
0.746,999.972508120224,0.191461203543285,0.00957306017716427,5.23584380883709,104.716876176742,5.67846435179932,0,1000,996.09375,3.90625,5.67846435179932,5.65423170841554,-866.958374722505,0,5.67846435179932,0.473205362649944,5.67846435179932,0,66.0091866449699,43031,68,996.09375,-3.87875812022355,999.972508120224,996.09375,1,0,2,2,43031,0,0,43031,66.0091866449699,43031,0
0.747,999.9392401911,0.210373315861403,0.0105186657930702,5.23566961836753,104.713392367351,5.67879569164951,0,1000,996.09375,3.90625,5.67879569164951,5.65456304826572,-722.465312268754,0,5.67879569164951,0.473232974304126,5.67879569164951,0,66.1139010035758,43099,68,996.09375,-3.84549019110034,999.9392401911,996.09375,1,0,2,2,43099,0,0,43099,66.1139010035758,43099,0
0.748,999.963378455137,0.217427738493034,0.0108713869246517,5.23579600602248,104.71592012045,5.67912703149969,0,1000,996.09375,3.90625,5.67912703149969,5.65489438811591,-602.054426890629,0,5.67912703149969,0.473260585958308,5.67912703149969,0,66.2186153708719,43167,68,996.09375,-3.86962845513654,999.963378455137,996.09375,1,0,2,2,43167,0,0,43167,66.2186153708719,43167,0
0.749,1000.00890775174,0.220064317357431,0.0110032158678716,5.23603439686201,104.72068793724,5.58858595866068,0,1000,1010.7421875,-10.7421875,5.58858595866068,5.65522572796609,1939.69422759114,0,5.58858595866068,0.465715496555056,5.58858595866068,0,66.3233335672907,43236,69,1010.7421875,10.7332797482637,1000.00890775174,1010.7421875,0,0,0,0,43236,0,0,43236,66.3233335672907,43236,0
0.75,999.982707182953,0.192392574838679,0.00961962874193396,5.23589721100467,104.717944220093,5.67854718676187,0,1000,996.09375,3.90625,5.67854718676187,5.65431454337809,-824.994393674048,0,5.67854718676187,0.473212265563489,5.67854718676187,0,66.428054017518,43304,68,996.09375,-3.88895718295339,999.982707182953,996.09375,0,0,0,0,43304,0,0,43304,66.428054017518,43304,0
0.751,999.952258523505,0.210722169779552,0.0105361084889776,5.23573778219661,104.714755643932,5.67887852661206,0,1000,996.09375,3.90625,5.67887852661206,5.65464588322827,-687.495328061706,0,5.67887852661206,0.473239877217671,5.67887852661205,-8.88178419700125e-16,66.5327696156945,43372,68,996.09375,-3.85850852350484,999.952258523505,996.09375,0,0,0,0,43372,0,0,43372,66.5327696156945,43372,0
0.752,999.977446791778,0.217559564120276,0.0108779782060138,5.23586966766088,104.717393353218,5.67920986646224,0,1000,996.09375,3.90625,5.67920986646224,5.65497722307845,-572.912773384755,0,5.67920986646224,0.473267488871853,5.67920986646224,0,66.6374854101536,43440,68,996.09375,-3.88369679177833,999.977446791778,996.09375,0,0,0,0,43440,0,0,43440,66.6374854101536,43440,0
0.753,1000.02336692009,0.220115285442745,0.0110057642721373,5.23611010489048,104.72220209781,5.58866879362322,0,1000,1010.7421875,-10.7421875,5.58866879362322,5.65530856292864,1963.97893884604,0,5.58866879362322,0.465722399468602,5.58866879362322,0,66.7422051035877,43509,69,1010.7421875,10.7188205799088,1000.02336692009,1010.7421875,0,1,1,1,43509,0,0,43509,66.7422051035877,43509,0
0.754,999.997311599245,0.192413418688581,0.00962067093442905,5.23597367954955,104.719473590991,5.67863002172442,0,1000,996.09375,3.90625,5.67863002172442,5.65439737834063,-804.757134294969,0,5.67863002172442,0.473219168477035,5.67863002172442,0,66.8469270768175,43577,68,996.09375,-3.90356159924488,999.997311599245,996.09375,0,1,1,1,43577,0,0,43577,66.8469270768175,43577,0
0.755,999.966916695204,0.21073179115742,0.010536589557871,5.23581453220415,104.716290644083,5.6789613615746,0,1000,996.09375,3.90625,5.6789613615746,5.65472871819082,-670.630945245807,0,5.6789613615746,0.473246780131217,5.6789613615746,0,66.9516442076401,43645,68,996.09375,-3.87316669520442,999.966916695204,996.09375,0,1,1,1,43645,0,0,43645,66.9516442076401,43645,0
0.756,999.992124636281,0.217565005268653,0.0108782502634326,5.23594652067498,104.7189304135,5.67929270142479,0,1000,996.09375,3.90625,5.67929270142479,5.655060058041,-558.859121038173,0,5.67929270142479,0.473274391785399,5.67929270142479,0,67.056361538301,43713,68,996.09375,-3.89837463628146,999.992124636281,996.09375,0,1,1,1,43713,0,0,43713,67.056361538301,43713,0
0.757,1000.03805174401,0.220119170086649,0.0110059585043325,5.23618699444873,104.723739888975,5.58875162858577,0,1000,1010.7421875,-10.7421875,5.58875162858577,5.65539139789118,1975.69031580152,0,5.58875162858577,0.465729302382147,5.58875162858577,0,67.1610827692251,43782,69,1010.7421875,10.7041357559873,1000.03805174401,1010.7421875,1,1,3,3,43782,0,0,43782,67.1610827692251,43782,0
0.758,1000.01199867815,0.192416724340168,0.00962083621700838,5.23605058091486,104.721011618297,5.67871285668697,0,1000,996.09375,3.90625,5.67871285668697,5.65448021330318,-794.997653498731,0,5.67871285668697,0.47322607139058,5.67871285668697,0,67.265806280388,43850,68,996.09375,-3.91824867814796,1000.01199867815,996.09375,1,1,3,3,43850,0,0,43850,67.265806280388,43850,0
0.759,999.981604273594,0.210734881997261,0.0105367440998631,5.23589143618477,104.717828723695,5.67904419653715,0,1000,996.09375,3.90625,5.67904419653715,5.65481155315336,-662.498044582276,0,5.67904419653715,0.473253683044762,5.67904419653715,0,67.3705249492728,43918,68,996.09375,-3.88785427359414,999.981604273594,996.09375,1,1,3,3,43918,0,0,43918,67.3705249492728,43918,0
0.76,1000.00681206473,0.217568016967716,0.0108784008483858,5.23602342387052,104.72046847741,5.58850312369813,0,1000,1010.7421875,-10.7421875,5.58850312369813,5.65514289300355,1889.32454618144,0,5.58850312369813,0.465708593641511,5.58850312369813,0,67.4752438180087,43987,69,1010.7421875,10.7353754352685,1000.00681206473,1010.7421875,1,0,2,3,43987,1,0,43987,67.4752438180087,43987,0
0.761,999.973036146711,0.191459802009601,0.00957299010048007,5.23584657357731,104.716931471546,5.67846435179933,0,1000,996.09375,3.90625,5.67846435179933,5.65423170841554,-866.969128182136,0,5.67846435179933,0.473205362649944,5.67846435179933,0,67.5799635879546,44055,68,996.09375,-3.87928614671057,999.973036146711,996.09375,1,0,2,2,44055,0,0,44055,67.5799635879546,44055,0
0.762,999.939761046868,0.210371933360871,0.0105185966680436,5.23567234556196,104.713446911239,5.67879569164951,0,1000,996.09375,3.90625,5.67879569164951,5.65456304826573,-722.474273485113,0,5.67879569164951,0.473232974304126,5.67879569164951,-8.88178419700125e-16,67.6846780014791,44123,68,996.09375,-3.84601104686817,999.939761046868,996.09375,1,0,2,2,44123,0,0,44123,67.6846780014791,44123,0
0.763,999.963892237568,0.217426374767172,0.0108713187383586,5.235798696181,104.71597392362,5.6791270314997,0,1000,996.09375,3.90625,5.6791270314997,5.65489438811591,-602.061894570928,0,5.6791270314997,0.473260585958308,5.6791270314997,0,67.7893924229478,44191,68,996.09375,-3.8701422375683,999.963892237568,996.09375,1,0,2,2,44191,0,0,44191,67.7893924229478,44191,0
0.764,1000.00941455688,0.220062972151276,0.0110031486075638,5.23603705048757,104.720741009751,5.58858595866068,0,1000,1010.7421875,-10.7421875,5.58858595866068,5.65522572796609,1939.68800452423,0,5.58858595866068,0.465715496555057,5.58858595866068,0,67.8941106728034,44260,69,1010.7421875,10.732772943115,1000.00941455688,1010.7421875,0,0,0,0,44260,0,0,44260,67.8941106728034,44260,0
0.765,999.983207105568,0.192391247900732,0.00961956239503662,5.23589982859336,104.717996571867,5.67854718676188,0,1000,996.09375,3.90625,5.67854718676188,5.65431454337809,-824.999579563144,0,5.67854718676188,0.47321226556349,5.67854718676188,0,67.9988311757421,44328,68,996.09375,-3.88945710556845,999.983207105568,996.09375,0,0,0,0,44328,0,0,44328,67.9988311757421,44328,0
0.766,999.952751657052,0.210720860861731,0.0105360430430866,5.23574036423782,104.714807284756,5.67887852661206,0,1000,996.09375,3.90625,5.67887852661206,5.65464588322827,-687.499649635954,0,5.67887852661206,0.473239877217672,5.67887852661206,0,68.103546825914,44396,68,996.09375,-3.85900165705243,999.952751657052,996.09375,0,0,0,0,44396,0,0,44396,68.103546825914,44396,0
0.767,999.977933228459,0.217558272977864,0.0108779136488932,5.23587221463739,104.717444292748,5.67920986646224,0,1000,996.09375,3.90625,5.67920986646224,5.65497722307846,-572.916374696628,0,5.67920986646224,0.473267488871854,5.67920986646224,0,68.2082626716625,44464,68,996.09375,-3.88418322845928,999.977933228459,996.09375,0,0,0,0,44464,0,0,44464,68.2082626716625,44464,0
0.768,1000.02384675085,0.220114011834347,0.0110057005917173,5.23611261727846,104.722252345569,5.58866879362323,0,1000,1010.7421875,-10.7421875,5.58866879362323,5.65530856292864,1963.97593775281,0,5.58866879362323,0.465722399468602,5.58866879362323,0,68.3129824156896,44533,69,1010.7421875,10.7183407491503,1000.02384675085,1010.7421875,0,1,1,1,44533,0,0,44533,68.3129824156896,44533,0
0.769,999.997784913788,0.192412162376081,0.00962060811880406,5.2359761578187,104.719523156374,5.67863002172442,0,1000,996.09375,3.90625,5.67863002172442,5.65439737834064,-804.759635205992,0,5.67863002172442,0.473219168477035,5.67863002172442,0,68.417704438825,44601,68,996.09375,-3.90403491378754,999.997784913788,996.09375,0,1,1,1,44601,0,0,44601,68.417704438825,44601,0
0.77,999.967383582029,0.210730551905937,0.0105365275952968,5.23581697681785,104.716339536357,5.67896136157461,0,1000,996.09375,3.90625,5.67896136157461,5.65472871819082,-670.633029338327,0,5.67896136157461,0.473246780131217,5.67896136157461,0,68.5224216188755,44669,68,996.09375,-3.8736335820289,999.967383582029,996.09375,0,1,1,1,44669,0,0,44669,68.5224216188755,44669,0
0.771,999.992585182676,0.217563782846489,0.0108781891423244,5.23594893209027,104.718978641805,5.67929270142479,0,1000,996.09375,3.90625,5.67929270142479,5.655060058041,-558.860857781939,0,5.67929270142479,0.473274391785399,5.67929270142479,0,68.627138998096,44737,68,996.09375,-3.89883518267607,999.992585182676,996.09375,0,1,1,1,44737,0,0,44737,68.627138998096,44737,0
0.772,1000.03850603608,0.220117964265256,0.0110058982132628,5.23618937311645,104.723787462329,5.58875162858577,0,1000,1010.7421875,-10.7421875,5.58875162858577,5.65539139789119,1975.68886851505,0,5.58875162858577,0.465729302382148,5.58875162858577,0,68.7318602769199,44806,69,1010.7421875,10.7036814639167,1000.03850603608,1010.7421875,1,1,3,3,44806,0,0,44806,68.7318602769199,44806,0
0.773,1000.01244680083,0.192415534894106,0.00962077674470529,5.23605292727972,104.721058545594,5.67871285668697,0,1000,996.09375,3.90625,5.67871285668697,5.65448021330318,-794.998859570791,0,5.67871285668697,0.473226071390581,5.67871285668697,-8.88178419700125e-16,68.8365838353322,44874,68,996.09375,-3.91869680082652,1000.01244680083,996.09375,1,1,3,3,44874,0,0,44874,68.8365838353322,44874,0
0.774,999.982046310663,0.21073370870415,0.0105366854352075,5.23589375068544,104.717875013709,5.67904419653715,0,1000,996.09375,3.90625,5.67904419653715,5.65481155315337,-662.499049642326,0,5.67904419653715,0.473253683044763,5.67904419653715,0,68.9413025508248,44942,68,996.09375,-3.88829631066267,999.982046310663,996.09375,1,1,3,3,44942,0,0,44942,68.9413025508248,44942,0
0.775,1000.00724809884,0.217566859608197,0.0108783429804099,5.23602570693975,104.720514138795,5.58850312369814,0,1000,1010.7421875,-10.7421875,5.58850312369814,5.65514289300355,1889.3237086314,0,5.58850312369814,0.465708593641511,5.58850312369814,0,69.0460214655357,45011,69,1010.7421875,10.7349394011637,1000.00724809884,1010.7421875,1,0,2,3,45011,1,0,45011,69.0460214655357,45011,0
0.776,999.973466259374,0.191458660367287,0.00957293301836437,5.23584882564195,104.716976512839,5.67846435179933,0,1000,996.09375,3.90625,5.67846435179933,5.65423170841555,-866.969826140504,0,5.67846435179933,0.473205362649944,5.67846435179933,0,69.1507412808322,45079,68,996.09375,-3.87971625937428,999.973466259374,996.09375,1,0,2,2,45079,0,0,45079,69.1507412808322,45079,0
0.777,999.9401853185,0.210370807222323,0.0105185403611161,5.23567456704303,104.713491340861,5.67879569164952,0,1000,996.09375,3.90625,5.67879569164952,5.65456304826573,-722.474855117087,0,5.67879569164952,0.473232974304126,5.67879569164952,0,69.2554557390916,45147,68,996.09375,-3.84643531849974,999.9401853185,996.09375,1,0,2,2,45147,0,0,45147,69.2554557390916,45147,0
0.778,999.964310747491,0.217425263921849,0.0108712631960924,5.23580088749383,104.716017749877,5.6791270314997,0,1000,996.09375,3.90625,5.6791270314997,5.65489438811591,-602.062379264239,0,5.6791270314997,0.473260585958308,5.6791270314997,0,69.3601702046876,45215,68,996.09375,-3.87056074749137,999.964310747491,996.09375,1,0,2,2,45215,0,0,45215,69.3601702046876,45215,0
0.779,1000.00982738335,0.220061876391492,0.0110030938195746,5.23603921204186,104.720784240837,5.58858595866068,0,1000,1010.7421875,-10.7421875,5.58858595866068,5.6552257279661,1939.68760061313,0,5.58858595866068,0.465715496555057,5.58858595866068,0,69.464888498071,45284,69,1010.7421875,10.7323601166544,1000.00982738335,1010.7421875,0,0,0,2,45284,1,0,45284,69.464888498071,45284,0
0.78,999.983614325753,0.192390167021618,0.00961950835108092,5.23590196079326,104.718039215865,5.67854718676188,0,1000,996.09375,3.90625,5.67854718676188,5.65431454337809,-824.999916155721,0,5.67854718676188,0.47321226556349,5.67854718676188,0,69.5696090439466,45352,68,996.09375,-3.88986432575268,999.983614325753,996.09375,0,0,0,0,45352,0,0,45352,69.5696090439466,45352,0
0.781,999.953153347094,0.210719794661202,0.0105359897330601,5.23574246748197,104.714849349639,5.67887852661206,0,1000,996.09375,3.90625,5.67887852661206,5.65464588322828,-687.499930129768,0,5.67887852661206,0.473239877217672,5.67887852661206,0,69.6743247364722,45420,68,996.09375,-3.85940334709437,999.953153347094,996.09375,0,0,0,0,45420,0,0,45420,69.6743247364722,45420,0
0.782,999.978329463458,0.217557221256582,0.0108778610628291,5.23587428931899,104.71748578638,5.67920986646225,0,1000,996.09375,3.90625,5.67920986646225,5.65497722307846,-572.916608441473,0,5.67920986646225,0.473267488871854,5.67920986646225,0,69.7790406239994,45488,68,996.09375,-3.88457946345818,999.978329463458,996.09375,0,0,0,0,45488,0,0,45488,69.7790406239994,45488,0
0.783,1000.02423760489,0.22011297439568,0.011005648719784,5.2361146637854,104.722293275708,5.58866879362323,0,1000,1010.7421875,-10.7421875,5.58866879362323,5.65530856292864,1963.97574296544,0,5.58866879362323,0.465722399468603,5.58866879362323,0,69.8837604092379,45557,69,1010.7421875,10.7179498951144,1000.02423760489,1010.7421875,0,1,1,1,45557,0,0,45557,69.8837604092379,45557,0
0.784,999.998170459938,0.19241113902607,0.00962055695130349,5.23597817653363,104.719563530673,5.67863002172443,0,1000,996.09375,3.90625,5.67863002172443,5.65439737834064,-804.759797528801,0,5.67863002172443,0.473219168477036,5.67863002172443,-8.88178419700125e-16,69.988482473025,45625,68,996.09375,-3.90442045993825,999.998170459938,996.09375,0,1,1,1,45625,0,0,45625,69.988482473025,45625,0
0.785,999.967763892373,0.210729542453251,0.0105364771226626,5.23581896811816,104.716379362363,5.67896136157461,0,1000,996.09375,3.90625,5.67896136157461,5.65472871819082,-670.633164607334,0,5.67896136157461,0.473246780131218,5.67896136157461,0,70.0931996931752,45693,68,996.09375,-3.87401389237345,999.967763892373,996.09375,0,1,1,1,45693,0,0,45693,70.0931996931752,45693,0
0.786,999.992960328317,0.217562787102405,0.0108781393551203,5.23595089634825,104.719017926965,5.67929270142479,0,1000,996.09375,3.90625,5.67929270142479,5.65506005804101,-558.860970506112,0,5.67929270142479,0.4732743917854,5.67929270142479,-8.88178419700125e-16,70.1979171119504,45761,68,996.09375,-3.89921032831671,999.992960328317,996.09375,0,1,1,1,45761,0,0,45761,70.1979171119504,45761,0
0.787,1000.03887608716,0.220116982043611,0.0110058491021806,5.23619131069934,104.723826213987,5.58875162858578,0,1000,1010.7421875,-10.7421875,5.58875162858578,5.65539139789119,1975.68877457824,0,5.58875162858578,0.465729302382148,5.58875162858578,-8.88178419700125e-16,70.3026384297919,45830,69,1010.7421875,10.7033114128436,1000.03887608716,1010.7421875,1,1,3,3,45830,0,0,45830,70.3026384297919,45830,0
0.788,1000.01281182652,0.192414566011257,0.00962072830056286,5.2360548385498,104.721096770996,5.67871285668697,0,1000,996.09375,3.90625,5.67871285668697,5.65448021330319,-794.998937851467,0,5.67871285668697,0.473226071390581,5.67871285668697,0,70.4073620266922,45898,68,996.09375,-3.91906182652394,1000.01281182652,996.09375,1,1,3,3,45898,0,0,45898,70.4073620266922,45898,0
0.789,999.982406379226,0.210732752978955,0.0105366376489478,5.23589563600003,104.717912720001,5.67904419653716,0,1000,996.09375,3.90625,5.67904419653716,5.65481155315337,-662.499114876222,0,5.67904419653716,0.473253683044763,5.67904419653716,0,70.51208078015,45966,68,996.09375,-3.88865637922595,999.982406379226,996.09375,1,1,3,3,45966,0,0,45966,70.51208078015,45966,0
0.79,1000.00760327759,0.217565916861969,0.0108782958430985,5.23602756665133,104.720551333027,5.67937553638734,0,1000,996.09375,3.90625,5.67937553638734,5.65514289300356,-552.082595730185,0,5.67937553638734,0.473281294698945,5.67937553638734,0,70.6167997323102,46034,68,996.09375,-3.91385327758599,1000.00760327759,996.09375,1,1,3,3,46034,0,0,46034,70.6167997323102,46034,0
0.791,1000.05351925313,0.22012008159411,0.0110060040797055,5.23626798213711,104.725359642742,5.58883446354833,0,1000,1010.7421875,-10.7421875,5.58883446354833,5.65547423285374,1981.33742022485,0,5.58883446354833,0.465736205295694,5.58883446354833,0,70.7215225835705,46103,69,1010.7421875,10.6886682468651,1000.05351925313,1010.7421875,1,0,2,2,46103,0,0,46103,70.7215225835705,46103,0
0.792,1000.02745511706,0.192417654190411,0.00962088270952055,5.23613151063976,104.722630212795,5.67879569164952,0,1000,996.09375,3.90625,5.67879569164952,5.65456304826573,-790.291733145962,0,5.67879569164952,0.473232974304127,5.67879569164952,0,70.8262477139064,46171,68,996.09375,-3.93370511706075,1000.02745511706,996.09375,1,0,2,2,46171,0,0,46171,70.8262477139064,46171,0
0.793,999.997049759398,0.210735836806736,0.0105367918403368,5.23597230855932,104.719446171186,5.67912703149971,0,1000,996.09375,3.90625,5.67912703149971,5.65489438811592,-658.576444288302,0,5.67912703149971,0.473260585958309,5.67912703149971,0,70.930968000811,46239,68,996.09375,-3.90329975939812,999.997049759398,996.09375,1,0,2,2,46239,0,0,46239,70.930968000811,46239,0
0.794,1000.02224673379,0.217568998955377,0.0108784499477689,5.23610423960872,104.722084792174,5.58858595866069,0,1000,1010.7421875,-10.7421875,5.58858595866069,5.6552257279661,1892.59254642642,0,5.58858595866069,0.465715496555057,5.58858595866069,0,71.0356884864268,46308,69,1010.7421875,10.7199407662101,1000.02224673379,1010.7421875,0,0,0,0,46308,0,0,46308,71.0356884864268,46308,0
0.795,999.988460141303,0.191460811759366,0.00957304058796831,5.23592733342415,104.718546668483,5.67854718676189,0,1000,996.09375,3.90625,5.67854718676189,5.6543145433781,-864.245794644654,0,5.67854718676189,0.47321226556349,5.67854718676188,-8.88178419700125e-16,71.1404098721271,46376,68,996.09375,-3.89471014130311,999.988460141303,996.09375,0,0,0,0,46376,0,0,46376,71.1404098721271,46376,0
0.796,999.955174510236,0.210372970850789,0.0105186485425394,5.23575305026743,104.715061005349,5.67887852661207,0,1000,996.09375,3.90625,5.67887852661207,5.65464588322828,-720.204828870545,0,5.67887852661207,0.473239877217672,5.67887852661207,0,71.245125900296,46444,68,996.09375,-3.86142451023625,999.955174510236,996.09375,0,0,0,0,46444,0,0,46444,71.245125900296,46444,0
0.797,999.979295312088,0.217427439752812,0.0108713719876406,5.23587934649059,104.717586929812,5.67920986646225,0,1000,996.09375,3.90625,5.67920986646225,5.65497722307847,-600.170690725454,0,5.67920986646225,0.473267488871854,5.67920986646225,-8.88178419700125e-16,71.3498419353136,46512,68,996.09375,-3.8855453120882,999.979295312088,996.09375,0,0,0,0,46512,0,0,46512,71.3498419353136,46512,0
0.798,1000.0248073834,0.220064064308526,0.0110032032154263,5.23611764713873,104.722352942775,5.58866879362324,0,1000,1010.7421875,-10.7421875,5.58866879362324,5.65530856292865,1941.26400772879,0,5.58866879362324,0.465722399468603,5.58866879362323,-8.88178419700125e-16,71.4545617976377,46581,69,1010.7421875,10.7173801165994,1000.0248073834,1010.7421875,0,1,1,1,46581,0,0,46581,71.4545617976377,46581,0
0.799,999.998589823165,0.192392366878956,0.0096196183439478,5.23598037231435,104.719607446287,5.67863002172443,0,1000,996.09375,3.90625,5.67863002172443,5.65439737834065,-823.686243559343,0,5.67863002172443,0.473219168477036,5.67863002172443,0,71.559283911979,46649,68,996.09375,-3.90483982316516,999.998589823165,996.09375,0,1,1,1,46649,0,0,46649,71.559283911979,46649,0
0.8,999.968124402979,0.210722006303532,0.0105361003151766,5.23582085574727,104.716417114945,5.67896136157462,0,1000,996.09375,3.90625,5.67896136157462,5.65472871819083,-686.405202966119,0,5.67896136157462,0.473246780131218,5.67896136157462,0,71.6640011725019,46717,68,996.09375,-3.87437440297936,999.968124402979,996.09375,0,1,1,1,46717,0,0,46717,71.6640011725019,46717,0
0.801,999.993296138119,0.217559444526408,0.0108779722263204,5.23595265464426,104.719053092885,5.6792927014248,0,1000,996.09375,3.90625,5.6792927014248,5.65506005804101,-572.0043358051,0,5.6792927014248,0.4732743917854,5.6792927014248,0,71.7687186275643,46785,68,996.09375,-3.89954613811938,999.993296138119,996.09375,0,1,1,1,46785,0,0,46785,71.7687186275643,46785,0
0.802,1000.03919995781,0.220115209136051,0.0110057604568025,5.23619300648214,104.723860129643,5.58875162858578,0,1000,1010.7421875,-10.7421875,5.58875162858578,5.6553913978912,1964.73597016242,0,5.58875162858578,0.465729302382149,5.58875162858578,0,71.8734399798823,46854,69,1010.7421875,10.7029875421854,1000.03919995781,1010.7421875,1,1,3,3,46854,0,0,46854,71.8734399798823,46854,0
0.803,1000.01312854982,0.192413385081568,0.00962066925407841,5.23605649690911,104.721129938182,5.67871285668698,0,1000,996.09375,3.90625,5.67871285668698,5.65448021330319,-804.126274864652,0,5.67871285668698,0.473226071390582,5.67871285668698,0,71.9781636102995,46922,68,996.09375,-3.919378549822,1000.01312854982,996.09375,1,1,3,3,46922,0,0,46922,71.9781636102995,46922,0
0.804,999.982717777109,0.210731799670345,0.0105365899835173,5.23589726647553,104.717945329511,5.67904419653716,0,1000,996.09375,3.90625,5.67904419653716,5.65481155315338,-670.105229053877,0,5.67904419653716,0.473253683044764,5.67904419653716,0,72.0828823966366,46990,68,996.09375,-3.88896777710886,999.982717777109,996.09375,1,1,3,3,46990,0,0,46990,72.0828823966366,46990,0
0.805,1000.00791006501,0.217565055329563,0.0108782527664782,5.23602917298653,104.720583459731,5.67937553638735,0,1000,996.09375,3.90625,5.67937553638735,5.65514289300356,-558.421024211564,0,5.67937553638735,0.473281294698946,5.67937553638735,0,72.1876013811615,47058,68,996.09375,-3.91416006501072,1000.00791006501,996.09375,1,1,3,3,47058,0,0,47058,72.1876013811615,47058,0
0.806,1000.05382173214,0.220119261131334,0.0110059630565667,5.23626956591348,104.72539131827,5.58883446354833,0,1000,1010.7421875,-10.7421875,5.58883446354833,5.65547423285374,1976.05539649036,0,5.58883446354833,0.465736205295694,5.58883446354833,0,72.2923242643216,47127,69,1010.7421875,10.6883657678602,1000.05382173214,1010.7421875,1,0,2,2,47127,0,0,47127,72.2923242643216,47127,0
0.807,1000.02775343536,0.192416855812063,0.00962084279060317,5.23613307263071,104.722661452614,5.67879569164953,0,1000,996.09375,3.90625,5.67879569164953,5.65456304826574,-794.693419591364,0,5.67879569164953,0.473232974304127,5.67879569164953,0,72.3970494261143,47195,68,996.09375,-3.9340034353587,1000.02775343536,996.09375,1,0,2,2,47195,0,0,47195,72.3970494261143,47195,0
0.808,999.997344006727,0.210735053347363,0.0105367526673682,5.23597384923473,104.719476984695,5.67912703149971,0,1000,996.09375,3.90625,5.67912703149971,5.65489438811592,-662.244516326137,0,5.67912703149971,0.473260585958309,5.67912703149971,-8.88178419700125e-16,72.501769744045,47263,68,996.09375,-3.90359400672696,999.997344006727,996.09375,1,0,2,2,47263,0,0,47263,72.501769744045,47263,0
0.809,1000.02253697782,0.21756822765447,0.0108784113827235,5.23610575932291,104.722115186458,5.58858595866069,0,1000,1010.7421875,-10.7421875,5.58858595866069,5.65522572796611,1889.53581972822,0,5.58858595866069,0.465715496555058,5.58858595866069,-8.88178419700125e-16,72.606490260264,47332,69,1010.7421875,10.7196505221805,1000.02253697782,1010.7421875,0,0,0,0,47332,0,0,47332,72.606490260264,47332,0
0.81,999.988746441013,0.191460051498801,0.00957300257494005,5.23592883248592,104.718576649718,5.67854718676189,0,1000,996.09375,3.90625,5.67854718676189,5.6543145433781,-866.79306689315,0,5.67854718676189,0.473212265563491,5.67854718676189,0,72.7112116761518,47400,68,996.09375,-3.89499644101318,999.988746441013,996.09375,0,0,0,0,47400,0,0,47400,72.7112116761518,47400,0
0.811,999.95545692091,0.210372221125574,0.0105186110562787,5.23575452896626,104.715090579325,5.67887852661207,0,1000,996.09375,3.90625,5.67887852661207,5.65464588322829,-722.327555744292,0,5.67887852661207,0.473239877217673,5.67887852661207,0,72.8159277340979,47468,68,996.09375,-3.86170692091036,999.95545692091,996.09375,0,0,0,0,47468,0,0,47468,72.8159277340979,47468,0
0.812,999.979573887179,0.217426700287591,0.0108713350143795,5.23588080510635,104.717616102127,5.67920986646226,0,1000,996.09375,3.90625,5.67920986646226,5.65497722307847,-601.93962978691,0,5.67920986646226,0.473267488871855,5.67920986646226,0,72.9206437984885,47536,68,996.09375,-3.88582388717896,999.979573887179,996.09375,0,0,0,0,47536,0,0,47536,72.9206437984885,47536,0
0.813,1000.02508217524,0.22006333491468,0.011003166745734,5.23611908594542,104.722381718908,5.58866879362324,0,1000,1010.7421875,-10.7421875,5.58866879362324,5.65530856292865,1939.78989184424,0,5.58866879362324,0.465722399468603,5.58866879362324,0,73.0253636897864,47605,69,1010.7421875,10.7171053247632,1000.02508217524,1010.7421875,0,1,1,1,47605,0,0,47605,73.0253636897864,47605,0
0.814,999.998860883209,0.192391647401353,0.00961958237006767,5.23598179158142,104.719635831628,5.67863002172444,0,1000,996.09375,3.90625,5.67863002172444,5.65439737834065,-824.914673463132,0,5.67863002172444,0.473219168477036,5.67863002172444,0,73.1300858327081,47673,68,996.09375,-3.90511088320909,999.998860883209,996.09375,0,1,1,1,47673,0,0,47673,73.1300858327081,47673,0
0.815,999.968391781944,0.210721296600666,0.0105360648300333,5.23582225574026,104.716445114805,5.67896136157462,0,1000,996.09375,3.90625,5.67896136157462,5.65472871819083,-687.42889455261,0,5.67896136157462,0.473246780131218,5.67896136157462,0,73.2348031214234,47741,68,996.09375,-3.87464178194352,999.968391781944,996.09375,0,1,1,1,47741,0,0,47741,73.2348031214234,47741,0
0.816,999.993559886006,0.217558744462992,0.0108779372231496,5.23595403562497,104.719080712499,5.6792927014248,0,1000,996.09375,3.90625,5.6792927014248,5.65506005804102,-572.857412127175,0,5.6792927014248,0.4732743917854,5.6792927014248,0,73.3395206042949,47809,68,996.09375,-3.8998098860061,999.993559886006,996.09375,0,1,1,1,47809,0,0,47809,73.3395206042949,47809,0
0.817,1000.03946012394,0.220114518580223,0.0110057259290112,5.23619436870879,104.723887374176,5.58875162858579,0,1000,1010.7421875,-10.7421875,5.58875162858579,5.6553913978912,1964.02507322735,0,5.58875162858579,0.465729302382149,5.58875162858579,0,73.4442419840447,47878,69,1010.7421875,10.7027273760591,1000.03946012394,1010.7421875,1,1,3,3,47878,0,0,47878,73.4442419840447,47878,0
0.818,1000.01338518283,0.192412703903859,0.00962063519519294,5.23605784063641,104.721156812728,5.67871285668698,0,1000,996.09375,3.90625,5.67871285668698,5.6544802133032,-804.718688977205,0,5.67871285668698,0.473226071390582,5.67871285668698,0,73.5489656415213,47946,68,996.09375,-3.91963518283262,1000.01338518283,996.09375,1,1,3,3,47946,0,0,47946,73.5489656415213,47946,0
0.819,999.982970924982,0.210731127743265,0.0105365563871632,5.2358985919547,104.717971839094,5.67904419653717,0,1000,996.09375,3.90625,5.67904419653717,5.65481155315338,-670.598907481004,0,5.67904419653717,0.473253683044764,5.67904419653717,-8.88178419700125e-16,73.6536844545499,48014,68,996.09375,-3.88922092498194,999.982970924982,996.09375,1,1,3,3,48014,0,0,48014,73.6536844545499,48014,0
0.82,1000.00815977508,0.217564392527439,0.0108782196263719,5.23603048046538,104.720609609308,5.58850312369815,0,1000,1010.7421875,-10.7421875,5.58850312369815,5.65514289300356,1882.57382709916,0,5.58850312369815,0.465708593641513,5.58850312369815,-8.88178419700125e-16,73.7584034654038,48083,69,1010.7421875,10.7340277249241,1000.00815977508,1010.7421875,1,0,2,3,48083,1,0,48083,73.7584034654038,48083,0
0.821,999.974365412663,0.19145625615989,0.00957281280799451,5.23585353359756,104.717070671951,5.67846435179935,0,1000,996.09375,3.90625,5.67846435179935,5.65423170841556,-872.594727417364,0,5.67846435179935,0.473205362649946,5.67846435179935,0,73.8631233755124,48151,68,996.09375,-3.88061541266268,999.974365412663,996.09375,1,0,2,2,48151,0,0,48151,73.8631233755124,48151,0
0.822,999.94107220811,0.210368446606975,0.0105184223303488,5.23567921078617,104.713584215723,5.67879569164953,0,1000,996.09375,3.90625,5.67879569164953,5.65456304826574,-727.162272847803,0,5.67879569164953,0.473232974304128,5.67879569164953,0,73.9678379272868,48219,68,996.09375,-3.84732220811043,999.94107220811,996.09375,1,0,2,2,48219,0,0,48219,73.9678379272868,48219,0
0.823,999.9651855732,0.217422939441013,0.0108711469720506,5.23580546807053,104.716109361411,5.67912703149971,0,1000,996.09375,3.90625,5.67912703149971,5.65489438811593,-605.968560706503,0,5.67912703149971,0.473260585958309,5.67912703149971,0,74.0725524851244,48287,68,996.09375,-3.87143557319985,999.9651855732,996.09375,1,0,2,2,48287,0,0,48287,74.0725524851244,48287,0
0.824,1000.01069032137,0.220059584996542,0.0110029792498271,5.23604373037478,104.720874607496,5.5885859586607,0,1000,1010.7421875,-10.7421875,5.5885859586607,5.65522572796611,1936.43244941125,0,5.5885859586607,0.465715496555058,5.5885859586607,0,74.1772708694956,48356,69,1010.7421875,10.7314971786311,1000.01069032137,1010.7421875,0,0,0,2,48356,1,0,48356,74.1772708694956,48356,0
0.825,999.984465542139,0.19238790731024,0.00961939536551201,5.23590641775183,104.718128355037,5.67854718676189,0,1000,996.09375,3.90625,5.67854718676189,5.65431454337811,-827.712542157293,0,5.67854718676189,0.473212265563491,5.67854718676189,0,74.2819915051229,48424,68,996.09375,-3.89071554213865,999.984465542139,996.09375,0,0,0,0,48424,0,0,48424,74.2819915051229,48424,0
0.826,999.953993002747,0.210717565848061,0.0105358782924031,5.23574686390868,104.714937278174,5.67887852661208,0,1000,996.09375,3.90625,5.67887852661208,5.65464588322829,-689.760451797745,0,5.67887852661208,0.473239877217673,5.67887852661208,0,74.3867072861809,48492,68,996.09375,-3.86024300274664,999.953993002747,996.09375,0,0,0,0,48492,0,0,48492,74.3867072861809,48492,0
0.827,999.979157716013,0.217555022789789,0.0108777511394895,5.23587862603922,104.717572520784,5.67920986646226,0,1000,996.09375,3.90625,5.67920986646226,5.65497722307847,-574.80037649812,0,5.67920986646226,0.473267488871855,5.67920986646226,0,74.4914232610382,48560,68,996.09375,-3.88540771601265,999.979157716013,996.09375,0,0,0,0,48560,0,0,48560,74.4914232610382,48560,0
0.828,1000.02505460944,0.220110805813841,0.011005540290692,5.23611894161122,104.722378832224,5.58866879362324,0,1000,1010.7421875,-10.7421875,5.58866879362324,5.65530856292866,1962.40593625157,0,5.58866879362324,0.465722399468604,5.58866879362324,0,74.596143132421,48629,69,1010.7421875,10.7171328905644,1000.02505460944,1010.7421875,0,1,1,1,48629,0,0,48629,74.596143132421,48629,0
0.829,999.998976369326,0.192408999904977,0.00962044999524886,5.23598239626531,104.719647925306,5.67863002172444,0,1000,996.09375,3.90625,5.67863002172444,5.65439737834065,-806.067969790361,0,5.67863002172444,0.473219168477037,5.67863002172444,0,74.7008652811823,48697,68,996.09375,-3.90522636932587,999.998976369326,996.09375,0,1,1,1,48697,0,0,48697,74.7008652811823,48697,0
0.83,999.968558857305,0.210727432385979,0.0105363716192989,5.2358231305448,104.716462610896,5.67896136157462,0,1000,996.09375,3.90625,5.67896136157462,5.65472871819084,-671.723308158634,0,5.67896136157462,0.473246780131219,5.67896136157462,-8.88178419700125e-16,74.8055825851528,48765,68,996.09375,-3.87480885730508,999.968558857305,996.09375,0,1,1,1,48765,0,0,48765,74.8055825851528,48765,0
0.831,999.993744497435,0.217560705691846,0.0108780352845923,5.23595500224815,104.719100044963,5.67929270142481,0,1000,996.09375,3.90625,5.67929270142481,5.65506005804102,-559.769423465529,0,5.67929270142481,0.473274391785401,5.67929270142481,0,74.9103000866101,48833,68,996.09375,-3.89999449743505,999.993744497435,996.09375,0,1,1,1,48833,0,0,48833,74.9103000866101,48833,0
0.832,1000.03964960708,0.220114928899649,0.0110057464449824,5.23619536084017,104.723907216803,5.58875162858579,0,1000,1010.7421875,-10.7421875,5.58875162858579,5.65539139789121,1974.93173044539,0,5.58875162858579,0.465729302382149,5.58875162858579,0,75.015021486011,48902,69,1010.7421875,10.7025378929235,1000.03964960708,1010.7421875,1,1,3,3,48902,0,0,48902,75.015021486011,48902,0
0.833,1000.01357484186,0.192412540749677,0.00962062703748383,5.23605883368876,104.721176673775,5.67871285668699,0,1000,996.09375,3.90625,5.67871285668699,5.6544802133032,-795.629807962173,0,5.67871285668699,0.473226071390582,5.67871285668699,0,75.1197451633627,48970,68,996.09375,-3.91982484186133,1000.01357484186,996.09375,1,1,3,3,48970,0,0,48970,75.1197451633627,48970,0
0.834,999.98315903264,0.210730755220973,0.0105365377610486,5.23589957688409,104.717991537682,5.67904419653717,0,1000,996.09375,3.90625,5.67904419653717,5.65481155315338,-663.024839968477,0,5.67904419653717,0.473253683044764,5.67904419653717,0,75.2244639961799,49038,68,996.09375,-3.88940903264029,999.98315903264,996.09375,1,1,3,3,49038,0,0,49038,75.2244639961799,49038,0
0.835,1000.00834570979,0.217563946234028,0.0108781973117014,5.23603145401728,104.720629080346,5.67937553638736,0,1000,996.09375,3.90625,5.67937553638736,5.65514289300357,-552.520699973731,0,5.67937553638736,0.473281294698946,5.67937553638736,0,75.3291830266219,49106,68,996.09375,-3.91459570979293,1000.00834570979,996.09375,1,1,3,3,49106,0,0,49106,75.3291830266219,49106,0
0.836,1000.05425160294,0.220118137727764,0.0110059068863882,5.23627181671172,104.725436334234,5.58883446354834,0,1000,1010.7421875,-10.7421875,5.58883446354834,5.65547423285375,1980.97233335522,0,5.58883446354834,0.465736205295695,5.58883446354834,0,75.4339059551004,49175,69,1010.7421875,10.6879358970613,1000.05425160294,1010.7421875,1,0,2,2,49175,0,0,49175,75.4339059551004,49175,0
0.837,1000.02817752138,0.192415736722228,0.00962078683611139,5.23613529313994,104.722705862799,5.67879569164954,0,1000,996.09375,3.90625,5.67879569164954,5.65456304826575,-790.59597220398,0,5.67879569164954,0.473232974304128,5.67879569164954,0,75.5386311616063,49243,68,996.09375,-3.93442752138242,1000.02817752138,996.09375,1,0,2,2,49243,0,0,49243,75.5386311616063,49243,0
0.838,999.997762353302,0.210733945378219,0.0105366972689109,5.23597603969228,104.719520793846,5.67912703149972,0,1000,996.09375,3.90625,5.67912703149972,5.65489438811593,-658.82997683665,0,5.67912703149972,0.47326058595831,5.67912703149972,0,75.6433515236461,49311,68,996.09375,-3.90401235330216,999.997762353302,996.09375,1,0,2,2,49311,0,0,49311,75.6433515236461,49311,0
0.839,1000.0229496505,0.2175671332129,0.010878356660645,5.23610792007203,104.722158401441,5.5885859586607,0,1000,1010.7421875,-10.7421875,5.5885859586607,5.65522572796612,1892.38126930279,0,5.5885859586607,0.465715496555059,5.5885859586607,0,75.7480720833766,49380,69,1010.7421875,10.7192378494963,1000.0229496505,1010.7421875,0,0,0,2,49380,1,0,49380,75.7480720833766,49380,0
0.84,999.989153512247,0.191458971354103,0.00957294856770514,5.23593096390592,104.718619278118,5.6785471867619,0,1000,996.09375,3.90625,5.6785471867619,5.65431454337811,-864.42185891434,0,5.6785471867619,0.473212265563491,5.6785471867619,0,75.8527935421852,49448,68,996.09375,-3.89540351224673,999.989153512247,996.09375,0,0,0,0,49448,0,0,49448,75.8527935421852,49448,0
0.841,999.955858465044,0.21037115543865,0.0105185577719325,5.23575663144643,104.715132628929,5.67887852661208,0,1000,996.09375,3.90625,5.67887852661208,5.6546458832283,-720.351549095284,0,5.67887852661208,0.473239877217673,5.67887852661208,-8.88178419700125e-16,75.9575096424694,49516,68,996.09375,-3.86210846504389,999.955858465044,996.09375,0,0,0,0,49516,0,0,49516,75.9575096424694,49516,0
0.842,999.979969978632,0.217425648994389,0.0108712824497194,5.23588287903635,104.717657580727,5.67920986646227,0,1000,996.09375,3.90625,5.67920986646227,5.65497722307848,-600.292957579403,0,5.67920986646227,0.473267488871855,5.67920986646227,0,76.0622257486232,49584,68,996.09375,-3.88621997863197,999.979969978632,996.09375,0,0,0,0,49584,0,0,49584,76.0622257486232,49584,0
0.843,1000.02547288782,0.220062297869012,0.0110031148934506,5.23612113171171,104.722422634234,5.58866879362325,0,1000,1010.7421875,-10.7421875,5.58866879362325,5.65530856292866,1941.16211868383,0,5.58866879362325,0.465722399468604,5.58866879362325,0,76.1669456811172,49653,69,1010.7421875,10.7167146121825,1000.02547288782,1010.7421875,0,1,1,1,49653,0,0,49653,76.1669456811172,49653,0
0.844,999.999246289879,0.192390624428099,0.00961953122140493,5.23598380956602,104.71967619132,5.67863002172445,0,1000,996.09375,3.90625,5.67863002172445,5.65439737834066,-823.771151096808,0,5.67863002172445,0.473219168477037,5.67863002172445,0,76.2716678646755,49721,68,996.09375,-3.90549628987867,999.999246289879,996.09375,0,1,1,1,49721,0,0,49721,76.2716678646755,49721,0
0.845,999.968771954725,0.210720287515556,0.0105360143757778,5.23582424632028,104.716484926406,5.67896136157463,0,1000,996.09375,3.90625,5.67896136157463,5.65472871819084,-686.47595924734,0,5.67896136157463,0.473246780131219,5.67896136157463,0,76.3763851934758,49789,68,996.09375,-3.87502195472462,999.968771954725,996.09375,0,1,1,1,49789,0,0,49789,76.3763851934758,49789,0
0.846,999.993934895959,0.217557749079972,0.0108778874539986,5.23595599917249,104.71911998345,5.67929270142481,0,1000,996.09375,3.90625,5.67929270142481,5.65506005804103,-572.063299372783,0,5.67929270142481,0.473274391785401,5.67929270142481,0,76.4811027158883,49857,68,996.09375,-3.90018489595923,999.993934895959,996.09375,0,1,1,1,49857,0,0,49857,76.4811027158883,49857,0
0.847,1000.03983004118,0.22011353671417,0.0110056768357085,5.23619630559091,104.723926111818,5.5887516285858,0,1000,1010.7421875,-10.7421875,5.5887516285858,5.65539139789121,1964.68683385601,0,5.5887516285858,0.46572930238215,5.5887516285858,0,76.5858241346416,49926,69,1010.7421875,10.7023574588227,1000.03983004118,1010.7421875,1,1,3,3,49926,0,0,49926,76.5858241346416,49926,0
0.848,1000.01375007651,0.19241173537156,0.00962058676857801,5.23605975121523,104.721195024305,5.67871285668699,0,1000,996.09375,3.90625,5.67871285668699,5.65448021330321,-804.167221786655,0,5.67871285668699,0.473226071390583,5.67871285668699,0,76.6905478305921,49994,68,996.09375,-3.9200000765087,1000.01375007651,996.09375,1,1,3,3,49994,0,0,49994,76.6905478305921,49994,0
0.849,999.983330863321,0.210730172363777,0.0105365086181889,5.23590047658744,104.718009531749,5.67904419653718,0,1000,996.09375,3.90625,5.67904419653718,5.65481155315339,-670.139351488879,0,5.67904419653718,0.473253683044765,5.67904419653718,0,76.7952666815723,50062,68,996.09375,-3.88958086332116,999.983330863321,996.09375,1,1,3,3,50062,0,0,50062,76.7952666815723,50062,0
0.85,1000.00851482537,0.217563450122193,0.0108781725061097,5.23603233950437,104.720646790087,5.67937553638736,0,1000,996.09375,3.90625,5.67937553638736,5.65514289300357,-558.449459574066,0,5.67937553638736,0.473281294698947,5.67937553638736,0,76.8999857298626,50130,68,996.09375,-3.91476482536939,1000.00851482537,996.09375,1,1,3,3,50130,0,0,50130,76.8999857298626,50130,0
0.851,1000.05441827971,0.22011767772305,0.0110058838861525,5.23627268942926,104.725453788585,5.58883446354834,0,1000,1010.7421875,-10.7421875,5.58883446354834,5.65547423285376,1976.03170035494,0,5.58883446354834,0.465736205295695,5.58883446354834,0,77.0047086759219,50199,69,1010.7421875,10.6877692202885,1000.05441827971,1010.7421875,1,0,2,2,50199,0,0,50199,77.0047086759219,50199,0
0.852,1000.02834188168,0.192415293906833,0.00962076469534165,5.23613615372843,104.722723074569,5.67879569164954,0,1000,996.09375,3.90625,5.67879569164954,5.65456304826575,-794.713166370879,0,5.67879569164954,0.473232974304128,5.67879569164954,-8.88178419700125e-16,77.1094338997599,50267,68,996.09375,-3.93459188167651,1000.02834188168,996.09375,1,0,2,2,50267,0,0,50267,77.1094338997599,50267,0
0.853,999.997924461808,0.210733512653169,0.0105366756326585,5.23597688849043,104.719537769809,5.67912703149972,0,1000,996.09375,3.90625,5.67912703149972,5.65489438811594,-662.260971975733,0,5.67912703149972,0.47326058595831,5.67912703149972,0,77.2141542788932,50335,68,996.09375,-3.90417446180754,999.997924461808,996.09375,1,0,2,2,50335,0,0,50335,77.2141542788932,50335,0
0.854,1000.02310955019,0.21756670788326,0.010878335394163,5.23610875730481,104.722175146096,5.58858595866071,0,1000,1010.7421875,-10.7421875,5.58858595866071,5.65522572796612,1889.52210668689,0,5.58858595866071,0.465715496555059,5.58858595866071,0,77.3188748554837,50404,69,1010.7421875,10.7190779498145,1000.02310955019,1010.7421875,0,0,0,0,50404,0,0,50404,77.3188748554837,50404,0
0.855,999.989311237712,0.191458552366438,0.00957292761832192,5.23593178975452,104.71863579509,5.6785471867619,0,1000,996.09375,3.90625,5.6785471867619,5.65431454337812,-866.804494427592,0,5.6785471867619,0.473212265563492,5.6785471867619,0,77.423596330923,50472,68,996.09375,-3.89556123771217,999.989311237712,996.09375,0,0,0,0,50472,0,0,50472,77.423596330923,50472,0
0.856,999.956014047539,0.210370742351779,0.0105185371175889,5.23575744607447,104.715148921489,5.67887852661209,0,1000,996.09375,3.90625,5.67887852661209,5.6546458832283,-722.33707868966,0,5.67887852661209,0.473239877217674,5.67887852661209,0,77.528312447612,50540,68,996.09375,-3.86226404753916,999.956014047539,996.09375,0,0,0,0,50540,0,0,50540,77.528312447612,50540,0
0.857,999.980123447899,0.217425241595887,0.0108712620797943,5.23588368259956,104.717673651991,5.67920986646227,0,1000,996.09375,3.90625,5.67920986646227,5.65497722307848,-601.947565574717,0,5.67920986646227,0.473267488871856,5.67920986646227,0,77.6330285699474,50608,68,996.09375,-3.88637344789936,999.980123447899,996.09375,0,0,0,0,50608,0,0,50608,77.6330285699474,50608,0
0.858,1000.02562427279,0.220061896032348,0.0110030948016174,5.2361219243616,104.722438487232,5.58866879362325,0,1000,1010.7421875,-10.7421875,5.58866879362325,5.65530856292867,1939.78327868774,0,5.58866879362325,0.465722399468604,5.58866879362325,0,77.7377485184035,50677,69,1010.7421875,10.7165632272054,1000.02562427279,1010.7421875,0,1,1,1,50677,0,0,50677,77.7377485184035,50677,0
0.859,999.999395618957,0.192390228059375,0.00961951140296876,5.23598459145125,104.719691829025,5.67863002172445,0,1000,996.09375,3.90625,5.67863002172445,5.65439737834066,-824.920184426887,0,5.67863002172445,0.473219168477037,5.67863002172445,0,77.8424707177071,50745,68,996.09375,-3.90564561895735,999.999395618957,996.09375,0,1,1,1,50745,0,0,50745,77.8424707177071,50745,0
0.86,999.968919255859,0.210719896533678,0.0105359948266839,5.23582501758722,104.716500351744,5.67896136157463,0,1000,996.09375,3.90625,5.67896136157463,5.65472871819085,-687.433487022406,0,5.67896136157463,0.473246780131219,5.67896136157463,0,77.9471880620384,50813,68,996.09375,-3.87516925585919,999.968919255859,996.09375,0,1,1,1,50813,0,0,50813,77.9471880620384,50813,0
0.861,999.994080196706,0.217557363409233,0.0108778681704616,5.23595675996543,104.719135199309,5.67929270142482,0,1000,996.09375,3.90625,5.67929270142482,5.65506005804103,-572.861239185338,0,5.67929270142482,0.473274391785401,5.67929270142482,0,78.0519055997711,50881,68,996.09375,-3.90033019670648,999.994080196706,996.09375,0,1,1,1,50881,0,0,50881,78.0519055997711,50881,0
0.862,1000.0399733687,0.220113156281489,0.0110056578140745,5.23619705605208,104.723941121042,5.5887516285858,0,1000,1010.7421875,-10.7421875,5.5887516285858,5.65539139789121,1964.02188401222,0,5.5887516285858,0.46572930238215,5.5887516285858,0,78.1566270336366,50950,69,1010.7421875,10.7022141312979,1000.0399733687,1010.7421875,1,1,3,3,50950,0,0,50950,78.1566270336366,50950,0
0.863,1000.01389145761,0.192411360105453,0.00962056800527265,5.23606049148497,104.721209829699,5.678712856687,0,1000,996.09375,3.90625,5.678712856687,5.65448021330321,-804.721346656485,0,5.678712856687,0.473226071390583,5.678712856687,-8.88178419700125e-16,78.2613507444942,51018,68,996.09375,-3.92014145761402,1000.01389145761,996.09375,1,1,3,3,51018,0,0,51018,78.2613507444942,51018,0
0.864,999.983470324434,0.21072980219395,0.0105364901096975,5.23590120680411,104.718024136082,5.67904419653718,0,1000,996.09375,3.90625,5.67904419653718,5.65481155315339,-670.601122213737,0,5.67904419653718,0.473253683044765,5.67904419653718,0,78.3660696101789,51086,68,996.09375,-3.88972032443382,999.983470324434,996.09375,1,1,3,3,51086,0,0,51086,78.3660696101789,51086,0
0.865,1000.00865239257,0.21756308497939,0.0108781542489695,5.23603305980454,104.720661196091,5.58850312369816,0,1000,1010.7421875,-10.7421875,5.58850312369816,5.65514289300358,1882.57198148855,0,5.58850312369816,0.465708593641514,5.58850312369816,0,78.4707886729739,51155,69,1010.7421875,10.7335351074302,1000.00865239257,1010.7421875,1,0,2,3,51155,1,0,51155,78.4707886729739,51155,0
0.866,999.9748513403,0.191454966368638,0.00957274831843192,5.23585607790872,104.717121558174,5.67846435179936,0,1000,996.09375,3.90625,5.67846435179936,5.65423170841557,-872.596265426206,0,5.67846435179936,0.473205362649947,5.67846435179936,0,78.5755086343182,51223,68,996.09375,-3.88110134029989,999.9748513403,996.09375,1,0,2,2,51223,0,0,51223,78.5755086343182,51223,0
0.867,999.941551536739,0.210367174331383,0.0105183587165692,5.235681720545,104.7136344109,5.67879569164954,0,1000,996.09375,3.90625,5.67879569164954,5.65456304826576,-727.163554521839,0,5.67879569164954,0.473232974304129,5.67879569164954,0,78.6802232366324,51291,68,996.09375,-3.84780153673887,999.941551536739,996.09375,1,0,2,2,51291,0,0,51291,78.6802232366324,51291,0
0.868,999.965658392437,0.217421684443212,0.0108710842221606,5.23580794374627,104.716158874925,5.67912703149973,0,1000,996.09375,3.90625,5.67912703149973,5.65489438811594,-605.969628768199,0,5.67912703149973,0.473260585958311,5.67912703149973,0,78.7849378443236,51359,68,996.09375,-3.87190839243692,999.965658392437,996.09375,1,0,2,2,51359,0,0,51359,78.7849378443236,51359,0
0.869,1000.01115671961,0.220058347041902,0.0110029173520951,5.23604617243026,104.720923448605,5.58858595866071,0,1000,1010.7421875,-10.7421875,5.58858595866071,5.65522572796612,1936.43155935983,0,5.58858595866071,0.465715496555059,5.58858595866071,0,78.8896562778712,51428,69,1010.7421875,10.7310307803913,1000.01115671961,1010.7421875,0,0,0,2,51428,1,0,51428,78.8896562778712,51428,0
0.87,999.984925606583,0.19238668616731,0.00961933430836548,5.23590882664363,104.718176532873,5.67854718676191,0,1000,996.09375,3.90625,5.67854718676191,5.65431454337812,-827.713283866805,0,5.67854718676191,0.473212265563492,5.67854718676191,0,78.9943769620073,51496,68,996.09375,-3.89117560658349,999.984925606583,996.09375,0,0,0,0,51496,0,0,51496,78.9943769620073,51496,0
0.871,999.954446819411,0.210716361288534,0.0105358180644267,5.23574924008718,104.714984801744,5.67887852661209,0,1000,996.09375,3.90625,5.67887852661209,5.6546458832283,-689.761069889004,0,5.67887852661209,0.473239877217674,5.67887852661209,0,79.0990927909153,51564,68,996.09375,-3.86069681941069,999.954446819411,996.09375,0,0,0,0,51564,0,0,51564,79.0990927909153,51564,0
0.872,999.979605369741,0.217553834588459,0.010877691729423,5.23588096994866,104.717619398973,5.67920986646227,0,1000,996.09375,3.90625,5.67920986646227,5.65497722307849,-574.80089157417,0,5.67920986646227,0.473267488871856,5.67920986646227,0,79.2038088129728,51632,68,996.09375,-3.88585536974085,999.979605369741,996.09375,0,0,0,0,51632,0,0,51632,79.2038088129728,51632,0
0.873,1000.02549618392,0.22010963374856,0.011005481687428,5.23612125368983,104.722425073797,5.58866879362326,0,1000,1010.7421875,-10.7421875,5.58866879362326,5.65530856292867,1962.40550702152,0,5.58866879362326,0.465722399468605,5.58866879362326,0,79.3085287309144,51701,69,1010.7421875,10.7166913160768,1000.02549618392,1010.7421875,0,1,1,1,51701,0,0,51701,79.3085287309144,51701,0
0.874,999.999411947129,0.192407843756615,0.00962039218783074,5.23598467694535,104.719693538907,5.67863002172445,0,1000,996.09375,3.90625,5.67863002172445,5.65439737834067,-806.068327482062,0,5.67863002172445,0.473219168477038,5.67863002172445,-8.88178419700125e-16,79.4132509256026,51769,68,996.09375,-3.90566194712858,999.999411947129,996.09375,0,1,1,1,51769,0,0,51769,79.4132509256026,51769,0
0.875,999.968988519863,0.210726291938377,0.0105363145969189,5.2358253802527,104.716507605054,5.67896136157464,0,1000,996.09375,3.90625,5.67896136157464,5.65472871819085,-671.723606235052,0,5.67896136157464,0.47324678013122,5.67896136157464,0,79.5179682748761,51837,68,996.09375,-3.87523851986339,999.968988519863,996.09375,0,1,1,1,51837,0,0,51837,79.5179682748761,51837,0
0.876,999.994168325078,0.217559580731782,0.0108779790365891,5.2359572214045,104.71914442809,5.67929270142482,0,1000,996.09375,3.90625,5.67929270142482,5.65506005804103,-559.769671862543,0,5.67929270142482,0.473274391785402,5.67929270142482,-8.88178419700125e-16,79.6226858210214,51905,68,996.09375,-3.90041832507836,999.994168325078,996.09375,0,1,1,1,51905,0,0,51905,79.6226858210214,51905,0
0.877,1000.04006767904,0.220113819216798,0.0110056909608399,5.23619754985986,104.723950997197,5.5887516285858,0,1000,1010.7421875,-10.7421875,5.5887516285858,5.65539139789122,1974.93152344788,0,5.5887516285858,0.46572930238215,5.5887516285858,-8.88178419700125e-16,79.7274072645031,51974,69,1010.7421875,10.7021198209577,1000.04006767904,1010.7421875,1,1,3,3,51974,0,0,51974,79.7274072645031,51974,0
0.878,1000.01398723632,0.192411446136571,0.00962057230682858,5.23606099298108,104.721219859622,5.678712856687,0,1000,996.09375,3.90625,5.678712856687,5.65448021330321,-795.629980460099,0,5.678712856687,0.473226071390583,5.678712856687,0,79.8321309853374,52042,68,996.09375,-3.92023723631621,1000.01398723632,996.09375,1,1,3,3,52042,0,0,52042,79.8321309853374,52042,0
0.879,999.983565826682,0.210729675472964,0.0105364837736482,5.23590170685272,104.718034137054,5.67904419653718,0,1000,996.09375,3.90625,5.67904419653718,5.6548115531534,-663.02498371675,0,5.67904419653718,0.473253683044765,5.67904419653718,0,79.9368498610465,52110,68,996.09375,-3.88981582668202,999.983565826682,996.09375,1,1,3,3,52110,0,0,52110,79.9368498610465,52110,0
0.88,1000.00874697948,0.217562881149248,0.0108781440574624,5.23603355506044,104.720671101209,5.67937553638737,0,1000,996.09375,3.90625,5.67937553638737,5.65514289300358,-552.520819763958,0,5.67937553638737,0.473281294698947,5.67937553638737,0,80.0415689337979,52178,68,996.09375,-3.91499697947836,1000.00874697948,996.09375,1,1,3,3,52178,0,0,52178,80.0415689337979,52178,0
0.881,1000.05464742329,0.220117087107078,0.0110058543553539,5.23627388922223,104.725477784445,5.58883446354835,0,1000,1010.7421875,-10.7421875,5.58883446354835,5.65547423285377,1980.97223353004,0,5.58883446354835,0.465736205295696,5.58883446354835,0,80.1462919040114,52247,69,1010.7421875,10.6875400767096,1000.05464742329,1010.7421875,1,0,2,2,52247,0,0,52247,80.1462919040114,52247,0
0.882,1000.0285679664,0.192414700369214,0.0096207350184607,5.23613733750528,104.722746750106,5.67879569164955,0,1000,996.09375,3.90625,5.67879569164955,5.65456304826576,-790.596055391637,0,5.67879569164955,0.473232974304129,5.67879569164955,0,80.251017151685,52315,68,996.09375,-3.93481796640083,1000.0285679664,996.09375,1,0,2,2,52315,0,0,52315,80.251017151685,52315,0
0.883,999.998147495987,0.210732923099118,0.0105366461549559,5.23597805629466,104.719561125893,5.67912703149973,0,1000,996.09375,3.90625,5.67912703149973,5.65489438811595,-658.830046159698,0,5.67912703149973,0.473260585958311,5.67912703149973,0,80.355737554334,52383,68,996.09375,-3.9043974959875,999.998147495987,996.09375,1,0,2,2,52383,0,0,52383,80.355737554334,52383,0
0.884,1000.02332956286,0.217566124816584,0.0108783062408292,5.23610990928849,104.72219818577,5.58858595866072,0,1000,1010.7421875,-10.7421875,5.58858595866072,5.65522572796613,1892.38121153358,0,5.58858595866072,0.46571549655506,5.58858595866072,0,80.4604581541224,52452,69,1010.7421875,10.7188579371368,1000.02332956286,1010.7421875,0,0,0,2,52452,1,0,52452,80.4604581541224,52452,0
0.885,999.989528265308,0.191457976652043,0.00957289883260213,5.23593292610836,104.718658522167,5.67854718676191,0,1000,996.09375,3.90625,5.67854718676191,5.65431454337813,-864.421907055346,0,5.67854718676191,0.473212265563493,5.67854718676191,-8.88178419700125e-16,80.5651796524447,52520,68,996.09375,-3.89577826530842,999.989528265308,996.09375,0,0,0,0,52520,0,0,52520,80.5651796524447,52520,0
0.886,999.956228128871,0.210370174244875,0.0105185087122438,5.2357585670017,104.715171340034,5.6788785266121,0,1000,996.09375,3.90625,5.6788785266121,5.65464588322831,-720.351589212788,0,5.6788785266121,0.473239877217675,5.6788785266121,0,80.669895791706,52588,68,996.09375,-3.86247812887143,999.956228128871,996.09375,0,0,0,0,52588,0,0,52588,80.669895791706,52588,0
0.887,999.98033462234,0.21742468112545,0.0108712340562725,5.23588478830635,104.717695766127,5.67920986646228,0,1000,996.09375,3.90625,5.67920986646228,5.65497722307849,-600.292991010657,0,5.67920986646228,0.473267488871857,5.67920986646228,-8.88178419700125e-16,80.7746119363076,52656,68,996.09375,-3.88658462234025,999.98033462234,996.09375,0,0,0,0,52656,0,0,52656,80.7746119363076,52656,0
0.888,1000.02583257958,0.22006134314396,0.011003067157198,5.23612301505337,104.722460301067,5.58866879362326,0,1000,1010.7421875,-10.7421875,5.58866879362326,5.65530856292868,1941.16209082445,0,5.58866879362326,0.465722399468605,5.58866879362326,-8.88178419700125e-16,80.8793319067273,52725,69,1010.7421875,10.7163549204207,1000.02583257958,1010.7421875,0,1,1,1,52725,0,0,52725,80.8793319067273,52725,0
0.889,999.999601096943,0.192389682668434,0.00961948413342172,5.23598566733146,104.719713346629,5.67863002172446,0,1000,996.09375,3.90625,5.67863002172446,5.65439737834067,-823.771174312956,0,5.67863002172446,0.473219168477038,5.67863002172446,0,80.9840541276963,52793,68,996.09375,-3.90585109694257,999.999601096943,996.09375,0,1,1,1,52793,0,0,52793,80.9840541276963,52793,0
0.89,999.969121943426,0.210719358545207,0.0105359679272603,5.23582607885684,104.716521577137,5.67896136157464,0,1000,996.09375,3.90625,5.67896136157464,5.65472871819086,-686.47597859413,0,5.67896136157464,0.47324678013122,5.67896136157464,0,81.088771493399,52861,68,996.09375,-3.87537194342553,999.969121943426,996.09375,0,1,1,1,52861,0,0,52861,81.088771493399,52861,0
0.891,999.994280131732,0.217556832725258,0.0108778416362629,5.23595780682277,104.719156136455,5.67929270142483,0,1000,996.09375,3.90625,5.67929270142483,5.65506005804104,-572.063315495108,0,5.67929270142483,0.473274391785402,5.67929270142483,0,81.1934890522126,52929,68,996.09375,-3.90053013173156,999.994280131732,996.09375,0,1,1,1,52929,0,0,52929,81.1934890522126,52929,0
0.892,1000.04017058857,0.220112632803768,0.0110056316401884,5.23619808869287,104.723961773857,5.58875162858581,0,1000,1010.7421875,-10.7421875,5.58875162858581,5.65539139789122,1964.68682042074,0,5.58875162858581,0.465729302382151,5.58875162858581,0,81.298210506873,52998,69,1010.7421875,10.7020169114337,1000.04017058857,1010.7421875,1,1,3,3,52998,0,0,52998,81.298210506873,52998,0
0.893,1000.01408599919,0.192410843736477,0.00962054218682384,5.23606151010225,104.721230202045,5.67871285668701,0,1000,996.09375,3.90625,5.67871285668701,5.65448021330322,-804.167232982714,0,5.67871285668701,0.473226071390584,5.67871285668701,0,81.4029342382428,53066,68,996.09375,-3.92033599918511,1000.01408599919,996.09375,1,1,3,3,53066,0,0,53066,81.4029342382428,53066,0
0.894,999.983662224089,0.210729292837304,0.0105364646418652,5.23590221158836,104.718044231767,5.67904419653719,0,1000,996.09375,3.90625,5.67904419653719,5.6548115531534,-670.139360818928,0,5.67904419653719,0.473253683044766,5.67904419653719,0,81.5076531241612,53134,68,996.09375,-3.8899122240889,999.983662224089,996.09375,1,1,3,3,53134,0,0,53134,81.5076531241612,53134,0
0.895,1000.00884168618,0.217562582539894,0.0108781291269947,5.23603405094357,104.720681018871,5.67937553638737,0,1000,996.09375,3.90625,5.67937553638737,5.65514289300359,-558.449467349107,0,5.67937553638737,0.473281294698948,5.67937553638737,0,81.612372206915,53202,68,996.09375,-3.91509168618052,1000.00884168618,996.09375,1,1,3,3,53202,0,0,53202,81.612372206915,53202,0
0.896,1000.05474070168,0.220116821922719,0.011005841096136,5.23627437762674,104.725487552535,5.58883446354836,0,1000,1010.7421875,-10.7421875,5.58883446354836,5.65547423285377,1976.03169387574,0,5.58883446354836,0.465736205295696,5.58883446354836,0,81.7170951869701,53271,69,1010.7421875,10.6874467983197,1000.05474070168,1010.7421875,1,0,2,2,53271,0,0,53271,81.7170951869701,53271,0
0.897,1000.02865992508,0.192414449728464,0.00962072248642322,5.2361378189998,104.722756379996,5.67879569164955,0,1000,996.09375,3.90625,5.67879569164955,5.65456304826577,-794.713171770213,0,5.67879569164955,0.473232974304129,5.67879569164955,0,81.8218204443422,53339,68,996.09375,-3.934909925081,1000.02865992508,996.09375,1,0,2,2,53339,0,0,53339,81.8218204443422,53339,0
0.898,999.998238186112,0.210732679938932,0.0105366339969466,5.23597853114704,104.719570622941,5.67912703149974,0,1000,996.09375,3.90625,5.67912703149974,5.65489438811595,-662.260976475178,0,5.67912703149974,0.473260585958311,5.67912703149974,-8.88178419700125e-16,81.9265408565543,53407,68,996.09375,-3.9044881861123,999.998238186112,996.09375,1,0,2,2,53407,0,0,53407,81.9265408565543,53407,0
0.899,1000.02341901404,0.217565886477472,0.0108782943238736,5.23611037765376,104.722207553075,5.58858595866072,0,1000,1010.7421875,-10.7421875,5.58858595866072,5.65522572796613,1889.52210293735,0,5.58858595866072,0.46571549655506,5.58858595866072,-8.88178419700125e-16,82.0312614657743,53476,69,1010.7421875,10.7187684859593,1000.02341901404,1010.7421875,0,0,0,0,53476,0,0,53476,82.0312614657743,53476,0
0.9,999.989616498978,0.191457742115531,0.00957288710577657,5.23593338809877,104.718667761975,5.67854718676192,0,1000,996.09375,3.90625,5.67854718676192,5.65431454337813,-866.804497552207,0,5.67854718676192,0.473212265563493,5.67854718676192,0,82.1359829734,53544,68,996.09375,-3.89586649897774,999.989616498978,996.09375,0,0,0,0,53544,0,0,53544,82.1359829734,53544,0
0.901,999.956315163286,0.210369943104264,0.0105184971552132,5.23575902271283,104.715180454257,5.6788785266121,0,1000,996.09375,3.90625,5.6788785266121,5.65464588322831,-722.337081293506,0,5.6788785266121,0.473239877217675,5.6788785266121,0,82.2406991218382,53612,68,996.09375,-3.86256516328626,999.956315163286,996.09375,0,0,0,0,53612,0,0,53612,82.2406991218382,53612,0
0.902,999.980420474425,0.217424453202337,0.0108712226601169,5.23588523782681,104.717704756536,5.67920986646228,0,1000,996.09375,3.90625,5.67920986646228,5.6549772230785,-601.947567744588,0,5.67920986646228,0.473267488871857,5.67920986646228,0,82.3454152754916,53680,68,996.09375,-3.88667047442516,999.980420474425,996.09375,0,0,0,0,53680,0,0,53680,82.3454152754916,53680,0
0.903,1000.02591726563,0.220061118345363,0.0110030559172682,5.23612345846851,104.72246916937,5.58866879362327,0,1000,1010.7421875,-10.7421875,5.58866879362327,5.65530856292868,1939.78327687951,0,5.58866879362327,0.465722399468606,5.58866879362327,0,82.4501352548405,53749,69,1010.7421875,10.7162702343679,1000.02591726563,1010.7421875,0,1,1,1,53749,0,0,53749,82.4501352548405,53749,0
0.904,999.999684632887,0.192389460933558,0.00961947304667789,5.23598610472465,104.719722094493,5.67863002172446,0,1000,996.09375,3.90625,5.67863002172446,5.65439737834068,-824.920185933742,0,5.67863002172446,0.473219168477039,5.67863002172446,0,82.5548574846174,53817,68,996.09375,-3.90593463288701,999.999684632887,996.09375,0,1,1,1,53817,0,0,53817,82.5548574846174,53817,0
0.905,999.969204344913,0.210719139825604,0.0105359569912802,5.23582651031002,104.7165302062,5.67896136157465,0,1000,996.09375,3.90625,5.67896136157465,5.65472871819086,-687.433488278118,0,5.67896136157465,0.473246780131221,5.67896136157465,0,82.6595748590083,53885,68,996.09375,-3.87545434491335,999.969204344913,996.09375,0,1,1,1,53885,0,0,53885,82.6595748590083,53885,0
0.906,999.994361414183,0.217556616977427,0.0108778308488713,5.23595823241669,104.719164648334,5.67929270142483,0,1000,996.09375,3.90625,5.67929270142483,5.65506005804104,-572.861240231765,0,5.67929270142483,0.473274391785403,5.67929270142483,0,82.7642924263921,53953,68,996.09375,-3.90061141418346,999.994361414183,996.09375,0,1,1,1,53953,0,0,53953,82.7642924263921,53953,0
0.907,1000.04025076718,0.220112419986404,0.0110056209993202,5.23619850850711,104.723970170142,5.58875162858581,0,1000,1010.7421875,-10.7421875,5.58875162858581,5.65539139789123,1964.0218831402,0,5.58875162858581,0.465729302382151,5.58875162858581,0,82.8690138895063,54022,69,1010.7421875,10.7019367328198,1000.04025076718,1010.7421875,1,1,3,3,54022,0,0,54022,82.8690138895063,54022,0
0.908,1000.01416508896,0.192410633809427,0.00962053169047135,5.23606192421532,104.721238484306,5.67871285668701,0,1000,996.09375,3.90625,5.67871285668701,5.65448021330322,-804.72134738317,0,5.67871285668701,0.473226071390584,5.67871285668701,0,82.9737376292153,54090,68,996.09375,-3.92041508895545,1000.01416508896,996.09375,1,1,3,3,54090,0,0,54090,82.9737376292153,54090,0
0.909,999.9837402398,0.210729085761194,0.0105364542880597,5.23590262007766,104.718052401553,5.67904419653719,0,1000,996.09375,3.90625,5.67904419653719,5.65481155315341,-670.601122819308,0,5.67904419653719,0.473253683044766,5.67904419653719,-8.88178419700125e-16,83.0784565233597,54158,68,996.09375,-3.88999023979954,999.9837402398,996.09375,1,1,3,3,54158,0,0,54158,83.0784565233597,54158,0
0.91,1000.00891864242,0.217562378275955,0.0108781189137977,5.23603445388551,104.72068907771,5.67937553638738,0,1000,996.09375,3.90625,5.67937553638738,5.65514289300359,-558.83426901609,0,5.67937553638738,0.473281294698948,5.67937553638738,0,83.1831756142277,54226,68,996.09375,-3.91516864242101,1000.00891864242,996.09375,1,1,3,3,54226,0,0,54226,83.1831756142277,54226,0
0.911,1000.05481661283,0.220116620432744,0.0110058310216372,5.2362747750966,104.725495501932,5.58883446354836,0,1000,1010.7421875,-10.7421875,5.58883446354836,5.65547423285377,1975.71102581992,0,5.58883446354836,0.465736205295697,5.58883446354836,0,83.2878986022866,54295,69,1010.7421875,10.6873708871676,1000.05481661283,1010.7421875,1,0,2,2,54295,0,0,54295,83.2878986022866,54295,0
0.912,1000.02873480534,0.192414250974781,0.00962071254873907,5.23613821107193,104.722764221439,5.67879569164956,0,1000,996.09375,3.90625,5.67879569164956,5.65456304826577,-794.980395150063,0,5.67879569164956,0.47323297430413,5.67879569164956,0,83.3926238675539,54363,68,996.09375,-3.93498480534163,1000.02873480534,996.09375,1,0,2,2,54363,0,0,54363,83.3926238675539,54363,0
0.913,999.998312049479,0.210732483884378,0.0105366241942189,5.23597891789473,104.719578357895,5.67912703149974,0,1000,996.09375,3.90625,5.67912703149974,5.65489438811595,-662.483662625052,0,5.67912703149974,0.473260585958312,5.67912703149974,0,83.4973442875537,54431,68,996.09375,-3.90456204947895,999.998312049479,996.09375,1,0,2,2,54431,0,0,54431,83.4973442875537,54431,0
0.914,1000.02349187433,0.217565693085384,0.0108782846542692,5.23611075914934,104.722215182987,5.58858595866072,0,1000,1010.7421875,-10.7421875,5.58858595866072,5.65522572796614,1889.33653114579,0,5.58858595866072,0.46571549655506,5.58858595866072,0,83.6020649044562,54500,69,1010.7421875,10.7186956256719,1000.02349187433,1010.7421875,0,0,0,0,54500,0,0,54500,83.6020649044562,54500,0
0.915,999.989688369808,0.191457551349749,0.00957287756748744,5.23593376441356,104.718675288271,5.67854718676192,0,1000,996.09375,3.90625,5.67854718676192,5.65431454337813,-866.959140711842,0,5.67854718676192,0.473212265563493,5.67854718676192,0,83.7067864196598,54568,68,996.09375,-3.89593836980816,999.989688369808,996.09375,0,0,0,0,54568,0,0,54568,83.7067864196598,54568,0
0.916,999.956386058096,0.21036975492912,0.010518487746456,5.23575939391719,104.715187878344,5.6788785266121,0,1000,996.09375,3.90625,5.6788785266121,5.65464588322832,-722.465950593202,0,5.6788785266121,0.473239877217675,5.6788785266121,0,83.8115025755733,54636,68,996.09375,-3.86263605809609,999.956386058096,996.09375,0,0,0,0,54636,0,0,54636,83.8115025755733,54636,0
0.917,999.980490406468,0.217424267582651,0.0108712133791326,5.23588560399013,104.717712079803,5.67920986646229,0,1000,996.09375,3.90625,5.67920986646229,5.6549772230785,-602.054958827668,0,5.67920986646229,0.473267488871857,5.67920986646229,0,83.9162187366005,54704,68,996.09375,-3.88674040646788,999.980490406468,996.09375,0,0,0,0,54704,0,0,54704,83.9162187366005,54704,0
0.918,1000.02598624798,0.220060935246431,0.0110030467623215,5.23612381965926,104.722476393185,5.58866879362327,0,1000,1010.7421875,-10.7421875,5.58866879362327,5.65530856292868,1939.69378431028,0,5.58866879362327,0.465722399468606,5.58866879362327,0,84.020938723223,54773,69,1010.7421875,10.7162012520156,1000.02598624798,1010.7421875,0,1,1,1,54773,0,0,54773,84.020938723223,54773,0
0.919,999.999752678441,0.192389280321149,0.00961946401605748,5.23598646101033,104.719729220207,5.67863002172447,0,1000,996.09375,3.90625,5.67863002172447,5.65439737834068,-824.994763074769,0,5.67863002172447,0.473219168477039,5.67863002172447,0,84.1256609601748,54841,68,996.09375,-3.90600267844104,999.999752678441,996.09375,0,1,1,1,54841,0,0,54841,84.1256609601748,54841,0
0.92,999.96927146639,0.210718961665958,0.0105359480832979,5.23582686175725,104.716537235145,5.67896136157465,0,1000,996.09375,3.90625,5.67896136157465,5.65472871819086,-687.495635895641,0,5.67896136157465,0.473246780131221,5.67896136157465,-8.88178419700125e-16,84.230378341643,54909,68,996.09375,-3.87552146638961,999.96927146639,996.09375,0,1,1,1,54909,0,0,54909,84.230378341643,54909,0
0.921,999.994427624135,0.217556441237235,0.0108778220618617,5.23595857909119,104.719171581824,5.67929270142483,0,1000,996.09375,3.90625,5.67929270142483,5.65506005804105,-572.913029913034,0,5.67929270142483,0.473274391785403,5.67929270142483,0,84.3350959160079,54977,68,996.09375,-3.90067762413469,999.994427624135,996.09375,0,1,1,1,54977,0,0,54977,84.3350959160079,54977,0
0.922,1000.04031607799,0.220112246632805,0.0110056123316403,5.23619885047369,104.723977009474,5.58875162858582,0,1000,1010.7421875,-10.7421875,5.58875162858582,5.65539139789123,1963.97872507247,0,5.58875162858582,0.465729302382151,5.58875162858582,0,84.4398173860087,55046,69,1010.7421875,10.7018714220147,1000.04031607799,1010.7421875,1,1,3,3,55046,0,0,55046,84.4398173860087,55046,0
0.923,1000.01422951282,0.19241046281001,0.00962052314050048,5.23606226153791,104.721245230758,5.67871285668701,0,1000,996.09375,3.90625,5.67871285668701,5.65448021330323,-804.757312439607,0,5.67871285668701,0.473226071390585,5.67871285668701,0,84.5445411325104,55114,68,996.09375,-3.92047951282473,1000.01422951282,996.09375,1,1,3,3,55114,0,0,55114,84.5445411325104,55114,0
0.924,999.983803788778,0.210728917083987,0.0105364458541994,5.23590295281934,104.718059056387,5.6790441965372,0,1000,996.09375,3.90625,5.6790441965372,5.65481155315341,-670.631093699673,0,5.6790441965372,0.473253683044767,5.6790441965372,0,84.6492600333552,55182,68,996.09375,-3.89005378877846,999.983803788778,996.09375,1,1,3,3,55182,0,0,55182,84.6492600333552,55182,0
0.925,1000.00898132839,0.217562211889423,0.0108781105944711,5.23603478210848,104.72069564217,5.58850312369818,0,1000,1010.7421875,-10.7421875,5.58850312369818,5.6551428930036,1882.54700525027,0,5.58850312369818,0.465708593641515,5.58850312369818,0,84.7539791308329,55251,69,1010.7421875,10.7332061716081,1000.00898132839,1010.7421875,1,0,2,3,55251,1,0,55251,84.7539791308329,55251,0
0.926,999.975175809096,0.191454105135436,0.00957270525677179,5.23585777682336,104.717155536467,5.67846435179938,0,1000,996.09375,3.90625,5.67846435179938,5.65423170841559,-872.617078958106,0,5.67846435179938,0.473205362649948,5.67846435179938,0,84.8586991263888,55319,68,996.09375,-3.88142580909573,999.975175809096,996.09375,1,0,2,2,55319,0,0,55319,84.8586991263888,55319,0
0.927,999.941871599175,0.210366324793927,0.0105183162396963,5.23568339638799,104.71366792776,5.67879569164956,0,1000,996.09375,3.90625,5.67879569164956,5.65456304826577,-727.180899131755,0,5.67879569164956,0.47323297430413,5.67879569164956,0,84.9634137624503,55387,68,996.09375,-3.84812159917476,999.941871599175,996.09375,1,0,2,2,55387,0,0,55387,84.9634137624503,55387,0
0.928,999.96597410835,0.217420846442671,0.0108710423221335,5.23580959683093,104.716191936619,5.67912703149975,0,1000,996.09375,3.90625,5.67912703149975,5.65489438811596,-605.984082609796,0,5.67912703149975,0.473260585958312,5.67912703149975,0,85.0681284034301,55455,68,996.09375,-3.87222410835045,999.96597410835,996.09375,1,0,2,2,55455,0,0,55455,85.0681284034301,55455,0
0.929,1000.01146814803,0.220057520421601,0.01100287602108,5.23604780306565,104.720956061313,5.58858595866073,0,1000,1010.7421875,-10.7421875,5.58858595866073,5.65522572796614,1936.41951449184,0,5.58858595866073,0.465715496555061,5.58858595866073,0,85.1728468698146,55524,69,1010.7421875,10.7307193519705,1000.01146814803,1010.7421875,0,0,0,2,55524,1,0,55524,85.1728468698146,55524,0
0.93,999.985232805734,0.192385870772701,0.00961929353863507,5.23591043513462,104.718208702692,5.67854718676193,0,1000,996.09375,3.90625,5.67854718676193,5.65431454337814,-827.723321256803,0,5.67854718676193,0.473212265563494,5.67854718676193,0,85.2775675863414,55592,68,996.09375,-3.89148280573397,999.985232805734,996.09375,0,0,0,0,55592,0,0,55592,85.2775675863414,55592,0
0.931,999.954749846724,0.210715556967175,0.0105357778483587,5.23575082673448,104.71501653469,5.67887852661211,0,1000,996.09375,3.90625,5.67887852661211,5.65464588322832,-689.769434380669,0,5.67887852661211,0.473239877217676,5.67887852661211,-8.88178419700125e-16,85.3822834472002,55660,68,996.09375,-3.86099984672364,999.954749846724,996.09375,0,0,0,0,55660,0,0,55660,85.3822834472002,55660,0
0.932,999.979904281874,0.21755304118997,0.0108776520594985,5.23588253504893,104.717650700979,5.67920986646229,0,1000,996.09375,3.90625,5.67920986646229,5.65497722307851,-574.807861983891,0,5.67920986646229,0.473267488871858,5.67920986646229,0,85.4869995007745,55728,68,996.09375,-3.8861542818737,999.979904281874,996.09375,0,0,0,0,55728,0,0,55728,85.4869995007745,55728,0
0.933,1000.02579103676,0.220108851124606,0.0110054425562303,5.23612279753568,104.722455950714,5.58866879362328,0,1000,1010.7421875,-10.7421875,5.58866879362328,5.65530856292869,1962.39969834676,0,5.58866879362328,0.465722399468606,5.58866879362328,0,85.5917194498052,55797,69,1010.7421875,10.7163964632393,1000.02579103676,1010.7421875,0,1,1,1,55797,0,0,55797,85.5917194498052,55797,0
0.934,999.999702795796,0.192407071760874,0.00962035358804368,5.23598619982542,104.719723996508,5.67863002172447,0,1000,996.09375,3.90625,5.67863002172447,5.65439737834069,-806.073168044368,0,5.67863002172447,0.473219168477039,5.67863002172447,0,85.6964416751603,55865,68,996.09375,-3.90595279579645,999.999702795796,996.09375,0,1,1,1,55865,0,0,55865,85.6964416751603,55865,0
0.935,999.969275418738,0.210725530426518,0.0105362765213259,5.23582688245169,104.716537649034,5.67896136157466,0,1000,996.09375,3.90625,5.67896136157466,5.65472871819087,-671.727640036974,0,5.67896136157466,0.473246780131221,5.67896136157466,0,85.8011590546842,55933,68,996.09375,-3.87552541873777,999.969275418738,996.09375,0,1,1,1,55933,0,0,55933,85.8011590546842,55933,0
0.936,999.994451327799,0.217558829561431,0.0108779414780715,5.23595870320328,104.719174064066,5.67929270142484,0,1000,996.09375,3.90625,5.67929270142484,5.65506005804105,-559.773033364145,0,5.67929270142484,0.473274391785403,5.67929270142484,0,85.9058766306691,56001,68,996.09375,-3.90070132779942,999.994451327799,996.09375,0,1,1,1,56001,0,0,56001,85.9058766306691,56001,0
0.937,1000.04034683852,0.220113078247514,0.0110056539123757,5.23619901153549,104.72398023071,5.58875162858582,0,1000,1010.7421875,-10.7421875,5.58875162858582,5.65539139789124,1974.92872219655,0,5.58875162858582,0.465729302382152,5.58875162858582,0,86.0105981035853,56070,69,1010.7421875,10.7018406614773,1000.04034683852,1010.7421875,1,1,3,3,56070,0,0,56070,86.0105981035853,56070,0
0.938,1000.01426260474,0.192410715229821,0.00962053576149106,5.2360624348068,104.721248696136,5.67871285668702,0,1000,996.09375,3.90625,5.67871285668702,5.65448021330323,-795.632314836212,0,5.67871285668702,0.473226071390585,5.67871285668702,0,86.1153218534542,56138,68,996.09375,-3.92051260474432,1000.01426260474,996.09375,1,1,3,3,56138,0,0,56138,86.1153218534542,56138,0
0.939,999.983837455544,0.210728954492097,0.0105364477246049,5.23590312909811,104.718062581962,5.6790441965372,0,1000,996.09375,3.90625,5.6790441965372,5.65481155315342,-663.026929030176,0,5.6790441965372,0.473253683044767,5.6790441965372,0,86.2200407578035,56206,68,996.09375,-3.89008745554372,999.983837455544,996.09375,1,1,3,3,56206,0,0,56206,86.2200407578035,56206,0
0.94,1000.00901491956,0.217562169959469,0.0108781084979735,5.23603495799141,104.720699159828,5.67937553638739,0,1000,996.09375,3.90625,5.67937553638739,5.6551428930036,-552.52244085848,0,5.67937553638739,0.473281294698949,5.67937553638739,0,86.3247598588059,56274,68,996.09375,-3.91526491955619,1000.00901491956,996.09375,1,1,3,3,56274,0,0,56274,86.3247598588059,56274,0
0.941,1000.05491172468,0.220116385575423,0.0110058192787711,5.23627527310107,104.725505462021,5.58883446354837,0,1000,1010.7421875,-10.7421875,5.58883446354837,5.65547423285378,1980.97088261793,0,5.58883446354837,0.465736205295697,5.58883446354837,0,86.4294828568871,56343,69,1010.7421875,10.68727577532,1000.05491172468,1010.7421875,1,0,2,2,56343,0,0,56343,86.4294828568871,56343,0
0.942,1000.02882867852,0.192414008364516,0.00962070041822581,5.23613870259075,104.722774051815,5.67879569164957,0,1000,996.09375,3.90625,5.67879569164957,5.65456304826578,-790.597181151722,0,5.67879569164957,0.47323297430413,5.67879569164957,-8.88178419700125e-16,86.53420813205,56411,68,996.09375,-3.93507867852088,1000.02882867852,996.09375,1,0,2,2,56411,0,0,56411,86.53420813205,56411,0
0.943,999.998404667574,0.210732240492002,0.0105366120246001,5.23597940284194,104.719588056839,5.67912703149975,0,1000,996.09375,3.90625,5.67912703149975,5.65489438811596,-658.830984293102,0,5.67912703149975,0.473260585958312,5.67912703149975,0,86.6389285618149,56479,68,996.09375,-3.90465466757416,999.998404667574,996.09375,1,0,2,2,56479,0,0,56479,86.6389285618149,56479,0
0.944,1000.023583242,0.217565451479433,0.0108782725739717,5.23611123754935,104.722224750987,5.58858595866073,0,1000,1010.7421875,-10.7421875,5.58858595866073,5.65522572796615,1892.38042975575,0,5.58858595866073,0.465715496555061,5.58858595866073,0,86.7436491883505,56548,69,1010.7421875,10.7186042579998,1000.023583242,1010.7421875,0,0,0,2,56548,1,0,56548,86.7436491883505,56548,0
0.945,999.989778499424,0.191457312458966,0.00957286562294832,5.23593423633112,104.718684726622,5.67854718676193,0,1000,996.09375,3.90625,5.67854718676193,5.65431454337814,-864.422558536877,0,5.67854718676193,0.473212265563494,5.67854718676193,0,86.8483707130572,56616,68,996.09375,-3.89602849942378,999.989778499424,996.09375,0,0,0,0,56616,0,0,56616,86.8483707130572,56616,0
0.946,999.956474964749,0.210369519071696,0.0105184759535848,5.23575985943134,104.715197188627,5.67887852661211,0,1000,996.09375,3.90625,5.67887852661211,5.65464588322833,-720.352132114064,0,5.67887852661211,0.473239877217676,5.67887852661211,0,86.9530868783445,56684,68,996.09375,-3.86272496474942,999.956474964749,996.09375,0,0,0,0,56684,0,0,56684,86.9530868783445,56684,0
0.947,999.98057810613,0.217424034849675,0.0108712017424837,5.23588606318449,104.71772126369,5.6792098664623,0,1000,996.09375,3.90625,5.6792098664623,5.65497722307851,-600.293443428387,0,5.6792098664623,0.473267488871858,5.6792098664623,0,87.0578030486187,56752,68,996.09375,-3.88682810613,999.98057810613,996.09375,0,0,0,0,56752,0,0,56752,87.0578030486187,56752,0
0.948,1000.02607275681,0.220060705644756,0.0110030352822378,5.23612427261839,104.722485452368,5.58866879362328,0,1000,1010.7421875,-10.7421875,5.58866879362328,5.65530856292869,1941.16171380968,0,5.58866879362328,0.465722399468607,5.58866879362328,0,87.1625230443624,56821,69,1010.7421875,10.7161147431942,1000.02607275681,1010.7421875,0,1,1,1,56821,0,0,56821,87.1625230443624,56821,0
0.949,999.999838012508,0.192389053826613,0.00961945269133063,5.23598690781846,104.719738156369,5.67863002172448,0,1000,996.09375,3.90625,5.67863002172448,5.65439737834069,-823.771488491935,0,5.67863002172448,0.47321916847704,5.67863002172448,0,87.2672452903116,56889,68,996.09375,-3.90608801250755,999.999838012508,996.09375,0,1,1,1,56889,0,0,56889,87.2672452903116,56889,0
0.95,999.969355641622,0.210718738243203,0.0105359369121602,5.23582730249773,104.716546049955,5.67896136157466,0,1000,996.09375,3.90625,5.67896136157466,5.65472871819087,-686.476240409946,0,5.67896136157466,0.473246780131222,5.67896136157466,0,87.3719626806552,56957,68,996.09375,-3.87560564162152,999.969355641622,996.09375,0,1,1,1,56957,0,0,56957,87.3719626806552,56957,0
0.951,999.994510656256,0.217556220847095,0.0108778110423547,5.23595901384636,104.719180276927,5.67929270142484,0,1000,996.09375,3.90625,5.67929270142484,5.65506005804106,-572.063533674955,0,5.67929270142484,0.473274391785404,5.67929270142484,0,87.4766802637753,57025,68,996.09375,-3.90076065625624,999.994510656256,996.09375,0,1,1,1,57025,0,0,57025,87.4766802637753,57025,0
0.952,1000.04039798251,0.220112029235048,0.0110056014617524,5.2361992793248,104.723985586496,5.58875162858583,0,1000,1010.7421875,-10.7421875,5.58875162858583,5.65539139789124,1964.6866386042,0,5.58875162858583,0.465729302382152,5.58875162858583,0,87.5814017424118,57094,69,1010.7421875,10.7017895174862,1000.04039798251,1010.7421875,1,1,3,3,57094,0,0,57094,87.5814017424118,57094,0
0.953,1000.01431030507,0.192410248364357,0.00962051241821783,5.23606268456512,104.721253691302,5.67871285668702,0,1000,996.09375,3.90625,5.67871285668702,5.65448021330324,-804.167384496497,0,5.67871285668702,0.473226071390585,5.67871285668702,-8.88178419700125e-16,87.6861254974321,57162,68,996.09375,-3.92056030507035,1000.01431030507,996.09375,1,1,3,3,57162,0,0,57162,87.6861254974321,57162,0
0.954,999.983883483846,0.210728705550477,0.0105364352775238,5.23590337010174,104.718067402035,5.67904419653721,0,1000,996.09375,3.90625,5.67904419653721,5.65481155315342,-670.139487080414,0,5.67904419653721,0.473253683044767,5.67904419653721,0,87.79084440668,57230,68,996.09375,-3.89013348384617,999.983883483846,996.09375,1,1,3,3,57230,0,0,57230,87.79084440668,57230,0
0.955,1000.00905994118,0.217562003228561,0.010878100161428,5.23603519372408,104.720703874482,5.67937553638739,0,1000,996.09375,3.90625,5.67937553638739,5.6551428930036,-558.449572567012,0,5.67937553638739,0.473281294698949,5.67937553638739,-8.88178419700125e-16,87.8955635124465,57298,68,996.09375,-3.91530994118091,1000.00905994118,996.09375,1,1,3,3,57298,0,0,57298,87.8955635124465,57298,0
0.956,1000.05495599273,0.220116250478566,0.0110058125239283,5.23627550488802,104.72551009776,5.58883446354837,0,1000,1010.7421875,-10.7421875,5.58883446354837,5.65547423285379,1976.03160619416,0,5.58883446354837,0.465736205295698,5.58883446354837,-8.88178419700125e-16,88.0002865152016,57367,69,1010.7421875,10.687231507274,1000.05495599273,1010.7421875,1,0,2,2,57367,0,0,57367,88.0002865152016,57367,0
0.957,1000.02887229243,0.192413886044656,0.00962069430223278,5.23613893095262,104.722778619052,5.67879569164957,0,1000,996.09375,3.90625,5.67879569164957,5.65456304826578,-794.713244838203,0,5.67879569164957,0.473232974304131,5.67879569164957,0,88.1050117949655,57435,68,996.09375,-3.93512229242629,1000.02887229243,996.09375,1,0,2,2,57435,0,0,57435,88.1050117949655,57435,0
0.958,999.998447669459,0.21073212391008,0.010536606195504,5.23597962799928,104.719592559986,5.67912703149975,0,1000,996.09375,3.90625,5.67912703149975,5.65489438811597,-662.261037365169,0,5.67912703149975,0.473260585958313,5.67912703149975,0,88.2097322292653,57503,68,996.09375,-3.9046976694591,999.998447669459,996.09375,1,0,2,2,57503,0,0,57503,88.2097322292653,57503,0
0.959,1000.02362565256,0.217565337999618,0.0108782668999809,5.23611145961051,104.72222919221,5.58858595866074,0,1000,1010.7421875,-10.7421875,5.58858595866074,5.65522572796615,1889.52205219569,0,5.58858595866074,0.465715496555061,5.58858595866074,0,88.3144528602732,57572,69,1010.7421875,10.7185618474422,1000.02362565256,1010.7421875,0,0,0,0,57572,0,0,57572,88.3144528602732,57572,0
0.96,999.989820331297,0.191457201086129,0.00957286005430646,5.2359344553623,104.718689107246,5.67854718676193,0,1000,996.09375,3.90625,5.67854718676193,5.65431454337815,-866.804539836923,0,5.67854718676193,0.473212265563494,5.67854718676193,0,88.4191743893908,57640,68,996.09375,-3.8960703312971,999.989820331297,996.09375,0,0,0,0,57640,0,0,57640,88.4191743893908,57640,0
0.961,999.956516227517,0.210369409422164,0.0105184704711082,5.23576007548268,104.715201509654,5.67887852661212,0,1000,996.09375,3.90625,5.67887852661212,5.65464588322833,-722.337116530769,0,5.67887852661212,0.473239877217676,5.67887852661212,0,88.5238905590289,57708,68,996.09375,-3.86276622751689,999.956516227517,996.09375,0,0,0,0,57708,0,0,57708,88.5238905590289,57708,0
0.962,999.980618808158,0.21742392676776,0.010871196338388,5.23588627629981,104.717725525996,5.6792098664623,0,1000,996.09375,3.90625,5.6792098664623,5.65497722307851,-601.947597108974,0,5.6792098664623,0.473267488871858,5.6792098664623,0,88.6286067335946,57776,68,996.09375,-3.88686880815817,999.980618808158,996.09375,0,0,0,0,57776,0,0,57776,88.6286067335946,57776,0
0.963,1000.02611290595,0.220060599059888,0.0110030299529944,5.2361244828388,104.722489656776,5.58866879362328,0,1000,1010.7421875,-10.7421875,5.58866879362328,5.6553085629287,1939.78325240919,0,5.58866879362328,0.465722399468607,5.58866879362328,0,88.7333267335718,57845,69,1010.7421875,10.7160745940536,1000.02611290595,1010.7421875,0,1,1,1,57845,0,0,57845,88.7333267335718,57845,0
0.964,999.999877616357,0.192388948700103,0.00961944743500515,5.23598711518373,104.719742303675,5.67863002172448,0,1000,996.09375,3.90625,5.67863002172448,5.65439737834069,-824.920206325676,0,5.67863002172448,0.47321916847704,5.67863002172448,-8.88178419700125e-16,88.8380489836966,57913,68,996.09375,-3.90612761635668,999.999877616357,996.09375,0,1,1,1,57913,0,0,57913,88.8380489836966,57913,0
0.965,999.969394707623,0.210718634548401,0.01053593172742,5.23582750704684,104.716550140937,5.67896136157466,0,1000,996.09375,3.90625,5.67896136157466,5.65472871819088,-687.433505271397,0,5.67896136157466,0.473246780131222,5.67896136157466,0,88.9427663781591,57981,68,996.09375,-3.87564470762311,999.969394707623,996.09375,0,1,1,1,57981,0,0,57981,88.9427663781591,57981,0
0.966,999.994549191726,0.217556118562005,0.0108778059281003,5.23595921561761,104.719184312352,5.67929270142485,0,1000,996.09375,3.90625,5.67929270142485,5.65506005804106,-572.861254392831,0,5.67929270142485,0.473274391785404,5.67929270142485,-8.88178419700125e-16,89.0474839653422,58049,68,996.09375,-3.90079919172615,999.994549191726,996.09375,0,1,1,1,58049,0,0,58049,89.0474839653422,58049,0
0.967,1000.04043599466,0.220111928339577,0.0110055964169788,5.23619947835593,104.723989567119,5.58875162858583,0,1000,1010.7421875,-10.7421875,5.58875162858583,5.65539139789125,1964.02187133931,0,5.58875162858583,0.465729302382153,5.58875162858583,-8.88178419700125e-16,89.1522054479865,58118,69,1010.7421875,10.7017515053407,1000.04043599466,1010.7421875,1,1,3,3,58118,0,0,58118,89.1522054479865,58118,0
0.968,1000.014347801,0.19241014883928,0.009620507441964,5.23606288089336,104.721257617867,5.67871285668703,0,1000,996.09375,3.90625,5.67871285668703,5.65448021330324,-804.721357217244,0,5.67871285668703,0.473226071390586,5.67871285668703,0,89.2569292069605,58186,68,996.09375,-3.92059780100158,1000.014347801,996.09375,1,1,3,3,58186,0,0,58186,89.2569292069605,58186,0
0.969,999.983920470574,0.210728607377054,0.0105364303688527,5.23590356376379,104.718071275276,5.67904419653721,0,1000,996.09375,3.90625,5.67904419653721,5.65481155315342,-670.60113101437,0,5.67904419653721,0.473253683044768,5.67904419653721,0,89.3616481201082,58254,68,996.09375,-3.89017047057393,999.983920470574,996.09375,1,1,3,3,58254,0,0,58254,89.3616481201082,58254,0
0.97,1000.00909642562,0.217561906388382,0.0108780953194191,5.23603538475617,104.720707695123,5.5885031236982,0,1000,1010.7421875,-10.7421875,5.5885031236982,5.65514289300361,1882.57197415469,0,5.5885031236982,0.465708593641516,5.5885031236982,0,89.4663672297215,58323,69,1010.7421875,10.7330910743785,1000.00909642562,1010.7421875,1,0,2,3,58323,1,0,58323,89.4663672297215,58323,0
0.971,999.975289343277,0.191453803783171,0.00957269018915857,5.23585837128695,104.717167425739,5.67846435179939,0,1000,996.09375,3.90625,5.67846435179939,5.6542317084156,-872.596271537757,0,5.67846435179939,0.473205362649949,5.67846435179939,0,89.5710872372484,58391,68,996.09375,-3.88153934327738,999.975289343277,996.09375,1,0,2,2,58391,0,0,58391,89.5710872372484,58391,0
0.972,999.941983591535,0.210366027534098,0.0105183013767049,5.23568398277862,104.713679655572,5.67879569164957,0,1000,996.09375,3.90625,5.67879569164957,5.65456304826579,-727.163559614797,0,5.67879569164957,0.473232974304131,5.67879569164957,0,89.6758018851179,58459,68,996.09375,-3.8482335915354,999.941983591535,996.09375,1,0,2,2,58459,0,0,58459,89.6758018851179,58459,0
0.973,999.96608457983,0.217420553219702,0.0108710276609851,5.23581017525824,104.716203505165,5.67912703149976,0,1000,996.09375,3.90625,5.67912703149976,5.65489438811597,-605.969633012331,0,5.67912703149976,0.473260585958313,5.67912703149976,0,89.7805165377459,58527,68,996.09375,-3.87233457982973,999.96608457983,996.09375,1,0,2,2,58527,0,0,58527,89.7805165377459,58527,0
0.974,1000.01157711928,0.220057231180665,0.0110028615590332,5.23604837363778,104.720967472756,5.58858595866074,0,1000,1010.7421875,-10.7421875,5.58858595866074,5.65522572796616,1936.43155582306,0,5.58858595866074,0.465715496555062,5.58858595866074,0,89.8852350156203,58596,69,1010.7421875,10.7306103807211,1000.01157711928,1010.7421875,0,0,0,2,58596,1,0,58596,89.8852350156203,58596,0
0.975,999.98534029713,0.192385585459726,0.00961927927298631,5.23591099795826,104.718219959165,5.67854718676194,0,1000,996.09375,3.90625,5.67854718676194,5.65431454337815,-827.713286814119,0,5.67854718676194,0.473212265563495,5.67854718676194,-8.88178419700125e-16,89.9899557434806,58664,68,996.09375,-3.89159029713016,999.98534029713,996.09375,0,0,0,0,58664,0,0,58664,89.9899557434806,58664,0
0.976,999.954855878364,0.210715275528812,0.0105357637764406,5.23575138191485,104.715027638297,5.67887852661212,0,1000,996.09375,3.90625,5.67887852661212,5.65464588322834,-689.761072345099,0,5.67887852661212,0.473239877217677,5.67887852661212,0,90.0946716155196,58732,68,996.09375,-3.86110587836379,999.954855878364,996.09375,0,0,0,0,58732,0,0,58732,90.0946716155196,58732,0
0.977,999.980008873579,0.217552763573605,0.0108776381786802,5.23588308268982,104.717661653796,5.67920986646231,0,1000,996.09375,3.90625,5.67920986646231,5.65497722307852,-574.800893620916,0,5.67920986646231,0.473267488871859,5.6792098664623,-8.88178419700125e-16,90.1993876801219,58800,68,996.09375,-3.88625887357898,999.980008873579,996.09375,0,0,0,0,58800,0,0,58800,90.1993876801219,58800,0
0.978,1000.02589420808,0.220108577278335,0.0110054288639167,5.23612333773947,104.722466754789,5.58866879362329,0,1000,1010.7421875,-10.7421875,5.58866879362329,5.6553085629287,1962.4055053159,0,5.58866879362329,0.465722399468607,5.58866879362329,-8.88178419700125e-16,90.3041076400307,58869,69,1010.7421875,10.7162932919152,1000.02589420808,1010.7421875,0,1,1,1,58869,0,0,58869,90.3041076400307,58869,0
0.979,999.99980456603,0.1924068016335,0.00962034008167499,5.23598673269311,104.719734653862,5.67863002172449,0,1000,996.09375,3.90625,5.67863002172449,5.6543973783407,-806.068328903414,0,5.67863002172449,0.47321916847704,5.67863002172449,0,90.4088298761165,58937,68,996.09375,-3.90605456602987,999.99980456603,996.09375,0,1,1,1,58937,0,0,58937,90.4088298761165,58937,0
0.98,999.969375806909,0.210725263967538,0.0105362631983769,5.23582740808293,104.716548161659,5.67896136157467,0,1000,996.09375,3.90625,5.67896136157467,5.65472871819088,-671.723607419512,0,5.67896136157467,0.473246780131222,5.67896136157467,0,90.5135472662252,59005,68,996.09375,-3.87562580690883,999.969375806909,996.09375,0,1,1,1,59005,0,0,59005,90.5135472662252,59005,0
0.981,999.994550352674,0.217558566721027,0.0108779283360513,5.23595922169632,104.719184433926,5.67929270142485,0,1000,996.09375,3.90625,5.67929270142485,5.65506005804107,-559.769672849593,0,5.67929270142485,0.473274391785404,5.67929270142485,0,90.6182648526508,59073,68,996.09375,-3.90080035267408,999.994550352674,996.09375,0,1,1,1,59073,0,0,59073,90.6182648526508,59073,0
0.982,1000.04044451861,0.220112818976548,0.0110056409488274,5.23619952298725,104.723990459745,5.58875162858584,0,1000,1010.7421875,-10.7421875,5.58875162858584,5.65539139789125,1974.93152262534,0,5.58875162858584,0.465729302382153,5.58875162858584,0,90.7229863358662,59142,69,1010.7421875,10.7017429813852,1000.04044451861,1010.7421875,1,1,3,3,59142,0,0,59142,90.7229863358662,59142,0
0.983,1000.01435895832,0.192410459479815,0.00962052297399077,5.23606293931294,104.721258786259,5.67871285668703,0,1000,996.09375,3.90625,5.67871285668703,5.65448021330325,-795.629981145551,0,5.67871285668703,0.473226071390586,5.67871285668703,0,90.8277100958942,59210,68,996.09375,-3.92060895832003,1000.01435895832,996.09375,1,1,3,3,59210,0,0,59210,90.8277100958942,59210,0
0.984,999.983932500618,0.210728702215233,0.0105364351107617,5.23590362675296,104.718072535059,5.67904419653722,0,1000,996.09375,3.90625,5.67904419653722,5.65481155315343,-663.024984287959,0,5.67904419653722,0.473253683044768,5.67904419653722,0,90.9324290102648,59278,68,996.09375,-3.89018250061827,999.983932500618,996.09375,1,1,3,3,59278,0,0,59278,90.9324290102648,59278,0
0.985,1000.0091086739,0.217561921108577,0.0108780960554289,5.23603544888799,104.72070897776,5.6793755363874,0,1000,996.09375,3.90625,5.6793755363874,5.65514289300361,-552.520820239966,0,5.6793755363874,0.47328129469895,5.6793755363874,0,91.0371481211527,59346,68,996.09375,-3.91535867389848,1000.0091086739,996.09375,1,1,3,3,59346,0,0,59346,91.0371481211527,59346,0
0.986,1000.05500420582,0.22011614010398,0.011005807005199,5.23627575733118,104.725515146624,5.58883446354838,0,1000,1010.7421875,-10.7421875,5.58883446354838,5.6554742328538,1980.97223313336,0,5.58883446354838,0.465736205295699,5.58883446354838,0,91.141871128985,59415,69,1010.7421875,10.6871832941827,1000.05500420582,1010.7421875,1,0,2,2,59415,0,0,59415,91.141871128985,59415,0
0.987,1000.02891990374,0.192413766226634,0.00962068831133172,5.23613918024487,104.722783604897,5.67879569164958,0,1000,996.09375,3.90625,5.67879569164958,5.65456304826579,-790.596055722198,0,5.67879569164958,0.473232974304132,5.67879569164958,0,91.2465964137665,59483,68,996.09375,-3.93516990373985,1000.02891990374,996.09375,1,0,2,2,59483,0,0,59483,91.2465964137665,59483,0
0.988,999.998494653934,0.210732001642412,0.0105366000821206,5.23597987400942,104.719597480188,5.67912703149976,0,1000,996.09375,3.90625,5.67912703149976,5.65489438811598,-658.830046435165,0,5.67912703149976,0.473260585958314,5.67912703149976,-8.88178419700125e-16,91.3513168530197,59551,68,996.09375,-3.90474465393368,999.998494653934,996.09375,1,0,2,2,59551,0,0,59551,91.3513168530197,59551,0
0.989,1000.02367200633,0.217565215873474,0.0108782607936737,5.23611170231827,104.722234046365,5.58858595866075,0,1000,1010.7421875,-10.7421875,5.58858595866075,5.65522572796616,1892.38121130403,0,5.58858595866075,0.465715496555062,5.58858595866075,-8.88178419700125e-16,91.4560374889145,59620,69,1010.7421875,10.7185154936743,1000.02367200633,1010.7421875,0,0,0,2,59620,1,0,59620,91.4560374889145,59620,0
0.99,999.989866058307,0.19145708005259,0.00957285400262948,5.23593469478837,104.718693895767,5.67854718676194,0,1000,996.09375,3.90625,5.67854718676194,5.65431454337816,-864.421907246642,0,5.67854718676194,0.473212265563495,5.67854718676194,0,91.5607590228533,59688,68,996.09375,-3.89611605830748,999.989866058307,996.09375,0,0,0,0,59688,0,0,59688,91.5607590228533,59688,0
0.991,999.956561334563,0.210369289821453,0.0105184644910727,5.23576031166262,104.715206233252,5.67887852661213,0,1000,996.09375,3.90625,5.67887852661213,5.65464588322834,-720.351589372202,0,5.67887852661213,0.473239877217677,5.67887852661213,0,91.6654751972475,59756,68,996.09375,-3.86281133456293,999.956561334563,996.09375,0,0,0,0,59756,0,0,59756,91.6654751972475,59756,0
0.992,999.98066330302,0.217423808712707,0.0108711904356353,5.23588650927436,104.717730185487,5.67920986646231,0,1000,996.09375,3.90625,5.67920986646231,5.65497722307852,-600.292991143502,0,5.67920986646231,0.473267488871859,5.67920986646231,0,91.7701913765048,59824,68,996.09375,-3.88691330301992,999.98066330302,996.09375,0,0,0,0,59824,0,0,59824,91.7701913765048,59824,0
0.993,1000.0261567967,0.220060482578784,0.0110030241289392,5.23612471265024,104.722494253005,5.58866879362329,0,1000,1010.7421875,-10.7421875,5.58866879362329,5.65530856292871,1941.16209071375,0,5.58866879362329,0.465722399468608,5.58866879362329,0,91.8749113811094,59893,69,1010.7421875,10.7160307033004,1000.0261567967,1010.7421875,0,1,1,1,59893,0,0,59893,91.8749113811094,59893,0
0.994,999.999920911119,0.192388833789933,0.00961944168949667,5.23598734187458,104.719746837492,5.67863002172449,0,1000,996.09375,3.90625,5.67863002172449,5.6543973783407,-823.771174405209,0,5.67863002172449,0.473219168477041,5.67863002172449,0,91.9796336357991,59961,68,996.09375,-3.90617091111949,999.999920911119,996.09375,0,1,1,1,59961,0,0,59961,91.9796336357991,59961,0
0.995,999.969437414452,0.210718521194674,0.0105359260597337,5.23582773065927,104.716554613185,5.67896136157467,0,1000,996.09375,3.90625,5.67896136157467,5.65472871819089,-686.475978671008,0,5.67896136157467,0.473246780131223,5.67896136157467,0,92.0843510347645,60029,68,996.09375,-3.87568741445182,999.969437414452,996.09375,0,1,1,1,60029,0,0,60029,92.0843510347645,60029,0
0.996,999.994591318592,0.217556006746136,0.0108778003373068,5.23595943619336,104.719188723867,5.67929270142486,0,1000,996.09375,3.90625,5.67929270142486,5.65506005804107,-572.063315559173,0,5.67929270142486,0.473274391785405,5.67929270142486,0,92.1890686263893,60097,68,996.09375,-3.90084131859169,999.994591318592,996.09375,0,1,1,1,60097,0,0,60097,92.1890686263893,60097,0
0.997,1000.04047754944,0.22011181804163,0.0110055909020815,5.23619969593623,104.723993918725,5.58875162858584,0,1000,1010.7421875,-10.7421875,5.58875162858584,5.65539139789125,1964.68682036736,0,5.58875162858584,0.465729302382153,5.58875162858584,0,92.2937901134155,60166,69,1010.7421875,10.7017099505633,1000.04047754944,1010.7421875,1,1,3,3,60166,0,0,60166,92.2937901134155,60166,0
0.998,1000.01438879146,0.192410040038992,0.00962050200194961,5.23606309551888,104.721261910378,5.67871285668704,0,1000,996.09375,3.90625,5.67871285668704,5.65448021330325,-804.167233027204,0,5.67871285668704,0.473226071390586,5.67871285668704,0,92.3985138767113,60234,68,996.09375,-3.92063879145633,1000.01438879146,996.09375,1,1,3,3,60234,0,0,60234,92.3985138767113,60234,0
0.999,999.983960904368,0.210728500054222,0.0105364250027111,5.23590377547464,104.718075509493,5.67904419653722,0,1000,996.09375,3.90625,5.67904419653722,5.65481155315343,-670.139360856003,0,5.67904419653722,0.473253683044768,5.67904419653722,-8.88178419700125e-16,92.5032327941223,60302,68,996.09375,-3.89021090436813,999.983960904368,996.09375,1,1,3,3,60302,0,0,60302,92.5032327941223,60302,0
1,1000.00913631031,0.21756180052299,0.0108780900261495,5.23603559359193,104.720711871839,5.6793755363874,0,1000,996.09375,3.90625,5.6793755363874,5.65514289300362,-558.449467380002,0,5.6793755363874,0.47328129469895,5.6793755363874,0,92.6079519079411,60370,68,996.09375,-3.91538631031392,1000.00913631031,996.09375,1,1,3,3,60370,0,0,60370,92.6079519079411,60370,0
