time_s,rpm,current_A,torque_Nm,back_emf_V,omega_rad_s,voltage_V,load_Nm,reference_rpm,measured_rpm,error_rpm,raw_voltage_V,integrator_V,derivative_rpm_s,aw_error_V,voltage_command_sat_V,duty_cycle,voltage_avg_V,pwm_error_V,shaft_angle_rad,encoder_count,encoder_delta_count,encoder_rpm,encoder_rpm_error,true_rpm,feedback_rpm,encoder_A,encoder_B,quadrature_state,previous_quadrature_state,decoded_encoder_count,encoder_direction,invalid_transition_count,ideal_count_edge,encoder_edge_angle_rad,ideal_encoder_count_phase5a,count_difference_vs_phase5a
0,0,0,0,0,0,0,0,0,0,0,0,0,0,0,0,0,0,0,0,0,0,0,0,0,0,0,0,0,0,0,0,0,0,0,0,0
0.001,0,0,0,0,0,0,0,0,0,0,0,0,0,0,0,0,0,0,0,0,0,0,0,0,0,0,0,0,0,0,0,0,0,0,0,0
0.002,0,0,0,0,0,0,0,0,0,0,0,0,0,0,0,0,0,0,0,0,0,0,0,0,0,0,0,0,0,0,0,0,0,0,0,0
0.003,0,0,0,0,0,0,0,0,0,0,0,0,0,0,0,0,0,0,0,0,0,0,0,0,0,0,0,0,0,0,0,0,0,0,0,0
0.004,0,0,0,0,0,0,0,0,0,0,0,0,0,0,0,0,0,0,0,0,0,0,0,0,0,0,0,0,0,0,0,0,0,0,0,0
0.005,0,0,0,0,0,0,0,0,0,0,0,0,0,0,0,0,0,0,0,0,0,0,0,0,0,0,0,0,0,0,0,0,0,0,0,0
0.006,0,0,0,0,0,0,0,0,0,0,0,0,0,0,0,0,0,0,0,0,0,0,0,0,0,0,0,0,0,0,0,0,0,0,0,0
0.007,0,0,0,0,0,0,0,0,0,0,0,0,0,0,0,0,0,0,0,0,0,0,0,0,0,0,0,0,0,0,0,0,0,0,0,0
0.008,0,0,0,0,0,0,0,0,0,0,0,0,0,0,0,0,0,0,0,0,0,0,0,0,0,0,0,0,0,0,0,0,0,0,0,0
0.009,0,0,0,0,0,0,0,0,0,0,0,0,0,0,0,0,0,0,0,0,0,0,0,0,0,0,0,0,0,0,0,0,0,0,0,0
0.01,0,0,0,0,0,0,0,0,0,0,0,0,0,0,0,0,0,0,0,0,0,0,0,0,0,0,0,0,0,0,0,0,0,0,0,0
0.011,0,0,0,0,0,0,0,0,0,0,0,0,0,0,0,0,0,0,0,0,0,0,0,0,0,0,0,0,0,0,0,0,0,0,0,0
0.012,0,0,0,0,0,0,0,0,0,0,0,0,0,0,0,0,0,0,0,0,0,0,0,0,0,0,0,0,0,0,0,0,0,0,0,0
0.013,0,0,0,0,0,0,0,0,0,0,0,0,0,0,0,0,0,0,0,0,0,0,0,0,0,0,0,0,0,0,0,0,0,0,0,0
0.014,0,0,0,0,0,0,0,0,0,0,0,0,0,0,0,0,0,0,0,0,0,0,0,0,0,0,0,0,0,0,0,0,0,0,0,0
0.015,0,0,0,0,0,0,0,0,0,0,0,0,0,0,0,0,0,0,0,0,0,0,0,0,0,0,0,0,0,0,0,0,0,0,0,0
0.016,0,0,0,0,0,0,0,0,0,0,0,0,0,0,0,0,0,0,0,0,0,0,0,0,0,0,0,0,0,0,0,0,0,0,0,0
0.017,0,0,0,0,0,0,0,0,0,0,0,0,0,0,0,0,0,0,0,0,0,0,0,0,0,0,0,0,0,0,0,0,0,0,0,0
0.018,0,0,0,0,0,0,0,0,0,0,0,0,0,0,0,0,0,0,0,0,0,0,0,0,0,0,0,0,0,0,0,0,0,0,0,0
0.019,0,0,0,0,0,0,0,0,0,0,0,0,0,0,0,0,0,0,0,0,0,0,0,0,0,0,0,0,0,0,0,0,0,0,0,0
0.02,0,0,0,0,0,0,0,0,0,0,0,0,0,0,0,0,0,0,0,0,0,0,0,0,0,0,0,0,0,0,0,0,0,0,0,0
0.021,0,0,0,0,0,0,0,0,0,0,0,0,0,0,0,0,0,0,0,0,0,0,0,0,0,0,0,0,0,0,0,0,0,0,0,0
0.022,0,0,0,0,0,0,0,0,0,0,0,0,0,0,0,0,0,0,0,0,0,0,0,0,0,0,0,0,0,0,0,0,0,0,0,0
0.023,0,0,0,0,0,0,0,0,0,0,0,0,0,0,0,0,0,0,0,0,0,0,0,0,0,0,0,0,0,0,0,0,0,0,0,0
0.024,0,0,0,0,0,0,0,0,0,0,0,0,0,0,0,0,0,0,0,0,0,0,0,0,0,0,0,0,0,0,0,0,0,0,0,0
0.025,0,0,0,0,0,0,0,0,0,0,0,0,0,0,0,0,0,0,0,0,0,0,0,0,0,0,0,0,0,0,0,0,0,0,0,0
0.026,0,0,0,0,0,0,0,0,0,0,0,0,0,0,0,0,0,0,0,0,0,0,0,0,0,0,0,0,0,0,0,0,0,0,0,0
0.027,0,0,0,0,0,0,0,0,0,0,0,0,0,0,0,0,0,0,0,0,0,0,0,0,0,0,0,0,0,0,0,0,0,0,0,0
0.028,0,0,0,0,0,0,0,0,0,0,0,0,0,0,0,0,0,0,0,0,0,0,0,0,0,0,0,0,0,0,0,0,0,0,0,0
0.029,0,0,0,0,0,0,0,0,0,0,0,0,0,0,0,0,0,0,0,0,0,0,0,0,0,0,0,0,0,0,0,0,0,0,0,0
0.03,0,0,0,0,0,0,0,0,0,0,0,0,0,0,0,0,0,0,0,0,0,0,0,0,0,0,0,0,0,0,0,0,0,0,0,0
0.031,0,0,0,0,0,0,0,0,0,0,0,0,0,0,0,0,0,0,0,0,0,0,0,0,0,0,0,0,0,0,0,0,0,0,0,0
0.032,0,0,0,0,0,0,0,0,0,0,0,0,0,0,0,0,0,0,0,0,0,0,0,0,0,0,0,0,0,0,0,0,0,0,0,0
0.033,0,0,0,0,0,0,0,0,0,0,0,0,0,0,0,0,0,0,0,0,0,0,0,0,0,0,0,0,0,0,0,0,0,0,0,0
0.034,0,0,0,0,0,0,0,0,0,0,0,0,0,0,0,0,0,0,0,0,0,0,0,0,0,0,0,0,0,0,0,0,0,0,0,0
0.035,0,0,0,0,0,0,0,0,0,0,0,0,0,0,0,0,0,0,0,0,0,0,0,0,0,0,0,0,0,0,0,0,0,0,0,0
0.036,0,0,0,0,0,0,0,0,0,0,0,0,0,0,0,0,0,0,0,0,0,0,0,0,0,0,0,0,0,0,0,0,0,0,0,0
0.037,0,0,0,0,0,0,0,0,0,0,0,0,0,0,0,0,0,0,0,0,0,0,0,0,0,0,0,0,0,0,0,0,0,0,0,0
0.038,0,0,0,0,0,0,0,0,0,0,0,0,0,0,0,0,0,0,0,0,0,0,0,0,0,0,0,0,0,0,0,0,0,0,0,0
0.039,0,0,0,0,0,0,0,0,0,0,0,0,0,0,0,0,0,0,0,0,0,0,0,0,0,0,0,0,0,0,0,0,0,0,0,0
0.04,0,0,0,0,0,0,0,0,0,0,0,0,0,0,0,0,0,0,0,0,0,0,0,0,0,0,0,0,0,0,0,0,0,0,0,0
0.041,0,0,0,0,0,0,0,0,0,0,0,0,0,0,0,0,0,0,0,0,0,0,0,0,0,0,0,0,0,0,0,0,0,0,0,0
0.042,0,0,0,0,0,0,0,0,0,0,0,0,0,0,0,0,0,0,0,0,0,0,0,0,0,0,0,0,0,0,0,0,0,0,0,0
0.043,0,0,0,0,0,0,0,0,0,0,0,0,0,0,0,0,0,0,0,0,0,0,0,0,0,0,0,0,0,0,0,0,0,0,0,0
0.044,0,0,0,0,0,0,0,0,0,0,0,0,0,0,0,0,0,0,0,0,0,0,0,0,0,0,0,0,0,0,0,0,0,0,0,0
0.045,0,0,0,0,0,0,0,0,0,0,0,0,0,0,0,0,0,0,0,0,0,0,0,0,0,0,0,0,0,0,0,0,0,0,0,0
0.046,0,0,0,0,0,0,0,0,0,0,0,0,0,0,0,0,0,0,0,0,0,0,0,0,0,0,0,0,0,0,0,0,0,0,0,0
0.047,0,0,0,0,0,0,0,0,0,0,0,0,0,0,0,0,0,0,0,0,0,0,0,0,0,0,0,0,0,0,0,0,0,0,0,0
0.048,0,0,0,0,0,0,0,0,0,0,0,0,0,0,0,0,0,0,0,0,0,0,0,0,0,0,0,0,0,0,0,0,0,0,0,0
0.049,0,0,0,0,0,0,0,0,0,0,0,0,0,0,0,0,0,0,0,0,0,0,0,0,0,0,0,0,0,0,0,0,0,0,0,0
0.05,0,0,0,0,0,3.10177835312469,0,500,0,500,3.10177835312469,0,0,0,3.10177835312469,0.258481529427057,3.10177835312469,0,0,0,0,0,0,0,0,0,0,0,0,0,0,0,0,0,0,0
0.051,2.72051672472692,0.978341586614259,0.048917079330713,0.0142445922606171,0.284891845212341,3.14418985394815,0,500,0,500,3.14418985394815,0.0424115008234622,0,0,3.14418985394815,0.262015821162346,3.14418985394815,0,0.000102366649014954,0,0,0,-2.72051672472692,2.72051672472692,0,0,0,0,0,0,0,0,0,0.000102366649014954,0,0
0.052,8.40804618111318,1.34391352741347,0.0671956763706735,0.0440244268560481,0.880488537120963,3.18660135477161,0,500,0,500,3.18660135477161,0.0848230016469244,0,0,3.18660135477161,0.265550112897634,3.18660135477161,0,0.000670129699297231,0,0,0,-8.40804618111318,8.40804618111318,0,0,0,0,0,0,0,0,0,0.000670129699297231,0,0
0.053,15.2014310490295,1.48118390848054,0.0740591954240272,0.0795945068461381,1.59189013692276,3.13814044290588,0,500,14.6484375,485.3515625,3.13814044290588,0.127234502470387,2441.40625,0,3.13814044290588,0.26151170357549,3.13814044290588,0,0.00190076291096896,1,1,14.6484375,-0.552993549029505,15.2014310490295,14.6484375,0,1,1,1,1,0,0,1,0.00190076291096896,1,0
0.054,22.327548934333,1.50473218825222,0.0752366094126108,0.116906772841279,2.33813545682557,3.17930941929115,0,500,14.6484375,485.3515625,3.17930941929115,0.168403478855662,2034.50520833333,0,3.17930941929115,0.264942451607596,3.17930941929115,-4.44089209850063e-16,0.00386488520265924,2,1,14.6484375,-7.679111434333,22.327548934333,14.6484375,1,1,3,3,2,0,0,2,0.00386488520265924,2,0
0.055,29.5208241595658,1.51454076341033,0.0757270381705163,0.154570673846014,3.09141347692027,3.12960598298722,0,500,29.296875,470.703125,3.12960598298722,0.209572455240936,4136.82725694444,0,3.12960598298722,0.260800498582269,3.12960598298722,0,0.00657933313962501,4,2,29.296875,-0.223949159565841,29.5208241595658,29.296875,0,0,0,0,4,0,0,4,0.00657933313962501,4,0
0.056,36.6598191368188,1.49056690142629,0.0745283450713143,0.191950364136934,3.83900728273868,3.16953243493431,0,500,29.296875,470.703125,3.16953243493431,0.249498907188024,3447.3560474537,0,3.16953243493431,0.264127702911193,3.16953243493431,0,0.0100456013559527,6,2,29.296875,-7.36294413681876,36.6598191368188,29.296875,1,1,3,3,6,0,0,6,0.0100456013559527,6,0
0.057,43.7217576045729,1.48263662661782,0.0741318313308908,0.2289265874876,4.578531749752,3.1185864741922,0,500,43.9453125,456.0546875,3.1185864741922,0.289425359135111,5314.20295621142,0,3.1185864741922,0.259882206182683,3.1185864741922,-4.44089209850063e-16,0.0142547701799887,9,3,43.9453125,0.223554895427064,43.7217576045729,43.9453125,0,1,1,1,9,0,0,9,0.0142547701799887,9,0
0.058,50.67566240435,1.45202037821099,0.0726010189105494,0.265337147875504,5.30674295751008,3.1572704017011,0,500,43.9453125,456.0546875,3.1572704017011,0.328109286644011,4428.50246350952,0,3.1572704017011,0.263105866808425,3.1572704017011,0,0.0191987357350548,12,3,43.9453125,-6.73034990434996,50.67566240435,43.9453125,0,0,0,0,12,0,0,12,0.0191987357350548,12,0
0.059,57.5324605577367,1.44158200284163,0.0720791001420813,0.301239259051884,6.02478518103768,3.1050819165208,0,500,58.59375,441.40625,3.1050819165208,0.366793214152912,6131.82496959126,0,3.1050819165208,0.258756826376733,3.1050819165208,-4.44089209850063e-16,0.024864999778192,16,4,58.59375,1.06128944226327,57.5324605577367,58.59375,0,0,0,0,16,0,0,16,0.024864999778192,16,0
0.06,64.2737320983755,1.40999803095991,0.0704999015479956,0.336536474298425,6.7307294859685,3.14252331959151,0,500,58.59375,441.40625,3.14252331959151,0.404234617223624,5109.85414132605,0,3.14252331959151,0.261876943299293,3.14252331959151,0,0.0312441227515426,20,4,58.59375,-5.6799820983755,64.2737320983755,58.59375,0,0,0,0,20,0,0,20,0.0312441227515426,20,0
0.061,70.915082808028,1.39916589228276,0.069958294614138,0.371310505297354,7.42621010594709,3.17996472266223,0,500,58.59375,441.40625,3.17996472266223,0.441676020294337,4258.21178443838,0,3.17996472266223,0.264997060221852,3.17996472266223,0,0.0383231064002734,24,4,58.59375,-12.321332808028,70.915082808028,58.59375,0,0,0,0,24,0,0,24,0.0383231064002734,24,0
0.062,77.5195388366893,1.39606440836203,0.0698032204181013,0.405891356198353,8.11782712396706,3.03566130035454,0,500,87.890625,412.109375,3.03566130035454,0.47911742336505,8431.32232036532,0,3.03566130035454,0.252971775029545,3.03566130035454,0,0.0460953215562717,30,6,87.890625,10.3710861633107,77.5195388366893,87.890625,1,1,3,3,30,0,0,30,0.0460953215562717,30,0
0.063,83.9511721236935,1.33851757081931,0.0669258785409654,0.43956730934008,8.79134618680159,3.16149006723808,0,500,73.2421875,426.7578125,3.16149006723808,0.514073777559388,4584.69568363776,0,3.16149006723808,0.263457505603173,3.16149006723808,0,0.0545523349655635,35,5,73.2421875,-10.7089846236935,83.9511721236935,73.2421875,1,0,2,2,35,0,0,35,0.0545523349655635,35,0
0.064,90.28398465995,1.34660945879672,0.0673304729398361,0.472725838240854,9.45451676481708,3.1068165331814,0,500,87.890625,412.109375,3.1068165331814,0.550272656191913,6261.9859863648,0,3.1068165331814,0.258901377765117,3.1068165331814,0,0.0636750012474395,41,6,87.890625,-2.39335965994997,90.28398465995,87.890625,0,1,1,1,41,0,0,41,0.0636750012474395,41,0
0.065,96.5578003535944,1.32186231647149,0.0660931158235747,0.50557546039607,10.1115092079214,3.14177288737574,0,500,87.890625,412.109375,3.14177288737574,0.585229010386251,5218.321655304,0,3.14177288737574,0.261814407281312,3.14177288737574,0,0.0734590946810419,47,6,87.890625,-8.6671753535944,96.5578003535944,87.890625,1,0,2,2,47,0,0,47,0.0734590946810419,47,0
0.066,102.75270917147,1.31351049479151,0.0656755247395757,0.538011927115896,10.7602385423179,3.08585682888088,0,500,102.5390625,397.4609375,3.08585682888088,0.620185364580589,6790.00762942,0,3.08585682888088,0.257154735740073,3.08585682888088,0,0.0838953760356639,54,7,102.5390625,-0.213646671469647,102.75270917147,102.5390625,1,1,3,3,54,0,0,54,0.0838953760356639,54,0
0.067,108.838803093964,1.2826039890806,0.0641301994540301,0.569878640375839,11.3975728075168,3.11957065863703,0,500,102.5390625,397.4609375,3.11957065863703,0.65389919433674,5658.33969118334,0,3.11957065863703,0.259964221553086,3.11957065863703,0,0.0949756126932033,61,7,102.5390625,-6.29974059396412,108.838803093964,102.5390625,0,1,1,1,61,0,0,61,0.0949756126932033,61,0
0.068,114.827408720303,1.27192451158198,0.063596225579099,0.601234906110758,12.0246981222152,3.06241207570398,0,500,117.1875,382.8125,3.06241207570398,0.68761302409289,7156.68932598611,0,3.06241207570398,0.255201006308665,3.06241207570398,0,0.106687248893956,69,8,117.1875,2.36009127969746,114.827408720303,117.1875,0,1,1,1,69,0,0,69,0.106687248893956,69,0
0.069,120.700256185498,1.24011798855898,0.0620058994279491,0.631985063531275,12.6397012706255,3.09488338102194,0,500,117.1875,382.8125,3.09488338102194,0.720084329410854,5963.90777165509,0,3.09488338102194,0.257906948418495,3.09488338102194,0,0.119020814229303,77,8,117.1875,-3.51275618549755,120.700256185498,117.1875,0,1,1,1,77,0,0,77,0.119020814229303,77,0
0.07,126.473008408264,1.22907044426436,0.0614535222132182,0.662211123488002,13.24422246976,3.03648227365071,0,500,131.8359375,368.1640625,3.03648227365071,0.752555634728817,7411.32939304591,0,3.03648227365071,0.253040189470892,3.03648227365071,0,0.131963289656578,86,9,131.8359375,5.36292909173633,126.473008408264,131.8359375,1,1,3,3,86,0,0,86,0.131963289656578,86,0
0.071,132.129011384773,1.19709409655326,0.0598547048276631,0.691825885820808,13.8365177164161,3.15858346721968,0,500,117.1875,382.8125,3.15858346721968,0.783784415608593,3734.70157753826,0,3.15858346721968,0.263215288934973,3.15858346721968,-4.44089209850063e-16,0.14550503007229,94,8,117.1875,-14.9415113847728,132.129011384773,117.1875,1,1,3,3,94,0,0,94,0.14550503007229,94,0
0.072,137.764232964781,1.21461298994234,0.0607306494971168,0.721331837015981,14.4266367403196,3.00930994715925,0,500,146.484375,353.515625,3.00930994715925,0.816255720926556,7995.06381461522,0,3.00930994715925,0.250775828929937,3.00930994715925,-4.44089209850063e-16,0.159635948309838,104,10,146.484375,8.72014203521908,137.764232964781,146.484375,0,0,0,0,104,0,0,104,0.159635948309838,104,0
0.073,143.28976273111,1.16461608139066,0.058230804069533,0.750263443217802,15.005268864356,3.13016861629003,0,500,131.8359375,368.1640625,3.13016861629003,0.846241977368145,4221.14692884601,0,3.13016861629003,0.260847384690836,3.13016861629003,0,0.174354008830521,113,9,131.8359375,-11.4538252311104,143.28976273111,131.8359375,0,1,1,1,113,0,0,113,0.174354008830521,113,0
0.074,148.739904842001,1.17538845650469,0.0587694228252346,0.778800320578793,15.5760064115759,3.07052498448061,0,500,146.484375,353.515625,3.07052498448061,0.87747075824792,5959.02869070501,0,3.07052498448061,0.255877082040051,3.07052498448061,-4.44089209850063e-16,0.189644262111681,123,10,146.484375,-2.25552984200112,148.739904842001,146.484375,1,0,2,2,123,0,0,123,0.189644262111681,123,0
0.075,154.139694121172,1.15150781635502,0.057575390817751,0.80707355112942,16.1414710225884,3.1005112409222,0,500,146.484375,353.515625,3.1005112409222,0.907457014689509,4965.85724225418,0,3.1005112409222,0.258375936743517,3.1005112409222,0,0.205504036569641,133,10,146.484375,-7.65531912117214,154.139694121172,146.484375,0,1,1,1,133,0,0,133,0.205504036569641,133,0
0.076,159.463711720853,1.1433468844731,0.0571673442236551,0.834950042093985,16.6990008418797,3.03962508467459,0,500,161.1328125,338.8671875,3.03962508467459,0.937443271131097,6579.62061854515,0,3.03962508467459,0.253302090389549,3.03962508467459,0,0.221924663005207,144,11,161.1328125,1.66910077914739,159.463711720853,161.1328125,0,0,0,0,144,0,0,144,0.221924663005207,144,0
0.077,164.679998353524,1.11237977811835,0.0556189889059177,0.86226245503435,17.245249100687,3.06836881667799,0,500,161.1328125,338.8671875,3.06836881667799,0.966187003134499,5483.01718212096,0,3.06836881667799,0.255697401389832,3.06836881667799,-4.44089209850063e-16,0.238898112304375,155,11,161.1328125,-3.54718585352393,164.679998353524,161.1328125,1,0,2,2,155,0,0,155,0.238898112304375,155,0
0.078,169.799117517611,1.10154622218285,0.0550773111091424,0.88906610029893,17.7813220059786,3.00624013599219,0,500,175.78125,324.21875,3.00624013599219,0.9949307351379,7010.5872351008,0,3.00624013599219,0.250520011332682,3.00624013599219,0,0.25641189577442,167,12,175.78125,5.98213248238855,169.799117517611,175.78125,1,0,2,2,167,0,0,167,0.25641189577442,167,0
0.079,174.80251616597,1.06955101092362,0.0534775505461811,0.915263834360038,18.3052766872008,3.1246137562466,0,500,161.1328125,338.8671875,3.1246137562466,1.02243194270311,3400.74977925066,0,3.1246137562466,0.260384479687217,3.1246137562466,-4.44089209850063e-16,0.274456559360011,178,11,161.1328125,-13.6697036659702,174.80251616597,161.1328125,1,1,3,3,178,0,0,178,0.274456559360011,178,0
0.08,179.785455462204,1.08696444934003,0.0543482224670017,0.941354443503925,18.8270888700785,2.97161266287161,0,500,190.4296875,309.5703125,2.97161266287161,1.05117567470651,7716.77064937555,0,2.97161266287161,0.247634388572634,2.97161266287161,0,0.293022080617476,191,13,190.4296875,10.6442320377961,179.785455462204,190.4296875,1,0,2,2,191,0,0,191,0.293022080617476,191,0
0.081,184.658762529653,1.03682998464961,0.0518414992324806,0.966871019640232,19.3374203928046,3.08874375868783,0,500,175.78125,324.21875,3.08874375868783,1.07743435783354,3989.23595781296,0,3.08874375868783,0.257395313223986,3.08874375868783,0,0.312106441753546,203,12,175.78125,-8.87751252965271,184.658762529653,175.78125,1,0,2,2,203,0,0,203,0.312106441753546,203,0
0.082,189.456644561915,1.04745300179083,0.0523726500895417,0.991992671215808,19.8398534243162,3.02537255356384,0,500,190.4296875,309.5703125,3.02537255356384,1.10493556539875,5765.76954817747,0,3.02537255356384,0.252114379463654,3.02537255356384,-4.44089209850063e-16,0.331694693575015,216,13,190.4296875,0.973042938084973,189.456644561915,190.4296875,0,0,0,0,216,0,0,216,0.331694693575015,216,0
0.083,194.204101065563,1.02341876263625,0.0511709381318123,1.01685029534097,20.3370059068194,3.05163123669087,0,500,190.4296875,309.5703125,3.05163123669087,1.13119424852578,4804.80795681456,0,3.05163123669087,0.254302603057573,3.05163123669087,-4.44089209850063e-16,0.351784158424276,229,13,190.4296875,-3.77441356556264,194.204101065563,190.4296875,0,1,1,1,229,0,0,229,0.351784158424276,229,0
0.084,198.875700832783,1.01510280553708,0.050755140276854,1.04131073452299,20.8262146904598,3.0778899198179,0,500,190.4296875,309.5703125,3.0778899198179,1.15745293165281,4004.0066306788,0,3.0778899198179,0.256490826651491,3.0778899198179,0,0.372366158726638,242,13,190.4296875,-8.44601333278311,198.875700832783,190.4296875,1,1,3,3,242,0,0,242,0.372366158726638,242,0
0.085,203.519183396754,1.01264264555464,0.0506321322777321,1.06562395237306,21.3124790474612,3.01327619025572,0,500,205.078125,294.921875,3.01327619025572,1.18371161477983,5778.07844223233,0,3.01327619025572,0.251106349187977,3.01327619025572,0,0.393435655241032,256,14,205.078125,1.5589416032465,203.519183396754,205.078125,0,0,0,0,256,0,0,256,0.393435655241032,256,0
0.086,208.072630534393,0.983701457406737,0.0491850728703368,1.08946574583325,21.7893149166651,3.03829234894456,0,500,205.078125,294.921875,3.03829234894456,1.20872777346867,4815.06536852694,0,3.03829234894456,0.253191029078714,3.03829234894456,0,0.414987786532431,270,14,205.078125,-2.99450553439294,208.072630534393,205.078125,1,1,3,3,270,0,0,270,0.414987786532431,270,0
0.087,212.535444706345,0.973524829348829,0.0486762414674415,1.11283298619482,22.2566597238964,3.0633085076334,0,500,205.078125,294.921875,3.0633085076334,1.23374393215751,4012.55447377245,0,3.0633085076334,0.25527570896945,3.0633085076334,0,0.437011237942336,284,14,205.078125,-7.45731970634503,212.535444706345,205.078125,0,0,0,0,284,0,0,284,0.437011237942336,284,0
0.088,216.96461801335,0.97033900333243,0.0485169501666215,1.13602408339943,22.7204816679885,2.99745225363304,0,500,219.7265625,280.2734375,2.99745225363304,1.25876009084635,5785.20164481038,0,2.99745225363304,0.249787687802753,2.99745225363304,0,0.459499985781185,299,15,219.7265625,2.76194448665015,216.96461801335,219.7265625,1,0,2,2,299,0,0,299,0.459499985781185,299,0
0.089,221.301679724639,0.941095067806192,0.0470547533903096,1.15873288541668,23.1746577083335,3.02122588788369,0,500,219.7265625,280.2734375,3.02122588788369,1.282533725097,4821.00137067531,0,3.02122588788369,0.251768823990308,3.02122588788369,0,0.48244879991647,314,15,219.7265625,-1.57511722463866,221.301679724639,219.7265625,1,1,3,3,314,0,0,314,0.48244879991647,314,0
0.09,225.547316985034,0.930773307426168,0.0465386653713084,1.18096299012845,23.619259802569,3.04499952213434,0,500,219.7265625,280.2734375,3.04499952213434,1.30630735934765,4017.50114222943,0,3.04499952213434,0.253749960177862,3.04499952213434,-4.44089209850063e-16,0.505846226429467,329,15,219.7265625,-5.82075448503369,225.547316985034,219.7265625,0,1,1,1,329,0,0,329,0.505846226429467,329,0
0.091,229.75900077575,0.927501118976015,0.0463750559488007,1.20301531488871,24.0603062977743,2.9779007436958,0,500,234.375,265.625,2.9779007436958,1.33008099359831,5789.32386852452,0,2.9779007436958,0.248158395307983,2.9779007436958,0,0.529686187877865,345,16,234.375,4.61599922424989,229.75900077575,234.375,0,1,1,1,345,0,0,345,0.529686187877865,345,0
0.092,233.878439023807,0.898192763387973,0.0449096381693987,1.22458464311706,24.4916928623413,3.00043185350826,0,500,234.375,265.625,3.00043185350826,1.35261210341077,4824.43655710377,0,3.00043185350826,0.250035987792355,3.00043185350826,0,0.553963432259414,361,16,234.375,0.496560976193479,233.878439023807,234.375,0,1,1,1,361,0,0,361,0.553963432259414,361,0
0.093,237.906385674172,0.887814803810519,0.0443907401905259,1.24567492246013,24.9134984492026,3.02296296332073,0,500,234.375,265.625,3.02296296332073,1.37514321322323,4020.36379758648,0,3.02296296332073,0.251913580276727,3.02296296332072,-4.44089209850063e-16,0.578666495689375,377,16,234.375,-3.53138567417179,237.906385674172,234.375,0,1,1,1,377,0,0,377,0.578666495689375,377,0
0.094,241.900336830033,0.884489524165197,0.0442244762082598,1.26658720181021,25.3317440362043,3.04549407313319,0,500,234.375,265.625,3.04549407313319,1.3976743230357,3350.3031646554,0,3.04549407313319,0.253791172761099,3.04549407313319,0,0.603789295219092,393,16,234.375,-7.52533683003321,241.900336830033,234.375,0,1,1,1,393,0,0,393,0.603789295219092,393,0
0.095,245.881712647525,0.883791631035581,0.044189581551779,1.28743363684257,25.7486727368514,2.97715277025645,0,500,249.0234375,250.9765625,2.97715277025645,1.42020543284816,5233.3255538795,0,2.97715277025645,0.248096064188038,2.97715277025645,-4.44089209850063e-16,0.629329574048794,410,17,249.0234375,3.14172485247508,245.881712647525,249.0234375,1,1,3,3,410,0,0,410,0.629329574048794,410,0
0.096,249.778789796954,0.855410038965701,0.0427705019482851,1.3078386850811,26.156773701622,2.99844135563073,0,500,249.0234375,250.9765625,2.99844135563073,1.44149401822244,4361.10462823291,0,2.99844135563073,0.249870112969228,2.99844135563073,0,0.655283501739787,427,17,249.0234375,-0.755352296953959,249.778789796954,249.0234375,1,0,2,2,427,0,0,427,0.655283501739787,427,0
0.097,253.587318366344,0.845345066898339,0.042267253344917,1.32778009403873,26.5556018807747,3.01972994100501,0,500,249.0234375,250.9765625,3.01972994100501,1.46278260359672,3634.25385686076,0,3.01972994100501,0.251644161750417,3.01972994100501,0,0.681640142168576,444,17,249.0234375,-4.56388086634354,253.587318366344,249.0234375,0,0,0,0,444,0,0,444,0.681640142168576,444,0
0.098,257.362930406328,0.842104145907227,0.0421052072953614,1.34754915245144,26.9509830490287,3.04101852637929,0,500,249.0234375,250.9765625,3.04101852637929,1.48407118897099,3028.5448807173,0,3.04101852637929,0.253418210531607,3.04101852637928,-4.44089209850063e-16,0.708393607168046,461,17,249.0234375,-8.33949290632836,257.362930406328,249.0234375,0,1,1,1,461,0,0,461,0.708393607168046,461,0
0.099,261.126351818377,0.841405476739089,0.0420702738369544,1.36725438088553,27.3450876177105,2.97143469906436,0,500,263.671875,236.328125,2.97143469906436,1.50535977434527,4965.19365059775,0,2.97143469906436,0.247619558255364,2.97143469906436,0,0.735541710686347,479,18,263.671875,2.5455231816232,261.126351818377,263.671875,1,0,2,2,479,0,0,479,0.735541710686347,479,0
0.1,264.805600848078,0.812991435129194,0.0406495717564597,1.38651888375626,27.7303776751251,2.99148076000045,0,500,263.671875,236.328125,2.99148076000045,1.52540583528136,4137.66137549813,0,2.99148076000045,0.249290063333371,2.99148076000045,0,0.763080646846086,497,18,263.671875,-1.13372584807814,264.805600848078,263.671875,0,1,1,1,497,0,0,497,0.763080646846086,497,0
0.101,268.396331533304,0.802882257514092,0.0401441128757046,1.40531990565913,28.1063981131826,3.01152682093654,0,500,263.671875,236.328125,3.01152682093654,1.54545189621745,3448.05114624844,0,3.01152682093654,0.250960568411378,3.01152682093654,-4.44089209850063e-16,0.790999486901659,515,18,263.671875,-4.72445653330374,268.396331533304,263.671875,1,0,2,2,515,0,0,515,0.790999486901659,515,0
0.102,271.954140367502,0.799592795048964,0.0399796397524482,1.42394854915312,28.4789709830623,2.94070046918343,0,500,278.3203125,221.6796875,2.94070046918343,1.56549795715354,5314.78220520703,0,2.94070046918343,0.245058372431953,2.94070046918343,0,0.819292343685872,534,19,278.3203125,6.36617213249843,271.954140367502,278.3203125,1,1,3,3,534,0,0,534,0.819292343685872,534,0
0.103,275.420037591383,0.770181661222084,0.0385090830611042,1.44209594458086,28.8419188916171,3.05037641837053,0,500,263.671875,236.328125,3.05037641837053,1.58430149365144,1987.57892100586,0,3.05037641837053,0.254198034864211,3.05037641837053,0,0.847954030771388,552,18,263.671875,-11.7481625913832,275.420037591383,263.671875,0,0,0,0,552,0,0,552,0.847954030771388,552,0
0.104,278.874220535112,0.788331550161605,0.0394165775080803,1.46018200418115,29.203640083623,2.97955006661742,0,500,278.3203125,221.6796875,2.97955006661742,1.60434755458753,4097.72201750488,0,2.97955006661742,0.248295838884785,2.97955006661742,0,0.876976102483766,571,19,278.3203125,-0.553908035112272,278.874220535112,278.3203125,1,0,2,2,571,0,0,571,0.876976102483766,571,0
0.105,282.30160831124,0.766907842754633,0.0383453921377316,1.47812776461196,29.5625552922392,2.99835360311533,0,500,278.3203125,221.6796875,2.99835360311533,1.62315109108543,3414.76834792074,0,2.99835360311533,0.24986280025961,2.99835360311533,0,0.906360114464626,590,19,278.3203125,-3.98129581124016,282.30160831124,278.3203125,1,1,3,3,590,0,0,590,0.906360114464626,590,0
0.106,285.66183835092,0.759371008639158,0.0379685504319579,1.49572188795701,29.9144377591402,2.92628472692403,0,500,292.96875,207.03125,2.92628472692403,1.64195462758334,5287.04653993395,0,2.92628472692403,0.243857060577002,2.92628472692403,0,0.936098955274672,610,20,292.96875,7.30691164907978,285.66183835092,292.96875,1,1,3,3,610,0,0,610,0.936098955274672,610,0
0.107,288.917385977426,0.728345564937193,0.0364172782468596,1.51276789546841,30.2553579093682,3.03471815167294,0,500,278.3203125,221.6796875,3.03471815167294,1.65951563964305,1964.46586661162,0,3.03471815167294,0.252893179306078,3.03471815167294,-4.44089209850063e-16,0.966185159226811,629,19,278.3203125,-10.5970734774256,288.917385977426,278.3203125,0,1,1,1,629,0,0,629,0.966185159226811,629,0
0.108,292.156446006116,0.745862187947034,0.0372931093973517,1.52972757411953,30.5945514823906,2.96264927548164,0,500,292.96875,207.03125,2.96264927548164,1.67831917614095,4078.46113884302,0,2.96264927548164,0.24688743962347,2.96264927548164,0,0.996609429848357,649,20,292.96875,0.812303993883518,292.156446006116,292.96875,0,1,1,1,649,0,0,649,0.996609429848357,649,0
0.109,295.366917390944,0.724170763491007,0.0362085381745503,1.54653756298142,30.9307512596284,2.98021028754136,0,500,292.96875,207.03125,2.98021028754136,1.69588018820067,3398.71761570252,0,2.98021028754136,0.248350857295113,2.98021028754136,0,1.02737300420841,669,20,292.96875,-2.39816739094357,295.366917390944,292.96875,0,1,1,1,669,0,0,669,1.02737300420841,669,0
0.11,298.509547971312,0.71650244483621,0.0358251222418105,1.56299233822181,31.2598467644361,2.90689888691187,0,500,307.6171875,192.3828125,2.90689888691187,1.71344120026038,5273.6709297521,0,2.90689888691187,0.242241573909323,2.90689888691187,0,1.05846865060878,690,21,307.6171875,9.10763952868814,298.509547971312,307.6171875,1,1,3,1,690,1,0,690,1.05846865060878,690,0
0.111,301.54722697874,0.685396311858646,0.0342698155929323,1.57889758831131,31.5779517662262,3.0140897872226,0,500,292.96875,207.03125,3.0140897872226,1.72975968788191,1953.31952479341,0,3.0140897872226,0.251174148935217,3.0140897872226,-4.44089209850063e-16,1.08988885701076,710,20,292.96875,-8.57847697874041,301.54722697874,292.96875,1,1,3,3,710,0,0,710,1.08988885701076,710,0
0.112,304.568303638137,0.702851208857767,0.0351425604428883,1.5947159087098,31.8943181741959,2.94077838659312,0,500,307.6171875,192.3828125,2.94077838659312,1.74732069994162,4069.17252066118,0,2.94077838659312,0.245064865549426,2.94077838659312,0,1.12162430814678,731,21,307.6171875,3.04888386186252,304.568303638137,307.6171875,1,0,2,2,731,0,0,731,1.12162430814678,731,0
0.113,307.56073462852,0.681105161443549,0.0340552580721775,1.61038424073607,32.2076848147213,2.95709687421464,0,500,307.6171875,192.3828125,2.95709687421464,1.76363918756315,3390.97710055098,0,2.95709687421464,0.246424739517887,2.95709687421464,0,1.15367623257862,752,21,307.6171875,0.0564528714797348,307.56073462852,307.6171875,0,0,0,0,752,0,0,752,1.15367623257862,752,0
0.114,310.485289489826,0.673384903593293,0.0336692451796646,1.62569717418156,32.5139434836313,2.97341536183617,0,500,307.6171875,192.3828125,2.97341536183617,1.77995767518468,2825.81425045915,0,2.97341536183617,0.247784613486348,2.97341536183617,0,1.18603739395409,773,21,307.6171875,-2.86810198982641,310.485289489826,307.6171875,0,1,1,1,773,0,0,773,1.18603739395409,773,0
0.115,313.384568368181,0.670890219345099,0.0335445109672549,1.64087776288981,32.8175552577961,2.9897338494577,0,500,307.6171875,192.3828125,2.9897338494577,1.79627616280621,2354.84520871596,0,2.9897338494577,0.249144487454808,2.9897338494577,0,1.21870327605915,794,21,307.6171875,-5.76738086818057,313.384568368181,307.6171875,1,1,3,3,794,0,0,794,1.21870327605915,794,0
0.116,316.274442684841,0.670342400811825,0.0335171200405913,1.65600910942817,33.1201821885634,3.00605233707923,0,500,307.6171875,192.3828125,3.00605233707923,1.81259465042773,1962.3710072633,0,3.00605233707923,0.250504361423269,3.00605233707923,0,1.25167219760462,815,21,307.6171875,-8.65725518484095,316.274442684841,307.6171875,1,0,2,2,815,0,0,815,1.25167219760462,815,0
0.117,319.16082550629,0.670519895820289,0.0335259947910144,1.67112217454036,33.4224434908072,2.93149841201155,0,500,322.265625,177.734375,2.93149841201155,1.82891313804926,4076.71542271942,0,2.93149841201155,0.244291534334296,2.93149841201155,0,1.28494353349513,837,22,322.265625,3.10479949370995,319.16082550629,322.265625,0,1,1,1,837,0,0,837,1.28494353349513,837,0
0.118,321.966217065218,0.642305238303355,0.0321152619151677,1.68581117039364,33.7162234078728,2.94657437519489,0,500,322.265625,177.734375,2.94657437519489,1.8439891012326,3397.26285226618,0,2.94657437519489,0.245547864599574,2.94657437519489,0,1.31851405310223,859,22,322.265625,0.299407934782323,321.966217065218,322.265625,1,0,2,2,859,0,0,859,1.31851405310223,859,0
0.119,324.684216359811,0.632143452816882,0.0316071726408441,1.7000425814209,34.000851628418,2.96165033837823,0,500,322.265625,177.734375,2.96165033837823,1.85906506441594,2831.05237688848,0,2.96165033837823,0.246804194864853,2.96165033837823,0,1.35237303576866,881,22,322.265625,-2.41859135981065,324.684216359811,322.265625,0,1,1,1,881,0,0,881,1.35237303576866,881,0
0.12,327.369655037388,0.628707652268526,0.0314353826134263,1.71410350545614,34.2820701091228,2.97672630156157,0,500,322.265625,177.734375,2.97672630156157,1.87414102759928,2359.21031407374,0,2.97672630156157,0.248060525130131,2.97672630156157,0,1.38651466570673,903,22,322.265625,-5.10403003738799,327.369655037388,322.265625,1,0,2,2,903,0,0,903,1.38651466570673,903,0
0.121,330.042961809206,0.627777763009875,0.0313888881504937,1.72810090698136,34.5620181396272,2.90092985205571,0,500,336.9140625,163.0859375,2.90092985205571,1.88921699078262,4407.41484506145,0,2.90092985205571,0.241744154337976,2.90092985205571,0,1.42093677604119,926,23,336.9140625,6.87110069079444,330.042961809206,336.9140625,1,1,3,3,926,0,0,926,1.42093677604119,926,0
0.122,332.632045199607,0.599119155305073,0.0299559577652537,1.74165731591272,34.8331463182545,3.00563570349007,0,500,322.265625,177.734375,3.00563570349007,1.90305042952778,1231.43945421787,0,3.00563570349007,0.250469641957506,3.00563570349007,0,1.45563556035519,948,22,322.265625,-10.3664201996071,332.632045199607,322.265625,0,0,0,0,948,0,0,948,1.45563556035519,948,0
0.123,335.21222199558,0.617422981236769,0.0308711490618385,1.75516709002471,35.1033418004942,2.92983925398421,0,500,336.9140625,163.0859375,2.92983925398421,1.91812639271112,3467.60579518156,0,2.92983925398421,0.244153271165351,2.92983925398421,0,1.49060308114534,971,23,336.9140625,1.70184050441975,335.21222199558,336.9140625,1,0,2,2,971,0,0,971,1.49060308114534,971,0
0.124,337.766593729498,0.595930342189281,0.0297965171094641,1.76854174914773,35.3708349829546,2.94367269272936,0,500,336.9140625,163.0859375,2.94367269272936,1.93195983145627,2889.67149598463,0,2.94367269272936,0.245306057727447,2.94367269272936,0,1.52584107748307,994,23,336.9140625,-0.852531229497686,337.766593729498,336.9140625,1,1,3,3,994,0,0,994,1.52584107748307,994,0
0.125,340.254121414126,0.588241688476611,0.0294120844238305,1.78156641364711,35.6313282729423,2.95750613147451,0,500,336.9140625,163.0859375,2.95750613147451,1.94579327020142,2408.0595799872,0,2.95750613147451,0.246458844289543,2.95750613147451,0,1.56134250044981,1017,23,336.9140625,-3.34005891412613,340.254121414126,336.9140625,0,1,1,1,1017,0,0,1017,1.56134250044981,1017,0
0.126,342.71673174665,0.585696039190961,0.029284801959548,1.79446061119597,35.8892122239193,2.88046715753047,0,500,351.5625,148.4375,2.88046715753047,1.95962670894657,4448.122566656,0,2.88046715753047,0.240038929794205,2.88046715753047,0,1.59710290093384,1041,24,351.5625,8.84576825335006,342.71673174665,351.5625,0,1,1,1,1041,0,0,1041,1.59710290093384,1041,0
0.127,345.090342953752,0.556404209333674,0.0278202104666837,1.80688881041382,36.1377762082763,2.98393048452663,0,500,336.9140625,163.0859375,2.98393048452663,1.97221762325354,1265.36255554666,0,2.98393048452663,0.248660873710553,2.98393048452663,0,1.63311762093046,1064,23,336.9140625,-8.17628045375193,345.090342953752,336.9140625,0,0,0,0,1064,0,0,1064,1.63311762093046,1064,0
0.128,347.453256174436,0.574440910656996,0.0287220455328498,1.81926099510577,36.3852199021153,2.90689151058258,0,500,351.5625,148.4375,2.90689151058258,1.98605106199869,3495.87504628889,0,2.90689151058258,0.242240959215215,2.90689151058258,-4.44089209850063e-16,1.66937840438459,1088,24,351.5625,4.10924382556436,347.453256174436,351.5625,0,0,0,0,1088,0,0,1088,1.66937840438459,1088,0
0.129,349.789684989274,0.552817576103172,0.0276408788051586,1.83149450777299,36.6298901554597,2.91948242488955,0,500,351.5625,148.4375,2.91948242488955,1.99864197630566,2913.22920524074,0,2.91948242488955,0.243290202074129,2.91948242488955,0,1.70588687042742,1112,24,351.5625,1.77281501072554,349.789684989274,351.5625,0,0,0,0,1112,0,0,1112,1.70588687042742,1112,0
0.13,352.059004890245,0.545049087674822,0.0272524543837411,1.84337663898888,36.8675327797775,2.93207333919651,0,500,351.5625,148.4375,2.93207333919651,2.01123289061262,2427.69100436728,0,2.93207333919651,0.244339444933043,2.93207333919651,0,1.74263592421399,1136,24,351.5625,-0.496504890244807,352.059004890245,351.5625,0,0,0,2,1136,1,0,1136,1.74263592421399,1136,0
0.131,354.303297157319,0.542442583738901,0.027122129186945,1.85512772582013,37.1025545164025,2.94466425350348,0,500,351.5625,148.4375,2.94466425350348,2.02382380491959,2023.07583697274,0,2.94466425350348,0.245388687791957,2.94466425350348,0,1.77962109829858,1160,24,351.5625,-2.74079715731926,354.303297157319,351.5625,0,0,0,0,1160,0,0,1160,1.77962109829858,1160,0
0.132,356.538240406263,0.541759352204067,0.0270879676102034,1.86682986130691,37.3365972261383,2.95725516781044,0,500,351.5625,148.4375,2.95725516781044,2.03641471922655,1685.89653081061,0,2.95725516781044,0.24643793065087,2.95725516781044,0,1.81684072566211,1184,24,351.5625,-4.97574040626324,356.538240406263,351.5625,0,0,0,0,1184,0,0,1184,1.81684072566211,1184,0
0.133,358.769676372008,0.541792740851669,0.0270896370425835,1.87851363270181,37.5702726540362,2.96984608211741,0,500,351.5625,148.4375,2.96984608211741,2.04900563353352,1404.91377567551,0,2.96984608211741,0.247487173509784,2.96984608211741,-4.44089209850063e-16,1.85429418267921,1208,24,351.5625,-7.20717637200772,358.769676372008,351.5625,0,0,0,0,1208,0,0,1208,1.85429418267921,1208,0
0.134,360.999781845003,0.54209318476607,0.0271046592383035,1.89019043765297,37.8038087530593,2.89156458373517,0,500,366.2109375,133.7890625,2.89156458373517,2.06159654784048,3612.16772972959,0,2.89156458373517,0.240963715311264,2.89156458373517,0,1.89198123449766,1233,25,366.2109375,5.21115565499667,360.999781845003,366.2109375,0,1,1,1,1233,0,0,1233,1.89198123449766,1233,0
0.135,363.149665519519,0.513830836912029,0.0256915418456015,1.90144720224952,38.0289440449904,2.90291297360395,0,500,366.2109375,133.7890625,2.90291297360395,2.07294493770926,3010.13977477466,0,2.90291297360395,0.241909414466996,2.90291297360395,0,1.92989879212209,1258,25,366.2109375,3.0612719804808,363.149665519519,366.2109375,1,1,3,3,1258,0,0,1258,1.92989879212209,1258,0
0.136,365.212408430714,0.503557879171021,0.025177893958551,1.91224769887628,38.2449539775255,3.00513377616193,0,500,351.5625,148.4375,3.00513377616193,2.08429332757804,67.0435623122175,0,3.00513377616193,0.250427814680161,3.00513377616193,0,1.96803618395441,1282,24,351.5625,-13.6499084307141,365.212408430714,351.5625,1,1,3,3,1282,0,0,1282,1.96803618395441,1282,0
0.137,367.322352363885,0.528649698102493,0.0264324849051246,1.92329533947617,38.4659067895234,2.9268522777797,0,500,366.2109375,133.7890625,2.9268522777797,2.096884241885,2497.27588526018,0,2.9268522777797,0.243904356481641,2.9268522777797,0,2.006390607849,1307,25,366.2109375,-1.11141486388499,367.322352363885,366.2109375,1,0,2,2,1307,0,0,1307,2.006390607849,1307,0
0.138,369.427373705674,0.509624154722101,0.0254812077361051,1.93431720544786,38.6863441089572,2.84732825495927,0,500,380.859375,119.140625,2.84732825495927,2.10823263175378,4522.46948771682,0,2.84732825495927,0.237277354579939,2.84732825495927,0,2.04496753538243,1333,26,380.859375,11.4320012943259,369.427373705674,380.859375,0,1,1,1,1333,0,0,1333,2.04496753538243,1333,0
0.139,371.393607243913,0.474130459557296,0.0237065229778648,1.94461238017949,38.8922476035897,2.94830653307906,0,500,366.2109375,133.7890625,2.94830653307906,2.11833849718437,1327.31832309735,0,2.94830653307906,0.245692211089922,2.94830653307906,0,2.08375830698907,1358,25,366.2109375,-5.18266974391344,371.393607243913,366.2109375,1,1,3,3,1358,0,0,1358,2.08375830698907,1358,0
0.14,373.330571568768,0.489794651419074,0.0244897325709537,1.9547543016682,39.095086033364,2.95965492294784,0,500,366.2109375,133.7890625,2.95965492294784,2.12968688705315,1106.09860258112,0,2.95965492294784,0.246637910245654,2.95965492294784,0,2.12275135199386,1383,25,366.2109375,-7.11963406876794,373.330571568768,366.2109375,1,0,2,2,1383,0,0,1383,2.12275135199386,1383,0
0.141,375.313813917671,0.495887922862307,0.0247943961431154,1.9651385343242,39.3027706864841,2.88013090012742,0,500,380.859375,119.140625,2.88013090012742,2.14103527692193,3363.15508548427,0,2.88013090012742,0.240010908343952,2.88013090012742,0,2.16195005139349,1409,26,380.859375,5.54556108232902,375.313813917671,380.859375,0,1,1,1,1409,0,0,1409,2.16195005139349,1409,0
0.142,377.234562377696,0.469753080289738,0.0234876540144869,1.97519554974322,39.5039109948644,2.89023676555801,0,500,380.859375,119.140625,2.89023676555801,2.15114114235252,2802.62923790356,0,2.89023676555801,0.240853063796501,2.89023676555801,0,2.20135448383334,1435,26,380.859375,3.62481262230381,377.234562377696,380.859375,1,0,2,2,1435,0,0,1435,2.20135448383334,1435,0
0.143,379.074765457006,0.460242059062175,0.0230121029531088,1.98483083053501,39.6966166107001,2.9912150436778,0,500,366.2109375,133.7890625,2.9912150436778,2.16124700778311,-105.881885080368,0,2.9912150436778,0.249267920306483,2.9912150436778,0,2.24095515688278,1460,25,366.2109375,-12.863827957006,379.074765457006,366.2109375,0,0,0,0,1460,0,0,1460,2.24095515688278,1460,0
0.144,380.964617409682,0.485587067655206,0.0242793533827603,1.99472607221984,39.8945214443968,2.91169102085738,0,500,380.859375,119.140625,2.91169102085738,2.17259539765189,2353.17134576636,0,2.91169102085738,0.242640918404782,2.91169102085738,0,2.28074970672918,1486,26,380.859375,-0.105242409682432,380.964617409682,380.859375,1,1,3,3,1486,0,0,1486,2.28074970672918,1486,0
0.145,382.850449498704,0.466625194044114,0.0233312597022057,2.0046002659478,40.0920053189559,2.92179688628797,0,500,380.859375,119.140625,2.92179688628797,2.18270126308248,1960.97612147197,0,2.92179688628797,0.243483073857331,2.92179688628797,0,2.32074376728183,1512,26,380.859375,-1.99107449870399,382.850449498704,380.859375,0,0,0,0,1512,0,0,1512,2.32074376728183,1512,0
0.146,384.677523607425,0.459786934411947,0.0229893467205974,2.01416680361033,40.2833360722067,2.84103033902936,0,500,395.5078125,104.4921875,2.84103033902936,2.19280712851307,4075.55301789331,0,2.84103033902936,0.236752528252447,2.84103033902936,-4.44089209850063e-16,2.36093173751423,1539,27,395.5078125,10.830288892575,384.677523607425,395.5078125,1,0,2,2,1539,0,0,1539,2.36093173751423,1539,0
0.147,386.402960305277,0.428803349593577,0.0214401674796788,2.02320116903401,40.4640233806802,2.94076609271096,0,500,380.859375,119.140625,2.94076609271096,2.20167046950547,954.887931577755,0,2.94076609271096,0.245063841059247,2.94076609271096,0,2.40130670556557,1565,26,380.859375,-5.54358530527657,386.402960305277,380.859375,0,1,1,1,1565,0,0,1565,2.40130670556557,1565,0
0.148,388.112960527359,0.446117379326694,0.0223058689663347,2.03215470925956,40.6430941851912,2.95087195814155,0,500,380.859375,119.140625,2.95087195814155,2.21177633493606,795.739942981462,0,2.95087195814155,0.245905996511796,2.95087195814155,0,2.44185957251373,1591,26,380.859375,-7.25358552735889,388.112960527359,380.859375,1,0,2,2,1591,0,0,1591,2.44185957251373,1591,0
0.149,389.874384135411,0.452794855145608,0.0226397427572804,2.04137750170442,40.8275500340884,2.87010541088294,0,500,395.5078125,104.4921875,2.87010541088294,2.22188220036665,3104.52286915122,0,2.87010541088294,0.239175450906912,2.87010541088294,0,2.48259463938252,1618,27,395.5078125,5.63342836458867,389.874384135411,395.5078125,1,1,3,3,1618,0,0,1618,2.48259463938252,1618,0
0.15,391.575222662194,0.426847214221386,0.0213423607110693,2.05028307140556,41.0056614281112,2.87896875187535,0,500,395.5078125,104.4921875,2.87896875187535,2.23074554135906,2587.10239095935,0,2.87896875187535,0.239914062656279,2.87896875187535,-4.44089209850063e-16,2.52351232672771,1645,27,395.5078125,3.93258983780606,391.575222662194,395.5078125,0,1,1,1,1645,0,0,1645,2.52351232672771,1645,0
0.151,393.196218879912,0.417375504287356,0.0208687752143678,2.05877058775403,41.1754117550806,2.97870450555695,0,500,380.859375,119.140625,2.97870450555695,2.23960888235146,-285.487590867209,0,2.97870450555695,0.248225375463079,2.97870450555695,0,2.56460326865115,1671,26,380.859375,-12.3368438799122,393.196218879912,380.859375,1,0,2,2,1671,0,0,1671,2.56460326865115,1671,0
0.152,394.86711792991,0.442704745660352,0.0221352372830176,2.0675193947213,41.3503878944259,2.89793795829834,0,500,395.5078125,104.4921875,2.89793795829834,2.24971474778205,2203.49992427733,0,2.89793795829834,0.241494829858195,2.89793795829834,-4.44089209850063e-16,2.60586514764059,1698,27,395.5078125,0.640694570090375,394.86711792991,395.5078125,1,1,3,3,1698,0,0,1698,2.60586514764059,1698,0
0.153,396.534083857069,0.423706605060853,0.0211853302530427,2.07624760790554,41.5249521581109,2.90680129929074,0,500,395.5078125,104.4921875,2.90680129929074,2.25857808877445,1836.24993689777,0,2.90680129929074,0.242233441607562,2.90680129929074,0,2.64730361402499,1725,27,395.5078125,-1.02627135706905,396.534083857069,395.5078125,0,1,1,1,1725,0,0,1725,2.64730361402499,1725,0
0.154,398.142316351046,0.416824461437767,0.0208412230718884,2.08466829355278,41.6933658710556,2.91566464028315,0,500,395.5078125,104.4921875,2.91566464028315,2.26744142976686,1530.20828074814,0,2.91566464028315,0.242972053356929,2.91566464028315,0,2.68891307207607,1752,27,395.5078125,-2.63450385104551,398.142316351046,395.5078125,0,0,0,0,1752,0,0,1752,2.68891307207607,1752,0
0.155,399.728615553615,0.414456526265709,0.0207228263132855,2.09297413675476,41.8594827350952,2.83365556858635,0,500,410.15625,89.84375,2.83365556858635,2.27630477075926,3716.57981729012,0,2.83365556858635,0.236137964048863,2.83365556858635,0,2.73068961012177,1780,28,410.15625,10.4276344463845,399.728615553615,410.15625,0,0,0,0,1780,0,0,1780,2.73068961012177,1780,0
0.156,401.226990196076,0.38510823792263,0.0192554118961315,2.10081960803656,42.0163921607312,2.93214879782977,0,500,395.5078125,104.4921875,2.93214879782977,2.28392558731347,655.743597741766,0,2.93214879782977,0.244345733152481,2.93214879782977,0,2.7726287664686,1807,27,395.5078125,-5.71917769607592,401.226990196076,395.5078125,1,0,2,2,1807,0,0,1807,2.7726287664686,1807,0
0.157,402.715030499475,0.403001332183863,0.0201500666091931,2.10861096884557,42.1722193769113,2.94101213882217,0,500,395.5078125,104.4921875,2.94101213882217,2.29278892830588,546.452998118139,0,2.94101213882217,0.245084344901847,2.94101213882217,0,2.81472235433131,1834,27,395.5078125,-7.20721799947478,402.715030499475,395.5078125,1,1,3,3,1834,0,0,1834,2.81472235433131,1834,0
0.158,404.256388313604,0.409864368777773,0.0204932184388886,2.11668149948794,42.3336299897587,2.85900306712537,0,500,410.15625,89.84375,2.85900306712537,2.30165226929828,2896.78374843178,0,2.85900306712537,0.238250255593781,2.85900306712537,-4.44089209850063e-16,2.85697501385436,1862,28,410.15625,5.89986168639564,404.256388313604,410.15625,1,1,3,3,1862,0,0,1862,2.85697501385436,1862,0
0.159,405.737860050028,0.383955698169117,0.0191977849084559,2.12443846736069,42.4887693472137,2.86662388367959,0,500,410.15625,89.84375,2.86662388367959,2.3092730858525,2413.98645702648,0,2.86662388367959,0.238885323639966,2.86662388367959,0,2.89938729123442,1890,28,410.15625,4.41838994997198,405.737860050028,410.15625,1,1,3,3,1890,0,0,1890,2.89938729123442,1890,0
0.16,407.139743303922,0.374468360669253,0.0187234180334626,2.13177871091339,42.6355742182678,2.965117112923,0,500,395.5078125,104.4921875,2.965117112923,2.31689390240671,-429.750869144596,0,2.965117112923,0.247093092743584,2.965117112923,0,2.94194986668744,1917,27,395.5078125,-11.631930803922,407.139743303922,395.5078125,0,1,1,1,1917,0,0,1917,2.94194986668744,1917,0
0.161,408.591617446084,0.399761650156066,0.0199880825078033,2.13938070614498,42.7876141228996,2.88310804122621,0,500,410.15625,89.84375,2.88310804122621,2.32575724339912,2083.28052571284,0,2.88310804122621,0.240259003435517,2.88310804122621,0,2.98466043919528,1945,28,410.15625,1.56463255391645,408.591617446084,410.15625,0,1,1,1,1945,0,0,1945,2.98466043919528,1945,0
0.162,410.039584848479,0.380720002462217,0.0190360001231109,2.14696224573498,42.9392449146996,2.89072885778042,0,500,410.15625,89.84375,2.89072885778042,2.33337805995333,1736.0671047607,0,2.89072885778042,0.240894071481702,2.89072885778042,0,3.02752466455479,1973,28,410.15625,0.116665151521318,410.039584848479,410.15625,0,1,1,1,1973,0,0,1973,3.02752466455479,1973,0
0.163,411.428822310444,0.373791553710422,0.0186895776855211,2.15423627607599,43.0847255215197,2.89834967433464,0,500,410.15625,89.84375,2.89834967433464,2.34099887650755,1446.72258730058,0,2.89834967433464,0.241529139527887,2.89834967433464,-4.44089209850063e-16,3.07053694840672,2001,28,410.15625,-1.27257231044422,411.428822310444,410.15625,0,1,1,1,2001,0,0,2001,3.07053694840672,2001,0
0.164,412.796121531534,0.371376287533547,0.0185688143766773,2.16139543805638,43.2279087611275,2.90597049088886,0,500,410.15625,89.84375,2.90597049088886,2.34861969306176,1205.60215608382,0,2.90597049088886,0.242164207574071,2.90597049088886,0,3.11369337893,2029,28,410.15625,-2.63987153153363,412.796121531534,410.15625,0,1,1,1,2029,0,0,2029,3.11369337893,2029,0
0.165,414.155190821017,0.370642653509967,0.0185321326754984,2.16851150821565,43.3702301643129,2.82271889475387,0,500,424.8046875,75.1953125,2.82271889475387,2.35624050961598,3446.07471340318,0,2.82271889475387,0.235226574562823,2.82271889475387,0,3.15699249274841,2058,29,424.8046875,10.6494966789826,414.155190821017,424.8046875,1,1,3,3,2058,0,0,2058,3.15699249274841,2058,0
0.166,415.431435629312,0.3418733438728,0.01709366719364,2.17519391040551,43.5038782081103,2.9199695995591,0,500,410.15625,89.84375,2.9199695995591,2.36261880173201,430.322677835984,0,2.9199695995591,0.243330799963258,2.9199695995591,0,3.20043073976395,2086,28,410.15625,-5.27518562931209,415.431435629312,410.15625,1,1,3,3,2086,0,0,2086,3.20043073976395,2086,0
0.167,416.699240914834,0.359952248071709,0.0179976124035855,2.18183212335747,43.6366424671495,2.92759041611332,0,500,410.15625,89.84375,2.92759041611332,2.37023961828622,358.602231529987,0,2.92759041611332,0.243965868009443,2.92759041611332,0,3.24400027226403,2114,28,410.15625,-6.54299091483364,416.699240914834,410.15625,1,1,3,3,2114,0,0,2114,3.24400027226403,2114,0
0.168,418.021064410685,0.366854625131724,0.0183427312565862,2.18875317499732,43.7750634999464,2.84433881997833,0,500,424.8046875,75.1953125,2.84433881997833,2.37786043484044,2740.24144294166,0,2.84433881997833,0.237028234998194,2.84433881997833,0,3.28770585616784,2143,29,424.8046875,6.78362308931514,418.021064410685,424.8046875,1,0,2,2,2143,0,0,2143,3.28770585616784,2143,0
0.169,419.28325770612,0.34093073841832,0.017046536920916,2.19536200363791,43.9072400727581,2.94158952478356,0,500,410.15625,89.84375,2.94158952478356,2.38423872695647,-157.871714215287,0,2.94158952478356,0.24513246039863,2.94158952478356,0,3.3315480839856,2171,28,410.15625,-9.12700770612031,419.28325770612,410.15625,1,0,2,2,2171,0,0,2171,3.3315480839856,2171,0
0.17,420.545655377079,0.360070223339909,0.0180035111669954,2.20197190238623,44.0394380477245,2.85833792864858,0,500,424.8046875,75.1953125,2.85833792864858,2.39185954351068,2309.84648815393,0,2.85833792864858,0.238194827387381,2.85833792864858,0,3.37552065167216,2200,29,424.8046875,4.25903212292116,420.545655377079,424.8046875,0,0,0,0,2200,0,0,2200,3.37552065167216,2200,0
0.171,421.78559143036,0.33870584266784,0.016935292133392,2.20846419237941,44.1692838475882,2.86471622076461,0,500,424.8046875,75.1953125,2.86471622076461,2.39823783562671,1924.87207346161,0,2.86471622076461,0.238726351730384,2.86471622076461,0,3.41962590149694,2229,29,424.8046875,3.01909606963983,421.78559143036,424.8046875,0,1,1,1,2229,0,0,2229,3.41962590149694,2229,0
0.172,422.959878757102,0.330882023768566,0.0165441011884283,2.21461274644423,44.2922549288847,2.87109451288063,0,500,424.8046875,75.1953125,2.87109451288063,2.40461612774274,1604.06006121801,0,2.87109451288063,0.239257876073386,2.87109451288063,0,3.46385700396688,2258,29,424.8046875,1.84480874289818,422.959878757102,424.8046875,1,1,3,3,2258,0,0,2258,3.46385700396688,2258,0
0.173,424.10964440966,0.328103197049445,0.0164051598524722,2.22063290532328,44.4126581064655,2.96834521768586,0,500,410.15625,89.84375,2.96834521768586,2.41099441985877,-1104.68953231833,0,2.96834521768586,0.247362101473822,2.96834521768586,-4.44089209850063e-16,3.50820958648531,2286,28,410.15625,-13.9533944096596,424.10964440966,410.15625,1,1,3,3,2286,0,0,2286,3.50820958648531,2286,0
0.174,425.329914641265,0.355866505579355,0.0177933252789677,2.22702222531495,44.5404445062991,2.88509362155088,0,500,424.8046875,75.1953125,2.88509362155088,2.41861523641299,1520.83163973473,0,2.88509362155088,0.240424468462573,2.88509362155088,0,3.55268501243516,2315,29,424.8046875,-0.525227141265191,425.329914641265,424.8046875,1,0,2,2,2315,0,0,2315,3.55268501243516,2315,0
0.175,426.553918357852,0.337715743209078,0.0168857871604539,2.23343109378828,44.6686218757656,2.80059950097771,0,500,439.453125,60.546875,2.80059950097771,2.42499352852901,3708.76594977894,0,2.80059950097771,0.233383291748142,2.80059950097771,0,3.59729030259119,2345,30,439.453125,12.8992066421477,426.553918357852,439.453125,0,1,1,1,2345,0,0,2345,3.59729030259119,2345,0
0.176,427.642333470865,0.302427495405945,0.0151213747702972,2.23913002199344,44.7826004398689,2.89660768134475,0,500,424.8046875,75.1953125,2.89660768134475,2.43012929620686,649.232041482448,0,2.89660768134475,0.241383973445396,2.89660768134475,0,3.64201737185363,2374,29,424.8046875,-2.8376459708652,427.642333470865,424.8046875,1,1,3,3,2374,0,0,2374,3.64201737185363,2374,0
0.177,428.702645845111,0.318047827654615,0.0159023913827307,2.24468180460251,44.8936360920503,2.90298597346078,0,500,424.8046875,75.1953125,2.90298597346078,2.43650758832288,541.026701235374,0,2.90298597346078,0.241915497788398,2.90298597346078,0,3.68685486089293,2403,29,424.8046875,-3.89795834511102,428.702645845111,424.8046875,1,0,2,2,2403,0,0,2403,3.68685486089293,2403,0
0.178,429.809645728487,0.324004421497444,0.0162002210748722,2.25047804243775,45.0095608487549,2.9093642655768,0,500,424.8046875,75.1953125,2.9093642655768,2.44288588043891,450.855584362812,0,2.9093642655768,0.2424470221314,2.9093642655768,0,3.73180622679953,2432,29,424.8046875,-5.00495822848723,429.809645728487,424.8046875,0,0,0,0,2432,0,0,2432,3.73180622679953,2432,0
0.179,430.933982154872,0.32636073691581,0.0163180368457905,2.2563650541999,45.1273010839981,2.82487014500363,0,500,439.453125,60.546875,2.82487014500363,2.44926417255494,2817.11923696901,0,2.82487014500363,0.235405845416969,2.82487014500363,0,3.77687457298042,2462,30,439.453125,8.5191428451277,430.933982154872,439.453125,1,1,3,3,2462,0,0,2462,3.77687457298042,2462,0
0.18,431.985017942853,0.298713492126786,0.0149356746063393,2.26186826471687,45.2373652943374,2.92087832537067,0,500,424.8046875,75.1953125,2.92087832537067,2.45439994023278,-93.8068858591582,0,2.92087832537067,0.243406527114223,2.92087832537067,0,3.82205805063272,2491,29,424.8046875,-7.18033044285283,431.985017942853,424.8046875,1,0,2,2,2491,0,0,2491,3.82205805063272,2491,0
0.181,433.031161046119,0.317181287662635,0.0158590643831317,2.26734585719658,45.3469171439315,2.8363842047975,0,500,439.453125,60.546875,2.8363842047975,2.46077823234881,2363.23384511737,0,2.8363842047975,0.236365350399792,2.8363842047975,0,3.8673494457424,2521,30,439.453125,6.42196395388112,433.031161046119,439.453125,0,1,1,1,2521,0,0,2521,3.8673494457424,2521,0
0.182,434.052939718632,0.295537049300464,0.0147768524650232,2.27269587781518,45.4539175563036,2.93239238516454,0,500,424.8046875,75.1953125,2.93239238516454,2.46591400002665,-472.044712402193,0,2.93239238516454,0.244366032097045,2.93239238516454,-4.44089209850063e-16,3.91275076115043,2550,29,424.8046875,-9.24825221863244,434.052939718632,424.8046875,1,1,3,3,2550,0,0,2550,3.91275076115043,2550,0
0.183,435.088059626461,0.316241719080245,0.0158120859540123,2.27811575297855,45.5623150595709,2.84789826459137,0,500,439.453125,60.546875,2.84789826459137,2.47229229214268,2048.03565633151,0,2.84789826459137,0.237324855382614,2.84789826459137,-4.44089209850063e-16,3.95825803953072,2580,30,439.453125,4.36506537353915,435.088059626461,439.453125,0,0,0,0,2580,0,0,2580,3.95825803953072,2580,0
0.184,436.105610207839,0.295431197580878,0.0147715598790439,2.28344363536373,45.6688727072747,2.85303403226921,0,500,439.453125,60.546875,2.85303403226921,2.47742805982052,1706.69638027626,0,2.85303403226921,0.237752836022434,2.85303403226921,0,4.00387449724877,2610,30,439.453125,3.34751479216106,436.105610207839,439.453125,1,1,3,3,2610,0,0,2610,4.00387449724877,2610,0
0.185,437.05933269274,0.28778445244521,0.0143892226222605,2.28843731461728,45.7687462923456,2.94904221263625,0,500,424.8046875,75.1953125,2.94904221263625,2.48256382749836,-1019.15926643645,0,2.94904221263625,0.245753517719688,2.94904221263625,0,4.04959363025353,2639,29,424.8046875,-12.2546451927398,437.05933269274,424.8046875,1,0,2,2,2639,0,0,2639,4.04959363025353,2639,0
0.186,438.068912387472,0.313704676703052,0.0156852338351526,2.29372346153759,45.8744692307517,2.86454809206308,0,500,439.453125,60.546875,2.86454809206308,2.48894211961439,1592.10686130295,0,2.86454809206308,0.238712341005257,2.86454809206308,0,4.09541418600345,2669,30,439.453125,1.38421261252807,438.068912387472,439.453125,0,1,1,1,2669,0,0,2669,4.09541418600345,2669,0
0.187,439.076765494363,0.294837804254431,0.0147418902127215,2.2990005680651,45.980011361302,2.86968385974092,0,500,439.453125,60.546875,2.86968385974092,2.49407788729223,1326.75571775246,0,2.86968385974092,0.239140321645077,2.86968385974092,0,4.14134221035085,2699,30,439.453125,0.376359505636572,439.076765494363,439.453125,1,0,2,2,2699,0,0,2699,4.14134221035085,2699,0
0.188,440.026695525851,0.287915683388203,0.0143957841694102,2.30397439007901,46.0794878015802,2.87481962741876,0,500,439.453125,60.546875,2.87481962741876,2.49921365497007,1105.62976479372,0,2.87481962741876,0.239568302284897,2.87481962741876,0,4.18737225369087,2729,30,439.453125,-0.573570525851324,440.026695525851,439.453125,0,1,1,1,2729,0,0,2729,4.18737225369087,2729,0
0.189,440.954982607429,0.28544400056758,0.014272200028379,2.30883488987219,46.1766977974438,2.87995539509661,0,500,439.453125,60.546875,2.87995539509661,2.50434942264791,921.358137328099,0,2.87995539509661,0.239996282924717,2.87995539509661,0,4.23350045757247,2759,30,439.453125,-1.50185760742858,440.954982607429,439.453125,1,0,2,2,2759,0,0,2759,4.23350045757247,2759,0
0.19,441.875144522826,0.28463058702529,0.0142315293512645,2.31365284639473,46.2730569278947,2.88509116277445,0,500,439.453125,60.546875,2.88509116277445,2.50948519032575,767.798447773416,0,2.88509116277445,0.240424263564537,2.88509116277445,0,4.27972537794984,2789,30,439.453125,-2.42201952282647,441.875144522826,439.453125,0,1,1,1,2789,0,0,2789,4.27972537794984,2789,0
0.191,442.79221844784,0.28443515845164,0.014221757922582,2.31845463423744,46.3690926847487,2.79935451776309,0,500,454.1015625,45.8984375,2.79935451776309,2.51462095800359,3081.23828981118,0,2.79935451776309,0.233279543146924,2.79935451776309,0,4.32604647040365,2820,31,454.1015625,11.30934405216,442.79221844784,454.1015625,0,0,0,0,2820,0,0,2820,4.32604647040365,2820,0
0.192,443.62837927693,0.255807781355044,0.0127903890677522,2.32283276210058,46.4566552420116,2.89412017369194,0,500,439.453125,60.546875,2.89412017369194,2.51851420124325,126.29232484265,0,2.89412017369194,0.241176681140995,2.89412017369194,0,4.37246052675374,2850,30,439.453125,-4.17525427692982,443.62837927693,439.453125,1,1,3,3,2850,0,0,2850,4.37246052675374,2850,0
0.193,444.456808415054,0.273880989563223,0.0136940494781611,2.3271704069245,46.54340813849,2.89925594136978,0,500,439.453125,60.546875,2.89925594136978,2.52364996892109,105.243604035541,0,2.89925594136978,0.241604661780815,2.89925594136978,0,4.41895982622342,2880,30,439.453125,-5.0036834150543,444.456808415054,439.453125,0,0,0,0,2880,0,0,2880,4.41895982622342,2880,0
0.194,445.339515244114,0.280722679718095,0.0140361339859047,2.33179224907358,46.6358449814716,2.81351929635842,0,500,454.1015625,45.8984375,2.81351929635842,2.52878573659893,2529.10925336295,0,2.81351929635842,0.234459941363202,2.81351929635842,0,4.46554918157775,2911,31,454.1015625,8.76204725588576,445.339515244114,454.1015625,1,0,2,2,2911,0,0,2911,4.46554918157775,2911,0
0.195,446.162684368094,0.254717629154436,0.0127358814577218,2.33610235252785,46.7220470505569,2.90828495228728,0,500,439.453125,60.546875,2.90828495228728,2.53267897983858,-333.815205530874,0,2.90828495228728,0.242357079357273,2.90828495228728,-4.44089209850063e-16,4.5122292023397,2941,30,439.453125,-6.7095593680944,446.162684368094,439.453125,0,1,1,1,2941,0,0,2941,4.5122292023397,2941,0
0.196,446.986088205769,0.273768332046142,0.0136884166023071,2.34041368494014,46.8082736988027,2.82254830727592,0,500,454.1015625,45.8984375,2.82254830727592,2.53781474751643,2163.22691205761,0,2.82254830727592,0.23521235893966,2.82254830727592,0,4.55899359036785,2972,31,454.1015625,7.11547429423143,446.986088205769,454.1015625,0,0,0,2,2972,1,0,2972,4.55899359036785,2972,0
0.197,447.787037661946,0.252312341823576,0.0126156170911788,2.34460744648584,46.8921489297169,2.91731396320477,0,500,439.453125,60.546875,2.91731396320477,2.54170799075608,-638.717156618662,0,2.91731396320477,0.243109496933731,2.91731396320477,0,4.6058446897024,3002,30,439.453125,-8.33391266194639,447.787037661946,439.453125,1,1,3,3,3002,0,0,3002,4.6058446897024,3002,0
0.198,448.602039714275,0.273058221739231,0.0136529110869616,2.34887478725294,46.9774957450588,2.83157731819341,0,500,454.1015625,45.8984375,2.83157731819341,2.54684375843392,1909.14195281778,0,2.83157731819341,0.235964776516118,2.83157731819341,0,4.65277867010991,3033,31,454.1015625,5.49952278572465,448.602039714275,454.1015625,0,1,1,1,3033,0,0,3033,4.65277867010991,3033,0
0.199,449.399737207679,0.252234128931883,0.0126117064465941,2.35305152156138,47.0610304312276,2.92634297412227,0,500,439.453125,60.546875,2.92634297412227,2.55073700167357,-850.454622651849,0,2.92634297412227,0.243861914510189,2.92634297412227,0,4.69979879527905,3063,30,439.453125,-9.94661220767904,449.399737207679,439.453125,1,0,2,2,3063,0,0,3063,4.69979879527905,3063,0
0.2,450.213407626277,0.273215754356261,0.0136607877178131,2.35731188991057,47.1462377982113,2.84060632911091,0,500,454.1015625,45.8984375,2.84060632911091,2.55587276935141,1732.69406445679,0,2.84060632911091,0.236717194092576,2.84060632911091,0,4.74690157778533,3094,31,454.1015625,3.8881548737229,450.213407626277,454.1015625,1,1,3,3,3094,0,0,3094,4.74690157778533,3094,0
0.201,451.010490575779,0.252479807879688,0.0126239903939844,2.36148540647466,47.2297081294931,2.84449957235056,0,500,454.1015625,45.8984375,2.84449957235056,2.55976601259107,1443.91172038066,0,2.84449957235056,0.237041631029213,2.84449957235056,0,4.79409040921007,3125,31,454.1015625,3.09107192422147,451.010490575779,454.1015625,0,1,1,1,3125,0,0,3125,4.79409040921007,3125,0
0.202,451.744112587287,0.244832232971066,0.0122416116485533,2.36532664234444,47.3065328468887,2.84839281559022,0,500,454.1015625,45.8984375,2.84839281559022,2.56365925583072,1203.25976698388,0,2.84839281559022,0.237366067965851,2.84839281559022,0,4.84135885092462,3156,31,454.1015625,2.35744991271298,451.744112587287,454.1015625,0,0,0,0,3156,0,0,3156,4.84135885092462,3156,0
0.203,452.454027291218,0.242061179093399,0.0121030589546699,2.36904374704201,47.3808749408402,2.94315847151907,0,500,439.453125,60.546875,2.94315847151907,2.56755249907038,-1438.68977751343,0,2.94315847151907,0.245263205959922,2.94315847151907,0,4.88870267587906,3186,30,439.453125,-13.0009022912179,452.454027291218,439.453125,1,1,3,3,3186,0,0,3186,4.88870267587906,3186,0
0.204,453.234749253196,0.269769494880587,0.0134884747440293,2.37313159767575,47.4626319535151,2.85742182650771,0,500,454.1015625,45.8984375,2.85742182650771,2.57268826674822,1242.49810207214,0,2.85742182650771,0.238118485542309,2.85742182650771,0,4.93612330160582,3217,31,454.1015625,0.866813246804043,453.234749253196,454.1015625,0,1,1,1,3217,0,0,3217,4.93612330160582,3217,0
0.205,454.019316748935,0.25154035702219,0.0125770178511095,2.37723958347719,47.5447916695438,2.86131506974736,0,500,454.1015625,45.8984375,2.86131506974736,2.57658150998787,1035.41508506012,0,2.86131506974736,0.238442922478947,2.86131506974736,0,4.98362776897821,3248,31,454.1015625,0.0822457510645904,454.019316748935,454.1015625,0,0,0,0,3248,0,0,3248,4.98362776897821,3248,0
0.206,454.748039314728,0.244827375047325,0.0122413687523662,2.38105516590919,47.6211033181837,2.86520831298702,0,500,454.1015625,45.8984375,2.86520831298702,2.58047475322753,862.845904216765,0,2.86520831298702,0.238767359415585,2.86520831298702,0,5.0312109993326,3279,31,454.1015625,-0.646476814727919,454.748039314728,454.1015625,1,0,2,2,3279,0,0,3279,5.0312109993326,3279,0
0.207,455.455895291697,0.242405143056095,0.0121202571528048,2.3847614911376,47.695229822752,2.86910155622667,0,500,454.1015625,45.8984375,2.86910155622667,2.58436799646718,719.038253513971,0,2.86910155622667,0.239091796352223,2.86910155622667,0,5.07886927264179,3310,31,454.1015625,-1.35433279169746,455.455895291697,454.1015625,1,1,3,3,3310,0,0,3310,5.07886927264179,3310,0
0.208,456.155917427447,0.241581679638488,0.0120790839819244,2.3884267984693,47.768535969386,2.78212238677713,0,500,468.75,31.25,2.78212238677713,2.58826123970683,3040.60479459498,0,2.78212238677713,0.231843532231427,2.78212238677713,0,5.12660119665154,3342,32,468.75,12.5940825725532,456.155917427447,468.75,1,1,3,1,3342,1,0,3342,5.12660119665154,3342,0
0.209,456.773259520603,0.212691676328268,0.0106345838164134,2.39165919411032,47.8331838822063,2.87564551826779,0,500,454.1015625,45.8984375,2.87564551826779,2.5909119585083,92.4310788291468,0,2.87564551826779,0.239637126522316,2.87564551826779,0,5.17440324743147,3373,31,454.1015625,-2.67169702060295,456.773259520603,454.1015625,0,1,1,1,3373,0,0,3373,5.17440324743147,3373,0
0.21,457.382212813889,0.230638395911826,0.0115319197955913,2.39484766609793,47.8969533219586,2.87953876150745,0,500,454.1015625,45.8984375,2.87953876150745,2.59480520174795,77.025899024289,0,2.87953876150745,0.239961563458954,2.87953876150745,0,5.22226758669242,3404,31,454.1015625,-3.28065031388911,457.382212813889,454.1015625,0,0,0,0,3404,0,0,3404,5.22226758669242,3404,0
0.211,458.045200166599,0.237404315253004,0.0118702157626502,2.39831905975909,47.9663811951818,2.8834320047471,0,500,454.1015625,45.8984375,2.8834320047471,2.59869844498761,64.1882491869075,0,2.8834320047471,0.240286000395592,2.8834320047471,0,5.27019898354302,3435,31,454.1015625,-3.94363766659882,458.045200166599,454.1015625,1,0,2,2,3435,0,0,3435,5.27019898354302,3435,0
0.212,458.728262854827,0.240004737937677,0.0120002368968838,2.40189556763122,48.0379113526244,2.88732524798675,0,500,454.1015625,45.8984375,2.88732524798675,2.60259168822726,53.4902076557563,0,2.88732524798675,0.24061043733223,2.88732524798675,0,5.31820103038759,3466,31,454.1015625,-4.62670035482739,458.728262854827,454.1015625,1,1,3,3,3466,0,0,3466,5.31820103038759,3466,0
0.213,459.418749594254,0.241053363070944,0.0120526681535472,2.40551094774453,48.1102189548906,2.80034607853721,0,500,468.75,31.25,2.80034607853721,2.60648493146692,2485.98142304646,0,2.80034607853721,0.233362173211434,2.80034607853721,0,5.36627505980714,3498,32,468.75,9.33125040574583,459.418749594254,468.75,1,1,3,3,3498,0,0,3498,5.36627505980714,3498,0
0.214,460.03224499331,0.212861626889329,0.0106430813444665,2.40872320214234,48.1744640428468,2.89386921002787,0,500,454.1015625,45.8984375,2.89386921002787,2.60913565026838,-369.755064127947,0,2.89386921002787,0.241155767502323,2.89386921002787,0,5.41441856349372,3529,31,454.1015625,-5.9306824933102,460.03224499331,454.1015625,0,1,1,1,3529,0,0,3529,5.41441856349372,3529,0
0.215,460.639475033621,0.231069270768646,0.0115534635384323,2.41190265119847,48.2380530239694,2.80689004057833,0,500,468.75,31.25,2.80689004057833,2.61302889350804,2133.27702989338,0,2.80689004057833,0.233907503381527,2.80689004057833,0,5.46262408197109,3561,32,468.75,8.11052496637882,460.639475033621,468.75,0,1,1,1,3561,0,0,3561,5.46262408197109,3561,0
0.216,461.221831567683,0.209270811369031,0.0104635405684516,2.41495186288043,48.2990372576087,2.90041317206899,0,500,454.1015625,45.8984375,2.90041317206899,2.6156796123095,-663.675391755518,0,2.90041317206899,0.241701097672416,2.90041317206899,0,5.51089352687519,3592,31,454.1015625,-7.12026906768256,461.221831567683,454.1015625,0,0,0,0,3592,0,0,3592,5.51089352687519,3592,0
0.217,461.817341981812,0.229860720689277,0.0114930360344638,2.41806994811737,48.3613989623475,2.81343400261945,0,500,468.75,31.25,2.81343400261945,2.61957285554916,1888.34342353707,0,2.81343400261945,0.234452833551621,2.81343400261945,0,5.55922290714322,3624,32,468.75,6.93265801818825,461.817341981812,468.75,0,0,0,0,3624,0,0,3624,5.55922290714322,3624,0
0.218,462.395215546596,0.208950134558597,0.0104475067279299,2.42109568702709,48.4219137405418,2.90695713411012,0,500,454.1015625,45.8984375,2.90695713411012,2.62222357435062,-867.786730385777,0,2.90695713411012,0.24224642784251,2.90695713411012,0,5.60761542681181,3655,31,454.1015625,-8.29365304659581,462.395215546596,454.1015625,1,0,2,2,3655,0,0,3655,5.60761542681181,3655,0
0.219,462.988940745561,0.229871145236142,0.0114935572618071,2.42420442489929,48.4840884979858,2.81997796466057,0,500,468.75,31.25,2.81997796466057,2.62611681759028,1718.25064134519,0,2.81997796466057,0.234998163721714,2.81997796466057,0,5.65606757649661,3687,32,468.75,5.76105925443915,462.988940745561,468.75,1,0,2,2,3687,0,0,3687,5.65606757649661,3687,0
0.22,463.566035762654,0.209084219054846,0.0104542109527423,2.42722608734283,48.5445217468566,2.91350109615124,0,500,454.1015625,45.8984375,2.91350109615124,2.62876753639174,-1009.53071554568,0,2.91350109615124,0.242791758012603,2.91350109615124,0,5.70458273985847,3718,31,454.1015625,-9.46447326265422,463.566035762654,454.1015625,1,1,3,3,3718,0,0,3718,5.70458273985847,3718,0
0.221,464.159359009763,0.230051598867686,0.0115025799433843,2.43033272060003,48.6066544120006,2.82652192670169,0,500,468.75,31.25,2.82652192670169,2.6326607796314,1600.13065371193,0,2.82652192670169,0.235543493891807,2.82652192670169,0,5.75315747459827,3750,32,468.75,4.59064099023686,464.159359009763,468.75,1,1,3,3,3750,0,0,3750,5.75315747459827,3750,0
0.222,464.736193903274,0.209282241445628,0.0104641120722814,2.43335302103968,48.6670604207936,2.82917264550316,0,500,468.75,31.25,2.82917264550316,2.63531149843286,1333.44221142661,0,2.82917264550316,0.235764387125263,2.82917264550316,0,5.80179518953113,3782,32,468.75,4.01380609672555,464.736193903274,468.75,1,1,3,3,3782,0,0,3782,5.80179518953113,3782,0
0.223,465.249608728354,0.201594104674063,0.0100797052337032,2.43604125477754,48.7208250955507,2.92269577699382,0,500,454.1015625,45.8984375,2.92269577699382,2.63796221723433,-1330.20440714449,0,2.92269577699382,0.243557981416152,2.92269577699382,0,5.8504894528648,3813,31,454.1015625,-11.1480462283538,465.249608728354,454.1015625,0,1,1,1,3813,0,0,3813,5.8504894528648,3813,0
0.224,465.819037999536,0.2274421655558,0.01137210827779,2.43902277946934,48.7804555893869,2.83571660754428,0,500,468.75,31.25,2.83571660754428,2.64185546047398,1332.90257737959,0,2.83571660754428,0.236309717295356,2.83571660754428,0,5.89923903952936,3845,32,468.75,2.93096200046426,465.819037999536,468.75,0,1,1,1,3845,0,0,3845,5.89923903952936,3845,0
0.225,466.386804410473,0.208491651403666,0.0104245825701833,2.44199559744527,48.8399119489054,2.83836732634574,0,500,468.75,31.25,2.83836732634574,2.64450617927545,1110.75214781633,0,2.83836732634574,0.236530610528812,2.83836732634574,0,5.94805000615481,3877,32,468.75,2.36319558952727,466.386804410473,468.75,0,1,1,1,3877,0,0,3877,5.94805000615481,3877,0
0.226,466.896676565067,0.201481598864861,0.0100740799432431,2.44466528180384,48.8933056360769,2.84101804514721,0,500,468.75,31.25,2.84101804514721,2.64715689807692,925.626789846939,0,2.84101804514721,0.236751503762267,2.84101804514721,0,5.996916907687,3909,32,468.75,1.85332343493252,466.896676565067,468.75,0,1,1,1,3909,0,0,3909,5.996916907687,3909,0
0.227,467.38492151396,0.198920372761944,0.00994601863809722,2.44722172637816,48.9444345275633,2.84366876394868,0,500,468.75,31.25,2.84366876394868,2.64980761687838,771.355658205782,0,2.84366876394868,0.236972396995723,2.84366876394868,0,6.04583588789825,3941,32,468.75,1.36507848604009,467.38492151396,468.75,0,1,1,1,3941,0,0,3941,6.04583588789825,3941,0
0.228,467.86505210157,0.198016802388081,0.00990084011940406,2.44973568425616,48.9947136851232,2.84631948275014,0,500,468.75,31.25,2.84631948275014,2.65245833567985,642.796381838152,0,2.84631948275014,0.237193290229178,2.84631948275014,0,6.09480550409191,3973,32,468.75,0.884947898430198,467.86505210157,468.75,0,1,1,1,3973,0,0,3973,6.09480550409191,3973,0
0.229,468.342103596369,0.197730975460344,0.00988654877301719,2.45223352004191,49.0446704008381,2.84897020155161,0,500,468.75,31.25,2.84897020155161,2.65510905448131,535.663651531793,0,2.84897020155161,0.237414183462634,2.84897020155161,0,6.14382521286498,4005,32,468.75,0.407896403630787,468.342103596369,468.75,0,1,1,1,4005,0,0,4005,6.14382521286498,4005,0
0.23,468.817952754465,0.197675448439608,0.00988377242198038,2.45472506040739,49.0945012081478,2.85162092035307,0,500,468.75,31.25,2.85162092035307,2.65775977328278,446.386376276495,0,2.85162092035307,0.23763507669609,2.85162092035307,0,6.19289480594562,4037,32,468.75,-0.0679527544654661,468.817952754465,468.75,0,1,1,1,4037,0,0,4037,6.19289480594562,4037,0
0.231,469.293299550432,0.197705868975153,0.00988529344875764,2.45721397041092,49.1442794082184,2.85427163915454,0,500,468.75,31.25,2.85427163915454,2.66041049208425,371.988646897079,0,2.85427163915454,0.237855969929545,2.85427163915454,0,6.24201420000117,4069,32,468.75,-0.543299550431925,469.293299550432,468.75,0,1,1,1,4069,0,0,4069,6.24201420000117,4069,0
0.232,469.768405513584,0.197768453555619,0.00988842267778096,2.45970161941678,49.1940323883356,2.85692235795601,0,500,468.75,31.25,2.85692235795601,2.66306121088571,309.990539080899,0,2.85692235795601,0.238076863163001,2.85692235795601,0,6.2911833583257,4101,32,468.75,-1.01840551358447,469.768405513584,468.75,0,1,1,1,4101,0,0,4101,6.2911833583257,4101,0
0.233,470.243368811064,0.197843162051073,0.00989215810255365,2.46218852142693,49.2437704285385,2.85957307675747,0,500,468.75,31.25,2.85957307675747,2.66571192968718,258.325449234082,0,2.85957307675747,0.238297756396456,2.85957307675747,0,6.34040226166187,4133,32,468.75,-1.49336881106433,470.243368811064,468.75,0,1,1,1,4133,0,0,4133,6.34040226166187,4133,0
0.234,470.718226736053,0.197922526175036,0.00989612630875179,2.464674871708,49.29349743416,2.86222379555894,0,500,468.75,31.25,2.86222379555894,2.66836264848865,215.271207695069,0,2.86222379555894,0.238518649629912,2.86222379555894,0,6.38967089732899,4165,32,468.75,-1.968226736053,470.718226736053,468.75,0,1,1,1,4165,0,0,4165,6.38967089732899,4165,0
0.235,471.192993892069,0.198003761575637,0.00990018807878183,2.46716074672384,49.3432149344768,2.86487451436041,0,500,468.75,31.25,2.86487451436041,2.67101336729011,179.392673079224,0,2.86487451436041,0.238739542863367,2.86487451436041,0,6.43898925517142,4197,32,468.75,-2.44299389206907,471.192993892069,468.75,0,1,1,1,4197,0,0,4197,6.43898925517142,4197,0
0.236,471.667676419486,0.198085829026415,0.00990429145132074,2.46964617862538,49.3929235725075,2.86752523316187,0,500,468.75,31.25,2.86752523316187,2.67366408609158,149.493894232687,0,2.86752523316187,0.238960436096823,2.86752523316187,0,6.488357326048,4229,32,468.75,-2.91767641948644,471.667676419486,468.75,0,1,1,1,4229,0,0,4229,6.488357326048,4229,0
0.237,472.142277296054,0.198168339509849,0.00990841697549244,2.47213118300407,49.4426236600813,2.87017595196334,0,500,468.75,31.25,2.87017595196334,2.67631480489305,124.578245193906,0,2.87017595196334,0.239181329330278,2.87017595196334,0,6.53777510126836,4261,32,468.75,-3.39227729605449,472.142277296054,468.75,0,1,1,1,4261,0,0,4261,6.53777510126836,4261,0
0.238,472.616798311845,0.198251146282517,0.00991255731412584,2.4746157692327,49.492315384654,2.78195425807561,0,500,483.3984375,16.6015625,2.78195425807561,2.67896552369451,2545.22145432825,0,2.78195425807561,0.2318295215063,2.78195425807561,0,6.58724257238182,4294,33,483.3984375,10.7816391881552,472.616798311845,483.3984375,1,1,3,3,4294,0,0,4294,6.58724257238182,4294,0
0.239,473.011538166777,0.169671841719576,0.00848359208597881,2.47668262227993,49.5336524455985,2.87423486512808,0,500,468.75,31.25,2.87423486512808,2.68037371805779,-320.388371393121,0,2.87423486512808,0.239519572094007,2.87423486512808,0,6.63675673207484,4326,32,468.75,-4.2615381667772,473.011538166777,468.75,1,1,3,3,4326,0,0,4326,6.63675673207484,4326,0
0.24,473.398979097482,0.187707341087709,0.00938536705438547,2.47871125824926,49.5742251649852,2.87688558392955,0,500,468.75,31.25,2.87688558392955,2.68302443685926,-266.990309494267,0,2.87688558392955,0.239740465327463,2.87688558392955,0,6.68630993557196,4358,32,468.75,-4.64897909748174,473.398979097482,468.75,1,1,3,3,4358,0,0,4358,6.68630993557196,4358,0
0.241,473.840869845844,0.194479333814486,0.00972396669072429,2.48102499279717,49.6204998559434,2.78866389004182,0,500,483.3984375,16.6015625,2.78866389004182,2.68567515566072,2218.91432542144,0,2.78866389004182,0.232388657503485,2.78866389004182,-4.44089209850063e-16,6.73590702510239,4391,33,483.3984375,9.55756765415606,473.840869845844,483.3984375,1,0,2,2,4391,0,0,4391,6.73590702510239,4391,0
0.242,474.223297760953,0.168392639278023,0.00841963196390117,2.48302738067823,49.6605476135645,2.8809444970943,0,500,468.75,31.25,2.8809444970943,2.687083350024,-592.310978815464,0,2.8809444970943,0.240078708091191,2.8809444970943,0,6.78554862229924,4423,32,468.75,-5.47329776095324,474.223297760953,468.75,1,0,2,2,4423,0,0,4423,6.78554862229924,4423,0
0.243,474.605998881316,0.187357219130591,0.00936786095652957,2.48503119905865,49.7006239811729,2.88359521589576,0,500,468.75,31.25,2.88359521589576,2.68973406882547,-493.59248234622,0,2.88359521589576,0.240299601324647,2.88359521589576,0,6.83522843465029,4455,32,468.75,-5.85599888131605,474.605998881316,468.75,1,0,2,2,4455,0,0,4455,6.83522843465029,4455,0
0.244,475.045973052008,0.19447576052335,0.00972378802616749,2.48733489842934,49.7466979685868,2.79537352200803,0,500,483.3984375,16.6015625,2.79537352200803,2.69238478762694,2030.07918137815,0,2.79537352200803,0.232947793500669,2.79537352200803,0,6.88495180841797,4488,33,483.3984375,8.35246444799191,475.045973052008,483.3984375,0,0,0,0,4488,0,0,4488,6.88495180841797,4488,0
0.245,475.427538291056,0.168518574555893,0.00842592872779466,2.4893327693491,49.7866553869821,2.88765412906051,0,500,468.75,31.25,2.88765412906051,2.69379298199021,-749.673598851541,0,2.88765412906051,0.240637844088376,2.88765412906051,0,6.93471955323948,4520,32,468.75,-6.67753829105641,475.427538291056,468.75,0,0,0,0,4520,0,0,4520,6.93471955323948,4520,0
0.246,475.809771407116,0.187531794698508,0.00937658973492541,2.49133413726472,49.8266827452945,2.79943243517277,0,500,483.3984375,16.6015625,2.79943243517277,2.69644370079168,1816.67825095705,0,2.79943243517277,0.233286036264398,2.79943243517277,0,6.98452544686032,4553,33,483.3984375,7.58866609288395,475.809771407116,483.3984375,0,1,1,1,4553,0,0,4553,6.98452544686032,4553,0
0.247,476.169723969284,0.166006490722899,0.00830032453614496,2.49321884447297,49.8643768894594,2.89171304222525,0,500,468.75,31.25,2.89171304222525,2.69785189515496,-927.507707535792,0,2.89171304222525,0.240976086852104,2.89171304222525,0,7.03437186290597,4585,32,468.75,-7.41972396928406,476.169723969284,468.75,0,1,1,1,4585,0,0,4585,7.03437186290597,4585,0
0.248,476.543806165167,0.186671164985662,0.00933355824928311,2.49517753427034,49.9035506854069,2.80349134833752,0,500,483.3984375,16.6015625,2.80349134833752,2.70050261395643,1668.48316038684,0,2.80349134833752,0.233624279028127,2.80349134833752,-4.44089209850063e-16,7.08425498345984,4618,33,483.3984375,6.85463133483313,476.543806165167,483.3984375,1,1,3,3,4618,0,0,4618,7.08425498345984,4618,0
0.249,476.900624611804,0.165761403806952,0.00828807019034761,2.49704583128805,49.9409166257609,2.89577195539,0,500,468.75,31.25,2.89577195539,2.70191080831971,-1051.0036163443,0,2.89577195539,0.241314329615833,2.89577195539,0,7.13417807807611,4650,32,468.75,-8.15062461180446,476.900624611804,468.75,1,1,3,3,4650,0,0,4650,7.13417807807611,4650,0
0.25,477.273443131416,0.186655666478076,0.00933278332390378,2.49899790449194,49.9799580898388,2.80755026150226,0,500,483.3984375,16.6015625,2.80755026150226,2.70456152712117,1565.56990304642,0,2.80755026150226,0.233962521791855,2.80755026150226,0,7.18413766277492,4683,33,483.3984375,6.12499436858383,477.273443131416,483.3984375,1,0,2,2,4683,0,0,4683,7.18413766277492,4683,0
0.251,477.629696077493,0.165831694699752,0.00829158473498759,2.50086324055563,50.0172648111126,2.89983086855474,0,500,468.75,31.25,2.89983086855474,2.70596972148445,-1136.76466412799,0,2.89983086855474,0.241652572379562,2.89983086855474,0,7.23413713166314,4715,32,468.75,-8.87969607749289,477.629696077493,468.75,1,0,2,2,4715,0,0,4715,7.23413713166314,4715,0
0.252,478.002210502737,0.186758167967445,0.00933790839837224,2.50281372152513,50.0562744305027,2.81160917466701,0,500,483.3984375,16.6015625,2.81160917466701,2.70862044028592,1494.10236322668,0,2.81160917466701,0.234300764555584,2.81160917466701,0,7.28417304730127,4748,33,483.3984375,5.396226997263,478.002210502737,483.3984375,0,0,0,0,4748,0,0,4748,7.28417304730127,4748,0
0.253,478.358258015364,0.165946441491534,0.00829732207457671,2.5046779819418,50.093559638836,2.81301736903029,0,500,483.3984375,16.6015625,2.81301736903029,2.7100286346492,1245.0853026889,0,2.81301736903029,0.234418114085857,2.81301736903029,-4.44089209850063e-16,7.33424882126951,4781,33,483.3984375,5.04017948463564,478.358258015364,483.3984375,0,1,1,1,4781,0,0,4781,7.33424882126951,4781,0
0.254,478.650902378209,0.158215367073554,0.0079107683536777,2.50621026424251,50.1242052848502,2.90529797608277,0,500,468.75,31.25,2.90529797608277,2.71143682901247,-1403.83516442592,0,2.90529797608277,0.242108164673564,2.90529797608277,0,7.38435802374747,4813,32,468.75,-9.90090237820885,478.650902378209,468.75,0,1,1,1,4813,0,0,4813,7.38435802374747,4813,0
0.255,478.999576299637,0.184020255085761,0.00920101275428804,2.50803591662594,50.1607183325188,2.81707628219503,0,500,483.3984375,16.6015625,2.81707628219503,2.71408754781394,1271.5436129784,0,2.81707628219503,0.234756356849586,2.81707628219503,0,7.43449943132866,4846,33,483.3984375,4.39886120036306,478.999576299637,483.3984375,1,1,3,3,4846,0,0,4846,7.43449943132866,4846,0
0.256,479.346601680746,0.165026457362413,0.00825132286812067,2.50985293727244,50.1970587454489,2.81848447655831,0,500,483.3984375,16.6015625,2.81848447655831,2.71549574217722,1059.619677482,0,2.81848447655831,0.234873706379859,2.81848447655831,0,7.48467910217905,4879,33,483.3984375,4.05183581925354,479.346601680746,483.3984375,1,0,2,2,4879,0,0,4879,7.48467910217905,4879,0
0.257,479.635746712149,0.157973057257055,0.00789865286285275,2.51136689711657,50.2273379423314,2.91076508361079,0,500,468.75,31.25,2.91076508361079,2.7169039365405,-1558.38985209833,0,2.91076508361079,0.242563756967566,2.91076508361079,0,7.53489159272049,4911,32,468.75,-10.8857467121487,479.635746712149,468.75,1,0,2,2,4911,0,0,4911,7.53489159272049,4911,0
0.258,479.982980812525,0.184030788472991,0.00920153942364956,2.5131850106146,50.263700212292,2.82254338972306,0,500,483.3984375,16.6015625,2.82254338972306,2.71955465534197,1142.74803991806,0,2.82254338972306,0.235211949143588,2.82254338972306,-4.44089209850063e-16,7.58513604718969,4944,33,483.3984375,3.41545668747506,479.982980812525,483.3984375,0,0,0,0,4944,0,0,4944,7.58513604718969,4944,0
0.259,480.329335535019,0.165131549148631,0.00825657745743153,2.51499851970081,50.2999703940161,2.82395158408634,0,500,483.3984375,16.6015625,2.82395158408634,2.72096284970524,952.290033265047,0,2.82395158408634,0.235329298673861,2.82395158408634,0,7.63541866092071,4977,33,483.3984375,3.06910196498052,480.329335535019,483.3984375,0,1,1,1,4977,0,0,4977,7.63541866092071,4977,0
0.26,480.618098298466,0.15811373022063,0.0079056865110315,2.51651047799459,50.3302095598919,2.82535977844962,0,500,483.3984375,16.6015625,2.82535977844962,2.72237104406852,793.575027720873,0,2.82535977844962,0.235446648204135,2.82535977844962,0,7.68573404163254,5010,33,483.3984375,2.78033920153445,480.618098298466,483.3984375,1,1,3,3,5010,0,0,5010,7.68573404163254,5010,0
0.261,480.885356736584,0.155522713448015,0.00777613567240074,2.51790983990427,50.3581967980853,2.82676797281289,0,500,483.3984375,16.6015625,2.82676797281289,2.7237792384318,661.312523100727,0,2.82676797281289,0.235563997734408,2.82676797281289,-4.44089209850063e-16,7.73607835384033,5043,33,483.3984375,2.51308076341604,480.885356736584,483.3984375,1,0,2,2,5043,0,0,5043,7.73607835384033,5043,0
0.262,481.144556708948,0.15458111994354,0.00772905599717698,2.51926700778592,50.3853401557183,2.91904857986537,0,500,468.75,31.25,2.91904857986537,2.72518743279508,-1890.31248074939,0,2.91904857986537,0.243254048322114,2.91904857986537,0,7.78645016364202,5075,32,468.75,-12.3945567089482,481.144556708948,468.75,1,0,2,2,5075,0,0,5075,7.78645016364202,5075,0
0.263,481.480411028469,0.182916527396027,0.00914582636980135,2.52102553689072,50.4205107378144,2.83082688597764,0,500,483.3984375,16.6015625,2.83082688597764,2.72783815159655,866.145849375505,0,2.83082688597764,0.235902240498137,2.83082688597764,0,7.83685193098602,5108,33,483.3984375,1.91802647153139,481.480411028469,483.3984375,0,0,0,0,5108,0,0,5108,7.83685193098602,5108,0
0.264,481.822305890752,0.164866469138229,0.00824332345691143,2.52281569420347,50.4563138840693,2.83223508034092,0,500,483.3984375,16.6015625,2.83223508034092,2.72924634595983,721.788207812921,0,2.83223508034092,0.23601959002841,2.83223508034092,0,7.88729108686514,5141,33,483.3984375,1.57613160924802,481.822305890752,483.3984375,0,1,1,1,5141,0,0,5141,7.88729108686514,5141,0
0.265,482.109189946905,0.15816560696917,0.0079082803484585,2.52431781560887,50.4863563121774,2.8336432747042,0,500,483.3984375,16.6015625,2.8336432747042,2.7306545403231,601.490173177434,0,2.8336432747042,0.236136939558683,2.8336432747042,-4.44089209850063e-16,7.93776269968452,5174,33,483.3984375,1.28924755309527,482.109189946905,483.3984375,1,1,3,3,5174,0,0,5174,7.93776269968452,5174,0
0.266,482.375534289506,0.155693247601209,0.00778466238006043,2.52571239132561,50.5142478265121,2.83505146906748,0,500,483.3984375,16.6015625,2.83505146906748,2.73206273468638,501.241810981195,0,2.83505146906748,0.236254289088956,2.83505146906748,0,7.9882631059086,5207,33,483.3984375,1.02290321049378,482.375534289506,483.3984375,1,0,2,2,5207,0,0,5207,7.9882631059086,5207,0
0.267,482.634182461176,0.154796423124198,0.00773982115620991,2.52706666998558,50.5413333997115,2.83645966343076,0,500,483.3984375,16.6015625,2.83645966343076,2.73347092904966,417.701509150996,0,2.83645966343076,0.23637163861923,2.83645966343076,0,8.03879093600534,5240,33,483.3984375,0.764255038824331,482.634182461176,483.3984375,0,0,0,0,5240,0,0,5240,8.03879093600534,5240,0
0.268,482.889920190872,0.154486712127198,0.00772433560635991,2.52840570960701,50.5681141921402,2.83786785779403,0,500,483.3984375,16.6015625,2.83786785779403,2.73487912341294,348.084590959163,0,2.83786785779403,0.236488988149503,2.83786785779403,-4.44089209850063e-16,8.08934567518514,5273,33,483.3984375,0.508517309127797,482.889920190872,483.3984375,0,1,1,1,5273,0,0,5273,8.08934567518514,5273,0
0.269,483.144531088988,0.154395855557812,0.00771979277789062,2.52973884915208,50.5947769830417,2.83927605215731,0,500,483.3984375,16.6015625,2.83927605215731,2.73628731777622,290.070492465969,0,2.83927605215731,0.236606337679776,2.83927605215731,0,8.13992712717269,5306,33,483.3984375,0.25390641101194,483.144531088988,483.3984375,1,1,3,3,5306,0,0,5306,8.13992712717269,5306,0
0.27,483.398680254602,0.154386649112175,0.00771933245560873,2.53106957107143,50.6213914214286,2.84068424652059,0,500,483.3984375,16.6015625,2.84068424652059,2.7376955121395,241.725410388308,0,2.84068424652059,0.236723687210049,2.84068424652059,0,8.19053521442273,5339,33,483.3984375,-0.000242754602140849,483.398680254602,483.3984375,1,0,2,2,5339,0,0,5339,8.19053521442273,5339,0
0.271,483.652616053687,0.154407972886917,0.00772039864434586,2.53239917580625,50.6479835161249,2.84209244088387,0,500,483.3984375,16.6015625,2.84209244088387,2.73910370650278,201.437841990257,0,2.84209244088387,0.236841036740323,2.84209244088387,-4.44089209850063e-16,8.24116990368543,5372,33,483.3984375,-0.254178553686756,483.652616053687,483.3984375,0,0,0,0,5372,0,0,5372,8.24116990368543,5372,0
0.272,483.90643158167,0.154440779580533,0.00772203897902666,2.53372815080304,50.6745630160609,2.84350063524715,0,500,483.3984375,16.6015625,2.84350063524715,2.74051190086606,167.864868325214,0,2.84350063524715,0.236958386270596,2.84350063524715,0,8.29183117827344,5405,33,483.3984375,-0.507994081670063,483.90643158167,483.3984375,0,1,1,1,5405,0,0,5405,8.29183117827344,5405,0
0.273,484.160162077003,0.154477971244343,0.00772389856221714,2.53505668056993,50.7011336113985,2.84490882961043,0,500,483.3984375,16.6015625,2.84490882961043,2.74192009522934,139.887390271012,0,2.84490882961043,0.237075735800869,2.84490882961043,0,8.34251902772846,5438,33,483.3984375,-0.761724577002667,484.160162077003,483.3984375,1,1,3,3,5438,0,0,5438,8.34251902772846,5438,0
0.274,484.413821214757,0.154516901936147,0.00772584509680736,2.5363848367094,50.727696734188,2.84631702397371,0,500,483.3984375,16.6015625,2.84631702397371,2.74332828959261,116.572825225843,0,2.84631702397371,0.237193085331142,2.84631702397371,-4.44089209850063e-16,8.3932334439705,5471,33,483.3984375,-1.01538371475704,484.413821214757,483.3984375,1,0,2,2,5471,0,0,5471,8.3932334439705,5471,0
0.275,484.667414628698,0.154556584423501,0.00772782922117504,2.53771264871979,50.7542529743959,2.84772521833699,0,500,483.3984375,16.6015625,2.84772521833699,2.74473648395589,97.1440210215358,0,2.84772521833699,0.237310434861416,2.84772521833699,0,8.4439744198625,5504,33,483.3984375,-1.26897712869822,484.667414628698,483.3984375,0,0,0,0,5504,0,0,5504,8.4439744198625,5504,0
0.276,484.920944949305,0.154596649481117,0.00772983247405585,2.53904013037426,50.7808026074853,2.84913341270027,0,500,483.3984375,16.6015625,2.84913341270027,2.74614467831917,80.9533508512798,0,2.84913341270027,0.237427784391689,2.84913341270027,0,8.49474194867479,5537,33,483.3984375,-1.52250744930535,484.920944949305,483.3984375,0,1,1,1,5537,0,0,5537,8.49474194867479,5537,0
0.277,485.174413680907,0.154636958154628,0.00773184790773139,2.54036728954946,50.8073457909891,2.85054160706354,0,500,483.3984375,16.6015625,2.85054160706354,2.74755287268245,67.4611257093999,0,2.85054160706354,0.237545133921962,2.85054160706354,-4.44089209850063e-16,8.54553602388474,5570,33,483.3984375,-1.77597618090738,485.174413680907,483.3984375,1,1,3,3,5570,0,0,5570,8.54553602388474,5570,0
0.278,485.427821901138,0.154677457300913,0.00773387286504563,2.54169413188785,50.833882637757,2.85194980142682,0,500,483.3984375,16.6015625,2.85194980142682,2.74896106704573,56.2176047578332,0,2.85194980142682,0.237662483452235,2.85194980142682,0,8.59635663910143,5603,33,483.3984375,-2.02938440113792,485.427821901138,483.3984375,1,0,2,2,5603,0,0,5603,8.59635663910143,5603,0
0.279,485.681170521637,0.154718125766301,0.00773590628831507,2.54302066216278,50.8604132432556,2.7624855831009,0,500,498.046875,1.953125,2.7624855831009,2.75036926140901,2488.25425396486,0,2.7624855831009,0.230207131925075,2.7624855831009,0,8.64720378803665,5637,34,498.046875,12.3657044783626,485.681170521637,498.046875,0,1,1,1,5637,0,0,5637,8.64720378803665,5637,0
0.28,485.854757746848,0.126096603163528,0.00630483015817642,2.54392956274858,50.8785912549716,2.85352366571519,0,500,483.3984375,16.6015625,2.85352366571519,2.7505349313341,-367.861038362616,0,2.85352366571519,0.2377936388096,2.85352366571519,0,8.69807446547076,5670,33,483.3984375,-2.45632024684812,485.854757746848,483.3984375,1,1,3,3,5670,0,0,5670,8.69807446547076,5670,0
0.281,486.021065462898,0.14408982279901,0.0072044911399505,2.54480034791354,50.8960069582708,2.85493186007847,0,500,483.3984375,16.6015625,2.85493186007847,2.75194312569738,-306.55086530218,0,2.85493186007847,0.237910988339873,2.85493186007847,0,8.74896102867905,5703,33,483.3984375,-2.62262796289826,486.021065462898,483.3984375,1,0,2,2,5703,0,0,5703,8.74896102867905,5703,0
0.282,486.241842117426,0.150819481255791,0.00754097406278955,2.54595633177346,50.9191266354691,2.85634005444175,0,500,483.3984375,16.6015625,2.85634005444175,2.75335132006066,-255.459054418483,0,2.85634005444175,0.238028337870146,2.85634005444175,0,8.79986832190814,5736,33,483.3984375,-2.84340461742585,486.241842117426,483.3984375,0,0,0,0,5736,0,0,5736,8.79986832190814,5736,0
0.283,486.482877426882,0.153352752176744,0.0076676376088372,2.54721838970253,50.9443677940506,2.85774824880503,0,500,483.3984375,16.6015625,2.85774824880503,2.75475951442394,-212.882545348736,0,2.85774824880503,0.238145687400419,2.85774824880503,0,8.8507999678021,5769,33,483.3984375,-3.08443992688245,486.482877426882,483.3984375,0,1,1,1,5769,0,0,5769,8.8507999678021,5769,0
0.284,486.731426093826,0.154322660731782,0.00771613303658908,2.54851978747941,50.9703957495882,2.76828403047911,0,500,498.046875,1.953125,2.76828403047911,2.75616770878722,2264.00412887605,0,2.76828403047911,0.230690335873259,2.76828403047911,0,8.90175731242328,5803,34,498.046875,11.315448906174,486.731426093826,498.046875,1,0,2,2,5803,0,0,5803,8.90175731242328,5803,0
0.285,486.903037414817,0.126047844252698,0.00630239221263492,2.54941834225491,50.9883668450982,2.8593221130934,0,500,483.3984375,16.6015625,2.8593221130934,2.75633337871231,-554.736142603289,0,2.8593221130934,0.238276842757783,2.8593221130934,-4.44089209850063e-16,8.95273785467138,5836,33,483.3984375,-3.50459991481745,486.903037414817,483.3984375,0,0,0,0,5836,0,0,5836,8.95273785467138,5836,0
0.286,487.068423933888,0.144170727784022,0.00720853638920112,2.55028430404377,51.0056860808754,2.86073030745668,0,500,483.3984375,16.6015625,2.86073030745668,2.75774157307559,-462.280118836074,0,2.86073030745668,0.238394192288057,2.86073030745668,0,9.00373413991067,5869,33,483.3984375,-3.6699864338882,487.068423933888,483.3984375,0,1,1,1,5869,0,0,5869,9.00373413991067,5869,0
0.287,487.288674857911,0.150949179751084,0.00754745898755418,2.5514375351852,51.0287507037039,2.86213850181996,0,500,483.3984375,16.6015625,2.86213850181996,2.75914976743887,-385.233432363395,0,2.86213850181996,0.23851154181833,2.86213850181996,0,9.05475108272937,5902,33,483.3984375,-3.89023735791068,487.288674857911,483.3984375,1,1,3,3,5902,0,0,5902,9.05475108272937,5902,0
0.288,487.529334254989,0.153501107614508,0.00767505538072539,2.55269762484166,51.0539524968332,2.77267428349404,0,500,498.046875,1.953125,2.77267428349404,2.76055796180214,2120.37838969717,0,2.77267428349404,0.23105619029117,2.77267428349404,0,9.10579233224005,5936,34,498.046875,10.5175407450107,487.529334254989,498.046875,0,0,0,0,5936,0,0,5936,9.10579233224005,5936,0
0.289,487.697862634064,0.12581608743021,0.00629080437151051,2.55358003737103,51.0716007474207,2.86371236610833,0,500,483.3984375,16.6015625,2.86371236610833,2.76072363172724,-674.424258585691,0,2.86371236610833,0.238642697175694,2.86371236610833,0,9.1568562456014,5969,33,483.3984375,-4.29942513406405,487.697862634064,483.3984375,0,1,1,1,5969,0,0,5969,9.1568562456014,5969,0
0.29,487.861958861787,0.144159088211032,0.00720795441055158,2.55443924321019,51.0887848642039,2.86512056047161,0,500,483.3984375,16.6015625,2.86512056047161,2.76213182609052,-562.020215488076,0,2.86512056047161,0.238760046705967,2.86512056047161,0,9.2079356881461,6002,33,483.3984375,-4.46352136178723,487.861958861787,483.3984375,1,1,3,3,6002,0,0,6002,9.2079356881461,6002,0
0.291,488.081589308693,0.151019920499626,0.00755099602498128,2.55558922554104,51.1117845108207,2.86652875483489,0,500,483.3984375,16.6015625,2.86652875483489,2.76354002045379,-468.350179573397,0,2.86652875483489,0.238877396236241,2.86652875483489,0,9.25903569387623,6035,33,483.3984375,-4.6831518086932,488.081589308693,483.3984375,1,0,2,2,6035,0,0,6035,9.25903569387623,6035,0
0.292,488.321879680105,0.153602906813858,0.00768014534069288,2.55684738298363,51.1369476596726,2.77706453650897,0,500,498.046875,1.953125,2.77706453650897,2.76494821481707,2051.11443368884,0,2.77706453650897,0.231422044709081,2.77706453650897,0,9.31015995659477,6069,34,498.046875,9.7249953198949,488.321879680105,498.046875,0,1,1,1,6069,0,0,6069,9.31015995659477,6069,0
0.293,488.490134589205,0.125929819052633,0.00629649095263165,2.55772836362756,51.1545672725512,2.86810261912326,0,500,483.3984375,16.6015625,2.86810261912326,2.76511388474217,-732.14422192597,0,2.86810261912326,0.239008551593605,2.86810261912326,-4.44089209850063e-16,9.36130685030804,6102,33,483.3984375,-5.09169708920535,488.490134589205,483.3984375,1,1,3,3,6102,0,0,6102,9.36130685030804,6102,0
0.294,488.653994794927,0.144277621544975,0.00721388107724874,2.55858633365841,51.1717266731682,2.86951081348654,0,500,483.3984375,16.6015625,2.86951081348654,2.76652207910544,-610.120184938308,0,2.86951081348654,0.239125901123878,2.86951081348654,0,9.41246924682042,6135,33,483.3984375,-5.25555729492686,488.653994794927,483.3984375,1,0,2,2,6135,0,0,6135,9.41246924682042,6135,0
0.295,488.873404993457,0.151140594011254,0.00755702970056272,2.55973516277145,51.194703255429,2.78004659516062,0,500,498.046875,1.953125,2.78004659516062,2.76793027346872,1932.97276255141,0,2.78004659516062,0.231670549596718,2.78004659516062,0,9.4636521827373,6169,34,498.046875,9.1734700065432,488.873404993457,498.046875,0,1,1,1,6169,0,0,6169,9.4636521827373,6169,0
0.296,489.033780151719,0.125062372952233,0.00625311864761164,2.56057488513648,51.2114977027296,2.87108467777491,0,500,483.3984375,16.6015625,2.87108467777491,2.76809594339381,-830.595614540492,0,2.87108467777491,0.239257056481242,2.87108467777491,0,9.514856353998,6202,33,483.3984375,-5.63534265171921,489.033780151719,483.3984375,1,1,3,3,6202,0,0,6202,9.514856353998,6202,0
0.297,489.194605554811,0.144004639948232,0.00720023199741158,2.56141696497792,51.2283392995583,2.78162045944899,0,500,498.046875,1.953125,2.78162045944899,2.76950413775709,1749.24323788292,0,2.78162045944899,0.231801704954082,2.78162045944899,0,9.5660754976363,6236,34,498.046875,8.85226944518911,489.194605554811,498.046875,0,0,0,0,6236,0,0,6236,9.5660754976363,6236,0
0.298,489.333084746082,0.122427000979941,0.00612135004899705,2.56214204032787,51.2428408065574,2.87265854206328,0,500,483.3984375,16.6015625,2.87265854206328,2.76966980768219,-983.70355176423,0,2.87265854206328,0.239388211838607,2.87265854206328,-4.44089209850063e-16,9.61731197373611,6269,33,483.3984375,-5.93464724608174,489.333084746082,483.3984375,0,1,1,1,6269,0,0,6269,9.61731197373611,6269,0
0.299,489.485684324909,0.143046236452876,0.00715231182264378,2.56294104985418,51.2588209970835,2.87406673642656,0,500,483.3984375,16.6015625,2.87406673642656,2.77107800204546,-819.752959803525,0,2.87406673642656,0.23950556136888,2.87406673642656,0,9.66856196094008,6302,33,483.3984375,-6.08724682490868,489.485684324909,483.3984375,1,1,3,3,6302,0,0,6302,9.66856196094008,6302,0
0.3,489.700734357521,0.150755917142863,0.00753779585714316,2.56406704919186,51.2813409838372,2.78460251810064,0,500,498.046875,1.953125,2.78460251810064,2.77248619640874,1758.27878349706,0,2.78460251810064,0.23205020984172,2.78460251810064,0,9.71983172812583,6336,34,498.046875,8.34614064247853,489.700734357521,498.046875,0,0,0,0,6336,0,0,6336,9.71983172812583,6336,0
0.301,489.859322501669,0.124993586741198,0.00624967933705992,2.56489741477286,51.2979482954572,2.87564060071493,0,500,483.3984375,16.6015625,2.87564060071493,2.77265186633384,-976.173930419115,0,2.87564060071493,0.239636716726244,2.87564060071493,0,9.77112243057811,6369,33,483.3984375,-6.46088500166928,489.859322501669,483.3984375,0,1,1,1,6369,0,0,6369,9.77112243057811,6369,0
0.302,490.019321780636,0.144053971118058,0.00720269855590288,2.5657351690385,51.3147033807699,2.78617638238901,0,500,498.046875,1.953125,2.78617638238901,2.77406006069711,1627.92797465074,0,2.78617638238901,0.232181365199084,2.78617638238901,0,9.82242797670241,6403,34,498.046875,8.02755321936411,490.019321780636,498.046875,1,0,2,2,6403,0,0,6403,9.82242797670241,6403,0
0.303,490.157335025234,0.122520759094545,0.00612603795472723,2.56645780469738,51.3291560939475,2.8772144650033,0,500,483.3984375,16.6015625,2.8772144650033,2.77422573062221,-1084.79960445772,0,2.8772144650033,0.239767872083608,2.8772144650033,-4.44089209850063e-16,9.87375079066031,6436,33,483.3984375,-6.75889752523403,490.157335025234,483.3984375,0,0,0,0,6436,0,0,6436,9.87375079066031,6436,0
0.304,490.30960499699,0.143156960866086,0.00715784804330429,2.56725508840509,51.3451017681019,2.78775024667738,0,500,498.046875,1.953125,2.78775024667738,2.77563392498548,1537.40657961857,0,2.78775024667738,0.232312520556448,2.78775024667738,0,9.92508707519444,6470,34,498.046875,7.73727000301034,490.30960499699,498.046875,1,1,3,3,6470,0,0,6470,9.92508707519444,6470,0
0.305,490.444675698972,0.122211020010849,0.00611055100054246,2.56796231694687,51.3592463389373,2.87878832929167,0,500,483.3984375,16.6015625,2.87878832929167,2.77579959491058,-1160.23410031786,0,2.87878832929167,0.239899027440972,2.87878832929167,0,9.97644010936198,6503,33,483.3984375,-7.04623819897239,490.444675698972,483.3984375,1,0,2,2,6503,0,0,6503,9.97644010936198,6503,0
0.306,490.595787392633,0.143066186683517,0.00715330933417587,2.56875353592466,51.3750707184932,2.78932411096575,0,500,498.046875,1.953125,2.78932411096575,2.77720778927386,1474.54449973512,0,2.78932411096575,0.232443675913812,2.78932411096575,-4.44089209850063e-16,10.027806414505,6537,34,498.046875,7.45108760736701,490.595787392633,498.046875,0,1,1,1,6537,0,0,6537,10.027806414505,6537,0
0.307,490.730365423944,0.12220198813226,0.006110099406613,2.56945818484883,51.3891636969765,2.88036219358004,0,500,483.3984375,16.6015625,2.88036219358004,2.77737345919895,-1212.6191668874,0,2.88036219358004,0.240030182798337,2.88036219358004,0,10.0791893884705,6570,33,483.3984375,-7.33192792394374,490.730365423944,483.3984375,1,1,3,3,6570,0,0,6570,10.0791893884705,6570,0
0.308,490.881233263339,0.14308776969711,0.00715438848485549,2.57024812700867,51.4049625401734,2.79089797525412,0,500,498.046875,1.953125,2.79089797525412,2.77878165356223,1430.89027759383,0,2.79089797525412,0.232574831271177,2.79089797525412,0,10.1305855969457,6604,34,498.046875,7.16564173666143,490.881233263339,498.046875,0,0,0,0,6604,0,0,6604,10.1305855969457,6604,0
0.309,491.015660961128,0.122235135255636,0.00611175676278178,2.57095198878836,51.4190397757672,2.88193605786841,0,500,483.3984375,16.6015625,2.88193605786841,2.77894732348732,-1248.99768533847,0,2.88193605786841,0.240161338155701,2.88193605786841,0,10.1819984543858,6637,33,483.3984375,-7.61722346112828,491.015660961128,483.3984375,0,1,1,1,6637,0,0,6637,10.1819984543858,6637,0
0.31,491.166414117909,0.143125381010521,0.00715626905052605,2.57174133047144,51.4348266094288,2.79247183954249,0,500,498.046875,1.953125,2.79247183954249,2.7803555178506,1400.57484555127,0,2.79247183954249,0.232705986628541,2.79247183954249,0,10.2334245327508,6671,34,498.046875,6.88046088209086,491.166414117909,498.046875,1,0,2,2,6671,0,0,6671,10.2334245327508,6671,0
0.311,491.30074121238,0.122274563417491,0.00611372817087455,2.57244466549339,51.4488933098677,2.88350992215678,0,500,483.3984375,16.6015625,2.88350992215678,2.78052118777569,-1274.26054537394,0,2.88350992215678,0.240292493513065,2.88350992215678,0,10.2848672489169,6704,33,483.3984375,-7.90230371237953,491.30074121238,483.3984375,0,0,0,0,6704,0,0,6704,10.2848672489169,6704,0
0.312,491.451399797351,0.143165637611004,0.00715828188055018,2.57323351199963,51.4646702399926,2.79404570383086,0,500,498.046875,1.953125,2.79404570383086,2.78192938213897,1379.52246218838,0,2.79404570383086,0.232837141985905,2.79404570383086,0,10.3363231758294,6738,34,498.046875,6.59547520264857,491.451399797351,498.046875,1,1,3,3,6738,0,0,6738,10.3363231758294,6738,0
0.313,491.585635342472,0.122315278145569,0.00611576390727845,2.5739363676703,51.4787273534061,2.88508378644515,0,500,483.3984375,16.6015625,2.88508378644515,2.78209505206406,-1291.80419817635,0,2.88508378644515,0.240423648870429,2.88508378644515,0,10.3877957308128,6771,33,483.3984375,-8.18719784247247,491.585635342472,483.3984375,1,0,2,2,6771,0,0,6771,10.3877957308128,6771,0
0.314,491.736204268942,0.143206670469492,0.00716033352347459,2.57472474472573,51.4944948945146,2.79561956811923,0,500,498.046875,1.953125,2.79561956811923,2.78350324642734,1364.90275151971,0,2.79561956811923,0.232968297343269,2.79561956811923,0,10.4392814870603,6805,34,498.046875,6.31067073105794,491.736204268942,498.046875,0,1,1,1,6805,0,0,6805,10.4392814870603,6805,0
0.315,491.870351614418,0.122356574973186,0.00611782874865932,2.57542713858414,51.5085427716828,2.88665765073352,0,500,483.3984375,16.6015625,2.88665765073352,2.78366891635243,-1303.98729040024,0,2.88665765073352,0.240554804227794,2.88665765073352,-4.44089209850063e-16,10.4907838620684,6838,33,483.3984375,-8.4719141144185,491.870351614418,483.3984375,1,1,3,3,6838,0,0,6838,10.4907838620684,6838,0
0.316,492.020833628907,0.143248209112146,0.00716241045560728,2.5762150605695,51.52430121139,2.7971934324076,0,500,498.046875,1.953125,2.7971934324076,2.78507711071571,1354.75017466647,0,2.7971934324076,0.233099452700634,2.7971934324076,0,10.5422994291726,6872,34,498.046875,6.02604137109307,492.020833628907,498.046875,0,0,0,0,6872,0,0,6872,10.5422994291726,6872,0
0.317,492.154895276175,0.122398345228574,0.00611991726142872,2.57691700571314,51.5383401142629,2.79735910233269,0,500,498.046875,1.953125,2.79735910233269,2.7852427806408,1128.95847888872,0,2.79735910233269,0.233113258527724,2.79735910233269,0,10.5938316060001,6906,34,498.046875,5.89197972382459,492.154895276175,498.046875,1,1,3,3,6906,0,0,6906,10.5938316060001,6906,0
0.318,492.225590130315,0.11462785408698,0.005731392704349,2.57728716310383,51.5457432620766,2.88839718494699,0,500,483.3984375,16.6015625,2.88839718494699,2.78540845056589,-1500.60751759273,0,2.88839718494699,0.240699765412249,2.88839718494699,0,10.6453739669883,6939,33,483.3984375,-8.82715263031497,492.225590130315,483.3984375,1,0,2,2,6939,0,0,6939,10.6453739669883,6939,0
0.319,492.352346845429,0.140392798952796,0.00701963994763979,2.57795085971216,51.5590171942432,2.79893296662106,0,500,498.046875,1.953125,2.79893296662106,2.78681664492917,1190.89998533939,0,2.79893296662106,0.233244413885089,2.79893296662106,0,10.6969252922948,6973,34,498.046875,5.69452815457061,492.352346845429,498.046875,0,1,1,1,6973,0,0,6973,10.6969252922948,6973,0
0.32,492.477485557389,0.121358812842821,0.00606794064214103,2.57860608447578,51.5721216895156,2.88997104923536,0,500,483.3984375,16.6015625,2.88997104923536,2.78698231485426,-1448.98959555051,0,2.88997104923536,0.240830920769613,2.88997104923536,0,10.7484916433642,7006,33,483.3984375,-9.07904805738934,492.477485557389,483.3984375,1,1,3,3,7006,0,0,7006,10.7484916433642,7006,0
0.321,492.624476186289,0.14292743570842,0.00714637178542099,2.57937572560895,51.5875145121789,2.80050683090944,0,500,498.046875,1.953125,2.80050683090944,2.78839050921754,1233.91492037458,0,2.80050683090944,0.233375569242453,2.80050683090944,0,10.8000705787874,7040,34,498.046875,5.42239881371052,492.624476186289,498.046875,0,0,0,0,7040,0,0,7040,10.8000705787874,7040,0
0.322,492.757103850178,0.122330151961774,0.00611650759808872,2.58007016243317,51.6014032486634,2.80067250083453,0,500,498.046875,1.953125,2.80067250083453,2.78855617914263,1028.26243364548,0,2.80067250083453,0.233389375069544,2.80067250083453,0,10.8516658834627,7074,34,498.046875,5.28977114982229,492.757103850178,498.046875,1,1,3,3,7074,0,0,7074,10.8516658834627,7074,0
0.323,492.82713305885,0.114654113674617,0.00573270568373086,2.58043683451234,51.6087366902468,2.89171058344882,0,500,483.3984375,16.6015625,2.89171058344882,2.78872184906773,-1584.52088862877,0,2.89171058344882,0.240975881954068,2.89171058344882,0,10.9032712688529,7107,33,483.3984375,-9.42869555885005,492.82713305885,483.3984375,1,0,2,2,7107,0,0,7107,10.9032712688529,7107,0
0.324,492.953512173419,0.140454592963826,0.00702272964819131,2.58109855400883,51.6219710801767,2.8022463651229,0,500,498.046875,1.953125,2.8022463651229,2.790130043431,1120.97217614269,0,2.8022463651229,0.233520530426908,2.8022463651229,0,10.9548855663557,7141,34,498.046875,5.09336282658097,492.953512173419,498.046875,0,1,1,1,7141,0,0,7141,10.9548855663557,7141,0
0.325,493.078382362119,0.121434185286279,0.00607170926431394,2.58175237278796,51.6350474557591,2.80241203504799,0,500,498.046875,1.953125,2.80241203504799,2.7902957133561,934.143480118912,0,2.80241203504799,0.233534336253999,2.80241203504799,0,11.0065148566918,7175,34,498.046875,4.96849263788056,493.078382362119,498.046875,1,0,2,2,7175,0,0,7175,11.0065148566918,7175,0
0.326,493.14544420451,0.114345850632658,0.00571729253163292,2.58210350777361,51.6420701554721,2.89345011766228,0,500,483.3984375,16.6015625,2.89345011766228,2.79046138328119,-1662.95334990091,0,2.89345011766228,0.241120843138523,2.89345011766228,0,11.0581537067937,7208,33,483.3984375,-9.74700670451017,493.14544420451,483.3984375,0,0,0,0,7208,0,0,7208,11.0581537067937,7208,0
0.327,493.2706416579,0.140365493464163,0.00701827467320816,2.58275904010664,51.6551808021328,2.80398589933636,0,500,498.046875,1.953125,2.80398589933636,2.79186957764447,1055.61179174924,0,2.80398589933636,0.233665491611363,2.80398589933636,-4.44089209850063e-16,11.1098012668929,7242,34,498.046875,4.77623334209966,493.2706416579,498.046875,1,1,3,3,7242,0,0,7242,11.1098012668929,7242,0
0.328,493.394996521516,0.121426939106119,0.00607134695530594,2.58341016064993,51.6682032129985,2.80415156926145,0,500,498.046875,1.953125,2.80415156926145,2.79203524756956,879.67649312437,0,2.80415156926145,0.233679297438454,2.80415156926145,0,11.1614637366075,7276,34,498.046875,4.65187847848409,493.394996521516,498.046875,0,0,0,0,7276,0,0,7276,11.1614637366075,7276,0
0.329,493.461792316054,0.114369297210826,0.0057184648605413,2.58375990261228,51.6751980522455,2.89518965187574,0,500,483.3984375,16.6015625,2.89518965187574,2.79220091749465,-1708.34250572969,0,2.89518965187574,0.241265804322979,2.89518965187574,0,11.2131357272753,7309,33,483.3984375,-10.0633548160536,493.461792316054,483.3984375,0,1,1,1,7309,0,0,7309,11.2131357272753,7309,0
0.33,493.586817600797,0.140400569172006,0.00702002845860028,2.58441453347238,51.6882906694476,2.80572543354982,0,500,498.046875,1.953125,2.80572543354982,2.79360911185793,1017.78749522526,0,2.80572543354982,0.233810452795819,2.80572543354982,0,11.264816405778,7343,34,498.046875,4.46005739920315,493.586817600797,498.046875,1,0,2,2,7343,0,0,7343,11.264816405778,7343,0
0.331,493.711036264459,0.121466538748731,0.00607332693743656,2.58506494087438,51.7012988174876,2.80589110347491,0,500,498.046875,1.953125,2.80589110347491,2.79377478178302,848.156246021048,0,2.80589110347491,0.23382425862291,2.80589110347491,0,11.3165119780416,7377,34,498.046875,4.33583873554068,493.711036264459,498.046875,0,1,1,1,7377,0,0,7377,11.3165119780416,7377,0
0.332,493.777710238472,0.11441077099887,0.0057205385499435,2.58541404498595,51.7082808997191,2.89692918608921,0,500,483.3984375,16.6015625,2.89692918608921,2.79394045170811,-1734.60937831579,0,2.89692918608921,0.241410765507434,2.89692918608921,0,11.3682170578574,7410,33,483.3984375,-10.3792727384716,493.777710238472,483.3984375,1,1,3,3,7410,0,0,7410,11.3682170578574,7410,0
0.333,493.902620025285,0.140442927307883,0.00702214636539417,2.58606807110031,51.7213614220062,2.80746496776329,0,500,498.046875,1.953125,2.80746496776329,2.79534864607139,995.898434736839,0,2.80746496776329,0.233955413980274,2.80746496776329,0,11.4199308131226,7444,34,498.046875,4.14425497471478,493.902620025285,498.046875,0,0,0,0,7444,0,0,7444,11.4199308131226,7444,0
0.334,494.026726498761,0.121509409935002,0.00607547049675011,2.58671789107587,51.7343578215174,2.80763063768838,0,500,498.046875,1.953125,2.80763063768838,2.79551431599648,829.915362280699,0,2.80763063768838,0.233969219807365,2.80763063768838,0,11.4716594502423,7478,34,498.046875,4.02014850123908,494.026726498761,498.046875,1,1,3,3,7478,0,0,7478,11.4716594502423,7478,0
0.335,494.09329045415,0.114454014407856,0.00572270072039281,2.58706641913128,51.7413283826255,2.80779630761347,0,500,498.046875,1.953125,2.80779630761347,2.79567998592158,691.596135233916,0,2.80779630761347,0.233983025634456,2.80779630761347,0,11.5233975832851,7512,34,498.046875,3.95358454584982,494.09329045415,498.046875,0,0,0,0,7512,0,0,7512,11.5233975832851,7512,0
0.336,494.138389319424,0.111824136841847,0.00559120684209236,2.58730255623766,51.7460511247532,2.89883439022776,0,500,483.3984375,16.6015625,2.89883439022776,2.79584565584667,-1865.07613730507,0,2.89883439022776,0.24156953251898,2.89883439022776,0,11.5751413813265,7545,33,483.3984375,-10.739951819424,494.138389319424,483.3984375,0,1,1,1,7545,0,0,7545,11.5751413813265,7545,0
0.337,494.255167507535,0.139505500761843,0.00697527503809216,2.58791400540078,51.7582801080155,2.80937017190184,0,500,498.046875,1.953125,2.80937017190184,2.79725385020995,887.176135579108,0,2.80937017190184,0.23411418099182,2.80937017190184,0,11.6268924133513,7579,34,498.046875,3.79170749246458,494.255167507535,498.046875,1,0,2,2,7579,0,0,7579,11.6268924133513,7579,0
0.338,494.376152316457,0.121186675259666,0.00605933376298332,2.58854748037895,51.770949607579,2.80953584182693,0,500,498.046875,1.953125,2.80953584182693,2.79741952013504,739.313446315924,0,2.80953584182693,0.234127986818911,2.80953584182693,-4.44089209850063e-16,11.6786577804745,7613,34,498.046875,3.67072268354286,494.376152316457,498.046875,0,1,1,1,7613,0,0,7613,11.6786577804745,7613,0
0.339,494.441462415474,0.114360537358243,0.00571802686791215,2.58888944325775,51.7777888651549,2.80970151175202,0,500,498.046875,1.953125,2.80970151175202,2.79758519006013,616.094538596603,0,2.80970151175202,0.234141792646002,2.80970151175202,0,11.7304324302398,7647,34,498.046875,3.60541258452571,494.441462415474,498.046875,1,0,2,2,7647,0,0,7647,11.7304324302398,7647,0
0.34,494.486004549462,0.111816312387326,0.00559081561936629,2.58912266532593,51.7824533065186,2.90073959436632,0,500,483.3984375,16.6015625,2.90073959436632,2.79775085998522,-1927.99413450283,0,2.90073959436632,0.241728299530526,2.90073959436632,0,11.782212656096,7680,33,483.3984375,-11.0875670494619,494.486004549462,483.3984375,0,0,0,0,7680,0,0,7680,11.782212656096,7680,0
0.341,494.60248695164,0.139529822553216,0.00697649112766081,2.58973256575752,51.7946513151504,2.81127537604039,0,500,498.046875,1.953125,2.81127537604039,2.7991590543485,834.744471247641,0,2.81127537604039,0.234272948003366,2.81127537604039,0,11.8340000734943,7714,34,498.046875,3.44438804836022,494.60248695164,498.046875,1,1,3,3,7714,0,0,7714,11.8340000734943,7714,0
0.342,494.723274395395,0.121223205179011,0.00606116025895053,2.5903650073341,51.807300146682,2.81144104596549,0,500,498.046875,1.953125,2.81144104596549,2.79932472427359,695.620392706368,0,2.81144104596549,0.234286753830457,2.81144104596549,0,11.8858018009881,7748,34,498.046875,3.32360060460519,494.723274395395,498.046875,0,0,0,0,7748,0,0,7748,11.8858018009881,7748,0
0.343,494.788424981705,0.114401843892145,0.00572009219460726,2.59070613500631,51.8141227001263,2.81160671589058,0,500,498.046875,1.953125,2.81160671589058,2.79949039419868,579.68366058864,0,2.81160671589058,0.234300559657548,2.81160671589058,0,11.9376127927429,7782,34,498.046875,3.25845001829515,494.788424981705,498.046875,1,1,3,3,7782,0,0,7782,11.9376127927429,7782,0
0.344,494.832822873359,0.111859623667574,0.00559298118337869,2.59093860182341,51.8187720364681,2.90264479850487,0,500,483.3984375,16.6015625,2.90264479850487,2.79965606412378,-1958.3365328428,0,2.90264479850487,0.241887066542072,2.90264479850487,-4.44089209850063e-16,11.989429344798,7815,33,483.3984375,-11.4343853733587,494.832822873359,483.3984375,1,0,2,2,7815,0,0,7815,11.989429344798,7815,0
0.345,494.949167874282,0.139574102803989,0.00697870514019948,2.59154778282371,51.8309556564742,2.81318058017895,0,500,498.046875,1.953125,2.81318058017895,2.80106425848706,809.459139297666,0,2.81318058017895,0.234431715014912,2.81318058017895,0,12.0412530736907,7849,34,498.046875,3.0977071257181,494.949167874282,498.046875,0,1,1,1,7849,0,0,7849,12.0412530736907,7849,0
0.346,495.0698216017,0.121268065484294,0.00606340327421471,2.59217952426318,51.8435904852637,2.81334625010404,0,500,498.046875,1.953125,2.81334625010404,2.80122992841215,674.549282748055,0,2.81334625010404,0.234445520842003,2.81334625010404,0,12.0930910984992,7883,34,498.046875,2.97705339830009,495.0698216017,498.046875,1,0,2,2,7883,0,0,7883,12.0930910984992,7883,0
0.347,495.134840965273,0.114447136378308,0.00572235681891541,2.59251996485475,51.850399297095,2.81351192002913,0,500,498.046875,1.953125,2.81351192002913,2.80139559833724,562.124402290046,0,2.81351192002913,0.234459326669094,2.81351192002913,0,12.1449383737028,7917,34,498.046875,2.91203403472747,495.134840965273,498.046875,0,1,1,1,7917,0,0,7917,12.1449383737028,7917,0
0.348,495.179109668716,0.111905290306869,0.00559526451534346,2.59275175524395,51.8550351048791,2.81367758995422,0,500,498.046875,1.953125,2.81367758995422,2.80156126826233,468.437001908372,0,2.81367758995422,0.234473132496185,2.81367758995422,0,12.1967911955738,7951,34,498.046875,2.86776533128415,495.179109668716,498.046875,1,0,2,2,7951,0,0,7951,12.1967911955738,7951,0
0.349,495.215624691485,0.110957767912179,0.00554788839560896,2.59294294745608,51.8588589491216,2.90471567256852,0,500,483.3984375,16.6015625,2.90471567256852,2.80172693818742,-2051.04208174302,0,2.90471567256852,0.24205963938071,2.90471567256852,0,12.2486481818288,7984,33,483.3984375,-11.8171871914847,495.215624691485,483.3984375,0,0,0,0,7984,0,0,7984,12.2486481818288,7984,0
0.35,495.328931280816,0.139266655131005,0.00696333275655025,2.59353621937049,51.8707243874098,2.81525145424259,0,500,498.046875,1.953125,2.81525145424259,2.8031351325507,732.204515214147,0,2.81525145424259,0.23460428785355,2.81525145424259,0,12.3005118141433,8018,34,498.046875,2.71794371918401,495.328931280816,498.046875,1,1,3,3,8018,0,0,8018,12.3005118141433,8018,0
0.351,495.44835288077,0.121182342933668,0.00605911714668339,2.59416150940565,51.883230188113,2.81541712416769,0,500,498.046875,1.953125,2.81541712416769,2.80330080247579,610.170429345123,0,2.81541712416769,0.234618093680641,2.81541712416769,-4.44089209850063e-16,12.3523895340659,8052,34,498.046875,2.59852211922987,495.44835288077,498.046875,0,0,0,0,8052,0,0,8052,12.3523895340659,8052,0
0.352,495.512814446009,0.114444284348033,0.00572221421740167,2.59449902937197,51.8899805874395,2.81558279409278,0,500,498.046875,1.953125,2.81558279409278,2.80346647240088,508.475357787602,0,2.81558279409278,0.234631899507732,2.81558279409278,0,12.4042764163629,8086,34,498.046875,2.53406055399103,495.512814446009,498.046875,1,1,3,3,8086,0,0,8086,12.4042764163629,8086,0
0.353,495.556777927783,0.111933571991084,0.00559667859955419,2.59472922162425,51.894584432485,2.81574846401787,0,500,498.046875,1.953125,2.81574846401787,2.80363214232598,423.729464823002,0,2.81574846401787,0.234645705334822,2.81574846401787,-4.44089209850063e-16,12.4561688022633,8120,34,498.046875,2.49009707221705,495.556777927783,498.046875,0,0,0,0,8120,0,0,8120,12.4561688022633,8120,0
0.354,495.593083154452,0.11099790414832,0.00554989520741601,2.59491931534657,51.8983863069314,2.90678654663216,0,500,483.3984375,16.6015625,2.90678654663216,2.80379781225107,-2088.2983626475,0,2.90678654663216,0.242232212219347,2.90678654663216,0,12.5080653263729,8153,33,483.3984375,-12.1946456544521,495.593083154452,483.3984375,0,1,1,1,8153,0,0,8153,12.5080653263729,8153,0
0.355,495.706216805298,0.139311459592183,0.00696557297960913,2.59551168175719,51.9102336351438,2.81732232830624,0,500,498.046875,1.953125,2.81732232830624,2.80520600661435,701.157614460418,0,2.81732232830624,0.234776860692187,2.81732232830624,0,12.5599684767969,8187,34,498.046875,2.34065819470158,495.706216805298,498.046875,1,0,2,2,8187,0,0,8187,12.5599684767969,8187,0
0.356,495.825480485916,0.121229134784143,0.00606145673920715,2.59613614492864,51.9227228985728,2.81748799823133,0,500,498.046875,1.953125,2.81748799823133,2.80537167653944,584.298012050348,0,2.81748799823133,0.234790666519278,2.81748799823133,0,12.6118856976155,8221,34,498.046875,2.22139451408373,495.825480485916,498.046875,0,1,1,1,8221,0,0,8221,12.6118856976155,8221,0
0.357,495.889790997103,0.114492061415385,0.00572460307076926,2.5964728739778,51.9294574795559,2.81765366815642,0,500,498.046875,1.953125,2.81765366815642,2.80553734646453,486.915010041957,0,2.81765366815642,0.234804472346369,2.81765366815642,0,12.6638120646717,8255,34,498.046875,2.15708400289674,495.889790997103,498.046875,1,0,2,2,8255,0,0,8255,12.6638120646717,8255,0
0.358,495.933607234973,0.111981957570512,0.00559909787852559,2.5967022952628,51.9340459052559,2.81781933808152,0,500,498.046875,1.953125,2.81781933808152,2.80570301638962,405.762508368298,0,2.81781933808152,0.23481827817346,2.81781933808152,0,12.7157439197281,8289,34,498.046875,2.11326776502671,495.933607234973,498.046875,0,1,1,1,8289,0,0,8289,12.7157439197281,8289,0
0.359,495.969767872625,0.111046754611481,0.00555233773057407,2.59689163191879,51.9378326383758,2.81798500800661,0,500,498.046875,1.953125,2.81798500800661,2.80586868631471,338.135423640248,0,2.81798500800661,0.234832084000551,2.81798500800661,0,12.7676798977192,8323,34,498.046875,2.0771071273752,495.969767872625,498.046875,1,0,2,2,8323,0,0,8323,12.7676798977192,8323,0
0.36,496.003056503724,0.110698367022532,0.0055349183511266,2.59706593078364,51.9413186156727,2.8181506779317,0,500,498.046875,1.953125,2.8181506779317,2.80603435623981,281.779519700207,0,2.8181506779317,0.234845889827642,2.8181506779317,0,12.8196194879784,8357,34,498.046875,2.04381849627634,496.003056503724,498.046875,0,1,1,1,8357,0,0,8357,12.8196194879784,8357,0
0.361,496.03525562642,0.110568661736775,0.00552843308683875,2.59723452499583,51.9446904999165,2.90918876054599,0,500,483.3984375,16.6015625,2.90918876054599,2.8062000261649,-2206.58998358316,0,2.90918876054599,0.242432396712166,2.90918876054599,-4.44089209850063e-16,12.8715624981919,8390,33,483.3984375,-12.6368181264199,496.03525562642,483.3984375,1,1,3,3,8390,0,0,8390,12.8715624981919,8390,0
0.362,496.146732251435,0.139182833388447,0.00695914166942234,2.59781821523948,51.9563643047896,2.81972454222007,0,500,498.046875,1.953125,2.81972454222007,2.80760822052818,602.581263680699,0,2.81972454222007,0.234977045185006,2.81972454222007,0,12.9235118537058,8424,34,498.046875,1.90014274856549,496.146732251435,498.046875,0,0,0,0,8424,0,0,8424,12.9235118537058,8424,0
0.363,496.265253090102,0.121212842631072,0.00606064213155358,2.59843878889957,51.9687757779914,2.81989021214516,0,500,498.046875,1.953125,2.81989021214516,2.80777389045327,502.151053067249,0,2.81989021214516,0.234990851012097,2.81989021214516,0,12.9754751616859,8458,34,498.046875,1.78162190989843,496.265253090102,498.046875,1,1,3,3,8458,0,0,8458,12.9754751616859,8458,0
0.364,496.329163062128,0.11451795025233,0.00572589751261649,2.59877342073059,51.9754684146117,2.82005588207025,0,500,498.046875,1.953125,2.82005588207025,2.80793956037836,418.459210889374,0,2.82005588207025,0.235004656839188,2.82005588207025,0,13.0274475589159,8492,34,498.046875,1.71771193787185,496.329163062128,498.046875,0,0,0,0,8492,0,0,8492,13.0274475589159,8492,0
0.365,496.37270797398,0.112023885915261,0.00560119429576305,2.59900142135588,51.9800284271176,2.82022155199535,0,500,498.046875,1.953125,2.82022155199535,2.80810523030345,348.716009074479,0,2.82022155199535,0.235018462666279,2.82022155199535,0,13.0794254100404,8526,34,498.046875,1.67416702601957,496.37270797398,498.046875,1,1,3,3,8526,0,0,8526,13.0794254100404,8526,0
0.366,496.408647084829,0.11109497849563,0.00555474892478151,2.59918959810024,51.9837919620049,2.82038722192044,0,500,498.046875,1.953125,2.82038722192044,2.80827090022854,290.596674228732,0,2.82038722192044,0.23503226849337,2.82038722192044,0,13.1314073586939,8560,34,498.046875,1.63822791517134,496.408647084829,498.046875,0,0,0,0,8560,0,0,8560,13.1314073586939,8560,0
0.367,496.441734378466,0.110749251781308,0.00553746258906539,2.5993628427646,51.9872568552921,2.82055289184553,0,500,498.046875,1.953125,2.82055289184553,2.80843657015364,242.16389519061,0,2.82055289184553,0.235046074320461,2.82055289184553,0,13.1833928976235,8594,34,498.046875,1.60514062153442,496.441734378466,498.046875,1,1,3,3,8594,0,0,8594,13.1833928976235,8594,0
0.368,496.473741299043,0.110620848915866,0.0055310424457933,2.59953043060886,51.9906086121771,2.82071856177062,0,500,498.046875,1.953125,2.82071856177062,2.80860224007873,201.803245992175,0,2.82071856177062,0.235059880147552,2.82071856177062,0,13.2353818359575,8628,34,498.046875,1.57313370095682,496.473741299043,498.046875,0,0,0,0,8628,0,0,8628,13.2353818359575,8628,0
0.369,496.505328078548,0.110573461472161,0.00552867307360806,2.5996958185996,51.9939163719919,2.82088423169571,0,500,498.046875,1.953125,2.82088423169571,2.80876791000382,168.169371660146,0,2.82088423169571,0.235073685974643,2.82088423169571,0,13.2873741007241,8662,34,498.046875,1.54154692145158,496.505328078548,498.046875,1,1,3,1,8662,1,0,8662,13.2873741007241,8662,0
0.37,496.536740939854,0.110556304200101,0.00552781521000504,2.59986029595677,51.9972059191354,2.91192231431,0,500,483.3984375,16.6015625,2.91192231431,2.80893357992891,-2301.26510694988,0,2.91192231431,0.242660192859167,2.91192231431,0,13.3393696629031,8695,33,483.3984375,-13.1383034398535,496.536740939854,483.3984375,1,0,2,2,8695,0,0,8695,13.3393696629031,8695,0
0.371,496.647774493071,0.139212806514131,0.00696064032570656,2.60044166628192,52.0088333256384,2.82245809598408,0,500,498.046875,1.953125,2.82245809598408,2.81034177429219,523.685327541768,0,2.82245809598408,0.235204841332007,2.82245809598408,0,13.391371508897,8729,34,498.046875,1.39910050692862,496.647774493071,498.046875,0,1,1,1,8729,0,0,8729,13.391371508897,8729,0
0.372,496.765982161394,0.121258980034018,0.0060629490017009,2.60106060018592,52.0212120037185,2.82262376590918,0,500,498.046875,1.953125,2.82262376590918,2.81050744421728,436.40443961814,0,2.82262376590918,0.235218647159098,2.82262376590918,-4.44089209850063e-16,13.4433872688345,8763,34,498.046875,1.28089283860555,496.765982161394,498.046875,1,0,2,2,8763,0,0,8763,13.4433872688345,8763,0
0.373,496.829629371798,0.114570497748917,0.00572852488744583,2.6013938562003,52.027877124006,2.82278943583427,0,500,498.046875,1.953125,2.82278943583427,2.81067311414237,363.67036634845,0,2.82278943583427,0.235232452986189,2.82278943583427,0,13.4954120882665,8797,34,498.046875,1.21724562820231,496.829629371798,498.046875,0,1,1,1,8797,0,0,8797,13.4954120882665,8797,0
0.374,496.872932286715,0.11207920411043,0.0056039602055215,2.6016205897326,52.032411794652,2.82295510575936,0,500,498.046875,1.953125,2.82295510575936,2.81083878406747,303.058638623708,0,2.82295510575936,0.23524625881328,2.82295510575936,-4.44089209850063e-16,13.5474423353133,8831,34,498.046875,1.17394271328533,496.872932286715,498.046875,1,0,2,2,8831,0,0,8831,13.5474423353133,8831,0
0.375,496.90863909386,0.111151706260863,0.00555758531304316,2.60180755013762,52.0361510027525,2.82312077568445,0,500,498.046875,1.953125,2.82312077568445,2.81100445399256,252.548865519757,0,2.82312077568445,0.235260064640371,2.82312077568445,0,13.5994766551106,8865,34,498.046875,1.13823590613958,496.90863909386,498.046875,0,1,1,1,8865,0,0,8865,13.5994766551106,8865,0
0.376,496.941499625546,0.11080687687547,0.0055403438437735,2.60197960747918,52.0395921495836,2.82328644560954,0,500,498.046875,1.953125,2.82328644560954,2.81117012391765,210.457387933131,0,2.82328644560954,0.235273870467462,2.82328644560954,-4.44089209850063e-16,13.6515145411686,8899,34,498.046875,1.10537537445435,496.941499625546,498.046875,1,0,2,2,8899,0,0,8899,13.6515145411686,8899,0
0.377,496.973283752983,0.110679175438517,0.00553395877192585,2.60214602878128,52.0429205756256,2.82345211553463,0,500,498.046875,1.953125,2.82345211553463,2.81133579384274,175.381156610942,0,2.82345211553463,0.235287676294553,2.82345211553463,0,13.7035558031004,8933,34,498.046875,1.07359124701651,496.973283752983,498.046875,0,1,1,1,8933,0,0,8933,13.7035558031004,8933,0
0.378,497.004651096269,0.110632411450981,0.00553162057254906,2.60231026780666,52.0462053561332,2.82361778545973,0,500,498.046875,1.953125,2.82361778545973,2.81150146376783,146.150963842452,0,2.82361778545973,0.235301482121644,2.82361778545973,-4.44089209850063e-16,13.755600368313,8967,34,498.046875,1.0422239037315,497.004651096269,498.046875,1,0,2,2,8967,0,0,8967,13.755600368313,8967,0
0.379,497.035847624796,0.11061584366711,0.00553079218335552,2.60247361244806,52.0494722489612,2.82378345538482,0,500,498.046875,1.953125,2.82378345538482,2.81166713369293,121.79246986871,0,2.82378345538482,0.235315287948735,2.82378345538482,0,13.8076482081225,9001,34,498.046875,1.01102737520381,497.035847624796,498.046875,0,1,1,1,9001,0,0,9001,13.8076482081225,9001,0
0.38,497.066965190659,0.110610566792551,0.00553052833962755,2.60263654364191,52.0527308728383,2.82394912530991,0,500,498.046875,1.953125,2.82394912530991,2.81183280361802,101.493724890592,0,2.82394912530991,0.235329093775826,2.82394912530991,-4.44089209850063e-16,13.8596993102267,9035,34,498.046875,0.979909809340882,497.066965190659,498.046875,1,0,2,2,9035,0,0,9035,13.8596993102267,9035,0
0.381,497.09803822339,0.110609536703959,0.00553047683519794,2.60279924166083,52.0559848332166,2.824114795235,0,500,498.046875,1.953125,2.824114795235,2.81199847354311,84.5781040754931,0,2.824114795235,0.235342899602917,2.824114795235,0,13.9117536684484,9069,34,498.046875,0.948836776610221,497.09803822339,498.046875,0,1,1,1,9069,0,0,9069,13.9117536684484,9069,0
0.382,497.129079755694,0.110610128417996,0.00553050642089981,2.60296177474391,52.0592354948781,2.91515287784929,0,500,483.3984375,16.6015625,2.91515287784929,2.8121641434682,-2370.92449660376,0,2.91515287784929,0.242929406487441,2.91515287784929,0,13.9638112789144,9102,33,483.3984375,-13.7306422556941,497.129079755694,483.3984375,1,1,3,3,9102,0,0,9102,13.9638112789144,9102,0
0.383,497.239797484071,0.139273714574021,0.00696368572870104,2.60354149141405,52.0708298282811,2.82568865952337,0,500,498.046875,1.953125,2.82568865952337,2.81357233783148,465.635836163537,0,2.82568865952337,0.235474054960281,2.82568865952337,0,14.0158751376537,9136,34,498.046875,0.80707751592945,497.239797484071,498.046875,0,0,0,0,9136,0,0,9136,14.0158751376537,9136,0
0.384,497.35771241701,0.121322992011408,0.00606614960057041,2.60415889255917,52.0831778511834,2.82585432944846,0,500,498.046875,1.953125,2.82585432944846,2.81373800775657,388.029863469614,0,2.82585432944846,0.235487860787372,2.82585432944846,0,14.067952878636,9170,34,498.046875,0.689162582990207,497.35771241701,498.046875,1,1,3,3,9170,0,0,9170,14.067952878636,9170,0
0.385,497.421077871964,0.114636124527488,0.00573180622637442,2.60449067330546,52.0898134661092,2.82601999937356,0,500,498.046875,1.953125,2.82601999937356,2.81390367768166,323.358219558012,0,2.82601999937356,0.235501666614463,2.82601999937356,0,14.1200396490936,9204,34,498.046875,0.625797128036311,497.421077871964,498.046875,0,0,0,0,9204,0,0,9204,14.1200396490936,9204,0
0.386,497.464105467419,0.11214588466333,0.00560729423316648,2.60471596526843,52.0943193053687,2.82618566929865,0,500,498.046875,1.953125,2.82618566929865,2.81406934760675,269.46518296501,0,2.82618566929865,0.235515472441554,2.82618566929865,0,14.1721318180207,9238,34,498.046875,0.58276953258121,497.464105467419,498.046875,1,1,3,3,9238,0,0,9238,14.1721318180207,9238,0
0.387,497.499541666297,0.111219225425317,0.00556096127126585,2.60490150877188,52.0980301754376,2.82635133922374,0,500,498.046875,1.953125,2.82635133922374,2.81423501753185,224.554319137508,0,2.82635133922374,0.235529278268645,2.82635133922374,0,14.2242280311225,9272,34,498.046875,0.547333333702511,497.499541666297,498.046875,0,0,0,0,9272,0,0,9272,14.2242280311225,9272,0
0.388,497.532135626887,0.110875148431135,0.00554375742155673,2.60507217035045,52.1014434070089,2.82651700914883,0,500,498.046875,1.953125,2.82651700914883,2.81440068745694,187.128599281257,0,2.82651700914883,0.235543084095736,2.82651700914883,0,14.2763277823619,9306,34,498.046875,0.514739373113173,497.532135626887,498.046875,1,1,3,3,9306,0,0,9306,14.2763277823619,9306,0
0.389,497.56365693829,0.110748161287561,0.00553740806437804,2.60523721555101,52.1047443110201,2.82668267907392,0,500,498.046875,1.953125,2.82668267907392,2.81456635738203,155.940499401047,0,2.82668267907392,0.235556889922827,2.82668267907392,0,14.328430881758,9340,34,498.046875,0.483218061710147,497.56365693829,498.046875,0,0,0,0,9340,0,0,9340,14.328430881758,9340,0
0.39,497.594765084926,0.110702091505776,0.00553510457528879,2.60540009742591,52.1080019485181,2.82684834899902,0,500,498.046875,1.953125,2.82684834899902,2.81473202730712,129.950416167539,0,2.82684834899902,0.235570695749918,2.82684834899902,0,14.3805372571033,9374,34,498.046875,0.45210991507372,497.594765084926,498.046875,1,1,3,3,9374,0,0,9374,14.3805372571033,9374,0
0.391,497.625705955491,0.110686204630148,0.00553431023150742,2.60556210344534,52.1112420689068,2.82701401892411,0,500,498.046875,1.953125,2.82701401892411,2.81489769723221,108.29201347295,0,2.82701401892411,0.235584501577009,2.82701401892411,0,14.4326468800884,9408,34,498.046875,0.421169044508929,497.625705955491,498.046875,0,0,0,0,9408,0,0,9408,14.4326468800884,9408,0
0.392,497.656571342263,0.110681597975078,0.00553407989875389,2.60572371423256,52.1144742846513,2.8271796888492,0,500,498.046875,1.953125,2.8271796888492,2.81506336715731,90.2433445607913,0,2.8271796888492,0.2355983074041,2.8271796888492,0,14.4847597387784,9442,34,498.046875,0.390303657737206,497.656571342263,498.046875,1,1,3,3,9442,0,0,9442,14.4847597387784,9442,0
0.393,497.687395623152,0.110681228467046,0.00553406142335229,2.60588510978988,52.1177021957977,2.82734535877429,0,500,498.046875,1.953125,2.82734535877429,2.8152290370824,75.2027871339927,0,2.82734535877429,0.235612113231191,2.82734535877429,0,14.5368758273576,9476,34,498.046875,0.359479376848356,497.687395623152,498.046875,0,0,0,0,9476,0,0,9476,14.5368758273576,9476,0
0.394,497.718191782693,0.110682471590663,0.00553412357953314,2.60604635810417,52.1209271620835,2.82751102869938,0,500,498.046875,1.953125,2.82751102869938,2.81539470700749,62.6689892783273,0,2.82751102869938,0.235625919058282,2.82751102869938,0,14.5889951423092,9510,34,498.046875,0.328683217307002,497.718191782693,498.046875,1,1,3,3,9510,0,0,9510,14.5889951423092,9510,0
0.395,497.748964832465,0.110684349065065,0.00553421745325326,2.60620748541599,52.1241497083199,2.82767669862447,0,500,498.046875,1.953125,2.82767669862447,2.81556037693258,52.2241577319394,0,2.82767669862447,0.235639724885373,2.82767669862447,0,14.6411176809908,9544,34,498.046875,0.297910167534781,497.748964832465,498.046875,0,0,0,0,9544,0,0,9544,14.6411176809908,9544,0
0.396,497.779716811194,0.110686495955481,0.00553432479777403,2.60636850240009,52.1273700480018,2.82784236854957,0,500,498.046875,1.953125,2.82784236854957,2.81572604685767,43.5201314432828,0,2.82784236854957,0.235653530712464,2.82784236854957,0,14.693243441104,9578,34,498.046875,0.267158188805922,497.779716811194,498.046875,1,1,3,3,9578,0,0,9578,14.693243441104,9578,0
0.397,497.810448647672,0.110688775848501,0.00553443879242503,2.60652941391961,52.1305882783922,2.82800803847466,0,500,498.046875,1.953125,2.82800803847466,2.81589171678276,36.2667762027357,0,2.82800803847466,0.235667336539555,2.82800803847466,0,14.7453724204967,9612,34,498.046875,0.236426352327953,497.810448647672,498.046875,0,0,0,0,9612,0,0,9612,14.7453724204967,9612,0
0.398,497.841160854866,0.11069113747733,0.00553455687386651,2.60669022266044,52.1338044532088,2.82817370839975,0,500,498.046875,1.953125,2.82817370839975,2.81605738670786,30.2223135022797,0,2.82817370839975,0.235681142366646,2.82817370839975,0,14.7975046170884,9646,34,498.046875,0.205714145133641,497.841160854866,498.046875,1,1,3,3,9646,0,0,9646,14.7975046170884,9646,0
0.399,497.871853788553,0.110693561304379,0.00553467806521896,2.60685093048542,52.1370186097083,2.82833937832484,0,500,498.046875,1.953125,2.82833937832484,2.81622305663295,25.1852612518998,0,2.82833937832484,0.235694948193737,2.82833937832484,0,14.849640028843,9680,34,498.046875,0.175021211447188,497.871853788553,498.046875,0,0,0,0,9680,0,0,9680,14.849640028843,9680,0
0.4,497.902527743705,0.110696039619385,0.00553480198096926,2.60701153893902,52.1402307787804,2.82850504824993,0,500,498.046875,1.953125,2.82850504824993,2.81638872655804,20.9877177099165,0,2.82850504824993,0.235708754020828,2.82850504824993,0,14.9017786537579,9714,34,498.046875,0.144347256295248,497.902527743705,498.046875,1,1,3,3,9714,0,0,9714,14.9017786537579,9714,0
0.401,497.933182990439,0.110698569124465,0.00553492845622324,2.60717204943558,52.1434409887115,2.82867071817503,0,500,498.046875,1.953125,2.82867071817503,2.81655439648313,17.4897647582637,0,2.82867071817503,0.235722559847919,2.82867071817503,0,14.95392048986,9748,34,498.046875,0.113692009560737,497.933182990439,498.046875,0,0,0,0,9748,0,0,9748,14.95392048986,9748,0
0.402,497.963819787431,0.110701148171437,0.00553505740857185,2.60733246332951,52.1466492665902,2.82883638810012,0,500,498.046875,1.953125,2.82883638810012,2.81672006640822,14.5748039652198,0,2.82883638810012,0.23573636567501,2.82883638810012,0,15.0060655352039,9782,34,498.046875,0.0830552125685244,497.963819787431,498.046875,1,1,3,3,9782,0,0,9782,15.0060655352039,9782,0
0.403,497.994438386953,0.11070377573245,0.0055351887866225,2.60749278194171,52.1498556388342,2.82900205802521,0,500,498.046875,1.953125,2.82900205802521,2.81688573633332,12.1456699710165,0,2.82900205802521,0.235750171502101,2.82900205802521,0,15.0582137878706,9816,34,498.046875,0.052436613047405,497.994438386953,498.046875,0,0,0,0,9816,0,0,9816,15.0582137878706,9816,0
0.404,498.02503903677,0.110706451016383,0.00553532255081915,2.60765300656948,52.1530601313896,2.8291677279503,0,500,498.046875,1.953125,2.8291677279503,2.81705140625841,10.1213916425137,0,2.8291677279503,0.235763977329192,2.8291677279503,0,15.1103652459675,9850,34,498.046875,0.0218359632299894,498.02503903677,498.046875,1,1,3,3,9850,0,0,9850,15.1103652459675,9850,0
0.405,498.055621980884,0.11070917332586,0.00553545866629301,2.6078131384904,52.156262769808,2.82933339787539,0,500,498.046875,1.953125,2.82933339787539,2.8172170761835,8.43449303542812,0,2.82933339787539,0.235777783156283,2.82933339787539,0,15.1625199076279,9884,34,498.046875,-0.00874698088398418,498.055621980884,498.046875,0,0,0,0,9884,0,0,9884,15.1625199076279,9884,0
0.406,498.086187459829,0.110711942003902,0.00553559710019509,2.60797317896391,52.1594635792782,2.82949906780048,0,500,498.046875,1.953125,2.82949906780048,2.81738274610859,7.0287441961901,0,2.82949906780048,0.235791588983374,2.82949906780048,0,15.2146777710101,9918,34,498.046875,-0.0393124598288637,498.086187459829,498.046875,1,1,3,3,9918,0,0,9918,15.2146777710101,9918,0
0.407,498.11673571082,0.110714756413972,0.00553573782069861,2.60813312923207,52.1626625846413,2.82966473772558,0,500,498.046875,1.953125,2.82966473772558,2.81754841603368,5.85728683015842,0,2.82966473772558,0.235805394810465,2.82966473772558,0,15.2668388342976,9952,34,498.046875,-0.069860710819853,498.11673571082,498.046875,0,0,0,0,9952,0,0,9952,15.2668388342976,9952,0
0.408,498.147266967829,0.110717615932471,0.00553588079662354,2.60829299051994,52.1658598103988,2.82983040765067,0,500,498.046875,1.953125,2.82983040765067,2.81771408595877,4.88107235846535,0,2.82983040765067,0.235819200637556,2.82983040765067,0,15.3190030956987,9986,34,498.046875,-0.100391967828728,498.147266967829,498.046875,1,1,3,3,9986,0,0,9986,15.3190030956987,9986,0
0.409,498.177781461642,0.110720519945864,0.00553602599729322,2.60845276403593,52.1690552807186,2.82999607757576,0,500,498.046875,1.953125,2.82999607757576,2.81787975588387,4.06756029872112,0,2.82999607757576,0.235833006464647,2.82999607757576,0,15.3711705534458,10020,34,498.046875,-0.130906461642439,498.177781461642,498.046875,0,0,0,0,10020,0,0,10020,15.3711705534458,10020,0
0.41,498.208279419911,0.110723467849548,0.00553617339247739,2.608612450972,52.1722490194401,2.83016174750085,0,500,498.046875,1.953125,2.83016174750085,2.81804542580896,3.3896335822676,0,2.83016174750085,0.235846812291738,2.83016174750085,0,15.4233412057955,10054,34,498.046875,-0.161404419910752,498.208279419911,498.046875,1,1,3,3,10054,0,0,10054,15.4233412057955,10054,0
0.411,498.238761067191,0.110726459047349,0.00553632295236747,2.60877205250395,52.1754410500789,2.83032741742594,0,500,498.046875,1.953125,2.83032741742594,2.81821109573405,2.82469465188967,0,2.83032741742594,0.235860618118829,2.83032741742594,0,15.4755150510279,10088,34,498.046875,-0.191886067191263,498.238761067191,498.046875,0,0,0,0,10088,0,0,10088,15.4755150510279,10088,0
0.412,498.269226624991,0.110729492951275,0.00553647464756377,2.60893156979156,52.1786313958313,2.83049308735104,0,500,498.046875,1.953125,2.83049308735104,2.81837676565914,2.35391220990806,0,2.83049308735104,0.23587442394592,2.83049308735104,0,15.5276920874466,10122,34,498.046875,-0.222351624990608,498.269226624991,498.046875,1,1,3,3,10122,0,0,10122,15.5276920874466,10122,0
0.413,498.299676311809,0.110732568981348,0.00553662844906742,2.60909100397892,52.1818200795783,2.83065875727613,0,500,498.046875,1.953125,2.83065875727613,2.81854243558423,1.96159350825671,0,2.83065875727613,0.235888229773011,2.83065875727613,0,15.5798723133781,10156,34,498.046875,-0.252801311808753,498.299676311809,498.046875,0,0,0,0,10156,0,0,10156,15.5798723133781,10156,0
0.414,498.330110343176,0.110735686565478,0.00553678432827388,2.60925035619452,52.1850071238905,2.83082442720122,0,500,498.046875,1.953125,2.83082442720122,2.81870810550933,1.6346612568806,0,2.83082442720122,0.235902035600102,2.83082442720122,0,15.6320557271718,10190,34,498.046875,-0.283235343176443,498.330110343176,498.046875,1,1,3,3,10190,0,0,10190,15.6320557271718,10190,0
0.415,498.360528931697,0.110738845139351,0.00553694225696757,2.60940962755157,52.1881925510314,2.83099009712631,0,500,498.046875,1.953125,2.83099009712631,2.81887377543442,1.36221771406716,0,2.83099009712631,0.235915841427193,2.83099009712631,0,15.6842423271994,10224,34,498.046875,-0.313653931696535,498.360528931697,498.046875,0,0,0,0,10224,0,0,10224,15.6842423271994,10224,0
0.416,498.390932287088,0.110742044146316,0.00553710220731578,2.60956881914814,52.1913763829628,2.8311557670514,0,500,498.046875,1.953125,2.8311557670514,2.81903944535951,1.1351814283893,0,2.8311557670514,0.235929647254284,2.8311557670514,0,15.7364321118547,10258,34,498.046875,-0.34405728708839,498.390932287088,498.046875,1,1,3,3,10258,0,0,10258,15.7364321118547,10258,0
0.417,498.421320616222,0.11074528303728,0.00553726415186402,2.60972793206741,52.1945586413482,2.83132143697649,0,500,498.046875,1.953125,2.83132143697649,2.8192051152846,0.945984523657752,0,2.83132143697649,0.235943453081375,2.83132143697649,0,15.7886250795534,10292,34,498.046875,-0.374445616222204,498.421320616222,498.046875,0,0,0,0,10292,0,0,10292,15.7886250795534,10292,0
0.418,498.451694123157,0.110748561270609,0.00553742806353044,2.60988696737783,52.1977393475566,2.83148710690159,0,500,498.046875,1.953125,2.83148710690159,2.81937078520969,0.78832043638146,0,2.83148710690159,0.235957258908466,2.83148710690159,0,15.8408212287326,10326,34,498.046875,-0.404819123157324,498.451694123157,498.046875,1,1,3,3,10326,0,0,10326,15.8408212287326,10326,0
0.419,498.482053009181,0.110751878312025,0.00553759391560126,2.61004592613334,52.2009185226667,2.83165277682668,0,500,498.046875,1.953125,2.83165277682668,2.81953645513478,0.65693369698455,0,2.83165277682668,0.235971064735557,2.83165277682668,0,15.8930205578507,10360,34,498.046875,-0.435178009181243,498.482053009181,498.046875,0,0,0,0,10360,0,0,10360,15.8930205578507,10360,0
0.42,498.51239747285,0.110755233634507,0.00553776168172536,2.61020480937357,52.2040961874714,2.83181844675177,0,500,498.046875,1.953125,2.83181844675177,2.81970212505988,0.547444747487125,0,2.83181844675177,0.235984870562647,2.83181844675177,0,15.945223065387,10394,34,498.046875,-0.465522472850409,498.51239747285,498.046875,1,1,3,3,10394,0,0,10394,15.945223065387,10394,0
0.421,498.542727710024,0.110758626718187,0.00553793133590936,2.61036361812404,52.2072723624809,2.83198411667686,0,500,498.046875,1.953125,2.83198411667686,2.81986779498497,0.456203956239271,0,2.83198411667686,0.235998676389738,2.83198411667686,0,15.9974287498416,10428,34,498.046875,-0.495852710023541,498.542727710024,498.046875,0,0,0,0,10428,0,0,10428,15.9974287498416,10428,0
0.422,498.573043913901,0.110762057050261,0.00553810285251307,2.61052235339635,52.2104470679271,2.83214978660195,0,500,498.046875,1.953125,2.83214978660195,2.82003346491006,0.380169963532726,0,2.83214978660195,0.236012482216829,2.83214978660195,0,16.0496376097347,10462,34,498.046875,-0.526168913900733,498.573043913901,498.046875,1,1,3,3,10462,0,0,10462,16.0496376097347,10462,0
0.423,498.603346275056,0.110765524124885,0.00553827620624425,2.61068101618834,52.2136203237668,2.83231545652705,0,500,498.046875,1.953125,2.83231545652705,2.82019913483515,0.316808302943938,0,2.83231545652705,0.23602628804392,2.83231545652705,0,16.1018496436068,10496,34,498.046875,-0.55647127505631,498.603346275056,498.046875,0,0,0,0,10496,0,0,10496,16.1018496436068,10496,0
0.424,498.633634981478,0.110769027443088,0.00553845137215438,2.61083960748431,52.2167921496862,2.83248112645214,0,500,498.046875,1.953125,2.83248112645214,2.82036480476024,0.264006919119948,0,2.83248112645214,0.236040093871011,2.83248112645214,0,16.1540648500182,10530,34,498.046875,-0.586759981478167,498.633634981478,498.046875,1,1,3,3,10530,0,0,10530,16.1540648500182,10530,0
0.425,498.6639102186,0.110772566512673,0.00553862832563365,2.61099812825519,52.2199625651038,2.83264679637723,0,500,498.046875,1.953125,2.83264679637723,2.82053047468534,0.22000576593329,0,2.83264679637723,0.236053899698102,2.83264679637723,0,16.2062832275486,10564,34,498.046875,-0.617035218599767,498.6639102186,498.046875,0,0,0,0,10564,0,0,10564,16.2062832275486,10564,0
0.426,498.694172169339,0.11077614084813,0.00553880704240648,2.61115657945873,52.2231315891746,2.83281246630232,0,500,498.046875,1.953125,2.83281246630232,2.82069614461043,0.183338138277742,0,2.83281246630232,0.236067705525193,2.83281246630232,0,16.2585047747971,10598,34,498.046875,-0.647297169338742,498.694172169339,498.046875,1,1,3,3,10598,0,0,10598,16.2585047747971,10598,0
0.427,498.724421014126,0.110779749970537,0.00553898749852685,2.61131496203967,52.2262992407934,2.83297813622741,0,500,498.046875,1.953125,2.83297813622741,2.82086181453552,0.152781781898118,0,2.83297813622741,0.236081511352284,2.83297813622741,0,16.310729490382,10632,34,498.046875,-0.677546014126392,498.724421014126,498.046875,0,0,0,0,10632,0,0,10632,16.310729490382,10632,0
0.428,498.754656930945,0.110783393407482,0.00553916967037412,2.61147327692992,52.2294655385985,2.8331438061525,0,500,498.046875,1.953125,2.8331438061525,2.82102748446061,0.127318151581765,0,2.8331438061525,0.236095317179375,2.8331438061525,0,16.36295737294,10666,34,498.046875,-0.707781930944805,498.754656930945,498.046875,1,1,3,3,10666,0,0,10666,16.36295737294,10666,0
0.429,498.78488009536,0.110787070692963,0.00553935353464816,2.61163152504875,52.2326305009749,2.7424370633884,0,500,512.6953125,-12.6953125,2.7424370633884,2.8211931543857,2441.51234845965,0,2.7424370633884,0.228536421949033,2.7424370633884,0,16.4151884211266,10701,35,512.6953125,13.9104324046403,498.78488009536,512.6953125,0,1,1,1,10701,0,0,10701,16.4151884211266,10701,0
0.43,498.735388042131,0.0821284301969708,0.00410642150984854,2.61137238526402,52.2274477052804,2.8322326215645,0,500,498.046875,1.953125,2.8322326215645,2.82011629987261,-406.812626283624,0,2.8322326215645,0.236019385130375,2.8322326215645,0,16.4674196345925,10735,34,498.046875,-0.688513042130865,498.735388042131,498.046875,1,0,2,2,10735,0,0,10735,16.4674196345925,10735,0
0.431,498.678662017803,0.100084409523994,0.00500422047619968,2.6110753684952,52.2215073699039,2.83239829148959,0,500,498.046875,1.953125,2.83239829148959,2.8202819697977,-339.01052190302,0,2.83239829148959,0.236033190957466,2.83239829148959,0,16.519643375415,10769,34,498.046875,-0.631787017803333,498.678662017803,498.046875,0,1,1,1,10769,0,0,10769,16.519643375415,10769,0
0.432,498.676449846952,0.106776707879724,0.00533883539398621,2.61106378559571,52.2212757119142,2.83256396141468,0,500,498.046875,1.953125,2.83256396141468,2.82044763972279,-282.508768252516,0,2.83256396141468,0.236046996784557,2.83256396141468,0,16.5718644925768,10803,34,498.046875,-0.629574846952437,498.676449846952,498.046875,1,0,2,2,10803,0,0,10803,16.5718644925768,10803,0
0.433,498.694540634341,0.109272500891594,0.00546362504457968,2.61115850873697,52.2231701747395,2.83272963133978,0,500,498.046875,1.953125,2.83272963133978,2.82061330964788,-235.423973543764,0,2.83272963133978,0.236060802611648,2.83272963133978,0,16.6240866133933,10837,34,498.046875,-0.647665634341479,498.694540634341,498.046875,0,1,1,1,10837,0,0,10837,16.6240866133933,10837,0
0.434,498.720188480234,0.110204815462662,0.00551024077313312,2.61129280054403,52.2258560108807,2.83289530126487,0,500,498.046875,1.953125,2.83289530126487,2.82077897957297,-196.186644619803,0,2.83289530126487,0.236074608438739,2.83289530126487,0,16.6763110885347,10871,34,498.046875,-0.673313480233958,498.720188480234,498.046875,1,0,2,2,10871,0,0,10871,16.6763110885347,10871,0
0.435,498.7486447259,0.110554641721047,0.00552773208605237,2.61144179709792,52.2288359419585,2.83306097118996,0,500,498.046875,1.953125,2.83306097118996,2.82094464949807,-163.488870516503,0,2.83306097118996,0.23608841426583,2.83306097118996,0,16.7285384204687,10905,34,498.046875,-0.701769725900363,498.7486447259,498.046875,0,1,1,1,10905,0,0,10905,16.7285384204687,10905,0
0.436,498.778140254158,0.110687468226104,0.00553437341130521,2.61159623532274,52.2319247064547,2.83322664111505,0,500,498.046875,1.953125,2.83322664111505,2.82111031942316,-136.240725430419,0,2.83322664111505,0.236102220092921,2.83322664111505,0,16.7807687956575,10939,34,498.046875,-0.731265254157904,498.778140254158,498.046875,1,0,2,2,10939,0,0,10939,16.7807687956575,10939,0
0.437,498.808016038325,0.110739465289978,0.00553697326449892,2.61175266456283,52.2350532912567,2.83339231104014,0,500,498.046875,1.953125,2.83339231104014,2.82127598934825,-113.533937858682,0,2.83339231104014,0.236116025920012,2.83339231104014,0,16.8330022828386,10973,34,498.046875,-0.761141038324524,498.808016038325,498.046875,0,1,1,1,10973,0,0,10973,16.8330022828386,10973,0
0.438,498.838026638335,0.110761365819209,0.00553806829096047,2.61190979969704,52.2381959939407,2.83355798096524,0,500,498.046875,1.953125,2.83355798096524,2.82144165927334,-94.6116148822353,0,2.83355798096524,0.236129831747103,2.83355798096524,0,16.8852389068987,11007,34,498.046875,-0.791151638334895,498.838026638335,498.046875,1,0,2,2,11007,0,0,11007,16.8852389068987,11007,0
0.439,498.868080703368,0.110772071194147,0.00553860355970734,2.61206716241357,52.2413432482714,2.83372365089033,0,500,498.046875,1.953125,2.83372365089033,2.82160732919843,-78.8430124018628,0,2.83372365089033,0.236143637574194,2.83372365089033,0,16.9374786763967,11041,34,498.046875,-0.821205703368435,498.868080703368,498.046875,0,1,1,1,11041,0,0,11041,16.9374786763967,11041,0
0.44,498.898144290575,0.1107786232838,0.00553893116418999,2.61222457498809,52.2444914997617,2.83388932081542,0,500,498.046875,1.953125,2.83388932081542,2.82177299912353,-65.7025103348856,0,2.83388932081542,0.236157443401285,2.83388932081542,0,16.989721593818,11075,34,498.046875,-0.851269290574976,498.898144290575,498.046875,1,0,2,2,11075,0,0,11075,16.989721593818,11075,0
0.441,498.928204844424,0.110783645446328,0.00553918227231642,2.61238197167998,52.2476394335995,2.83405499074051,0,500,498.046875,1.953125,2.83405499074051,2.82193866904862,-54.752091945738,0,2.83405499074051,0.236171249228376,2.83405499074051,0,17.0419676593946,11109,34,498.046875,-0.881329844423931,498.928204844424,498.046875,0,1,1,1,11109,0,0,11109,17.0419676593946,11109,0
0.442,498.958257776459,0.110788114832604,0.00553940574163021,2.61253932846414,52.2507865692828,2.8342206606656,0,500,498.046875,1.953125,2.8342206606656,2.82210433897371,-45.626743288115,0,2.8342206606656,0.236185055055467,2.8342206606656,0,17.0942168725286,11143,34,498.046875,-0.911382776458879,498.958257776459,498.046875,1,0,2,2,11143,0,0,11143,17.0942168725286,11143,0
0.443,498.988301465306,0.110792395267053,0.00553961976335264,2.61269663685109,52.2539327370218,2.83438633059069,0,500,498.046875,1.953125,2.83438633059069,2.8222700088988,-38.0222860734292,0,2.83438633059069,0.236198860882558,2.83438633059069,0,17.1464692323219,11177,34,498.046875,-0.941426465306165,498.988301465306,498.046875,0,1,1,1,11177,0,0,11177,17.1464692323219,11177,0
0.444,499.018335393853,0.11079662206941,0.0055398311034705,2.61285389413323,52.2570778826646,2.83455200051579,0,500,498.046875,1.953125,2.83455200051579,2.82243567882389,-31.6852383945243,0,2.83455200051579,0.236212666709649,2.83455200051579,0,17.1987247377741,11211,34,498.046875,-0.971460393853306,499.018335393853,498.046875,1,0,2,2,11211,0,0,11211,17.1987247377741,11211,0
0.445,499.048359455218,0.110800845428248,0.00554004227141239,2.61301109975092,52.2602219950184,2.83471767044088,0,500,498.046875,1.953125,2.83471767044088,2.82260134874898,-26.4043653287703,0,2.83471767044088,0.23622647253674,2.83471767044088,0,17.2509833878553,11245,34,498.046875,-1.00148445521796,499.048359455218,498.046875,0,1,1,1,11245,0,0,11245,17.2509833878553,11245,0
0.446,499.078373694193,0.110805083817797,0.00554025419088987,2.6131682539387,52.263365078774,2.83488334036597,0,500,498.046875,1.953125,2.83488334036597,2.82276701867408,-22.0036377739752,0,2.83488334036597,0.236240278363831,2.83488334036597,0,17.3032451815338,11279,34,498.046875,-1.03149869419349,499.078373694193,498.046875,1,0,2,2,11279,0,0,11279,17.3032451815338,11279,0
0.447,499.108378210935,0.110809343899484,0.00554046719497421,2.61332535722098,52.2665071444197,2.74417659760186,0,500,512.6953125,-12.6953125,2.74417659760186,2.82293268859917,2423.06988518835,0,2.74417659760186,0.228681383133488,2.74417659760186,0,17.355510117786,11314,35,512.6953125,13.5869342890649,499.108378210935,512.6953125,1,1,3,1,11314,1,0,11314,17.355510117786,11314,0
0.448,499.058670486673,0.0821512767662895,0.00410756383831448,2.61306508818537,52.2613017637074,2.83397215577797,0,500,498.046875,1.953125,2.83397215577797,2.82185583408607,-422.181345676372,0,2.83397215577797,0.23616434631483,2.83397215577797,0,17.407775196577,11348,34,498.046875,-1.01179548667329,499.058670486673,498.046875,0,0,0,0,11348,0,0,11348,17.407775196577,11348,0
0.449,499.001731722915,0.100107821103811,0.00500539105519055,2.61276695751549,52.2553391503098,2.83413782570306,0,500,498.046875,1.953125,2.83413782570306,2.82202150401116,-351.817788063643,0,2.83413782570306,0.236178152141921,2.83413782570306,-4.44089209850063e-16,17.4600327802936,11382,34,498.046875,-0.954856722914712,499.001731722915,498.046875,1,1,3,3,11382,0,0,11382,17.4600327802936,11382,0
0.45,498.999309702706,0.106800676586227,0.00534003382931135,2.61275427584733,52.2550855169466,2.83430349562815,0,500,498.046875,1.953125,2.83430349562815,2.82218717393626,-293.181490053036,0,2.83430349562815,0.236191957969012,2.83430349562815,0,17.512287718223,11416,34,498.046875,-0.952434702705546,498.999309702706,498.046875,0,0,0,0,11416,0,0,11416,17.512287718223,11416,0
0.451,499.017193490917,0.109297019080322,0.00546485095401608,2.61284791514343,52.2569583028687,2.83446916555324,0,500,498.046875,1.953125,2.83446916555324,2.82235284386135,-244.31790837753,0,2.83446916555324,0.236205763796103,2.83446916555324,-4.44089209850063e-16,17.5645436379814,11450,34,498.046875,-0.970318490916554,499.017193490917,498.046875,1,1,3,3,11450,0,0,11450,17.5645436379814,11450,0
0.452,499.042637148871,0.110229875642253,0.00551149378211266,2.61298113782495,52.259622756499,2.83463483547833,0,500,498.046875,1.953125,2.83463483547833,2.82251851378644,-203.598256981275,0,2.83463483547833,0.236219569623194,2.83463483547833,0,17.6168018905352,11484,34,498.046875,-0.995762148871222,499.042637148871,498.046875,0,0,0,0,11484,0,0,11484,17.6168018905352,11484,0
0.453,499.070891979571,0.110580236520238,0.00552901182601191,2.61312907977254,52.2625815954508,2.83480050540342,0,500,498.046875,1.953125,2.83480050540342,2.82268418371153,-169.665214151062,0,2.83480050540342,0.236233375450285,2.83480050540342,-4.44089209850063e-16,17.6690629786447,11518,34,498.046875,-1.02401697957094,499.070891979571,498.046875,1,1,3,3,11518,0,0,11518,17.6690629786447,11518,0
0.454,499.100188828143,0.110713590380575,0.00553567951902877,2.61328247771295,52.2656495542591,2.83496617532852,0,500,498.046875,1.953125,2.83496617532852,2.82284985363662,-141.387678459219,0,2.83496617532852,0.236247181277376,2.83496617532852,0,17.7213270890605,11552,34,498.046875,-1.05331382814273,499.100188828143,498.046875,0,0,0,0,11552,0,0,11552,17.7213270890605,11552,0
0.455,499.129868630747,0.11076610763661,0.00553830538183049,2.61343788079599,52.2687576159198,2.83513184525361,0,500,498.046875,1.953125,2.83513184525361,2.82301552356172,-117.823065382682,0,2.83513184525361,0.236260987104467,2.83513184525361,-4.44089209850063e-16,17.7735942908045,11586,34,498.046875,-1.08299363074713,499.129868630747,498.046875,1,1,3,3,11586,0,0,11586,17.7735942908045,11586,0
0.456,499.159685910674,0.110788521293106,0.00553942606465529,2.61359400370861,52.2718800741721,2.8352975151787,0,500,498.046875,1.953125,2.8352975151787,2.82318119348681,-98.1858878189019,0,2.8352975151787,0.236274792931558,2.8352975151787,0,17.8258646090439,11620,34,498.046875,-1.11281091067445,499.159685910674,498.046875,0,0,0,0,11620,0,0,11620,17.8258646090439,11620,0
0.457,499.189549280956,0.110799732826711,0.00553998664133555,2.61375036794975,52.2750073589951,2.83546318510379,0,500,498.046875,1.953125,2.83546318510379,2.8233468634119,-81.8215731824182,0,2.83546318510379,0.236288598758649,2.83546318510379,-4.44089209850063e-16,17.8781380526147,11654,34,498.046875,-1.14267428095644,499.189549280956,498.046875,1,1,3,3,11654,0,0,11654,17.8781380526147,11654,0
0.458,499.219424763092,0.110806784201201,0.00554033921006003,2.61390679560842,52.2781359121684,2.83562885502888,0,500,498.046875,1.953125,2.83562885502888,2.82351253333699,-68.1846443186819,0,2.83562885502888,0.23630240458574,2.83562885502888,0,17.9304146242751,11688,34,498.046875,-1.17254976309164,499.219424763092,498.046875,0,0,0,0,11688,0,0,11688,17.9304146242751,11688,0
0.459,499.24929976638,0.110812298868133,0.00554061494340665,2.61406322075985,52.2812644151969,2.83579452495398,0,500,498.046875,1.953125,2.83579452495398,2.82367820326208,-56.8205369322349,0,2.83579452495398,0.236316210412831,2.83579452495398,-4.44089209850063e-16,17.9826943245266,11722,34,498.046875,-1.20242476637992,499.24929976638,498.046875,1,1,3,3,11722,0,0,11722,17.9826943245266,11722,0
0.46,499.27916966767,0.110817254070481,0.00554086270352407,2.61421961919727,52.2843923839454,2.83596019487907,0,500,498.046875,1.953125,2.83596019487907,2.82384387318717,-47.3504474435291,0,2.83596019487907,0.236330016239922,2.83596019487907,0,18.0349771530369,11756,34,498.046875,-1.23229466766986,499.27916966767,498.046875,0,0,0,0,11756,0,0,11756,18.0349771530369,11756,0
0.461,499.309032811374,0.110822013723506,0.00554110068617529,2.61437598225206,52.2875196450412,2.74525345211496,0,500,512.6953125,-12.6953125,2.74525345211496,2.82400954311227,2401.94754379706,0,2.74525345211496,0.22877112100958,2.74525345211496,0,18.08726310917,11791,35,512.6953125,13.3862796886262,499.309032811374,512.6953125,1,0,2,2,11791,0,0,11791,18.08726310917,11791,0
0.462,499.259186008202,0.0821643620661985,0.00410821810330993,2.61411498500098,52.2822997000196,2.83504901029106,0,500,498.046875,1.953125,2.83504901029106,2.82293268859917,-439.783296835784,0,2.83504901029106,0.236254084190922,2.83504901029106,0,18.1395491931611,11825,34,498.046875,-1.21231100820194,499.259186008202,498.046875,0,1,1,1,11825,0,0,11825,18.1395491931611,11825,0
0.463,499.202110193692,0.10012128743343,0.00500606437167152,2.61381613673504,52.2763227347009,2.83521468021616,0,500,498.046875,1.953125,2.83521468021616,2.82309835852426,-366.486080696487,0,2.83521468021616,0.236267890018013,2.83521468021616,0,18.1918277676209,11859,34,498.046875,-1.15523519369236,499.202110193692,498.046875,1,0,2,2,11859,0,0,11859,18.1918277676209,11859,0
0.464,499.199553035862,0.10681450803957,0.00534072540197848,2.61380274748795,52.2760549497591,2.83538035014125,0,500,498.046875,1.953125,2.83538035014125,2.82326402844935,-305.405067247072,0,2.83538035014125,0.236281695845104,2.83538035014125,0,18.2441036820427,11893,34,498.046875,-1.15267803586198,499.199553035862,498.046875,0,1,1,1,11893,0,0,11893,18.2441036820427,11893,0
0.465,499.21730354101,0.109311206700665,0.00546556033503324,2.61389568891557,52.2779137783114,2.83554602006634,0,500,498.046875,1.953125,2.83554602006634,2.82342969837445,-254.504222705894,0,2.83554602006634,0.236295501672195,2.83554602006634,0,18.2963805642391,11927,34,498.046875,-1.17042854100998,499.21730354101,498.046875,1,0,2,2,11927,0,0,11927,18.2963805642391,11927,0
0.466,499.242615733125,0.110244413103132,0.00551222065515661,2.61402822324356,52.2805644648712,2.83571168999143,0,500,498.046875,1.953125,2.83571168999143,2.82359536829954,-212.086852254911,0,2.83571168999143,0.236309307499286,2.83571168999143,0,18.3486597653691,11961,34,498.046875,-1.19574073312458,499.242615733125,498.046875,0,1,1,1,11961,0,0,11961,18.3486597653691,11961,0
0.467,499.270740886008,0.110595118515742,0.00552975592578711,2.61417548619969,52.2835097239938,2.83587735991652,0,500,498.046875,1.953125,2.83587735991652,2.82376103822463,-176.739043545759,0,2.83587735991652,0.236323113326377,2.83587735991652,0,18.4009417883816,11995,34,498.046875,-1.22386588600779,499.270740886008,498.046875,1,0,2,2,11995,0,0,11995,18.4009417883816,11995,0
0.468,499.299909818819,0.11072881202507,0.00553644060125349,2.61432821437475,52.2865642874949,2.83604302984161,0,500,498.046875,1.953125,2.83604302984161,2.82392670814972,-147.282536288133,0,2.83604302984161,0.236336919153468,2.83604302984161,0,18.4532268202131,12029,34,498.046875,-1.25303481881912,499.299909818819,498.046875,0,1,1,1,12029,0,0,12029,18.4532268202131,12029,0
0.469,499.329463443162,0.110781664240544,0.00553908321202719,2.61448295678995,52.289659135799,2.83620869976671,0,500,498.046875,1.953125,2.83620869976671,2.82409237807481,-122.735446906777,0,2.83620869976671,0.236350724980559,2.83620869976671,0,18.5055149300685,12063,34,498.046875,-1.28258844316213,499.329463443162,498.046875,1,0,2,2,12063,0,0,12063,18.5055149300685,12063,0
0.47,499.359156258495,0.110804408278951,0.00554022041394757,2.61463842800748,52.2927685601496,2.8363743696918,0,500,498.046875,1.953125,2.8363743696918,2.8242580479999,-102.279539088981,0,2.8363743696918,0.23636453080765,2.8363743696918,0,18.557806143296,12097,34,498.046875,-1.31228125849549,499.359156258495,498.046875,0,1,1,1,12097,0,0,12097,18.557806143296,12097,0
0.471,499.388896854494,0.110815945697112,0.00554079728485561,2.61479414940398,52.2958829880796,2.83654003961689,0,500,498.046875,1.953125,2.83654003961689,2.824423717925,-85.2329492408177,0,2.83654003961689,0.236378336634741,2.83654003961689,0,18.6101004689096,12131,34,498.046875,-1.34202185449368,499.388896854494,498.046875,1,0,2,2,12131,0,0,12131,18.6101004689096,12131,0
0.472,499.418651229666,0.110823318526587,0.00554116592632933,2.61494994294807,52.2989988589614,2.83670570954198,0,500,498.046875,1.953125,2.83670570954198,2.82458938785009,-71.0274577006814,0,2.83670570954198,0.236392142461832,2.83670570954198,0,18.6623979098436,12165,34,498.046875,-1.37177622966647,499.418651229666,498.046875,0,1,1,1,12165,0,0,12165,18.6623979098436,12165,0
0.473,499.448406770661,0.110829150281586,0.00554145751407932,2.61510574259639,52.3021148519278,2.74599896677787,0,500,512.6953125,-12.6953125,2.74599896677787,2.82475505777518,2382.2167019161,0,2.74599896677787,0.228833247231489,2.74599896677787,0,18.7146984667725,12200,35,512.6953125,13.2469057293393,499.448406770661,512.6953125,0,0,0,0,12200,0,0,12200,18.7146984667725,12200,0
0.474,499.398456193567,0.0821720670949787,0.00410860335474894,2.61484420198633,52.2968840397265,2.83579452495398,0,500,498.046875,1.953125,2.83579452495398,2.82367820326208,-456.225665069918,0,2.83579452495398,0.236316210412831,2.83579452495398,0,18.7669991405125,12234,34,498.046875,-1.35158119356726,499.398456193567,498.046875,1,1,3,3,12234,0,0,12234,18.7669991405125,12234,0
0.475,499.341278896478,0.100129370998773,0.00500646854993864,2.61454482235885,52.2908964471769,2.83596019487907,0,500,498.046875,1.953125,2.83596019487907,2.82384387318718,-380.188054224931,0,2.83596019487907,0.236330016239922,2.83596019487907,0,18.8192922939818,12268,34,498.046875,-1.29440389647817,499.341278896478,498.046875,0,0,0,0,12268,0,0,12268,18.8192922939818,12268,0
0.476,499.338621962859,0.106822897113083,0.00534114485565413,2.61453091068695,52.290618213739,2.83612586480416,0,500,498.046875,1.953125,2.83612586480416,2.82400954311227,-316.823378520776,0,2.83612586480416,0.236343822067013,2.83612586480416,0,18.8715827768781,12302,34,498.046875,-1.29174696285895,499.338621962859,498.046875,1,1,3,3,12302,0,0,12302,18.8715827768781,12302,0
0.477,499.356274169636,0.109319871840436,0.00546599359202182,2.6146233374255,52.29246674851,2.83629153472925,0,500,498.046875,1.953125,2.83629153472925,2.82417521303736,-264.019482100647,0,2.83629153472925,0.236357627894104,2.83629153472925,0,18.9238742171793,12336,34,498.046875,-1.30939916963592,499.356274169636,498.046875,0,0,0,0,12336,0,0,12336,18.9238742171793,12336,0
0.478,499.38148944391,0.110253341136656,0.00551266705683279,2.61475536429286,52.2951072858572,2.83645720465435,0,500,498.046875,1.953125,2.83645720465435,2.82434088296245,-220.016235083872,0,2.83645720465435,0.236371433721195,2.83645720465435,0,18.9761679661932,12370,34,498.046875,-1.33461444391037,499.38148944391,498.046875,1,1,3,3,12370,0,0,12370,18.9761679661932,12370,0
0.479,499.409519012117,0.110604302361948,0.00553021511809742,2.6149021267688,52.2980425353759,2.83662287457944,0,500,498.046875,1.953125,2.83662287457944,2.82450655288754,-183.346862569894,0,2.83662287457944,0.236385239548286,2.83662287457944,0,19.0284645270103,12404,34,498.046875,-1.36264401211668,499.409519012117,498.046875,0,0,0,0,12404,0,0,12404,19.0284645270103,12404,0
0.48,499.438593664644,0.110738246901898,0.00553691234509489,2.61505436129344,52.3010872258688,2.83678854450453,0,500,498.046875,1.953125,2.83678854450453,2.82467222281264,-152.789052141578,0,2.83678854450453,0.236399045375377,2.83678854450453,0,19.0807640867053,12438,34,498.046875,-1.39171866464449,499.438593664644,498.046875,1,1,3,3,12438,0,0,12438,19.0807640867053,12438,0
0.481,499.468054291411,0.110791346251593,0.00553956731257965,2.61520861677448,52.3041723354895,2.83695421442962,0,500,498.046875,1.953125,2.83695421442962,2.82483789273773,-127.324210117982,0,2.83695421442962,0.236412851202468,2.83695421442962,0,19.1330667146187,12472,34,498.046875,-1.42117929141142,499.468054291411,498.046875,0,0,0,0,12472,0,0,12472,19.1330667146187,12472,0
0.482,499.497655372976,0.110814333886509,0.00554071669432547,2.61536360767511,52.3072721535022,2.83711988435471,0,500,498.046875,1.953125,2.83711988435471,2.82500356266282,-106.103508431651,0,2.83711988435471,0.236426657029559,2.83711988435471,0,19.1853724362318,12506,34,498.046875,-1.45078037297583,499.497655372976,498.046875,1,1,3,3,12506,0,0,12506,19.1853724362318,12506,0
0.483,499.527305481299,0.110826111525435,0.00554130557627174,2.61551885527926,52.3103771055852,2.7464131415906,0,500,512.6953125,-12.6953125,2.7464131415906,2.82516923258791,2352.98665964029,0,2.7464131415906,0.228867761799217,2.7464131415906,0,19.23768126069,12541,35,512.6953125,13.1680070187005,499.527305481299,512.6953125,0,1,1,0,12541,1,0,12541,19.23768126069,12541,0
0.484,499.477267959344,0.082171370117875,0.00410856850589375,2.61525685942696,52.3051371885391,2.83620869976671,0,500,498.046875,1.953125,2.83620869976671,2.82409237807482,-480.584033633091,0,2.83620869976671,0.236350724980559,2.83620869976671,0,19.2899901920343,12575,34,498.046875,-1.43039295934358,499.477267959344,498.046875,1,0,2,2,12575,0,0,12575,19.2899901920343,12575,0
0.485,499.420011252704,0.10012967129642,0.00500648356482099,2.61495706401204,52.2991412802408,2.8363743696918,0,500,498.046875,1.953125,2.8363743696918,2.82425804799991,-400.486694694243,0,2.8363743696918,0.23636453080765,2.8363743696918,-4.44089209850063e-16,19.3422915944529,12609,34,498.046875,-1.37313625270355,499.420011252704,498.046875,0,1,1,1,12609,0,0,12609,19.3422915944529,12609,0
0.486,499.417278355468,0.106823692066953,0.00534118460334767,2.61494275459558,52.2988550919116,2.83654003961689,0,500,498.046875,1.953125,2.83654003961689,2.824423717925,-333.738912245202,0,2.83654003961689,0.236378336634741,2.83654003961689,0,19.3945903181837,12643,34,498.046875,-1.37040335546823,499.417278355468,498.046875,1,0,2,2,12643,0,0,12643,19.3945903181837,12643,0
0.487,499.434856512307,0.109320972517539,0.00546604862587696,2.61503479360956,52.3006958721912,2.83670570954198,0,500,498.046875,1.953125,2.83670570954198,2.82458938785009,-278.115760204335,0,2.83670570954198,0.236392142461832,2.83670570954198,-4.44089209850063e-16,19.4468899914725,12677,34,498.046875,-1.38798151230685,499.434856512307,498.046875,0,1,1,1,12677,0,0,12677,19.4468899914725,12677,0
0.488,499.459999070897,0.110254675496943,0.00551273377484714,2.61516643973849,52.3033287947699,2.83687137946708,0,500,498.046875,1.953125,2.83687137946708,2.82475505777518,-231.763133503613,0,2.83687137946708,0.236405948288923,2.83687137946708,0,19.4991919657924,12711,34,498.046875,-1.41312407089725,499.459999070897,498.046875,1,0,2,2,12711,0,0,12711,19.4991919657924,12711,0
0.489,499.487957033355,0.110605841938727,0.00553029209693636,2.6153128272876,52.306256545752,2.83703704939217,0,500,498.046875,1.953125,2.83703704939217,2.82492072770027,-193.135944586344,0,2.83703704939217,0.236419754116014,2.83703704939217,-4.44089209850063e-16,19.5514967443601,12745,34,498.046875,-1.44108203335469,499.487957033355,498.046875,0,1,1,1,12745,0,0,12745,19.5514967443601,12745,0
0.49,499.516961098174,0.110739979484752,0.00553699897423762,2.61546469221587,52.3092938443174,2.83720271931726,0,500,498.046875,1.953125,2.83720271931726,2.82508639762537,-160.94662048862,0,2.83720271931726,0.236433559943105,2.83720271931726,0,19.6038045143608,12779,34,498.046875,-1.47008609817408,499.516961098174,498.046875,1,0,2,2,12779,0,0,12779,19.6038045143608,12779,0
0.491,499.546352112826,0.110793265708519,0.00553966328542594,2.61561858320872,52.3123716641744,2.83736838924235,0,500,498.046875,1.953125,2.83736838924235,2.82525206755046,-134.122183740517,0,2.83736838924235,0.236447365770196,2.83736838924235,-4.44089209850063e-16,19.6561153452393,12813,34,498.046875,-1.49947711282579,499.546352112826,498.046875,0,1,1,1,12813,0,0,12813,19.6561153452393,12813,0
0.492,499.575884533956,0.110816436371639,0.00554082181858195,2.61577321460417,52.3154642920833,2.83753405916744,0,500,498.046875,1.953125,2.83753405916744,2.82541773747555,-111.768486450431,0,2.83753405916744,0.236461171597287,2.83753405916744,0,19.7084292625779,12847,34,498.046875,-1.52900953395624,499.575884533956,498.046875,1,0,2,2,12847,0,0,12847,19.7084292625779,12847,0
0.493,499.605466916628,0.110828394065852,0.00554141970329258,2.61592810759763,52.3185621519526,2.74682731640334,0,500,512.6953125,-12.6953125,2.74682731640334,2.82558340740064,2348.26584462464,0,2.74682731640334,0.228902276366945,2.74682731640334,0,19.7607462756205,12882,35,512.6953125,13.0898455833718,499.605466916628,512.6953125,1,1,3,1,12882,1,0,12882,19.7607462756205,12882,0
0.494,499.555362589631,0.082173830086815,0.00410869150434075,2.61566576195495,52.313315239099,2.83662287457944,0,500,498.046875,1.953125,2.83662287457944,2.82450655288755,-484.518046146132,0,2.83662287457944,0.236385239548287,2.83662287457944,0,19.8130633885053,12916,34,498.046875,-1.50848758963065,499.555362589631,498.046875,0,0,0,0,12916,0,0,12916,19.8130633885053,12916,0
0.495,499.498039985505,0.100132306216713,0.00500661531083567,2.6153656215016,52.3073124300321,2.83678854450453,0,500,498.046875,1.953125,2.83678854450453,2.82467222281264,-403.76503845511,0,2.83678854450453,0.236399045375378,2.83678854450453,0,19.8653729655161,12950,34,498.046875,-1.45116498550453,499.498039985505,498.046875,1,1,3,3,12950,0,0,12950,19.8653729655161,12950,0
0.496,499.495242085807,0.106826499537517,0.00534132497687587,2.61535097173305,52.3070194346609,2.83695421442962,0,500,498.046875,1.953125,2.83695421442962,2.82483789273773,-336.470865379258,0,2.83695421442962,0.236412851202469,2.83695421442962,0,19.9176798569856,12984,34,498.046875,-1.44836708580732,499.495242085807,498.046875,0,0,0,0,12984,0,0,12984,19.9176798569856,12984,0
0.497,499.512756122979,0.109323950185709,0.00546619750928547,2.61544267501723,52.3088535003446,2.83711988435471,0,500,498.046875,1.953125,2.83711988435471,2.82500356266282,-280.392387816049,0,2.83711988435471,0.23642665702956,2.83711988435471,0,19.9699876912522,13018,34,498.046875,-1.46588112297854,499.512756122979,498.046875,1,1,3,3,13018,0,0,13018,19.9699876912522,13018,0
0.498,499.537835432677,0.110257821047899,0.00551289105239496,2.61557398997574,52.3114797995148,2.83728555427981,0,500,498.046875,1.953125,2.83728555427981,2.82516923258791,-233.660323180041,0,2.83728555427981,0.236440462856651,2.83728555427981,0,20.0222978198808,13052,34,498.046875,-1.49096043267667,499.537835432677,498.046875,0,0,0,0,13052,0,0,13052,20.0222978198808,13052,0
0.499,499.565731005184,0.11060915309128,0.00553045765456402,2.61572005085184,52.3144010170367,2.8374512242049,0,500,498.046875,1.953125,2.8374512242049,2.82533490251301,-194.716935983367,0,2.8374512242049,0.236454268683742,2.8374512242049,0,20.0746107461791,13086,34,498.046875,-1.51885600518426,499.565731005184,498.046875,1,1,3,3,13086,0,0,13086,20.0746107461791,13086,0
0.5,499.594673527326,0.110743453989508,0.00553717269947541,2.6158715935434,52.3174318708679,2.83761689412999,0,500,498.046875,1.953125,2.83761689412999,2.8255005724381,-162.264113319473,0,2.83761689412999,0.236468074510833,2.83761689412999,0,20.1269266574214,13120,34,498.046875,-1.54779852732571,499.594673527326,498.046875,0,0,0,0,13120,0,0,13120,20.1269266574214,13120,0
0.501,499.624003835064,0.110796901346935,0.00553984506734675,2.61602516667559,52.3205033335119,2.83778256405508,0,500,498.046875,1.953125,2.83778256405508,2.82566624236319,-135.220094432894,0,2.83778256405508,0.236481880337924,2.83778256405508,0,20.1792456231407,13154,34,498.046875,-1.577128835064,499.624003835064,498.046875,1,1,3,3,13154,0,0,13154,20.1792456231407,13154,0
0.502,499.653476373695,0.110820230955417,0.00554101154777086,2.616179484527,52.3235896905401,2.83794823398017,0,500,498.046875,1.953125,2.83794823398017,2.82583191228828,-112.683412027412,0,2.83794823398017,0.236495686165014,2.83794823398017,0,20.231567669006,13188,34,498.046875,-1.60660137369518,499.653476373695,498.046875,0,0,0,0,13188,0,0,13188,20.231567669006,13188,0
0.503,499.682999687087,0.110832345436452,0.00554161727182258,2.61633406823444,52.3266813646887,2.74724149121607,0,500,512.6953125,-12.6953125,2.74724149121607,2.82599758221337,2347.50340664382,0,2.74724149121607,0.228936790934672,2.74724149121607,0,20.2838928043471,13223,35,512.6953125,13.0123128129134,499.682999687087,512.6953125,1,0,2,2,13223,0,0,13223,20.2838928043471,13223,0
0.504,499.632837092982,0.0821779361150262,0.00410889680575131,2.6160714175059,52.3214283501179,2.83703704939217,0,500,498.046875,1.953125,2.83703704939217,2.82492072770028,-485.153411130147,0,2.83703704939217,0.236419754116014,2.83703704939217,0,20.3362180333868,13257,34,498.046875,-1.58596209298173,499.632837092982,498.046875,0,1,1,1,13257,0,0,13257,20.3362180333868,13257,0
0.505,499.575457013031,0.100136564802246,0.0050068282401123,2.61577097610983,52.3154195221967,2.83720271931726,0,500,498.046875,1.953125,2.83720271931726,2.82508639762537,-404.294509275122,0,2.83720271931726,0.236433559943105,2.83720271931726,0,20.3885357204924,13291,34,498.046875,-1.52858201303053,499.575457013031,498.046875,1,0,2,2,13291,0,0,13291,20.3885357204924,13291,0
0.506,499.572602418043,0.106830908608606,0.00534154543043032,2.61575602948543,52.3151205897086,2.83736838924235,0,500,498.046875,1.953125,2.83736838924235,2.82525206755046,-336.912091062602,0,2.83736838924235,0.236447365770196,2.83736838924235,0,20.4408507160785,13325,34,498.046875,-1.52572741804283,499.572602418043,498.046875,0,1,1,1,13325,0,0,13325,20.4408507160785,13325,0
0.507,499.590060529859,0.109328507698725,0.00546642538493627,2.61584743994514,52.3169487989028,2.83753405916745,0,500,498.046875,1.953125,2.83753405916745,2.82541773747555,-280.760075885502,0,2.83753405916745,0.236461171597287,2.83753405916745,0,20.4931666485653,13359,34,498.046875,-1.54318552985853,499.590060529859,498.046875,1,0,2,2,13359,0,0,13359,20.4931666485653,13359,0
0.508,499.615084673681,0.110262524986966,0.00551312624934831,2.6159784660558,52.319569321116,2.83769972909254,0,500,498.046875,1.953125,2.83769972909254,2.82558340740064,-233.966729904585,0,2.83769972909254,0.236474977424378,2.83769972909254,0,20.5454848695975,13393,34,498.046875,-1.56820967368111,499.615084673681,498.046875,0,1,1,1,13393,0,0,13393,20.5454848695975,13393,0
0.509,499.642925829477,0.110614001467899,0.00553070007339493,2.61612424200666,52.3224848401332,2.83786539901763,0,500,498.046875,1.953125,2.83786539901763,2.82574907732574,-194.972274920487,0,2.83786539901763,0.236488783251469,2.83786539901763,0,20.5978058825616,13427,34,498.046875,-1.59605082947712,499.642925829477,498.046875,1,0,2,2,13427,0,0,13427,20.5978058825616,13427,0
0.51,499.6718146739,0.110748444842183,0.00553742224210916,2.61627550364234,52.3255100728468,2.83803106894272,0,500,498.046875,1.953125,2.83803106894272,2.82591474725083,-162.476895767073,0,2.83803106894272,0.23650258907856,2.83803106894272,0,20.65012987481,13461,34,498.046875,-1.6249396738998,499.6718146739,498.046875,0,1,1,1,13461,0,0,13461,20.65012987481,13461,0
0.511,499.701092032873,0.110802032740811,0.00554010163704053,2.61642879953545,52.328575990709,2.83819673886781,0,500,498.046875,1.953125,2.83819673886781,2.82608041717592,-135.397413139227,0,2.83819673886781,0.236516394905651,2.83819673886781,0,20.7024569159525,13495,34,498.046875,-1.65421703287313,499.701092032873,498.046875,1,0,2,2,13495,0,0,13495,20.7024569159525,13495,0
0.512,499.730512341798,0.11082550098191,0.00554127504909551,2.61658284391276,52.3316568782552,2.7474899961037,0,500,512.6953125,-12.6953125,2.7474899961037,2.82624608710101,2328.57507238398,0,2.7474899961037,0.228957499675309,2.7474899961037,-4.44089209850063e-16,20.754787031734,13530,35,512.6953125,12.9648001582023,499.730512341798,512.6953125,1,1,3,1,13530,1,0,13530,20.754787031734,13530,0
0.513,499.680281496354,0.0821754010425579,0.0041087700521279,2.61631983582104,52.3263967164209,2.83728555427981,0,500,498.046875,1.953125,2.83728555427981,2.82516923258792,-500.927023013352,0,2.83728555427981,0.236440462856651,2.83728555427981,-4.44089209850063e-16,20.8071172325363,13564,34,498.046875,-1.6334064963541,499.680281496354,498.046875,0,0,0,0,13564,0,0,13564,20.8071172325363,13564,0
0.514,499.62284651879,0.100135713501567,0.00500678567507833,2.61601910698175,52.3203821396351,2.8374512242049,0,500,498.046875,1.953125,2.8374512242049,2.82533490251301,-417.43918584446,0,2.8374512242049,0.236454268683742,2.8374512242049,0,20.8594398850641,13598,34,498.046875,-1.57597151879025,499.62284651879,498.046875,1,1,3,3,13598,0,0,13598,20.8594398850641,13598,0
0.515,499.619942401603,0.106830761790309,0.00534153808951545,2.61600390105972,52.3200780211943,2.83761689412999,0,500,498.046875,1.953125,2.83761689412999,2.8255005724381,-347.865988203717,0,2.83761689412999,0.236468074510833,2.83761689412999,-4.44089209850063e-16,20.9117598406454,13632,34,498.046875,-1.57306740160254,499.619942401603,498.046875,0,0,0,0,13632,0,0,13632,20.9117598406454,13632,0
0.516,499.637353388706,0.10932869945982,0.005466434972991,2.61609506477501,52.3219012955002,2.83778256405508,0,500,498.046875,1.953125,2.83778256405508,2.82566624236319,-289.888323503097,0,2.83778256405508,0.236481880337924,2.83778256405508,0,20.9640807280819,13666,34,498.046875,-1.59047838870595,499.637353388706,498.046875,1,1,3,3,13666,0,0,13666,20.9640807280819,13666,0
0.517,499.662331690455,0.110262917968897,0.00551314589844486,2.61622585085713,52.3245170171426,2.83794823398018,0,500,498.046875,1.953125,2.83794823398018,2.82583191228828,-241.573602919248,0,2.83794823398018,0.236495686165015,2.83794823398018,-4.44089209850063e-16,21.0164038992017,13700,34,498.046875,-1.61545669045489,499.662331690455,498.046875,0,0,0,0,13700,0,0,13700,21.0164038992017,13700,0
0.518,499.690127866163,0.110614543475256,0.00553072717376279,2.6163713912928,52.3274278258561,2.83811390390527,0,500,498.046875,1.953125,2.83811390390527,2.82599758221337,-201.31133576604,0,2.83811390390527,0.236509491992106,2.83811390390527,0,21.0687298575001,13734,34,498.046875,-1.64325286616298,499.690127866163,498.046875,1,1,3,3,13734,0,0,13734,21.0687298575001,13734,0
0.519,499.718972430547,0.11074911542275,0.0055374557711375,2.61652242107874,52.3304484215749,2.83827957383036,0,500,498.046875,1.953125,2.83827957383036,2.82616325213847,-167.7594464717,0,2.83827957383036,0.236523297819197,2.83827957383036,-4.44089209850063e-16,21.12105879041,13768,34,498.046875,-1.67209743054701,499.718972430547,498.046875,0,0,0,0,13768,0,0,13768,21.12105879041,13768,0
0.52,499.748206144053,0.110802823282632,0.0055401411641316,2.61667548844473,52.3335097688945,2.83844524375545,0,500,498.046875,1.953125,2.83844524375545,2.82632892206356,-139.799538726417,0,2.83844524375545,0.236537103646288,2.83844524375545,0,21.1733907676106,13802,34,498.046875,-1.70133114405343,499.748206144053,498.046875,1,1,3,3,13802,0,0,13802,21.1733907676106,13802,0
0.521,499.777583412606,0.110826407297849,0.00554132036489243,2.61682930746317,52.3365861492635,2.74773850099134,0,500,512.6953125,-12.6953125,2.74773850099134,2.82649459198865,2324.90663439465,0,2.74773850099134,0.228978208415945,2.74773850099134,0,21.2257258149114,13837,35,512.6953125,12.9177290873935,499.777583412606,512.6953125,0,1,1,0,13837,1,0,13837,21.2257258149114,13837,0
0.522,499.727310115903,0.0821764206073255,0.00410882103036627,2.61656607709718,52.3313215419436,2.83753405916745,0,500,498.046875,1.953125,2.83753405916745,2.82541773747555,-503.984054671123,0,2.83753405916745,0.236461171597287,2.83753405916745,0,21.2780609427569,13871,34,498.046875,-1.68043511590304,499.727310115903,498.046875,1,0,2,2,13871,0,0,13871,21.2780609427569,13871,0
0.523,499.669833265297,0.100136844422138,0.00500684222110689,2.61626512901116,52.3253025802232,2.83769972909254,0,500,498.046875,1.953125,2.83769972909254,2.82558340740065,-419.986712225935,0,2.83769972909254,0.236474977424378,2.83769972909254,0,21.3303885179128,13905,34,498.046875,-1.62295826529731,499.669833265297,498.046875,0,1,1,1,13905,0,0,13905,21.3303885179128,13905,0
0.524,499.666887844355,0.106832002422151,0.00534160012110754,2.61624970682317,52.3249941364634,2.83786539901763,0,500,498.046875,1.953125,2.83786539901763,2.82574907732574,-349.988926854946,0,2.83786539901763,0.236488783251469,2.83786539901763,0,21.3827133917671,13939,34,498.046875,-1.62001284435496,499.666887844355,498.046875,1,0,2,2,13939,0,0,13939,21.3827133917671,13939,0
0.525,499.684258088856,0.109330048263741,0.00546650241318703,2.61634065721069,52.3268131442139,2.83803106894272,0,500,498.046875,1.953125,2.83803106894272,2.82591474725083,-291.657439045789,0,2.83803106894272,0.23650258907856,2.83803106894272,0,21.4350391931807,13973,34,498.046875,-1.6373830888561,499.684258088856,498.046875,0,1,1,1,13973,0,0,13973,21.4350391931807,13973,0
0.526,499.709196201384,0.110264373457532,0.00551321867287662,2.61647123286255,52.329424657251,2.83819673886781,0,500,498.046875,1.953125,2.83819673886781,2.82608041717592,-243.04786587149,0,2.83819673886781,0.236516394905651,2.83819673886781,0,21.48736727404,14007,34,498.046875,-1.66232120138437,499.709196201384,498.046875,1,0,2,2,14007,0,0,14007,21.48736727404,14007,0
0.527,499.736952733685,0.110616104192959,0.00553080520964797,2.61661656572583,52.3323313145165,2.83836240879291,0,500,498.046875,1.953125,2.83836240879291,2.82624608710101,-202.539888226242,0,2.83836240879291,0.236530200732742,2.83836240879291,0,21.5396981378981,14041,34,498.046875,-1.69007773368548,499.736952733685,498.046875,0,1,1,1,14041,0,0,14041,21.5396981378981,14041,0
0.528,499.76575819304,0.110750779937938,0.00553753899689693,2.61676739075831,52.3353478151663,2.838528078718,0,500,498.046875,1.953125,2.838528078718,2.82641175702611,-168.783240188535,0,2.838528078718,0.236544006559833,2.838528078718,0,21.5920319722445,14075,34,498.046875,-1.7188831930402,499.76575819304,498.046875,1,0,2,2,14075,0,0,14075,21.5920319722445,14075,0
0.529,499.794953332577,0.110804590184763,0.00554022950923813,2.61692025615146,52.3384051230293,2.83869374864309,0,500,498.046875,1.953125,2.83869374864309,2.8265774269512,-140.652700157113,0,2.83869374864309,0.236557812386924,2.83869374864309,0,21.6443688468143,14109,34,498.046875,-1.74807833257728,499.794953332577,498.046875,0,1,1,1,14109,0,0,14109,21.6443688468143,14109,0
0.53,499.824292551007,0.110828275196129,0.00554141375980647,2.61707387593993,52.3414775187986,2.74798700587898,0,500,512.6953125,-12.6953125,2.74798700587898,2.82674309687629,2324.19566653574,0,2.74798700587898,0.228998917156582,2.74798700587898,0,21.6967087874725,14144,35,512.6953125,12.8710199489932,499.824292551007,512.6953125,0,0,0,0,14144,0,0,14144,21.6967087874725,14144,0
0.531,499.773981720911,0.0821783881300712,0.00410891940650356,2.61681044904955,52.3362089809911,2.83778256405509,0,500,498.046875,1.953125,2.83778256405509,2.82566624236319,-504.576527886883,0,2.83778256405509,0.236481880337924,2.83778256405509,0,21.7490488047177,14178,34,498.046875,-1.7271067209108,499.773981720911,498.046875,1,1,3,3,14178,0,0,14178,21.7490488047177,14178,0
0.532,499.716467846624,0.100138910216376,0.00500694551081882,2.61650930710799,52.3301861421598,2.83794823398018,0,500,498.046875,1.953125,2.83794823398018,2.82583191228828,-420.480439905736,0,2.83794823398018,0.236495686165015,2.83794823398018,0,21.8013812653697,14212,34,498.046875,-1.6695928466238,499.716467846624,498.046875,0,0,0,0,14212,0,0,14212,21.8013812653697,14212,0
0.533,499.713485904791,0.106834165153315,0.00534170825766577,2.61649369369706,52.3298738739413,2.83811390390527,0,500,498.046875,1.953125,2.83811390390527,2.82599758221338,-350.400366588114,0,2.83811390390527,0.236509491992106,2.83811390390527,0,21.8537110208694,14246,34,498.046875,-1.6666109047909,499.713485904791,498.046875,1,1,3,3,14246,0,0,14246,21.8537110208694,14246,0
0.534,499.730820124364,0.109332306615397,0.00546661533076984,2.61658445545851,52.3316891091701,2.83827957383036,0,500,498.046875,1.953125,2.83827957383036,2.82616325213847,-292.000305490095,0,2.83827957383036,0.236523297819197,2.83827957383036,0,21.9060417001299,14280,34,498.046875,-1.68394512436396,499.730820124364,498.046875,0,0,0,0,14280,0,0,14280,21.9060417001299,14280,0
0.535,499.75572270119,0.11026672613113,0.0055133363065565,2.61671484504586,52.3342969009172,2.83844524375545,0,500,498.046875,1.953125,2.83844524375545,2.82632892206356,-243.333587908412,0,2.83844524375545,0.236537103646288,2.83844524375545,0,21.9583746550894,14314,34,498.046875,-1.70884770119011,499.75572270119,498.046875,1,1,3,3,14314,0,0,14314,21.9583746550894,14314,0
0.536,499.783444180371,0.110618549907586,0.0055309274953793,2.61685999437143,52.3371998874286,2.83861091368055,0,500,498.046875,1.953125,2.83861091368055,2.82649459198865,-202.777989923677,0,2.83861091368055,0.236550909473379,2.83861091368055,0,22.0107103893516,14348,34,498.046875,-1.73656918037142,499.783444180371,498.046875,0,0,0,0,14348,0,0,14348,22.0107103893516,14348,0
0.537,499.812215062637,0.110753317430074,0.0055376658715037,2.61701063835871,52.3402127671741,2.83877658360564,0,500,498.046875,1.953125,2.83877658360564,2.82666026191374,-168.981658269731,0,2.83877658360564,0.23656471530047,2.83877658360564,0,22.0630490904563,14382,34,498.046875,-1.76534006263734,499.812215062637,498.046875,1,1,3,3,14382,0,0,14382,22.0630490904563,14382,0
0.538,499.841376094649,0.110807218208047,0.00554036091040238,2.61716332516527,52.3432665033054,2.83894225353073,0,500,498.046875,1.953125,2.83894225353073,2.82682593183884,-140.818048558109,0,2.83894225353073,0.236578521127561,2.83894225353073,0,22.1153908281882,14416,34,498.046875,-1.79450109464915,499.841376094649,498.046875,0,0,0,0,14416,0,0,14416,22.1153908281882,14416,0
0.539,499.870681668743,0.110830992521128,0.00554154962605641,2.61731676879241,52.3463353758482,2.74823551076662,0,500,512.6953125,-12.6953125,2.74823551076662,2.82699160176393,2324.05787620158,0,2.74823551076662,0.229019625897218,2.74823551076662,0,22.1677356284611,14451,35,512.6953125,12.8246308312571,499.870681668743,512.6953125,1,0,2,2,14451,0,0,14451,22.1677356284611,14451,0
0.54,499.820337651208,0.0821811935440477,0.00410905967720239,2.61705316813301,52.3410633626601,2.83803106894273,0,500,498.046875,1.953125,2.83803106894273,2.82591474725083,-504.691353165354,0,2.83803106894273,0.23650258907856,2.83803106894273,0,22.2200805018217,14485,34,498.046875,-1.77346265120764,499.820337651208,498.046875,0,1,1,1,14485,0,0,14485,22.2200805018217,14485,0
0.541,499.762791040175,0.100141802523062,0.00500709012615309,2.61675185478224,52.3350370956448,2.83819673886782,0,500,498.046875,1.953125,2.83819673886782,2.82608041717592,-420.576127637795,0,2.83819673886782,0.236516394905651,2.83819673886782,-4.44089209850063e-16,22.2724178151374,14519,34,498.046875,-1.71591604017522,499.762791040175,498.046875,1,0,2,2,14519,0,0,14519,22.2724178151374,14519,0
0.542,499.759776806168,0.106837143172687,0.00534185715863435,2.61673607228989,52.3347214457977,2.83836240879291,0,500,498.046875,1.953125,2.83836240879291,2.82624608710102,-350.480106364829,0,2.83836240879291,0.236530200732742,2.83836240879291,0,22.3247524198958,14553,34,498.046875,-1.71290180616768,499.759776806168,498.046875,0,1,1,1,14553,0,0,14553,22.3247524198958,14553,0
0.543,499.777079172102,0.109335369183459,0.00546676845917293,2.61682666726607,52.3365333453213,2.838528078718,0,500,498.046875,1.953125,2.838528078718,2.82641175702611,-292.066755304024,0,2.838528078718,0.236544006559833,2.838528078718,-4.44089209850063e-16,22.3770879450565,14587,34,498.046875,-1.73020417210216,499.777079172102,498.046875,1,0,2,2,14587,0,0,14587,22.3770879450565,14587,0
0.544,499.801950327869,0.11026987209969,0.00551349360498449,2.61695689233314,52.3391378466628,2.83869374864309,0,500,498.046875,1.953125,2.83869374864309,2.8265774269512,-243.388962753353,0,2.83869374864309,0.236557812386924,2.83869374864309,0,22.4294257426032,14621,34,498.046875,-1.75507532786946,499.801950327869,498.046875,0,1,1,1,14621,0,0,14621,22.4294257426032,14621,0
0.545,499.829640812698,0.110621778144046,0.00553108890720228,2.61710187937266,52.3420375874533,2.83885941856818,0,500,498.046875,1.953125,2.83885941856818,2.82674309687629,-202.824135627795,0,2.83885941856818,0.236571618214015,2.83885941856818,-4.44089209850063e-16,22.4817663161845,14655,34,498.046875,-1.78276581269824,499.829640812698,498.046875,1,0,2,2,14655,0,0,14655,22.4817663161845,14655,0
0.546,499.858381121521,0.110756626817216,0.00553783134086081,2.61725236327776,52.3450472655552,2.83902508849328,0,500,498.046875,1.953125,2.83902508849328,2.82690876680138,-169.020113023162,0,2.83902508849328,0.236585424041106,2.83902508849328,0,22.5341098533848,14689,34,498.046875,-1.81150612152055,499.858381121521,498.046875,0,1,1,1,14689,0,0,14689,22.5341098533848,14689,0
0.547,499.887511995284,0.110810607643828,0.00554053038219138,2.61740489217611,52.3480978435221,2.74831834572917,0,500,512.6953125,-12.6953125,2.74831834572917,2.82707443672647,2300.55615581403,0,2.74831834572917,0.229026528810764,2.74831834572917,0,22.5864564240324,14724,35,512.6953125,12.8078005047158,499.887511995284,512.6953125,0,0,0,0,14724,0,0,14724,22.5864564240324,14724,0
0.548,499.837085182266,0.0821721097481268,0.00410860548740634,2.61714085800057,52.3428171600115,2.83811390390527,0,500,498.046875,1.953125,2.83811390390527,2.82599758221338,-524.276120154974,0,2.83811390390527,0.236509491992106,2.83811390390527,0,22.6388030550613,14758,34,498.046875,-1.79021018226649,499.837085182266,498.046875,1,1,3,3,14758,0,0,14758,22.6388030550613,14758,0
0.549,499.779490257331,0.100136975547864,0.00500684877739319,2.6168392916788,52.3367858335761,2.83827957383036,0,500,498.046875,1.953125,2.83827957383036,2.82616325213847,-436.896766795811,0,2.83827957383036,0.236523297819197,2.83827957383036,0,22.6911421194697,14792,34,498.046875,-1.73261525733091,499.779490257331,498.046875,0,0,0,0,14792,0,0,14792,22.6911421194697,14792,0
0.55,499.776440793471,0.106833947898906,0.00534169739494529,2.61682332472337,52.3364664944674,2.83844524375546,0,500,498.046875,1.953125,2.83844524375546,2.82632892206356,-364.080638996509,0,2.83844524375546,0.236537103646288,2.83844524375546,0,22.7434784710542,14826,34,498.046875,-1.72956579347084,499.776440793471,498.046875,1,1,3,3,14826,0,0,14826,22.7434784710542,14826,0
0.551,499.793713038276,0.109332826945797,0.00546664134728983,2.61691376198569,52.3382752397137,2.83861091368055,0,500,498.046875,1.953125,2.83861091368055,2.82649459198865,-303.400532497091,0,2.83861091368055,0.236550909473379,2.83861091368055,0,22.7958157396592,14860,34,498.046875,-1.74683803827565,499.793713038276,498.046875,0,0,0,0,14860,0,0,14860,22.7958157396592,14860,0
0.552,499.818556207079,0.11026761766288,0.00551338088314401,2.61704384051336,52.3408768102672,2.83877658360564,0,500,498.046875,1.953125,2.83877658360564,2.82666026191375,-252.833777080909,0,2.83877658360564,0.23656471530047,2.83877658360564,0,22.8481552776228,14894,34,498.046875,-1.77168120707927,499.818556207079,498.046875,1,1,3,3,14894,0,0,14894,22.8481552776228,14894,0
0.553,499.846219727742,0.110619674827594,0.00553098374137969,2.61718868636884,52.3437737273768,2.83894225353073,0,500,498.046875,1.953125,2.83894225353073,2.82682593183884,-210.694814234091,0,2.83894225353073,0.236578521127561,2.83894225353073,0,22.9004975887495,14928,34,498.046875,-1.79934472774175,499.846219727742,498.046875,0,0,0,0,14928,0,0,14928,22.9004975887495,14928,0
0.554,499.874933678041,0.110754623101795,0.00553773115508974,2.61733903226103,52.3467806452206,2.83910792345582,0,500,498.046875,1.953125,2.83910792345582,2.82699160176393,-175.579011861743,0,2.83910792345582,0.236592326954652,2.83910792345582,0,22.9528428607051,14962,34,498.046875,-1.82805867804052,499.874933678041,498.046875,1,1,3,3,14962,0,0,14962,22.9528428607051,14962,0
0.555,499.904038640452,0.110808683746815,0.00554043418734076,2.61749142548785,52.3498285097571,2.74840118069172,0,500,512.6953125,-12.6953125,2.74840118069172,2.82715727168902,2295.09040678188,0,2.74840118069172,0.22903343172431,2.74840118069172,0,23.0051911633722,14997,35,512.6953125,12.7912738595481,499.904038640452,512.6953125,0,1,1,1,14997,0,0,14997,23.0051911633722,14997,0
0.556,499.853586301202,0.0821702577190762,0.00410851288595381,2.61722725765728,52.3445451531456,2.83819673886782,0,500,498.046875,1.953125,2.83819673886782,2.82608041717593,-528.830911015099,0,2.83819673886782,0.236516394905652,2.83819673886782,0,23.0575395237276,15031,34,498.046875,-1.80671130120248,499.853586301202,498.046875,1,0,2,2,15031,0,0,15031,23.0575395237276,15031,0
0.557,499.795966209072,0.100135191852533,0.00500675959262665,2.61692555956039,52.3385111912078,2.83836240879291,0,500,498.046875,1.953125,2.83836240879291,2.82624608710102,-440.692425845916,0,2.83836240879291,0.236530200732743,2.83836240879291,0,23.1098803148082,15065,34,498.046875,-1.74909120907188,499.795966209072,498.046875,0,1,1,1,15065,0,0,15065,23.1098803148082,15065,0
0.558,499.792891924408,0.106832230656171,0.00534161153280854,2.61690946264353,52.3381892528705,2.838528078718,0,500,498.046875,1.953125,2.838528078718,2.82641175702611,-367.24368820493,0,2.838528078718,0.236544006559834,2.838528078718,0,23.1622183904477,15099,34,498.046875,-1.74601692440768,499.792891924408,498.046875,1,0,2,2,15099,0,0,15099,23.1622183904477,15099,0
0.559,499.810139687198,0.109331174898108,0.00546655874490542,2.61699977171832,52.3399954343663,2.83869374864309,0,500,498.046875,1.953125,2.83869374864309,2.8265774269512,-306.036406837442,0,2.83869374864309,0.236557812386925,2.83869374864309,0,23.2145573805264,15133,34,498.046875,-1.76326468719799,499.810139687198,498.046875,0,1,1,1,15133,0,0,15133,23.2145573805264,15133,0
0.56,499.834958707099,0.110266029792571,0.00551330148962853,2.61712972380263,52.3425944760527,2.83885941856819,0,500,498.046875,1.953125,2.83885941856819,2.82674309687629,-255.030339031201,0,2.83885941856819,0.236571618214016,2.83885941856819,0,23.2668986374173,15167,34,498.046875,-1.78808370709925,499.834958707099,498.046875,1,0,2,2,15167,0,0,15167,23.2668986374173,15167,0
0.561,499.862598407047,0.110618150213826,0.0055309075106913,2.61727444493314,52.3454888986628,2.83902508849328,0,500,498.046875,1.953125,2.83902508849328,2.82690876680139,-212.525282526001,0,2.83902508849328,0.236585424041107,2.83902508849328,0,23.3192426649596,15201,34,498.046875,-1.81572340704668,499.862598407047,498.046875,0,1,1,1,15201,0,0,15201,23.3192426649596,15201,0
0.562,499.891288860209,0.110753160867166,0.00553765804335829,2.61742466779461,52.3484933558922,2.83919075841837,0,500,498.046875,1.953125,2.83919075841837,2.82707443672648,-177.104402105001,0,2.83919075841837,0.236599229868198,2.83919075841837,0,23.3715896508535,15235,34,498.046875,-1.84441386020944,499.891288860209,498.046875,1,0,2,2,15235,0,0,15235,23.3715896508535,15235,0
0.563,499.920370644616,0.110807283037358,0.00554036415186793,2.61757693966168,52.3515387932337,2.74848401565426,0,500,512.6953125,-12.6953125,2.74848401565426,2.82724010665157,2293.81924824583,0,2.74848401565426,0.229040334637855,2.74848401565426,0,23.4239396650148,15270,35,512.6953125,12.7749418553845,499.920370644616,512.6953125,1,1,3,3,15270,0,0,15270,23.4239396650148,15270,0
0.564,499.869895442135,0.0821689176967166,0.00410844588483583,2.61731265211951,52.3462530423903,2.83827957383037,0,500,498.046875,1.953125,2.83827957383037,2.82616325213847,-529.89020979514,0,2.83827957383037,0.236523297819197,2.83827957383037,0,23.4762897344539,15304,34,498.046875,-1.82302044213486,499.869895442135,498.046875,0,0,0,0,15304,0,0,15304,23.4762897344539,15304,0
0.565,499.812252797265,0.100133911692176,0.00500669558460881,2.61701083593675,52.3402167187351,2.83844524375546,0,500,498.046875,1.953125,2.83844524375546,2.82632892206356,-441.575174829283,0,2.83844524375546,0.236537103646288,2.83844524375546,-4.44089209850063e-16,23.5286322322402,15338,34,498.046875,-1.76537779726488,499.812252797265,498.046875,1,1,3,3,15338,0,0,15338,23.5286322322402,15338,0
0.566,499.809156266134,0.106831009544526,0.0053415504772263,2.61699462253767,52.3398924507533,2.83861091368055,0,500,498.046875,1.953125,2.83861091368055,2.82649459198866,-367.979312357736,0,2.83861091368055,0.236550909473379,2.83861091368055,0,23.5809720122398,15372,34,498.046875,-1.76228126613398,499.809156266134,498.046875,0,0,0,0,15372,0,0,15372,23.5809720122398,15372,0
0.567,499.826382084572,0.109330012033147,0.00546650060165735,2.61708481671209,52.3416963342419,2.83877658360564,0,500,498.046875,1.953125,2.83877658360564,2.82666026191375,-306.64942696478,0,2.83877658360564,0.23656471530047,2.83877658360564,-4.44089209850063e-16,23.6333127043648,15406,34,498.046875,-1.77950708457189,499.826382084572,498.046875,1,1,3,3,15406,0,0,15406,23.6333127043648,15406,0
0.568,499.851179458131,0.110264924383239,0.00551324621916193,2.61721465545643,52.3442931091285,2.83894225353073,0,500,498.046875,1.953125,2.83894225353073,2.82682593183884,-255.541189137317,0,2.83894225353073,0.236578521127561,2.83894225353073,0,23.6856556610196,15440,34,498.046875,-1.8043044581305,499.851179458131,498.046875,0,0,0,0,15440,0,0,15440,23.6856556610196,15440,0
0.569,499.878797805697,0.110617101479845,0.00553085507399226,2.61735926478613,52.3471852957225,2.83910792345583,0,500,498.046875,1.953125,2.83910792345583,2.82699160176393,-212.950990947764,0,2.83910792345583,0.236592326954652,2.83910792345582,-4.44089209850063e-16,23.7380013860745,15474,34,498.046875,-1.83192280569716,499.878797805697,498.046875,1,1,3,3,15474,0,0,15474,23.7380013860745,15474,0
0.57,499.907467196449,0.110752168038866,0.00553760840194328,2.61750937736507,52.3501875473015,2.83927359338092,0,500,498.046875,1.953125,2.83927359338092,2.82715727168902,-177.459159123137,0,2.83927359338092,0.236606132781743,2.83927359338092,0,23.7903500672601,15508,34,498.046875,-1.86059219644875,499.907467196449,498.046875,0,0,0,0,15508,0,0,15508,23.7903500672601,15508,0
0.571,499.936528204475,0.110806345355526,0.00554031726777629,2.61766154044728,52.3532308089455,2.74856685061681,0,500,512.6953125,-12.6953125,2.74856685061681,2.82732294161412,2293.52361739739,0,2.74856685061681,0.229047237551401,2.74856685061681,0,23.8427017745226,15543,35,512.6953125,12.7587842955245,499.936528204475,512.6953125,1,0,2,3,15543,1,0,15543,23.8427017745226,15543,0
0.572,499.886032507765,0.0821680344124484,0.00410840172062242,2.61739714559757,52.3479429119514,2.83836240879291,0,500,498.046875,1.953125,2.83836240879291,2.82624608710102,-530.136568835511,0,2.83836240879291,0.236530200732743,2.83836240879291,0,23.8950535349018,15577,34,498.046875,-1.8391575077647,499.886032507765,498.046875,0,1,1,1,15577,0,0,15577,23.8950535349018,15577,0
0.573,499.828369646982,0.100133082066739,0.00500665410333697,2.61709522356454,52.3419044712907,2.83852807871801,0,500,498.046875,1.953125,2.83852807871801,2.82641175702611,-441.780474029593,0,2.83852807871801,0.236544006559834,2.83852807871801,0,23.9473977214967,15611,34,498.046875,-1.78149464698203,499.828369646982,498.046875,1,0,2,2,15611,0,0,15611,23.9473977214967,15611,0
0.574,499.825253174475,0.106830232849219,0.00534151164246093,2.61707890575265,52.3415781150529,2.8386937486431,0,500,498.046875,1.953125,2.8386937486431,2.8265774269512,-368.150395024661,0,2.8386937486431,0.236557812386925,2.8386937486431,0,23.9997391882024,15645,34,498.046875,-1.7783781744746,499.825253174475,498.046875,0,1,1,1,15645,0,0,15645,23.9997391882024,15645,0
0.575,499.842459322344,0.109329287549167,0.00546646437745837,2.61716899693222,52.3433799386443,2.83885941856819,0,500,498.046875,1.953125,2.83885941856819,2.8267430968763,-306.791995853884,0,2.83885941856819,0.236571618214016,2.83885941856819,0,24.0520815649594,15679,34,498.046875,-1.79558432234364,499.842459322344,498.046875,1,0,2,2,15679,0,0,15679,24.0520815649594,15679,0
0.576,499.867237292466,0.110264251401544,0.00551321257007722,2.6172987340804,52.3459746816079,2.83902508849328,0,500,498.046875,1.953125,2.83902508849328,2.82690876680139,-255.659996544903,0,2.83902508849328,0.236585424041107,2.83902508849328,0,24.1044262042003,15713,34,498.046875,-1.82036229246626,499.867237292466,498.046875,0,1,1,1,15713,0,0,15713,24.1044262042003,15713,0
0.577,499.894836500099,0.110616479301021,0.00553082396505106,2.61744324319364,52.3488648638727,2.83919075841837,0,500,498.046875,1.953125,2.83919075841837,2.82707443672648,-213.049997120753,0,2.83919075841837,0.236599229868198,2.83919075841837,0,24.1567736098233,15747,34,498.046875,-1.84796150009925,499.894836500099,498.046875,1,0,2,2,15747,0,0,15747,24.1567736098233,15747,0
0.578,499.923487010842,0.110751595972998,0.00553757979864991,2.61759325691709,52.3518651383418,2.83935642834346,0,500,498.046875,1.953125,2.83935642834346,2.82724010665157,-177.541664267294,0,2.83935642834346,0.236613035695289,2.83935642834346,0,24.2091239695862,15781,34,498.046875,-1.87661201084217,499.923487010842,498.046875,0,1,1,1,15781,0,0,15781,24.2091239695862,15781,0
0.579,499.952529395254,0.110805822722069,0.00554029113610347,2.61774532248628,52.3549064497255,2.74864968557936,0,500,512.6953125,-12.6953125,2.74864968557936,2.82740577657666,2293.45486311059,0,2.74864968557936,0.229054140464946,2.74864968557936,0,24.2614773534623,15816,35,512.6953125,12.7427831047457,499.952529395254,512.6953125,0,0,0,2,15816,1,0,15816,24.2614773534623,15816,0
0.58,499.902015327842,0.0821675605401009,0.00410837802700504,2.6174808314478,52.349616628956,2.83844524375546,0,500,498.046875,1.953125,2.83844524375546,2.82632892206357,-530.19386407451,0,2.83844524375546,0.236537103646288,2.83844524375546,0,24.3138307885183,15850,34,498.046875,-1.8551403278417,499.902015327842,498.046875,1,1,3,3,15850,0,0,15850,24.3138307885183,15850,0
0.581,499.844334345835,0.100132656293314,0.00500663281466569,2.61717881453226,52.3435762906452,2.83861091368055,0,500,498.046875,1.953125,2.83861091368055,2.82649459198866,-441.828220062091,0,2.83861091368055,0.236550909473379,2.83861091368055,0,24.3661766478793,15884,34,498.046875,-1.79745934583502,499.844334345835,498.046875,0,0,0,0,15884,0,0,15884,24.3661766478793,15884,0
0.582,499.841199998195,0.106829854521522,0.00534149272607608,2.61716240312639,52.3432480625279,2.83877658360564,0,500,498.046875,1.953125,2.83877658360564,2.82666026191375,-368.190183385076,0,2.83877658360564,0.23656471530047,2.83877658360564,0,24.4185197854662,15918,34,498.046875,-1.79432499819535,499.841199998195,498.046875,1,1,3,3,15918,0,0,15918,24.4185197854662,15918,0
0.583,499.858388513682,0.109328956022871,0.00546644780114353,2.61725240198303,52.3450480396605,2.83894225353074,0,500,498.046875,1.953125,2.83894225353074,2.82682593183884,-306.825152820897,0,2.83894225353074,0.236578521127561,2.83894225353074,0,24.4708638312453,15952,34,498.046875,-1.81151351368214,499.858388513682,498.046875,0,0,0,0,15952,0,0,15952,24.4708638312453,15952,0
0.584,499.883149090871,0.110263966041075,0.00551319830205377,2.61738204806202,52.3476409612404,2.83910792345583,0,500,498.046875,1.953125,2.83910792345583,2.82699160176393,-255.687627350747,0,2.83910792345583,0.236592326954652,2.83910792345583,0,24.5232101376745,15986,34,498.046875,-1.83627409087148,499.883149090871,498.046875,1,1,3,3,15986,0,0,15986,24.5232101376745,15986,0
0.585,499.910731141771,0.11061623947944,0.00553081197397199,2.61752646734282,52.3505293468564,2.83927359338092,0,500,498.046875,1.953125,2.83927359338092,2.82715727168903,-213.073022792289,0,2.83927359338092,0.236606132781743,2.83927359338092,0,24.5755592086766,16020,34,498.046875,-1.86385614177135,499.910731141771,498.046875,0,0,0,0,16020,0,0,16020,24.5755592086766,16020,0
0.586,499.939364728776,0.110751401071875,0.00553757005359375,2.61767639245378,52.3535278490756,2.83943926330601,0,500,498.046875,1.953125,2.83943926330601,2.82732294161412,-177.560852326908,0,2.83943926330601,0.236619938608834,2.83943926330601,0,24.6279112320343,16054,34,498.046875,-1.89248972877556,499.939364728776,498.046875,1,1,3,3,16054,0,0,16054,24.6279112320343,16054,0
0.587,499.968390419276,0.110805672131373,0.00554028360656865,2.61782837061385,52.356567412277,2.7487325205419,0,500,512.6953125,-12.6953125,2.7487325205419,2.82748861153921,2293.43887306091,0,2.7487325205419,0.229061043378492,2.7487325205419,0,24.680266277745,16089,35,512.6953125,12.7269220807243,499.968390419276,512.6953125,0,1,1,0,16089,1,0,16089,24.680266277745,16089,0
0.588,499.91785988466,0.0821674536580843,0.00410837268290421,2.6175637933533,52.351275867066,2.83852807871801,0,500,498.046875,1.953125,2.83852807871801,2.82641175702611,-530.207189115908,0,2.83852807871801,0.236544006559834,2.83852807871801,0,24.7326213728992,16123,34,498.046875,-1.87098488466,499.91785988466,498.046875,1,0,2,2,16123,0,0,16123,24.7326213728992,16123,0
0.589,499.860162659078,0.100132592526402,0.00500662962632011,2.6172616913866,52.345233827732,2.8386937486431,0,500,498.046875,1.953125,2.8386937486431,2.82657742695121,-441.839324263257,0,2.8386937486431,0.236557812386925,2.8386937486431,-4.44089209850063e-16,24.7849688906459,16157,34,498.046875,-1.81328765907807,499.860162659078,498.046875,0,1,1,1,16157,0,0,16157,24.7849688906459,16157,0
0.59,499.857012288453,0.106829833284205,0.00534149166421023,2.61724519608458,52.3449039216916,2.83885941856819,0,500,498.046875,1.953125,2.83885941856819,2.8267430968763,-368.199436886047,0,2.83885941856819,0.236571618214016,2.83885941856819,0,24.837313684929,16191,34,498.046875,-1.81013728845329,499.857012288453,498.046875,1,0,2,2,16191,0,0,16191,24.837313684929,16191,0
0.591,499.87418499855,0.109328976737588,0.00546644883687938,2.61733511218438,52.3467022436877,2.83902508849328,0,500,498.046875,1.953125,2.83902508849328,2.82690876680139,-306.832864071706,0,2.83902508849328,0.236585424041107,2.83902508849328,-4.44089209850063e-16,24.8896593857378,16225,34,498.046875,-1.82730999855022,499.87418499855,498.046875,0,1,1,1,16225,0,0,16225,24.8896593857378,16225,0
0.592,499.898929984991,0.110264028138109,0.00551320140690545,2.61746467663041,52.3492935326082,2.83919075841837,0,500,498.046875,1.953125,2.83919075841837,2.82707443672648,-255.694053393088,0,2.83919075841837,0.236599229868198,2.83919075841837,0,24.9420073455528,16259,34,498.046875,-1.85205498499096,499.898929984991,498.046875,1,0,2,2,16259,0,0,16259,24.9420073455528,16259,0
0.593,499.926496656869,0.110616342396808,0.00553081711984042,2.61760901538683,52.3521803077367,2.83935642834347,0,500,498.046875,1.953125,2.83935642834347,2.82724010665157,-213.078377827574,0,2.83935642834347,0.236613035695289,2.83935642834347,-4.44089209850063e-16,24.9943580683193,16293,34,498.046875,-1.87962165686861,499.926496656869,498.046875,0,1,1,1,16293,0,0,16293,24.9943580683193,16293,0
0.594,499.9551150737,0.110751544255229,0.00553757721276144,2.61775886106696,52.3551772213392,2.83952209826856,0,500,498.046875,1.953125,2.83952209826856,2.82740577657666,-177.565314856311,0,2.83952209826856,0.23662684152238,2.83952209826856,0,25.0467117418419,16327,34,498.046875,-1.90824007370037,499.9551150737,498.046875,1,0,2,2,16327,0,0,16327,25.0467117418419,16327,0
0.595,499.984125800044,0.110805855033891,0.00554029275169456,2.61791076087489,52.3582152174977,2.74881535550445,0,500,512.6953125,-12.6953125,2.74881535550445,2.82757144650176,2293.43515428641,0,2.74881535550445,0.229067946292038,2.74881535550445,0,25.0990684361397,16362,35,512.6953125,12.7111866999563,499.984125800044,512.6953125,1,1,3,3,16362,0,0,16362,25.0990684361397,16362,0
0.596,499.933580504487,0.082167675740372,0.0041083837870186,2.61764610632623,52.3529221265246,2.83861091368055,0,500,498.046875,1.953125,2.83861091368055,2.82649459198866,-530.210288094661,0,2.83861091368055,0.23655090947338,2.83861091368055,0,25.1514251783246,16396,34,498.046875,-1.88670550448694,499.933580504487,498.046875,0,0,0,0,16396,0,0,16396,25.1514251783246,16396,0
0.597,499.875868718421,0.10013285325639,0.00500664266281949,2.61734392812101,52.3468785624202,2.83877658360565,0,500,498.046875,1.953125,2.83877658360565,2.82666026191375,-441.841906745551,0,2.83877658360565,0.236564715300471,2.83877658360565,0,25.2037743415665,16430,34,498.046875,-1.82899371842063,499.875868718421,498.046875,1,1,3,3,16430,0,0,16430,25.2037743415665,16430,0
0.598,499.872703985048,0.106830132137044,0.00534150660685222,2.61732735761582,52.3465471523164,2.83894225353074,0,500,498.046875,1.953125,2.83894225353074,2.82682593183884,-368.201588954626,0,2.83894225353074,0.236578521127562,2.83894225353074,0,25.2561207798306,16464,34,498.046875,-1.82582898504762,499.872703985048,498.046875,0,0,0,0,16464,0,0,16464,25.2561207798306,16464,0
0.599,499.889862527446,0.109329313195563,0.00546646565977815,2.61741719953372,52.3483439906745,2.83910792345583,0,500,498.046875,1.953125,2.83910792345583,2.82699160176394,-306.834657462188,0,2.83910792345583,0.236592326954652,2.83910792345583,0,25.3084681231266,16498,34,498.046875,-1.84298752744564,499.889862527446,498.046875,1,1,3,3,16498,0,0,16498,25.3084681231266,16498,0
0.6,499.914593538588,0.110264401690533,0.00551322008452667,2.61754669080526,52.3509338161052,2.83927359338092,0,500,498.046875,1.953125,2.83927359338092,2.82715727168903,-255.695547885157,0,2.83927359338092,0.236606132781743,2.83927359338092,0,25.3608177239551,16532,34,498.046875,-1.86771853858795,499.914593538588,498.046875,0,0,0,0,16532,0,0,16532,25.3608177239551,16532,0
0.601,499.942146424955,0.11061675253993,0.0055308376269965,2.61769095738092,52.3538191476184,2.83943926330601,0,500,498.046875,1.953125,2.83943926330601,2.82732294161412,-213.079623237631,0,2.83943926330601,0.236619938608834,2.83943926330601,0,25.4131700862815,16566,34,498.046875,-1.89527142495547,499.942146424955,498.046875,1,1,3,3,16566,0,0,16566,25.4131700862815,16566,0
0.602,499.970751243487,0.110751990492137,0.00553759952460684,2.61784073186051,52.3568146372103,2.83960493323111,0,500,498.046875,1.953125,2.83960493323111,2.82748861153921,-177.566352698026,0,2.83960493323111,0.236633744435925,2.83960493323111,0,25.4655253979303,16600,34,498.046875,-1.92387624348669,499.970751243487,498.046875,0,0,0,0,16600,0,0,16600,25.4655253979303,16600,0
0.603,499.999748556198,0.110806336874424,0.00554031684372122,2.61799256143483,52.3598512286965,2.748898190467,0,500,512.6953125,-12.6953125,2.748898190467,2.8276542814643,2293.43428941831,0,2.748898190467,0.229074849205583,2.748898190467,0,25.51788372894,16635,35,512.6953125,12.695563943802,499.999748556198,512.6953125,1,0,2,2,16635,0,0,16635,25.51788372894,16635,0
0.604,499.949190029168,0.0821681927010256,0.00410840963505128,2.61772783760634,52.3545567521268,2.8386937486431,0,500,498.046875,1.953125,2.8386937486431,2.82657742695121,-530.211008818073,0,2.8386937486431,0.236557812386925,2.8386937486431,0,25.5702421064417,16669,34,498.046875,-1.90231502916834,499.949190029168,498.046875,0,1,1,1,16669,0,0,16669,25.5702421064417,16669,0
0.605,499.891465191317,0.100133404860225,0.00500667024301123,2.61742559106213,52.3485118212426,2.83885941856819,0,500,498.046875,1.953125,2.83885941856819,2.8267430968763,-441.842507348395,0,2.83885941856819,0.236571618214016,2.83885941856819,0,25.6225929036243,16703,34,498.046875,-1.8445901913168,499.891465191317,498.046875,1,0,2,2,16703,0,0,16703,25.6225929036243,16703,0
0.606,499.888287583404,0.106830717913599,0.00534153589567994,2.61740895314601,52.3481790629202,2.83902508849329,0,500,498.046875,1.953125,2.83902508849329,2.82690876680139,-368.202089456995,0,2.83902508849329,0.236585424041107,2.83902508849329,0,25.6749409744716,16737,34,498.046875,-1.84141258340429,499.888287583404,498.046875,0,1,1,1,16737,0,0,16737,25.6749409744716,16737,0
0.607,499.905433426102,0.109329932680763,0.00546649663403815,2.61749872856844,52.3499745713688,2.83919075841838,0,500,498.046875,1.953125,2.83919075841838,2.82707443672648,-306.835074547496,0,2.83919075841838,0.236599229868198,2.83919075841838,0,25.7272899490117,16771,34,498.046875,-1.85855842610221,499.905433426102,498.046875,1,0,2,2,16771,0,0,16771,25.7272899490117,16771,0
0.608,499.930151910009,0.110265054426607,0.00551325272133037,2.61762815424752,52.3525630849504,2.83935642834347,0,500,498.046875,1.953125,2.83935642834347,2.82724010665158,-255.695895456247,0,2.83935642834347,0.236613035695289,2.83935642834347,0,25.7796411797635,16805,34,498.046875,-1.88327691000882,499.930151910009,498.046875,0,1,1,1,16805,0,0,16805,25.7796411797635,16805,0
0.609,499.957692439264,0.110617438075324,0.00553087190376622,2.61777235612149,52.3554471224299,2.83952209826856,0,500,498.046875,1.953125,2.83952209826856,2.82740577657667,-213.079912880206,0,2.83952209826856,0.23662684152238,2.83952209826856,0,25.8319951707104,16839,34,498.046875,-1.91081743926367,499.957692439264,498.046875,1,0,2,2,16839,0,0,16839,25.8319951707104,16839,0
0.61,499.986285068495,0.110752708381428,0.00553763541907141,2.61792206677806,52.3584413355612,2.83968776819365,0,500,498.046875,1.953125,2.83968776819365,2.82757144650176,-177.566594066838,0,2.83968776819365,0.236640647349471,2.83968776819365,0,25.8843521096943,16873,34,498.046875,-1.93941006849474,499.986285068495,498.046875,0,1,1,1,16873,0,0,16873,25.8843521096943,16873,0
0.611,500.01527035744,0.11080708667824,0.005540354333912,2.61807383339608,52.3614766679216,2.74898102542954,0,500,512.6953125,-12.6953125,2.74898102542954,2.82773711642685,2293.43408827764,0,2.74898102542954,0.229081752119129,2.74898102542954,0,25.9367120667713,16908,35,512.6953125,12.6800421425602,500.01527035744,512.6953125,0,0,0,0,16908,0,0,16908,25.9367120667713,16908,0
0.612,499.964699969929,0.0821689739859571,0.00410844869929786,2.61780904746626,52.3561809493252,2.83877658360565,0,500,498.046875,1.953125,2.83877658360565,2.82666026191376,-530.211176435304,0,2.83877658360565,0.236564715300471,2.83877658360565,0,25.9890720690898,16942,34,498.046875,-1.91782496992948,499.964699969929,498.046875,1,1,3,3,16942,0,0,16942,25.9890720690898,16942,0
0.613,499.906963432665,0.100134217198753,0.00500671085993763,2.61750673966407,52.3501347932813,2.83894225353074,0,500,498.046875,1.953125,2.83894225353074,2.82682593183885,-441.84264702942,0,2.83894225353074,0.236578521127562,2.83894225353074,-4.44089209850063e-16,26.0414244898556,16976,34,498.046875,-1.86008843266455,499.906963432665,498.046875,0,0,0,0,16976,0,0,16976,26.0414244898556,16976,0
0.614,499.90377428422,0.106831560884007,0.00534157804420035,2.61749004132186,52.3498008264372,2.83910792345583,0,500,498.046875,1.953125,2.83910792345583,2.82699160176394,-368.20220585785,0,2.83910792345583,0.236592326954653,2.83910792345583,0,26.0937741830693,17010,34,498.046875,-1.85689928422022,499.90377428422,498.046875,1,1,3,3,17010,0,0,17010,26.0937741830693,17010,0
0.615,499.920908743109,0.109330805867064,0.00546654029335319,2.61757975713881,52.3515951427762,2.83927359338092,0,500,498.046875,1.953125,2.83927359338092,2.82715727168903,-306.835171548208,0,2.83927359338092,0.236606132781744,2.83927359338092,-4.44089209850063e-16,26.1461247787756,17044,34,498.046875,-1.87403374310907,499.920908743109,498.046875,0,0,0,0,17044,0,0,17044,26.1461247787756,17044,0
0.616,499.945615997802,0.110265957418462,0.0055132978709231,2.61770912402187,52.3541824804373,2.83943926330602,0,500,498.046875,1.953125,2.83943926330602,2.82732294161412,-255.695976290174,0,2.83943926330602,0.236619938608835,2.83943926330602,0,26.1984776295095,17078,34,498.046875,-1.89874099780229,499.945615997802,498.046875,1,1,3,3,17078,0,0,17078,26.1984776295095,17078,0
0.617,499.973145450337,0.110618370467966,0.00553091852339832,2.61785326789827,52.3570653579653,2.83960493323111,0,500,498.046875,1.953125,2.83960493323111,2.82748861153921,-213.079980241811,0,2.83960493323111,0.236633744435926,2.83960493323111,-4.44089209850063e-16,26.2508332392704,17112,34,498.046875,-1.9262704503372,499.973145450337,498.046875,0,0,0,0,17112,0,0,17112,26.2508332392704,17112,0
0.618,500.001727153273,0.11075366977559,0.00553768348877952,2.61800292134489,52.3600584268977,2.748898190467,0,500,512.6953125,-12.6953125,2.748898190467,2.82765428146431,2263.83959979849,0,2.748898190467,0.229074849205583,2.748898190467,0,26.3031917959165,17147,35,512.6953125,12.6935853467266,500.001727153273,512.6953125,1,0,2,3,17147,1,0,17147,26.3031917959165,17147,0
0.619,499.950999025886,0.0821457255097324,0.00410728627548662,2.617737309491,52.35474618982,2.8386937486431,0,500,498.046875,1.953125,2.8386937486431,2.82657742695121,-554.873250167925,0,2.8386937486431,0.236557812386925,2.8386937486431,0,26.3555503704963,17181,34,498.046875,-1.90412402588572,499.950999025886,498.046875,0,1,1,1,17181,0,0,17181,26.3555503704963,17181,0
0.62,499.893196444126,0.100122227924199,0.00500611139620996,2.61743465588064,52.3486931176129,2.8388594185682,0,500,498.046875,1.953125,2.8388594185682,2.8267430968763,-462.394375139937,0,2.8388594185682,0.236571618214016,2.8388594185682,0,26.4079013525822,17215,34,498.046875,-1.84632144412603,499.893196444126,498.046875,1,0,2,2,17215,0,0,17215,26.4079013525822,17215,0
0.621,499.889975513056,0.106823785513484,0.00534118927567422,2.617417791125,52.3483558225,2.83902508849329,0,500,498.046875,1.953125,2.83902508849329,2.82690876680139,-385.328645949948,0,2.83902508849329,0.236585424041107,2.83902508849329,0,26.4602496022831,17249,34,498.046875,-1.84310051305641,499.889975513056,498.046875,0,1,1,1,17249,0,0,17249,26.4602496022831,17249,0
0.622,499.907091051769,0.109324619265838,0.0054662309632919,2.61750740787613,52.3501481575227,2.83919075841838,0,500,498.046875,1.953125,2.83919075841838,2.82707443672649,-321.10720495829,0,2.83919075841838,0.236599229868198,2.83919075841838,0,26.5125987519293,17283,34,498.046875,-1.86021605176853,499.907091051769,498.046875,1,0,2,2,17283,0,0,17283,26.5125987519293,17283,0
0.623,499.931784274597,0.110260381281375,0.00551301906406876,2.61763670128852,52.3527340257704,2.83935642834347,0,500,498.046875,1.953125,2.83935642834347,2.82724010665158,-267.589337465241,0,2.83935642834347,0.236613035695289,2.83935642834347,0,26.5649501549182,17317,34,498.046875,-1.88490927459725,499.931784274597,498.046875,0,1,1,1,17317,0,0,17317,26.5649501549182,17317,0
0.624,499.95930161134,0.110613040054846,0.00553065200274233,2.61778078172678,52.3556156345356,2.83952209826856,0,500,498.046875,1.953125,2.83952209826856,2.82740577657667,-222.991114554368,0,2.83952209826856,0.23662684152238,2.83952209826856,0,26.6173043155799,17351,34,498.046875,-1.91242661134004,499.95930161134,498.046875,1,0,2,2,17351,0,0,17351,26.6173043155799,17351,0
0.625,499.987872005898,0.110748448946418,0.00553742244732089,2.61793037596287,52.3586075192574,2.83968776819365,0,500,498.046875,1.953125,2.83968776819365,2.82757144650176,-185.825928795307,0,2.83968776819365,0.236640647349471,2.83968776819365,0,26.6696614219058,17385,34,498.046875,-1.94099700589777,499.987872005898,498.046875,0,1,1,1,17385,0,0,17385,26.6696614219058,17385,0
0.626,500.016835601639,0.110802914468068,0.0055401457234034,2.61808202899554,52.3616405799108,2.74898102542955,0,500,512.6953125,-12.6953125,2.74898102542955,2.82773711642685,2286.55130933724,0,2.74898102542955,0.229081752119129,2.74898102542955,0,26.7220215440269,17420,35,512.6953125,12.6784768983611,500.016835601639,512.6953125,0,0,0,0,17420,0,0,17420,26.7220215440269,17420,0
0.627,499.96624390476,0.0821648693817813,0.00410824346908906,2.61781713149013,52.3563426298026,2.83877658360565,0,500,498.046875,1.953125,2.83877658360565,2.82666026191376,-535.946825552296,0,2.83877658360565,0.236564715300471,2.83877658360565,0,26.7743817091387,17454,34,498.046875,-1.91936890476012,499.96624390476,498.046875,1,1,3,3,17454,0,0,17454,26.7743817091387,17454,0
0.628,499.908486380762,0.100130172414372,0.00500650862071858,2.61751471380166,52.3502942760332,2.83894225353074,0,500,498.046875,1.953125,2.83894225353074,2.82682593183885,-446.622354626913,0,2.83894225353074,0.236578521127562,2.83894225353074,0,26.8267342904834,17488,34,498.046875,-1.86161138076199,499.908486380762,498.046875,0,0,0,0,17488,0,0,17488,26.8267342904834,17488,0
0.629,499.905276542975,0.106827572548197,0.00534137862740984,2.61749790713031,52.3499581426062,2.83910792345583,0,500,498.046875,1.953125,2.83910792345583,2.82699160176394,-372.185295522428,0,2.83910792345583,0.236592326954653,2.83910792345583,0,26.8790841420941,17522,34,498.046875,-1.8584015429754,499.905276542975,498.046875,1,1,3,3,17522,0,0,17522,26.8790841420941,17522,0
0.63,499.922390598103,0.109326872259885,0.00546634361299424,2.61758751611341,52.3517503222682,2.83927359338093,0,500,498.046875,1.953125,2.83927359338093,2.82715727168903,-310.154412935357,0,2.83927359338093,0.236606132781744,2.83927359338093,0,26.9314348940456,17556,34,498.046875,-1.87551559810282,499.922390598103,498.046875,0,0,0,0,17556,0,0,17556,26.9314348940456,17556,0
0.631,499.947077727841,0.110262077441493,0.00551310387207466,2.61771677762245,52.354335552449,2.83943926330602,0,500,498.046875,1.953125,2.83943926330602,2.82732294161412,-258.462010779464,0,2.83943926330602,0.236619938608835,2.83943926330602,0,26.9837878989029,17590,34,498.046875,-1.90020272784113,499.947077727841,498.046875,1,1,3,3,17590,0,0,17590,26.9837878989029,17590,0
0.632,499.974587329364,0.110614543260563,0.00553072716302813,2.6178608175592,52.357216351184,2.83960493323111,0,500,498.046875,1.953125,2.83960493323111,2.82748861153922,-215.385008982887,0,2.83960493323111,0.236633744435926,2.83960493323111,0,27.0361436606942,17624,34,498.046875,-1.92771232936434,499.974587329364,498.046875,0,0,0,0,17624,0,0,17624,27.0361436606942,17624,0
0.633,500.003149451109,0.110749894571825,0.00553749472859124,2.61801036847894,52.3602073695788,2.8397706031562,0,500,498.046875,1.953125,2.8397706031562,2.82765428146431,-179.487507485739,0,2.8397706031562,0.236647550263017,2.8397706031562,0,27.0885023673059,17658,34,498.046875,-1.95627445110875,500.003149451109,498.046875,1,1,3,3,17658,0,0,17658,27.0885023673059,17658,0
0.634,500.032104646954,0.110804352755355,0.00554021763776775,2.61816197752986,52.3632395505971,2.74906386039209,0,500,512.6953125,-12.6953125,2.74906386039209,2.8278199513894,2291.83332709522,0,2.74906386039209,0.229088655032674,2.74906386039209,-4.44089209850063e-16,27.1408640888377,17693,35,512.6953125,12.6632078530458,500.032104646954,512.6953125,0,1,1,1,17693,0,0,17693,27.1408640888377,17693,0
0.635,499.981504575049,0.0821663188580672,0.00410831594290336,2.61789703617291,52.3579407234582,2.8388594185682,0,500,498.046875,1.953125,2.8388594185682,2.8267430968763,-531.545144087319,0,2.8388594185682,0.236571618214016,2.8388594185682,-4.44089209850063e-16,27.193225852481,17727,34,498.046875,-1.93462957504948,499.981504575049,498.046875,1,0,2,2,17727,0,0,17727,27.193225852481,17727,0
0.636,499.923738756523,0.100131639793253,0.00500658198966264,2.61759457505439,52.3518915010879,2.83902508849329,0,500,498.046875,1.953125,2.83902508849329,2.8269087668014,-442.954286739432,0,2.83902508849329,0.236585424041107,2.83902508849329,0,27.2455800314843,17761,34,498.046875,-1.87686375652339,499.923738756523,498.046875,0,1,1,1,17761,0,0,17761,27.2455800314843,17761,0
0.637,499.920520724469,0.106829060144459,0.00534145300722296,2.61757772547796,52.3515545095592,2.83919075841838,0,500,498.046875,1.953125,2.83919075841838,2.82707443672649,-369.12857228286,0,2.83919075841838,0.236599229868198,2.83919075841838,-4.44089209850063e-16,27.29793147989,17795,34,498.046875,-1.87364572446938,499.920520724469,498.046875,1,0,2,2,17795,0,0,17795,27.29793147989,17795,0
0.638,499.937626691994,0.109328380751973,0.00546641903759865,2.61766729211447,52.3533458422895,2.83935642834347,0,500,498.046875,1.953125,2.83935642834347,2.82724010665158,-307.60714356905,0,2.83935642834347,0.236613035695289,2.83935642834347,0,27.3502838277841,17829,34,498.046875,-1.89075169199401,499.937626691994,498.046875,0,1,1,1,17829,0,0,17829,27.3502838277841,17829,0
0.639,499.962305842243,0.1102636069007,0.00551318034503502,2.61779651184301,52.3559302368602,2.83952209826856,0,500,498.046875,1.953125,2.83952209826856,2.82740577657667,-256.339286307542,0,2.83952209826856,0.23662684152238,2.83952209826856,-4.44089209850063e-16,27.4026384277426,17863,34,498.046875,-1.9154308422435,499.962305842243,498.046875,1,0,2,2,17863,0,0,17863,27.4026384277426,17863,0
0.64,499.989807572001,0.110616093534435,0.00553080467672177,2.61794051056329,52.3588102112658,2.83968776819366,0,500,498.046875,1.953125,2.83968776819366,2.82757144650176,-213.616071922952,0,2.83968776819366,0.236640647349471,2.83968776819366,0,27.4549957838052,17897,34,498.046875,-1.94293257200115,499.989807572001,498.046875,0,1,1,1,17897,0,0,17897,27.4549957838052,17897,0
0.641,500.018361928643,0.110751465426977,0.00553757327134887,2.61809002082505,52.3618004165009,2.74898102542955,0,500,512.6953125,-12.6953125,2.74898102542955,2.82773711642686,2263.39285673087,0,2.74898102542955,0.229081752119129,2.74898102542955,0,27.5073560838694,17932,35,512.6953125,12.6769505713568,500.018361928643,512.6953125,0,0,0,2,17932,1,0,17932,27.5073560838694,17932,0
0.642,499.967606826328,0.0821435927603138,0.00410717963801569,2.61782426773077,52.3564853546154,2.83877658360565,0,500,498.046875,1.953125,2.83877658360565,2.82666026191376,-555.245536057605,0,2.83877658360565,0.236564715300471,2.83877658360565,0,27.5597163990233,17966,34,498.046875,-1.92073182632799,499.967606826328,498.046875,1,1,3,3,17966,0,0,17966,27.5597163990233,17966,0
0.643,499.909777635968,0.100120165801637,0.00500600829008186,2.61752147479811,52.3504294959621,2.83894225353074,0,500,498.046875,1.953125,2.83894225353074,2.82682593183885,-462.704613381338,0,2.83894225353074,0.236578521127562,2.83894225353074,0,27.6120691188777,18000,34,498.046875,-1.86290263596783,499.909777635968,498.046875,0,0,0,0,18000,0,0,18000,27.6120691188777,18000,0
0.644,499.906530457649,0.106821793058649,0.00534108965293243,2.61750447261219,52.3500894522437,2.83910792345584,0,500,498.046875,1.953125,2.83910792345584,2.82699160176394,-385.587177817781,0,2.83910792345584,0.236592326954653,2.83910792345584,0,27.6644191035793,18034,34,498.046875,-1.85965545764861,499.906530457649,498.046875,1,1,3,3,18034,0,0,18034,27.6644191035793,18034,0
0.645,499.923620105555,0.109322695532624,0.00546613477663121,2.61759395379938,52.3518790759875,2.83927359338093,0,500,498.046875,1.953125,2.83927359338093,2.82715727168903,-321.322648181485,0,2.83927359338093,0.236606132781744,2.83927359338093,0,27.7167699854966,18068,34,498.046875,-1.87674510555485,499.923620105555,498.046875,0,0,0,0,18068,0,0,18068,27.7167699854966,18068,0
0.646,499.948287789181,0.110258525336527,0.00551292626682635,2.61772311348881,52.3544622697762,2.83943926330602,0,500,498.046875,1.953125,2.83943926330602,2.82732294161413,-267.76887348457,0,2.83943926330602,0.236619938608835,2.83943926330602,0,27.7691231180636,18102,34,498.046875,-1.90141278918128,499.948287789181,498.046875,1,1,3,3,18102,0,0,18102,27.7691231180636,18102,0
0.647,499.975779933551,0.110611250977781,0.00553056254888907,2.61786706202012,52.3573412404024,2.83960493323111,0,500,498.046875,1.953125,2.83960493323111,2.82748861153922,-223.140727903809,0,2.83960493323111,0.236633744435926,2.83960493323111,0,27.8214790056473,18136,34,498.046875,-1.92890493355111,499.975779933551,498.046875,0,0,0,0,18136,0,0,18136,27.8214790056473,18136,0
0.648,500.004325477853,0.110746725829055,0.00553733629145274,2.61801652614057,52.3603305228114,2.8397706031562,0,500,498.046875,1.953125,2.8397706031562,2.82765428146431,-185.950606586507,0,2.8397706031562,0.236647550263017,2.8397706031562,0,27.8738378362749,18170,34,498.046875,-1.95745047785289,500.004325477853,498.046875,1,1,3,3,18170,0,0,18170,27.8738378362749,18170,0
0.649,500.033264560809,0.110801256414662,0.00554006282073308,2.6181680508246,52.363361016492,2.7490638603921,0,500,512.6953125,-12.6953125,2.7490638603921,2.8278199513894,2286.44741117791,0,2.7490638603921,0.229088655032675,2.7490638603921,0,27.9261996801131,18205,35,512.6953125,12.662047939191,500.033264560809,512.6953125,0,1,1,1,18205,0,0,18205,27.9261996801131,18205,0
0.65,499.982648684036,0.0821632755087479,0.0041081637754374,2.61790302671356,52.3580605342711,2.8388594185682,0,500,498.046875,1.953125,2.8388594185682,2.82674309687631,-536.033407351741,0,2.8388594185682,0.236571618214017,2.8388594185682,0,27.9785615643925,18239,34,498.046875,-1.93577368403606,499.982648684036,498.046875,1,0,2,2,18239,0,0,18239,27.9785615643925,18239,0
0.651,499.924867308512,0.100128641850126,0.00500643209250628,2.61760048413879,52.3520096827758,2.83902508849329,0,500,498.046875,1.953125,2.83902508849329,2.8269087668014,-446.694506126451,0,2.83902508849329,0.236585424041108,2.83902508849329,0,28.03091586239,18273,34,498.046875,-1.87799230851215,499.924867308512,498.046875,0,1,1,1,18273,0,0,18273,28.03091586239,18273,0
0.652,499.921633943108,0.106826104432992,0.00534130522164959,2.61758355427712,52.3516710855425,2.83919075841838,0,500,498.046875,1.953125,2.83919075841838,2.82707443672649,-372.245421772043,0,2.83919075841838,0.236599229868199,2.83919075841838,0,28.0832674281727,18307,34,498.046875,-1.87475894310802,499.921633943108,498.046875,1,0,2,2,18307,0,0,18307,28.0832674281727,18307,0
0.653,499.938724790129,0.109325465745648,0.00546627328728242,2.61767304174286,52.3534608348573,2.83935642834348,0,500,498.046875,1.953125,2.83935642834348,2.82724010665158,-310.204518143369,0,2.83935642834348,0.23661303569529,2.83935642834348,0,28.1356198918492,18341,34,498.046875,-1.89184979012873,499.938724790129,498.046875,0,1,1,1,18341,0,0,18341,28.1356198918492,18341,0
0.654,499.963389026932,0.110260731691671,0.00551303658458356,2.61780218338477,52.3560436676955,2.83952209826857,0,500,498.046875,1.953125,2.83952209826857,2.82740577657667,-258.503765119474,0,2.83952209826857,0.236626841522381,2.83952209826857,0,28.1879746060177,18375,34,498.046875,-1.91651402693162,499.963389026932,498.046875,1,0,2,2,18375,0,0,18375,28.1879746060177,18375,0
0.655,499.990876046412,0.110613257449959,0.00553066287249794,2.61794610508222,52.3589221016444,2.83968776819366,0,500,498.046875,1.953125,2.83968776819366,2.82757144650177,-215.419804266228,0,2.83968776819366,0.236640647349472,2.83968776819366,0,28.2403320747391,18409,34,498.046875,-1.94400104641153,499.990876046412,498.046875,0,1,1,1,18409,0,0,18409,28.2403320747391,18409,0
0.656,500.019415892782,0.110748667886449,0.00553743339432247,2.61809553936837,52.3619107873675,2.83985343811875,0,500,498.046875,1.953125,2.83985343811875,2.82773711642686,-179.51650355519,0,2.83985343811875,0.236654453176563,2.83985343811875,0,28.2926924859321,18443,34,498.046875,-1.97254089278249,500.019415892782,498.046875,1,0,2,2,18443,0,0,18443,28.2926924859321,18443,0
0.657,500.048349115758,0.110803184392275,0.00554015921961373,2.61824703336962,52.3649406673923,2.74914669535464,0,500,512.6953125,-12.6953125,2.74914669535464,2.82790278635195,2291.80916370401,0,2.74914669535464,0.22909555794622,2.74914669535464,0,28.3450559097285,18478,35,512.6953125,12.6469633842421,500.048349115758,512.6953125,1,1,3,3,18478,0,0,18478,28.3450559097285,18478,0
0.658,499.997727369381,0.0821652080252515,0.00410826040126257,2.6179819785254,52.359639570508,2.83894225353075,0,500,498.046875,1.953125,2.83894225353075,2.82682593183885,-531.56528024666,0,2.83894225353075,0.236578521127562,2.83894225353075,0,28.3974193733512,18512,34,498.046875,-1.95085236938075,499.997727369381,498.046875,0,0,0,0,18512,0,0,18512,28.3974193733512,18512,0
0.659,499.939940170726,0.100130585709428,0.00500652928547138,2.61767940546079,52.3535881092157,2.83910792345584,0,500,498.046875,1.953125,2.83910792345584,2.82699160176395,-442.971066872217,0,2.83910792345584,0.236592326954653,2.83910792345584,-4.44089209850063e-16,28.4497752500795,18546,34,498.046875,-1.89306517072566,499.939940170726,498.046875,1,1,3,3,18546,0,0,18546,28.4497752500795,18546,0
0.66,499.93670104889,0.106828062038961,0.00534140310194806,2.61766244545851,52.3532489091703,2.83927359338093,0,500,498.046875,1.953125,2.83927359338093,2.82715727168904,-369.142555726847,0,2.83927359338093,0.236606132781744,2.83927359338093,0,28.5021283939865,18580,34,498.046875,-1.88982604888957,499.93670104889,498.046875,0,0,0,0,18580,0,0,18580,28.5021283939865,18580,0
0.661,499.953786213038,0.109327437864603,0.00546637189323013,2.61775190316881,52.3550380633761,2.83943926330602,0,500,498.046875,1.953125,2.83943926330602,2.82732294161413,-307.618796439039,0,2.83943926330602,0.236619938608835,2.83943926330602,-4.44089209850063e-16,28.5544824351886,18614,34,498.046875,-1.90691121303837,499.953786213038,498.046875,1,1,3,3,18614,0,0,18614,28.5544824351886,18614,0
0.662,499.978444842426,0.110262718481581,0.00551313592407906,2.61788101545036,52.3576203090072,2.83960493323111,0,500,498.046875,1.953125,2.83960493323111,2.82748861153922,-256.348997032533,0,2.83960493323111,0.236633744435926,2.83960493323111,0,28.6068387262914,18648,34,498.046875,-1.93156984242626,499.978444842426,498.046875,0,0,0,0,18648,0,0,18648,28.6068387262914,18648,0
0.663,500.005926329999,0.110615258843876,0.00553076294219382,2.61802490818281,52.3604981636561,2.83977060315621,0,500,498.046875,1.953125,2.83977060315621,2.82765428146431,-213.624164193777,0,2.83977060315621,0.236647550263017,2.83977060315621,-4.44089209850063e-16,28.6591977713638,18682,34,498.046875,-1.9590513299986,500.005926329999,498.046875,1,1,3,3,18682,0,0,18682,28.6591977713638,18682,0
0.664,500.034460719348,0.110750683735336,0.00553753418676679,2.61817431389606,52.3634862779212,2.7490638603921,0,500,512.6953125,-12.6953125,2.7490638603921,2.8278199513894,2263.38611317185,0,2.7490638603921,0.229088655032675,2.7490638603921,0,28.7115597583326,18717,35,512.6953125,12.6608517806521,500.034460719348,512.6953125,0,1,1,0,18717,1,0,18717,28.7115597583326,18717,0
0.665,499.983685920902,0.0821428633478511,0.00410714316739255,2.61790845767309,52.3581691534617,2.8388594185682,0,500,498.046875,1.953125,2.8388594185682,2.82674309687631,-555.251155690123,0,2.8388594185682,0.236571618214017,2.8388594185682,0,28.7639217583142,18751,34,498.046875,-1.93681092090179,499.983685920902,498.046875,1,0,2,2,18751,0,0,18751,28.7639217583142,18751,0
0.666,499.925837301888,0.100119487958391,0.00500597439791956,2.61760556301223,52.3521112602446,2.83902508849329,0,500,498.046875,1.953125,2.83902508849329,2.8269087668014,-462.709296408436,0,2.83902508849329,0.236585424041108,2.83902508849329,0,28.8162761609477,18785,34,498.046875,-1.87896230188778,499.925837301888,498.046875,0,1,1,1,18785,0,0,18785,28.8162761609477,18785,0
0.667,499.922570958761,0.106821166084297,0.00534105830421484,2.61758846047961,52.3517692095922,2.83919075841839,0,500,498.046875,1.953125,2.83919075841839,2.82707443672649,-385.591080340363,0,2.83919075841839,0.236599229868199,2.83919075841839,0,28.8686278264079,18819,34,498.046875,-1.8756959587613,499.922570958761,498.046875,1,0,2,2,18819,0,0,18819,28.8686278264079,18819,0
0.668,499.939641702121,0.109322118736356,0.0054661059368178,2.61767784268283,52.3535568536566,2.83935642834348,0,500,498.046875,1.953125,2.83935642834348,2.82724010665158,-321.325900283636,0,2.83935642834348,0.23661303569529,2.83935642834348,0,28.9209803870904,18853,34,498.046875,-1.89276670212121,499.939641702121,498.046875,0,1,1,1,18853,0,0,18853,28.9209803870904,18853,0
0.669,499.964290737929,0.110257998036915,0.00551289990184574,2.61780690473252,52.3561380946503,2.83952209826857,0,500,498.046875,1.953125,2.83952209826857,2.82740577657668,-267.771583569697,0,2.83952209826857,0.236626841522381,2.83952209826857,0,28.9733351964565,18887,34,498.046875,-1.91741573792922,499.964290737929,498.046875,1,0,2,2,18887,0,0,18887,28.9733351964565,18887,0
0.67,499.991764487722,0.110610772502648,0.00553053862513242,2.61795075695004,52.3590151390009,2.83968776819366,0,500,498.046875,1.953125,2.83968776819366,2.82757144650177,-223.142986308081,0,2.83968776819366,0.236640647349472,2.83968776819366,0,29.0256927588997,18921,34,498.046875,-1.94488948772232,499.991764487722,498.046875,0,1,1,1,18921,0,0,18921,29.0256927588997,18921,0
0.671,500.020291887251,0.110746295515353,0.00553731477576763,2.61810012606469,52.3620025212938,2.83985343811875,0,500,498.046875,1.953125,2.83985343811875,2.82773711642686,-185.952488590067,0,2.83985343811875,0.236654453176563,2.83985343811875,0,29.0780532624737,18955,34,498.046875,-1.9734168872514,500.020291887251,498.046875,1,0,2,2,18955,0,0,18955,29.0780532624737,18955,0
0.672,500.049213071846,0.110800873608345,0.00554004368041724,2.61825155703311,52.3650311406623,2.74914669535465,0,500,512.6953125,-12.6953125,2.74914669535465,2.82790278635195,2286.44584284161,0,2.74914669535465,0.22909555794622,2.74914669535465,0,29.130416777371,18990,35,512.6953125,12.6460994281539,500.049213071846,512.6953125,1,1,3,3,18990,0,0,18990,29.130416777371,18990,0
0.673,499.998579539775,0.082162939564654,0.0041081469782327,2.61798644047915,52.359728809583,2.83894225353075,0,500,498.046875,1.953125,2.83894225353075,2.82682593183886,-536.034714298658,0,2.83894225353075,0.236578521127562,2.83894225353075,0,29.182780330848,19024,34,498.046875,-1.95170453977528,499.998579539775,498.046875,0,0,0,0,19024,0,0,19024,29.182780330848,19024,0
0.674,499.940780748715,0.100128352131855,0.00500641760659276,2.61768380671685,52.353676134337,2.83910792345584,0,500,498.046875,1.953125,2.83910792345584,2.82699160176395,-446.695595248881,0,2.83910792345584,0.236592326954653,2.83910792345584,0,29.2351362962069,19058,34,498.046875,-1.89390574871544,499.940780748715,498.046875,1,1,3,3,19058,0,0,19058,29.2351362962069,19058,0
0.675,499.937530204283,0.106825860312789,0.00534129301563944,2.617666786906,52.35333573812,2.83927359338093,0,500,498.046875,1.953125,2.83927359338093,2.82715727168904,-372.246329374068,0,2.83927359338093,0.236606132781744,2.83927359338093,0,29.2874895275395,19092,34,498.046875,-1.89065520428255,499.937530204283,498.046875,0,0,0,0,19092,0,0,19092,29.2874895275395,19092,0
0.676,499.954604105569,0.109325266604281,0.00546626333021405,2.61775618564408,52.3551237128816,2.83943926330602,0,500,498.046875,1.953125,2.83943926330602,2.82732294161413,-310.20527447839,0,2.83943926330602,0.236619938608835,2.83943926330602,0,29.3398436549794,19126,34,498.046875,-1.90772910556893,499.954604105569,498.046875,1,1,3,3,19126,0,0,19126,29.3398436549794,19126,0
0.677,499.979251626766,0.110260576918316,0.00551302884591578,2.61788523976329,52.3577047952657,2.83960493323112,0,500,498.046875,1.953125,2.83960493323112,2.82748861153922,-258.504395398658,0,2.83960493323112,0.236633744435926,2.83960493323112,0,29.3922000311486,19160,34,498.046875,-1.93237662676626,499.979251626766,498.046875,0,0,0,0,19160,0,0,19160,29.3922000311486,19160,0
0.678,500.006722157641,0.110613146442087,0.00553065732210436,2.6180290751266,52.360581502532,2.83977060315621,0,500,498.046875,1.953125,2.83977060315621,2.82765428146431,-215.420329498882,0,2.83977060315621,0.236647550263017,2.83977060315621,0,29.4445591601324,19194,34,498.046875,-1.95984715764143,500.006722157641,498.046875,1,1,3,3,19194,0,0,19194,29.4445591601324,19194,0
0.679,500.035245739326,0.110748600049717,0.00553743000248584,2.61817842425105,52.3635684850211,2.7490638603921,0,500,512.6953125,-12.6953125,2.7490638603921,2.82781995138941,2261.88930875093,0,2.7490638603921,0.229088655032675,2.7490638603921,0,29.4969212298728,19229,35,512.6953125,12.6600667606744,500.035245739326,512.6953125,0,1,1,0,19229,1,0,19229,29.4969212298728,19229,0
0.68,499.984460280075,0.0821408079700685,0.00410704039850342,2.61791251220823,52.3582502441647,2.8388594185682,0,500,498.046875,1.953125,2.8388594185682,2.82674309687631,-556.498492707557,0,2.8388594185682,0.236571618214017,2.8388594185682,0,29.549283311502,19263,34,498.046875,-1.93758528007453,499.984460280075,498.046875,1,0,2,2,19263,0,0,19263,29.549283311502,19263,0
0.681,499.926601145064,0.100117460497175,0.00500587302485875,2.61760956248575,52.352191249715,2.8390250884933,0,500,498.046875,1.953125,2.8390250884933,2.8269087668014,-463.748743922964,0,2.8390250884933,0.236585424041108,2.8390250884933,-4.44089209850063e-16,29.6016377946744,19297,34,498.046875,-1.87972614506447,499.926601145064,498.046875,0,1,1,1,19297,0,0,19297,29.6016377946744,19297,0
0.682,499.923324428764,0.106819166157985,0.00534095830789927,2.61759240563932,52.3518481127864,2.83919075841839,0,500,498.046875,1.953125,2.83919075841839,2.82707443672649,-386.45728660247,0,2.83919075841839,0.236599229868199,2.83919075841839,0,29.6539895395797,19331,34,498.046875,-1.87644942876403,499.923324428764,498.046875,1,0,2,2,19331,0,0,19331,29.6539895395797,19331,0
0.683,499.940384939825,0.109320145970069,0.00546600729850345,2.61768173426634,52.3536346853269,2.83935642834348,0,500,498.046875,1.953125,2.83935642834348,2.82724010665159,-322.047738835392,0,2.83935642834348,0.23661303569529,2.83935642834348,-4.44089209850063e-16,29.7063421786284,19365,34,498.046875,-1.89350993982481,499.940384939825,498.046875,0,1,1,1,19365,0,0,19365,29.7063421786284,19365,0
0.684,499.965023882293,0.110256052061457,0.00551280260307286,2.61781074346743,52.3562148693486,2.83952209826857,0,500,498.046875,1.953125,2.83952209826857,2.82740577657668,-268.37311569616,0,2.83952209826857,0.236626841522381,2.83952209826857,0,29.7586970652965,19399,34,498.046875,-1.91814888229322,499.965023882293,498.046875,1,0,2,2,19399,0,0,19399,29.7586970652965,19399,0
0.685,499.992487675815,0.110608852954065,0.00553044264770327,2.61795454355404,52.3590908710809,2.83968776819366,0,500,498.046875,1.953125,2.83968776819366,2.82757144650177,-223.644263080133,0,2.83968776819366,0.236640647349472,2.83968776819366,-4.44089209850063e-16,29.811054703992,19433,34,498.046875,-1.94561267581537,499.992487675815,498.046875,0,1,1,1,19433,0,0,19433,29.811054703992,19433,0
0.686,500.021005254283,0.110744402034712,0.00553722010173561,2.61810386124573,52.3620772249146,2.83985343811876,0,500,498.046875,1.953125,2.83985343811876,2.82773711642686,-186.370219233444,0,2.83985343811876,0.236654453176563,2.83985343811876,0,29.8634152827827,19467,34,498.046875,-1.97413025428295,500.021005254283,498.046875,1,0,2,2,19467,0,0,19467,29.8634152827827,19467,0
0.687,500.049916751188,0.11079900584162,0.00553995029208102,2.61825524148953,52.3651048297907,2.74914669535465,0,500,512.6953125,-12.6953125,2.74914669535465,2.82790278635195,2286.09773397213,0,2.74914669535465,0.229095557946221,2.74914669535465,0,29.9157788718753,19502,35,512.6953125,12.6453957488121,500.049916751188,512.6953125,1,1,3,3,19502,0,0,19502,29.9157788718753,19502,0
0.688,499.999273662989,0.0821610971626385,0.00410805485813193,2.6179900748998,52.359801497996,2.83894225353075,0,500,498.046875,1.953125,2.83894225353075,2.82682593183886,-536.324805023225,0,2.83894225353075,0.236578521127563,2.83894225353075,0,29.96814249854,19536,34,498.046875,-1.95239866298897,499.999273662989,498.046875,0,0,0,0,19536,0,0,19536,29.96814249854,19536,0
0.689,499.941465445575,0.100126534750087,0.00500632673750435,2.61768739178123,52.3537478356245,2.83910792345584,0,500,498.046875,1.953125,2.83910792345584,2.82699160176395,-446.937337519354,0,2.83910792345584,0.236592326954654,2.83910792345584,0,30.0204985360926,19570,34,498.046875,-1.89459044557543,499.941465445575,498.046875,1,1,3,3,19570,0,0,19570,30.0204985360926,19570,0
0.69,499.938205602801,0.106824067611486,0.0053412033805743,2.61767032328437,52.3534064656874,2.83927359338093,0,500,498.046875,1.953125,2.83927359338093,2.82715727168904,-372.447781266129,0,2.83927359338093,0.236606132781745,2.83927359338093,0,30.0728518386386,19604,34,498.046875,-1.89133060280113,499.938205602801,498.046875,0,0,0,0,19604,0,0,19604,30.0728518386386,19604,0
0.691,499.955270332021,0.109323498248275,0.00546617491241373,2.61775967399763,52.3551934799525,2.83943926330603,0,500,498.046875,1.953125,2.83943926330603,2.82732294161413,-310.373151055107,0,2.83943926330603,0.236619938608836,2.83943926330603,0,30.1252060363246,19638,34,498.046875,-1.90839533202097,499.955270332021,498.046875,1,1,3,3,19638,0,0,19638,30.1252060363246,19638,0
0.692,499.979908805709,0.110258832576991,0.00551294162884956,2.61788868074418,52.3577736148836,2.83960493323112,0,500,498.046875,1.953125,2.83960493323112,2.82748861153923,-258.644292545923,0,2.83960493323112,0.236633744435927,2.83960493323112,0,30.1775624817861,19672,34,498.046875,-1.93303380570876,499.979908805709,498.046875,0,0,0,0,19672,0,0,19672,30.1775624817861,19672,0
0.693,500.007370411941,0.110611425789322,0.00553057128946611,2.61803246937817,52.3606493875635,2.83977060315621,0,500,498.046875,1.953125,2.83977060315621,2.82765428146432,-215.536910454936,0,2.83977060315621,0.236647550263018,2.83977060315621,0,30.229921679121,19706,34,498.046875,-1.96049541194117,500.007370411941,498.046875,1,1,3,3,19706,0,0,19706,30.229921679121,19706,0
0.694,500.035885190183,0.110746902763814,0.00553734513819072,2.61818177240791,52.3636354481582,2.8399362730813,0,500,498.046875,1.953125,2.8399362730813,2.82781995138941,-179.61409204578,0,2.8399362730813,0.236661356090109,2.8399362730813,0,30.2822838162845,19740,34,498.046875,-1.98901019018251,500.035885190183,498.046875,0,0,0,0,19740,0,0,19740,30.2822838162845,19740,0
0.695,500.064793685461,0.110801484904039,0.00554007424520193,2.61833313693523,52.3666627387047,2.74922953031719,0,500,512.6953125,-12.6953125,2.74922953031719,2.8279856213145,2291.72783996185,0,2.74922953031719,0.229102460859766,2.74922953031719,0,30.334648963444,19775,35,512.6953125,12.6305188145389,500.064793685461,512.6953125,1,0,2,2,19775,0,0,19775,30.334648963444,19775,0
0.696,500.014147547194,0.0821635732800846,0.00410817866400423,2.61806795437538,52.3613590875076,2.8390250884933,0,500,498.046875,1.953125,2.8390250884933,2.82690876680141,-531.633050031791,0,2.8390250884933,0.236585424041108,2.8390250884933,0,30.387014147858,19809,34,498.046875,-1.96727254719372,500.014147547194,498.046875,0,1,1,1,19809,0,0,19809,30.387014147858,19809,0
0.697,499.956336287898,0.100129014828103,0.00500645074140516,2.61776525532955,52.3553051065909,2.83919075841839,0,500,498.046875,1.953125,2.83919075841839,2.8270744367265,-443.027541693159,0,2.83919075841839,0.236599229868199,2.83919075841839,0,30.4393717428406,19843,34,498.046875,-1.90946128789767,499.956336287898,498.046875,1,0,2,2,19843,0,0,19843,30.4393717428406,19843,0
0.698,499.953073432167,0.106826554154194,0.00534132770770968,2.61774817105689,52.3549634211378,2.83935642834348,0,500,498.046875,1.953125,2.83935642834348,2.82724010665159,-369.189618077633,0,2.83935642834348,0.23661303569529,2.83935642834348,0,30.4917266024995,19877,34,498.046875,-1.90619843216712,499.953073432167,498.046875,0,1,1,1,19877,0,0,19877,30.4917266024995,19877,0
0.699,499.970135184735,0.109325992120885,0.00546629960604423,2.61783750618443,52.3567501236886,2.83952209826857,0,500,498.046875,1.953125,2.83952209826857,2.82740577657668,-307.658015064694,0,2.83952209826857,0.236626841522381,2.83952209826857,0,30.5440823569849,19911,34,498.046875,-1.92326018473477,499.970135184735,498.046875,1,0,2,2,19911,0,0,19911,30.5440823569849,19911,0
0.7,499.994770720475,0.110261334035022,0.00551306670175112,2.61796649754793,52.3593299509586,2.83968776819367,0,500,498.046875,1.953125,2.83968776819367,2.82757144650177,-256.381679220578,0,2.83968776819367,0.236640647349472,2.83968776819367,0,30.596440358936,19945,34,498.046875,-1.94789572047523,499.994770720475,498.046875,0,1,1,1,19945,0,0,19945,30.596440358936,19945,0
0.701,500.022229428018,0.110613934862048,0.00553069674310242,2.61811027100442,52.3622054200884,2.83985343811876,0,500,498.046875,1.953125,2.83985343811876,2.82773711642686,-213.651399350482,0,2.83985343811876,0.236654453176563,2.83985343811876,0,30.6488011124549,19979,34,498.046875,-1.97535442801797,500.022229428018,498.046875,1,0,2,2,19979,0,0,19979,30.6488011124549,19979,0
0.702,500.050741346695,0.110749419397114,0.0055374709698557,2.61825955906151,52.3651911812302,2.74914669535465,0,500,512.6953125,-12.6953125,2.74914669535465,2.82790278635196,2263.36341720793,0,2.74914669535465,0.229095557946221,2.74914669535465,-4.44089209850063e-16,30.7011648055007,20014,35,512.6953125,12.6445711533049,500.050741346695,512.6953125,1,1,3,3,20014,0,0,20014,30.7011648055007,20014,0
0.703,499.999944382734,0.0821416578432605,0.00410708289216302,2.61799358678017,52.3598717356035,2.83894225353075,0,500,498.046875,1.953125,2.83894225353075,2.82682593183886,-555.27006899339,0,2.83894225353075,0.236578521127563,2.83894225353075,-4.44089209850063e-16,30.7535285092224,20048,34,498.046875,-1.9530693827345,499.999944382734,498.046875,0,0,0,0,20048,0,0,20048,30.7535285092224,20048,0
0.704,499.942073899219,0.100118340488457,0.00500591702442283,2.61769057763706,52.3538115527411,2.83910792345585,0,500,498.046875,1.953125,2.83910792345585,2.82699160176395,-462.725057494492,0,2.83910792345585,0.236592326954654,2.83910792345585,0,30.8058846132907,20082,34,498.046875,-1.89519889921939,499.942073899219,498.046875,1,1,3,3,20082,0,0,20082,30.8058846132907,20082,0
0.705,499.938785988516,0.106820075860894,0.00534100379304468,2.61767336217687,52.3534672435374,2.83927359338094,0,500,498.046875,1.953125,2.83927359338094,2.82715727168904,-385.604214578743,0,2.83927359338094,0.236606132781745,2.83927359338094,-4.44089209850063e-16,30.8582379779116,20116,34,498.046875,-1.89191098851614,499.938785988516,498.046875,0,0,0,0,20116,0,0,20116,30.8582379779116,20116,0
0.706,499.955835457192,0.109321084982064,0.00546605424910318,2.6177626329861,52.355252659722,2.83943926330603,0,500,498.046875,1.953125,2.83943926330603,2.82732294161414,-321.336845482286,0,2.83943926330603,0.236619938608836,2.83943926330603,0,30.9105922355115,20150,34,498.046875,-1.9089604571916,499.955835457192,498.046875,1,1,3,3,20150,0,0,20150,30.9105922355115,20150,0
0.707,499.980463507232,0.110257019984868,0.0055128509992434,2.61789158515456,52.3578317030913,2.83960493323112,0,500,498.046875,1.953125,2.83960493323112,2.82748861153923,-267.780704568572,0,2.83960493323112,0.236633744435927,2.83960493323112,-4.44089209850063e-16,30.9629487395823,20184,34,498.046875,-1.93358850723172,499.980463507232,498.046875,0,0,0,0,20184,0,0,20184,30.9629487395823,20184,0
0.708,500.007916556248,0.110609849396398,0.00553049246981991,2.61803532898308,52.3607065796615,2.83977060315621,0,500,498.046875,1.953125,2.83977060315621,2.82765428146432,-223.150587140477,0,2.83977060315621,0.236647550263018,2.83977060315621,0,31.0153079945476,20218,34,498.046875,-1.96104155624766,500.007916556248,498.046875,1,1,3,3,20218,0,0,20218,31.0153079945476,20218,0
0.709,500.03642353612,0.110745426608724,0.00553727133043623,2.61818459118065,52.363691823613,2.8399362730813,0,500,498.046875,1.953125,2.8399362730813,2.82781995138941,-185.958822617064,0,2.8399362730813,0.236661356090109,2.8399362730813,-4.44089209850063e-16,31.0676701884907,20252,34,498.046875,-1.98954853612048,500.03642353612,498.046875,0,0,0,0,20252,0,0,20252,31.0676701884907,20252,0
0.71,500.065324578363,0.110800058165294,0.00554000290826472,2.61833591668397,52.3667183336793,2.7492295303172,0,500,512.6953125,-12.6953125,2.7492295303172,2.8279856213145,2286.44056448578,0,2.7492295303172,0.229102460859766,2.7492295303172,0,31.1200353916333,20287,35,512.6953125,12.6299879216373,500.065324578363,512.6953125,1,0,2,2,20287,0,0,20287,31.1200353916333,20287,0
0.711,500.014671177477,0.0821621768591343,0.00410810884295672,2.61807069609713,52.3614139219426,2.8390250884933,0,500,498.046875,1.953125,2.8390250884933,2.82690876680141,-536.039112928516,0,2.8390250884933,0.236585424041108,2.8390250884933,0,31.1724006312607,20321,34,498.046875,-1.96779617747723,500.014671177477,498.046875,0,1,1,1,20321,0,0,20321,31.1724006312607,20321,0
0.712,499.956852787425,0.100127641447679,0.00500638207238394,2.61776795971475,52.355359194295,2.83919075841839,0,500,498.046875,1.953125,2.83919075841839,2.8270744367265,-446.699260773764,0,2.83919075841839,0.236599229868199,2.83919075841839,0,31.2247582807035,20355,34,498.046875,-1.90997778742548,499.956852787425,498.046875,1,0,2,2,20355,0,0,20355,31.2247582807035,20355,0
0.713,499.953582910159,0.106825200943495,0.00534126004717474,2.61775083867742,52.3550167735484,2.83935642834348,0,500,498.046875,1.953125,2.83935642834348,2.82724010665159,-372.249383978136,0,2.83935642834348,0.23661303569529,2.83935642834348,0,31.2771131940815,20389,34,498.046875,-1.90670791015924,499.953582910159,498.046875,0,1,1,1,20389,0,0,20389,31.2771131940815,20389,0
0.714,499.970637741158,0.109324657852999,0.00546623289264996,2.61784013756371,52.3568027512742,2.83952209826858,0,500,498.046875,1.953125,2.83952209826858,2.82740577657668,-310.20781998178,0,2.83952209826858,0.236626841522381,2.83952209826858,0,31.329469001556,20423,34,498.046875,-1.92376274115799,499.970637741158,498.046875,1,0,2,2,20423,0,0,20423,31.329469001556,20423,0
0.715,499.995266451046,0.110260018097641,0.00551300090488206,2.61796909318713,52.3593818637426,2.83968776819367,0,500,498.046875,1.953125,2.83968776819367,2.82757144650177,-258.506516651484,0,2.83968776819367,0.236640647349472,2.83968776819367,0,31.3818270557765,20457,34,498.046875,-1.94839145104612,499.995266451046,498.046875,0,1,1,1,20457,0,0,20457,31.3818270557765,20457,0
0.716,500.022718426074,0.110612636873952,0.0055306318436976,2.61811283139225,52.362256627845,2.83985343811876,0,500,498.046875,1.953125,2.83985343811876,2.82773711642687,-215.42209720957,0,2.83985343811876,0.236654453176563,2.83985343811876,0,31.4341878608548,20491,34,498.046875,-1.97584342607354,500.022718426074,498.046875,1,0,2,2,20491,0,0,20491,31.4341878608548,20491,0
0.717,500.051223703903,0.110748139065261,0.00553740695326304,2.61826208467795,52.365241693559,2.74914669535465,0,500,512.6953125,-12.6953125,2.74914669535465,2.82790278635196,2261.88783565869,0,2.74914669535465,0.229095557946221,2.74914669535465,0,31.48655160476,20526,35,512.6953125,12.6440887960967,500.051223703903,512.6953125,1,1,3,3,20526,0,0,20526,31.48655160476,20526,0
0.718,500.000420189369,0.0821403949095112,0.00410701974547556,2.61799607809788,52.3599215619577,2.83894225353076,0,500,498.046875,1.953125,2.83894225353076,2.82682593183886,-556.499720284423,0,2.83894225353076,0.236578521127563,2.83894225353076,0,31.5389153586503,20560,34,498.046875,-1.95354518936853,500.000420189369,498.046875,0,0,0,0,20560,0,0,20560,31.5389153586503,20560,0
0.719,499.94254324427,0.1001170947097,0.005005854735485,2.61769303512199,52.3538607024398,2.83910792345585,0,500,498.046875,1.953125,2.83910792345585,2.82699160176395,-463.749766903686,0,2.83910792345585,0.236592326954654,2.83910792345585,0,31.5912715122059,20594,34,498.046875,-1.89566824426953,499.94254324427,498.046875,1,1,3,3,20594,0,0,20594,31.5912715122059,20594,0
0.72,499.939248959745,0.106818847001614,0.00534094235008069,2.61767578628855,52.3535157257711,2.83927359338094,0,500,498.046875,1.953125,2.83927359338094,2.82715727168905,-386.458139086405,0,2.83927359338094,0.236606132781745,2.83927359338094,0,31.6436249256419,20628,34,498.046875,-1.89237395974476,499.939248959745,498.046875,0,0,0,0,20628,0,0,20628,31.6436249256419,20628,0
0.721,499.956292141163,0.109319872811539,0.00546599364057695,2.61776502417778,52.3553004835556,2.83943926330603,0,500,498.046875,1.953125,2.83943926330603,2.82732294161414,-322.048449238671,0,2.83943926330603,0.236619938608836,2.83943926330603,0,31.6959792313941,20662,34,498.046875,-1.90941714116263,499.956292141163,498.046875,1,1,3,3,20662,0,0,20662,31.6959792313941,20662,0
0.722,499.980913989327,0.110255824276109,0.00551279121380545,2.6178939438733,52.357878877466,2.83960493323112,0,500,498.046875,1.953125,2.83960493323112,2.82748861153923,-268.373707698892,0,2.83960493323112,0.236633744435927,2.83960493323112,0,31.7483357829633,20696,34,498.046875,-1.93403898932723,499.980913989327,498.046875,0,0,0,0,20696,0,0,20696,31.7483357829633,20696,0
0.723,500.008360920692,0.11060866992572,0.00553043349628598,2.61803765566987,52.3607531133974,2.83977060315621,0,500,498.046875,1.953125,2.83977060315621,2.82765428146432,-223.644756415744,0,2.83977060315621,0.236647550263018,2.83977060315621,0,31.800695084782,20730,34,498.046875,-1.96148592069238,500.008360920692,498.046875,1,1,3,3,20730,0,0,20730,31.800695084782,20730,0
0.724,500.036861865993,0.110744263155558,0.00553721315777791,2.61818688627049,52.3637377254099,2.83993627308131,0,500,498.046875,1.953125,2.83993627308131,2.82781995138941,-186.370630346453,0,2.83993627308131,0.236661356090109,2.83993627308131,0,31.853057324942,20764,34,498.046875,-1.98998686599253,500.036861865993,498.046875,0,0,0,0,20764,0,0,20764,31.853057324942,20764,0
0.725,500.065756955614,0.110798910512102,0.00553994552560512,2.61833818060596,52.3667636121192,2.7492295303172,0,500,512.6953125,-12.6953125,2.7492295303172,2.82798562131451,2286.09739137796,0,2.7492295303172,0.229102460859767,2.7492295303172,0,31.9054225736741,20799,35,512.6953125,12.629555544386,500.065756955614,512.6953125,1,0,2,2,20799,0,0,20799,31.9054225736741,20799,0
0.726,500.015097682946,0.0821610447913412,0.00410805223956706,2.61807292927454,52.3614585854909,2.8390250884933,0,500,498.046875,1.953125,2.8390250884933,2.82690876680141,-536.32509051837,0,2.8390250884933,0.236585424041109,2.8390250884933,0,31.9577878582718,20833,34,498.046875,-1.96822268294619,500.015097682946,498.046875,0,1,1,1,20833,0,0,20833,31.9577878582718,20833,0
0.727,499.957273500851,0.100126524753629,0.00500632623768144,2.6177701625651,52.3554032513019,2.83919075841839,0,500,498.046875,1.953125,2.83919075841839,2.8270744367265,-446.937575431975,0,2.83919075841839,0.2365992298682,2.83919075841839,-4.44089209850063e-16,32.0101455520741,20867,34,498.046875,-1.91039850085133,499.957273500851,498.046875,1,0,2,2,20867,0,0,20867,32.0101455520741,20867,0
0.728,499.953997910201,0.106824099414407,0.00534120497072033,2.61775301161256,52.3550602322511,2.83935642834349,0,500,498.046875,1.953125,2.83935642834349,2.82724010665159,-372.447979526646,0,2.83935642834349,0.236613035695291,2.83935642834349,0,32.0625005092093,20901,34,498.046875,-1.90712291020083,499.953997910201,498.046875,0,1,1,1,20901,0,0,20901,32.0625005092093,20901,0
0.729,499.971047105404,0.10932357128293,0.00546617856414649,2.61784228098989,52.3568456197978,2.83952209826858,0,500,498.046875,1.953125,2.83952209826858,2.82740577657668,-310.373316272205,0,2.83952209826858,0.236626841522382,2.83952209826858,-4.44089209850063e-16,32.1148563598466,20935,34,498.046875,-1.92417210540378,499.971047105404,498.046875,1,0,2,2,20935,0,0,20935,32.1148563598466,20935,0
0.73,499.995670256031,0.110258946283443,0.00551294731417216,2.61797120750508,52.3594241501017,2.83968776819367,0,500,498.046875,1.953125,2.83968776819367,2.82757144650178,-258.644430226838,0,2.83968776819367,0.236640647349472,2.83968776819367,0,32.1672144566438,20969,34,498.046875,-1.94879525603068,499.995670256031,498.046875,0,1,1,1,20969,0,0,20969,32.1672144566438,20969,0
0.731,500.023116747293,0.110611579615239,0.00553057898076193,2.61811491699728,52.3622983399455,2.83985343811876,0,500,498.046875,1.953125,2.83985343811876,2.82773711642687,-215.537025189031,0,2.83985343811876,0.236654453176563,2.83985343811876,-4.44089209850063e-16,32.2195753037207,21003,34,498.046875,-1.97624174729265,500.023116747293,498.046875,1,0,2,2,21003,0,0,21003,32.2195753037207,21003,0
0.732,500.051616615826,0.110747096164366,0.00553735480821832,2.61826414195997,52.3652828391993,2.74914669535465,0,500,512.6953125,-12.6953125,2.74914669535465,2.82790278635196,2261.79206234247,0,2.74914669535465,0.229095557946221,2.74914669535465,0,32.2719390890541,21038,35,512.6953125,12.6436958841736,500.051616615826,512.6953125,1,1,3,1,21038,1,0,21038,32.2719390890541,21038,0
0.733,500.000807765457,0.0821393661714548,0.00410696830857274,2.61799810744154,52.3599621488307,2.83894225353076,0,500,498.046875,1.953125,2.83894225353076,2.82682593183886,-556.579531381272,0,2.83894225353076,0.236578521127563,2.83894225353076,0,32.32430288381,21072,34,498.046875,-1.95393276545684,500.000807765457,498.046875,0,0,0,0,21072,0,0,21072,32.32430288381,21072,0
0.734,499.942925556986,0.100116079942144,0.00500580399710722,2.61769503690669,52.3539007381338,2.83910792345585,0,500,498.046875,1.953125,2.83910792345585,2.82699160176396,-463.81627615106,0,2.83910792345585,0.236592326954654,2.83910792345585,0,32.3766590776763,21106,34,498.046875,-1.89605055698576,499.942925556986,498.046875,1,1,3,3,21106,0,0,21106,32.3766590776763,21106,0
0.735,499.939626080566,0.106817846014836,0.00534089230074182,2.61767776088856,52.3535552177711,2.83927359338094,0,500,498.046875,1.953125,2.83927359338094,2.82715727168905,-386.513563459216,0,2.83927359338094,0.236606132781745,2.83927359338094,0,32.4290125308756,21140,34,498.046875,-1.89275108056603,499.939626080566,498.046875,0,0,0,0,21140,0,0,21140,32.4290125308756,21140,0
0.736,499.956664140596,0.109318885418393,0.00546594427091963,2.61776697196226,52.3553394392452,2.83943926330603,0,500,498.046875,1.953125,2.83943926330603,2.82732294161414,-322.094636216014,0,2.83943926330603,0.236619938608836,2.83943926330603,0,32.4813668758511,21174,34,498.046875,-1.90978914059633,499.956664140596,498.046875,1,1,3,3,21174,0,0,21174,32.4813668758511,21174,0
0.737,499.981280936922,0.110254850291989,0.00551274251459946,2.61789586520642,52.3579173041283,2.83960493323113,0,500,498.046875,1.953125,2.83960493323113,2.82748861153923,-268.412196846678,0,2.83960493323113,0.236633744435927,2.83960493323113,0,32.5337234661108,21208,34,498.046875,-1.93440593692247,499.981280936922,498.046875,0,0,0,0,21208,0,0,21208,32.5337234661108,21208,0
0.738,500.008722885054,0.11060770916853,0.00553038545842649,2.61803955091083,52.3607910182166,2.83977060315622,0,500,498.046875,1.953125,2.83977060315622,2.82765428146432,-223.676830705565,0,2.83977060315622,0.236647550263018,2.83977060315622,0,32.5860828060945,21242,34,498.046875,-1.96184788505354,500.008722885054,498.046875,1,1,3,3,21242,0,0,21242,32.5860828060945,21242,0
0.739,500.037218914796,0.110743315445672,0.0055371657722836,2.61818875577366,52.3637751154731,2.83993627308131,0,500,498.046875,1.953125,2.83993627308131,2.82781995138942,-186.397358921304,0,2.83993627308131,0.236661356090109,2.83993627308131,0,32.6384450839014,21276,34,498.046875,-1.99034391479557,500.037218914796,498.046875,0,0,0,0,21276,0,0,21276,32.6384450839014,21276,0
0.74,500.066109155612,0.110797975672335,0.00553989878361674,2.61834002472084,52.3668004944167,2.7492295303172,0,500,512.6953125,-12.6953125,2.7492295303172,2.82798562131451,2286.07511756558,0,2.7492295303172,0.229102460859767,2.7492295303172,0,32.6908103697691,21311,35,512.6953125,12.6292033443881,500.066109155612,512.6953125,1,0,2,2,21311,0,0,21311,32.6908103697691,21311,0
0.741,500.015445099987,0.0821601226469129,0.00410800613234564,2.61807474834591,52.3614949669183,2.83902508849331,0,500,498.046875,1.953125,2.83902508849331,2.82690876680141,-536.343652028684,0,2.83902508849331,0.236585424041109,2.83902508849331,0,32.743175690998,21345,34,498.046875,-1.96857009998661,500.015445099987,498.046875,0,1,1,1,21345,0,0,21345,32.743175690998,21345,0
0.742,499.957616199889,0.100125615132134,0.00500628075660672,2.61777195693306,52.3554391386612,2.8391907584184,0,500,498.046875,1.953125,2.8391907584184,2.8270744367265,-446.953043357236,0,2.8391907584184,0.2365992298682,2.8391907584184,0,32.7955334209342,21379,34,498.046875,-1.91074119988923,499.957616199889,498.046875,1,0,2,2,21379,0,0,21379,32.7955334209342,21379,0
0.743,499.954335955306,0.106823202145781,0.00534116010728907,2.61775478161259,52.3550956322518,2.83935642834349,0,500,498.046875,1.953125,2.83935642834349,2.8272401066516,-372.460869464364,0,2.83935642834349,0.236613035695291,2.83935642834349,0,32.8478884137126,21413,34,498.046875,-1.90746095530619,499.954335955306,498.046875,0,1,1,1,21413,0,0,21413,32.8478884137126,21413,0
0.744,499.971380559779,0.10932268619942,0.00546613430997098,2.61784402695291,52.3568805390583,2.83952209826858,0,500,498.046875,1.953125,2.83952209826858,2.82740577657669,-310.38405788697,0,2.83952209826858,0.236626841522382,2.83952209826858,0,32.9002442995091,21447,34,498.046875,-1.92450555977882,499.971380559779,498.046875,1,0,2,2,21447,0,0,21447,32.9002442995091,21447,0
0.745,499.995999182017,0.110258073219573,0.00551290366097863,2.61797292975752,52.3594585951505,2.83968776819367,0,500,498.046875,1.953125,2.83968776819367,2.82757144650178,-258.653381572475,0,2.83968776819367,0.236640647349473,2.83968776819367,0,32.952602430988,21481,34,498.046875,-1.9491241820175,499.995999182017,498.046875,0,1,1,1,21481,0,0,21481,32.952602430988,21481,0
0.746,500.023441206389,0.110610718407777,0.00553053592038886,2.61811661586113,52.3623323172227,2.83985343811876,0,500,498.046875,1.953125,2.83985343811876,2.82773711642687,-215.544484643729,0,2.83985343811876,0.236654453176564,2.83985343811876,0,33.0049633122755,21515,34,498.046875,-1.97656620638941,500.023441206389,498.046875,1,0,2,2,21515,0,0,21515,33.0049633122755,21515,0
0.747,500.051936668696,0.110746246652298,0.00553731233261492,2.61826581775287,52.3653163550574,2.74914669535466,0,500,512.6953125,-12.6953125,2.74914669535466,2.82790278635196,2261.78584613023,0,2.74914669535466,0.229095557946221,2.74914669535466,0,33.057327131355,21550,35,512.6953125,12.6433758313042,500.051936668696,512.6953125,1,1,3,1,21550,1,0,21550,33.057327131355,21550,0
0.748,500.001123471933,0.0821385281959547,0.00410692640979773,2.61799976047678,52.3599952095356,2.83894225353076,0,500,498.046875,1.953125,2.83894225353076,2.82682593183887,-556.584711558145,0,2.83894225353076,0.236578521127563,2.83894225353076,0,33.1096909593985,21584,34,498.046875,-1.95424847193311,500.001123471933,498.046875,0,0,0,0,21584,0,0,21584,33.1096909593985,21584,0
0.749,499.943236976095,0.100115253346546,0.00500576266732731,2.61769666749333,52.3539333498667,2.83910792345585,0,500,498.046875,1.953125,2.83910792345585,2.82699160176396,-463.820592965121,0,2.83910792345585,0.236592326954654,2.83910792345585,-4.44089209850063e-16,33.1620471861005,21618,34,498.046875,-1.89636197609468,499.943236976095,498.046875,1,1,3,3,21618,0,0,21618,33.1620471861005,21618,0
0.75,499.939933270532,0.106817030644596,0.00534085153222982,2.61767936933146,52.3535873866292,2.83927359338094,0,500,498.046875,1.953125,2.83927359338094,2.82715727168905,-386.517160804267,0,2.83927359338094,0.236606132781745,2.83927359338094,0,33.2144006716896,21652,34,498.046875,-1.89305827053198,499.939933270532,498.046875,0,0,0,0,21652,0,0,21652,33.2144006716896,21652,0
0.751,499.956967158851,0.10931808112107,0.00546590405605351,2.61776855856213,52.3553711712427,2.83943926330604,0,500,498.046875,1.953125,2.83943926330604,2.82732294161414,-322.097634003556,0,2.83943926330604,0.236619938608836,2.83943926330604,-4.44089209850063e-16,33.266755048615,21686,34,498.046875,-1.91009215885117,499.956967158851,498.046875,1,1,3,3,21686,0,0,21686,33.266755048615,21686,0
0.752,499.981579840121,0.110254056917209,0.00551270284586045,2.6178974302599,52.357948605198,2.83960493323113,0,500,498.046875,1.953125,2.83960493323113,2.82748861153923,-268.414695002964,0,2.83960493323113,0.236633744435927,2.83960493323113,0,33.3191116703908,21720,34,498.046875,-1.93470484012056,499.981579840121,498.046875,0,0,0,0,21720,0,0,21720,33.3191116703908,21720,0
0.753,500.009017729078,0.11060692656796,0.00553034632839799,2.61804109471053,52.3608218942107,2.83977060315622,0,500,498.046875,1.953125,2.83977060315622,2.82765428146433,-223.67891250247,0,2.83977060315622,0.236647550263018,2.83977060315622,-4.44089209850063e-16,33.3714710414626,21754,34,498.046875,-1.96214272907798,500.009017729078,498.046875,1,1,3,3,21754,0,0,21754,33.3714710414626,21754,0
0.754,500.037509754769,0.110742543472999,0.00553712717364996,2.6181902786082,52.3638055721639,2.83993627308131,0,500,498.046875,1.953125,2.83993627308131,2.82781995138942,-186.399093752058,0,2.83993627308131,0.236661356090109,2.83993627308131,0,33.4238333499355,21788,34,498.046875,-1.99063475476925,500.037509754769,498.046875,0,0,0,0,21788,0,0,21788,33.4238333499355,21788,0
0.755,500.066396045912,0.110797214183229,0.00553986070916145,2.61834152687493,52.3668305374987,2.7492295303172,0,500,512.6953125,-12.6953125,2.7492295303172,2.82798562131451,2286.07367187329,0,2.7492295303172,0.229102460859767,2.7492295303172,0,33.4761986660526,21823,35,512.6953125,12.6289164540884,500.066396045912,512.6953125,1,0,2,2,21823,0,0,21823,33.4761986660526,21823,0
0.756,500.015728094249,0.0821593714990061,0.0041079685749503,2.61807623010041,52.3615246020082,2.83902508849331,0,500,498.046875,1.953125,2.83902508849331,2.82690876680141,-536.344856772262,0,2.83902508849331,0.236585424041109,2.83902508849331,0,33.52856401712,21857,34,498.046875,-1.96885309424931,500.015728094249,498.046875,0,1,1,1,21857,0,0,21857,33.52856401712,21857,0
0.757,499.957895351024,0.100124874184991,0.00500624370924953,2.61777341856498,52.3554683712997,2.8391907584184,0,500,498.046875,1.953125,2.8391907584184,2.82707443672651,-446.954047310219,0,2.8391907584184,0.2365992298682,2.8391907584184,0,33.5809217764896,21891,34,498.046875,-1.91102035102352,499.957895351024,498.046875,1,0,2,2,21891,0,0,21891,33.5809217764896,21891,0
0.758,499.954611315503,0.106822471260873,0.00534112356304365,2.61775622339521,52.3551244679041,2.83935642834349,0,500,498.046875,1.953125,2.83935642834349,2.8272401066516,-372.461706091849,0,2.83935642834349,0.236613035695291,2.83935642834349,0,33.6332767983014,21925,34,498.046875,-1.90773631550297,499.954611315503,498.046875,0,1,1,1,21925,0,0,21925,33.6332767983014,21925,0
0.759,499.971652180521,0.109321965240097,0.00546609826200487,2.61784544915579,52.3569089831158,2.83952209826858,0,500,498.046875,1.953125,2.83952209826858,2.82740577657669,-310.384755076541,0,2.83952209826858,0.236626841522382,2.83952209826858,0,33.6856327127374,21959,34,498.046875,-1.92477718052066,499.971652180521,498.046875,1,0,2,2,21959,0,0,21959,33.6856327127374,21959,0
0.76,499.996267114088,0.110257362051043,0.00551286810255217,2.61797433264657,52.3594866529313,2.83968776819367,0,500,498.046875,1.953125,2.83968776819367,2.82757144650178,-258.653962563784,0,2.83968776819367,0.236640647349473,2.83968776819367,0,33.7379908724667,21993,34,498.046875,-1.94939211408814,499.996267114088,498.046875,0,1,1,1,21993,0,0,21993,33.7379908724667,21993,0
0.761,500.023705499881,0.11061001689708,0.00553050084485399,2.61811799969862,52.3623599939724,2.83985343811877,0,500,498.046875,1.953125,2.83985343811877,2.82773711642687,-215.544968803153,0,2.83985343811877,0.236654453176564,2.83985343811877,0,33.7903517816211,22027,34,498.046875,-1.97683049988098,500.023705499881,498.046875,1,0,2,2,22027,0,0,22027,33.7903517816211,22027,0
0.762,500.052197373022,0.110745554668277,0.00553727773341384,2.61826718279753,52.3653436559506,2.74914669535466,0,500,512.6953125,-12.6953125,2.74914669535466,2.82790278635196,2261.78544266404,0,2.74914669535466,0.229095557946222,2.74914669535466,0,33.8427156281889,22062,35,512.6953125,12.6431151269784,500.052197373022,512.6953125,1,1,3,1,22062,1,0,22062,33.8427156281889,22062,0
0.763,500.001380635834,0.0821378456092348,0.00410689228046174,2.61800110698382,52.3600221396764,2.83894225353076,0,500,498.046875,1.953125,2.83894225353076,2.82682593183887,-556.585047779968,0,2.83894225353076,0.236578521127564,2.83894225353076,0,33.8950794833477,22096,34,498.046875,-1.95450563583421,500.001380635834,498.046875,0,0,0,0,22096,0,0,22096,33.8950794833477,22096,0
0.764,499.943490647651,0.100114580029511,0.00500572900147556,2.6176979957145,52.3539599142899,2.83910792345585,0,500,498.046875,1.953125,2.83910792345585,2.82699160176396,-463.820873149973,0,2.83910792345585,0.236592326954655,2.83910792345585,0,33.9474357367966,22130,34,498.046875,-1.89661564765083,499.943490647651,498.046875,1,1,3,3,22130,0,0,22130,33.9474357367966,22130,0
0.765,499.940183497169,0.106816366471362,0.00534081832356812,2.61768067951507,52.3536135903013,2.83927359338095,0,500,498.046875,1.953125,2.83927359338095,2.82715727168905,-386.517394291644,0,2.83927359338095,0.236606132781745,2.83927359338095,0,33.9997892487693,22164,34,498.046875,-1.89330849716936,499.940183497169,498.046875,0,0,0,0,22164,0,0,22164,33.9997892487693,22164,0
0.766,499.957213987354,0.109317425967461,0.00546587129837306,2.61776985095315,52.355397019063,2.83943926330604,0,500,498.046875,1.953125,2.83943926330604,2.82732294161414,-322.09782857637,0,2.83943926330604,0.236619938608836,2.83943926330604,0,34.0521436517201,22198,34,498.046875,-1.91033898735395,499.957213987354,498.046875,1,1,3,3,22198,0,0,22198,34.0521436517201,22198,0
0.767,499.981823316636,0.110253410660737,0.00551267053303685,2.61789870509995,52.3579741019991,2.83960493323113,0,500,498.046875,1.953125,2.83960493323113,2.82748861153924,-268.414857146975,0,2.83960493323113,0.236633744435927,2.83960493323113,0,34.1045002991678,22232,34,498.046875,-1.93494831663554,499.981823316636,498.046875,0,0,0,0,22232,0,0,22232,34.1045002991678,22232,0
0.768,500.009257899126,0.110606289087799,0.00553031445438995,2.61804235223796,52.3608470447593,2.83977060315622,0,500,498.046875,1.953125,2.83977060315622,2.82765428146433,-223.679047622479,0,2.83977060315622,0.236647550263018,2.83977060315622,0,34.1568596955628,22266,34,498.046875,-1.96238289912577,500.009257899126,498.046875,1,1,3,3,22266,0,0,22266,34.1568596955628,22266,0
0.769,500.037746663252,0.110741914649966,0.00553709573249829,2.61819151905811,52.3638303811622,2.83993627308131,0,500,498.046875,1.953125,2.83993627308131,2.82781995138942,-186.399206352066,0,2.83993627308131,0.236661356090109,2.83993627308131,0,34.2092220290151,22300,34,498.046875,-1.99087166325222,500.037746663252,498.046875,0,0,0,0,22300,0,0,22300,34.2092220290151,22300,0
0.77,500.066629737123,0.110796593899757,0.00553982969498784,2.61834275047925,52.3668550095851,2.74922953031721,0,500,512.6953125,-12.6953125,2.74922953031721,2.82798562131451,2286.07357803995,0,2.74922953031721,0.229102460859767,2.7492295303172,-4.44089209850063e-16,34.2615873697723,22335,35,512.6953125,12.6286827628773,500.066629737123,512.6953125,1,0,2,2,22335,0,0,22335,34.2615873697723,22335,0
0.771,500.01595861188,0.0821587596391262,0.00410793798195631,2.6180774370879,52.361548741758,2.83902508849331,0,500,498.046875,1.953125,2.83902508849331,2.82690876680142,-536.344934966712,0,2.83902508849331,0.236585424041109,2.83902508849331,-4.44089209850063e-16,34.3139527451455,22369,34,498.046875,-1.96908361187974,500.01595861188,498.046875,0,1,1,1,22369,0,0,22369,34.3139527451455,22369,0
0.772,499.958122738172,0.100124270634309,0.00500621353171543,2.61777460916131,52.3554921832262,2.8391907584184,0,500,498.046875,1.953125,2.8391907584184,2.82707443672651,-446.95411247226,0,2.8391907584184,0.2365992298682,2.8391907584184,0,34.3663105284904,22403,34,498.046875,-1.91124773817211,499.958122738172,498.046875,1,0,2,2,22403,0,0,22403,34.3663105284904,22403,0
0.773,499.954835614683,0.106821875906547,0.00534109379532735,2.61775739782297,52.3551479564594,2.83935642834349,0,500,498.046875,1.953125,2.83935642834349,2.8272401066516,-372.46176039355,0,2.83935642834349,0.236613035695291,2.83935642834349,-4.44089209850063e-16,34.4186655739523,22437,34,498.046875,-1.90796061468313,499.954835614683,498.046875,0,1,1,1,22437,0,0,22437,34.4186655739523,22437,0
0.774,499.971873433666,0.109321377970818,0.00546606889854092,2.61784660763455,52.356932152691,2.83952209826858,0,500,498.046875,1.953125,2.83952209826858,2.82740577657669,-310.384800327959,0,2.83952209826858,0.236626841522382,2.83952209826858,0,34.4710215117169,22471,34,498.046875,-1.92499843366556,499.971873433666,498.046875,1,0,2,2,22471,0,0,22471,34.4710215117169,22471,0
0.775,499.996485362564,0.110256782757018,0.00551283913785092,2.61797547539291,52.3595095078582,2.83968776819368,0,500,498.046875,1.953125,2.83968776819368,2.82757144650178,-258.654000273299,0,2.83968776819368,0.236640647349473,2.83968776819368,-4.44089209850063e-16,34.5233796944581,22505,34,498.046875,-1.94961036256359,499.996485362564,498.046875,0,1,1,1,22505,0,0,22505,34.5233796944581,22505,0
0.776,500.023920784492,0.110609445470002,0.00553047227350008,2.61811912692621,52.3623825385241,2.83985343811877,0,500,498.046875,1.953125,2.83985343811877,2.82773711642688,-215.545000227749,0,2.83985343811877,0.236654453176564,2.83985343811877,0,34.5757406263119,22539,34,498.046875,-1.97704578449168,500.023920784492,498.046875,1,0,2,2,22539,0,0,22539,34.5757406263119,22539,0
0.777,500.052409734017,0.110744991001312,0.00553724955006558,2.6182682947171,52.365365894342,2.74914669535466,0,500,512.6953125,-12.6953125,2.74914669535466,2.82790278635197,2261.78541647688,0,2.74914669535466,0.229095557946222,2.74914669535466,0,34.6281044952707,22574,35,512.6953125,12.6429027659834,500.052409734017,512.6953125,1,1,3,1,22574,1,0,22574,34.6281044952707,22574,0
0.778,500.001590112919,0.0821372895969979,0.0041068644798499,2.61800220380327,52.3600440760653,2.83894225353076,0,500,498.046875,1.953125,2.83894225353076,2.82682593183887,-556.585069602603,0,2.83894225353076,0.236578521127564,2.83894225353076,0,34.6804683725164,22608,34,498.046875,-1.95471511291851,500.001590112919,498.046875,0,0,0,0,22608,0,0,22608,34.6804683725164,22608,0
0.779,499.943697279988,0.100114031568048,0.00500570157840239,2.61769907763889,52.3539815527777,2.83910792345586,0,500,498.046875,1.953125,2.83910792345586,2.82699160176396,-463.820891335503,0,2.83910792345586,0.236592326954655,2.83910792345586,0,34.7328246477524,22642,34,498.046875,-1.89682227998838,499.943697279988,498.046875,1,1,3,3,22642,0,0,22642,34.7328246477524,22642,0
0.78,499.940387323394,0.10681582545813,0.00534079127290651,2.61768174674668,52.3536349349336,2.83927359338095,0,500,498.046875,1.953125,2.83927359338095,2.82715727168905,-386.517409446252,0,2.83927359338095,0.236606132781746,2.83927359338095,0,34.7851781812165,22676,34,498.046875,-1.89351232339351,499.940387323394,498.046875,0,0,0,0,22676,0,0,22676,34.7851781812165,22676,0
0.781,499.95741504557,0.109316892301313,0.00546584461506565,2.61777090369151,52.3554180738302,2.83943926330604,0,500,498.046875,1.953125,2.83943926330604,2.82732294161415,-322.09784120521,0,2.83943926330604,0.236619938608837,2.83943926330604,0,34.8375326053666,22710,34,498.046875,-1.91054004556963,499.95741504557,498.046875,1,1,3,3,22710,0,0,22710,34.8375326053666,22710,0
0.782,499.982021644434,0.1102528842419,0.00551264421209498,2.61789974354188,52.3579948708376,2.83960493323113,0,500,498.046875,1.953125,2.83960493323113,2.82748861153924,-268.414867671009,0,2.83960493323113,0.236633744435928,2.83960493323113,0,34.8898892737259,22744,34,498.046875,-1.93514664443393,499.982021644434,498.046875,0,0,0,0,22744,0,0,22744,34.8898892737259,22744,0
0.783,500.009453533586,0.110605769817852,0.00553028849089259,2.6180433765776,52.3608675315521,2.83977060315622,0,500,498.046875,1.953125,2.83977060315622,2.82765428146433,-223.679056392507,0,2.83977060315622,0.236647550263019,2.83977060315622,0,34.9422486907486,22778,34,498.046875,-1.96257853358634,500.009453533586,498.046875,1,1,3,3,22778,0,0,22778,34.9422486907486,22778,0
0.784,500.037939640953,0.110741402431824,0.00553707012159122,2.61819252948699,52.3638505897398,2.83993627308132,0,500,498.046875,1.953125,2.83993627308132,2.82781995138942,-186.399213660423,0,2.83993627308132,0.23666135609011,2.83993627308132,0,34.9946110445481,22812,34,498.046875,-1.99106464095303,500.037939640953,498.046875,0,0,0,0,22812,0,0,22812,34.9946110445481,22812,0
0.785,500.066820094142,0.110796088637656,0.00553980443188278,2.61834374718627,52.3668749437255,2.74922953031721,0,500,512.6953125,-12.6953125,2.74922953031721,2.82798562131451,2286.07357194965,0,2.74922953031721,0.229102460859767,2.74922953031721,0,35.0469764053763,22847,35,512.6953125,12.6284924058583,500.066820094142,512.6953125,1,0,2,2,22847,0,0,22847,35.0469764053763,22847,0
0.786,500.016146383807,0.0821582612386004,0.00410791306193002,2.61807842025941,52.3615684051882,2.83902508849331,0,500,498.046875,1.953125,2.83902508849331,2.82690876680142,-536.34494004196,0,2.83902508849331,0.236585424041109,2.83902508849331,0,35.0993418005478,22881,34,498.046875,-1.96927138380681,500.016146383807,498.046875,0,1,1,1,22881,0,0,22881,35.0993418005478,22881,0
0.787,499.958307960114,0.100123779002176,0.00500618895010881,2.61777557898113,52.3555115796226,2.8391907584184,0,500,498.046875,1.953125,2.8391907584184,2.82707443672651,-446.954116701633,0,2.8391907584184,0.2365992298682,2.8391907584184,0,35.1516996034224,22915,34,498.046875,-1.91143296011398,499.958307960114,498.046875,1,0,2,2,22915,0,0,22915,35.1516996034224,22915,0
0.788,499.955018321267,0.106821390950891,0.00534106954754457,2.61775835447241,52.3551670894481,2.8393564283435,0,500,498.046875,1.953125,2.8393564283435,2.8272401066516,-372.461763918028,0,2.8393564283435,0.236613035695291,2.8393564283435,0,35.2040546681487,22949,34,498.046875,-1.90814332126718,499.955018321267,498.046875,0,1,1,1,22949,0,0,22949,35.2040546681487,22949,0
0.789,499.972053659052,0.109320899600975,0.00546604498004874,2.61784755129246,52.3569510258493,2.83952209826859,0,500,498.046875,1.953125,2.83952209826859,2.82740577657669,-310.384803265023,0,2.83952209826859,0.236626841522382,2.83952209826859,0,35.2564106249161,22983,34,498.046875,-1.92517865905177,499.972053659052,498.046875,1,0,2,2,22983,0,0,22983,35.2564106249161,22983,0
0.79,499.996663140449,0.110256310883546,0.00551281554417728,2.61797640623574,52.3595281247148,2.83968776819368,0,500,498.046875,1.953125,2.83968776819368,2.82757144650179,-258.654002720853,0,2.83968776819368,0.236640647349473,2.83968776819368,0,35.3087688264022,23017,34,498.046875,-1.9497881404489,499.996663140449,498.046875,0,1,1,1,23017,0,0,23017,35.3087688264022,23017,0
0.791,500.024096148112,0.110608980004679,0.00553044900023393,2.61812004512798,52.3624009025595,2.83985343811877,0,500,498.046875,1.953125,2.83985343811877,2.82773711642688,-215.545002267377,0,2.83985343811877,0.236654453176564,2.83985343811877,0,35.3611297767461,23051,34,498.046875,-1.97722114811216,500.024096148112,498.046875,1,0,2,2,23051,0,0,23051,35.3611297767461,23051,0
0.792,500.052582716158,0.110744531857115,0.00553722659285575,2.61826920044948,52.3653840089895,2.74914669535466,0,500,512.6953125,-12.6953125,2.74914669535466,2.82790278635197,2261.78541477719,0,2.74914669535466,0.229095557946222,2.74914669535466,-4.44089209850063e-16,35.4134936639442,23086,35,512.6953125,12.6427297838417,500.052582716158,512.6953125,1,1,3,1,23086,1,0,23086,35.4134936639442,23086,0
0.793,500.001760745922,0.0821368366880857,0.00410684183440429,2.61800309723558,52.3600619447117,2.83894225353077,0,500,498.046875,1.953125,2.83894225353077,2.82682593183887,-556.585071019012,0,2.83894225353077,0.236578521127564,2.83894225353077,-4.44089209850063e-16,35.4658575591812,23120,34,498.046875,-1.95488574592213,500.001760745922,498.046875,0,0,0,0,23120,0,0,23120,35.4658575591812,23120,0
0.794,499.943865595757,0.100113584809744,0.00500567924048718,2.61769995893819,52.3539991787637,2.83910792345586,0,500,498.046875,1.953125,2.83910792345586,2.82699160176397,-463.820892515843,0,2.83910792345586,0.236592326954655,2.83910792345586,0,35.5182138521642,23154,34,498.046875,-1.89699059575651,499.943865595757,498.046875,1,1,3,3,23154,0,0,23154,35.5182138521642,23154,0
0.795,499.940553353394,0.106815384766907,0.00534076923834537,2.61768261607773,52.3536523215546,2.83927359338095,0,500,498.046875,1.953125,2.83927359338095,2.82715727168906,-386.51741042987,0,2.83927359338095,0.236606132781746,2.83927359338095,-4.44089209850063e-16,35.5705674031341,23188,34,498.046875,-1.89367835339414,499.940553353394,498.046875,0,0,0,0,23188,0,0,23188,35.5705674031341,23188,0
0.796,499.957578820845,0.109316457594779,0.00546582287973897,2.61777176121684,52.3554352243369,2.83943926330604,0,500,498.046875,1.953125,2.83943926330604,2.82732294161415,-322.097842024891,0,2.83943926330604,0.236619938608837,2.83943926330604,0,35.6229218445525,23222,34,498.046875,-1.91070382084507,499.957578820845,498.046875,1,1,3,3,23222,0,0,23222,35.6229218445525,23222,0
0.797,499.982183195603,0.110252455438781,0.00551262277193905,2.61790058942182,52.3580117884364,2.83960493323113,0,500,498.046875,1.953125,2.83960493323113,2.82748861153924,-268.414868354076,0,2.83960493323113,0.236633744435928,2.83960493323113,-4.44089209850063e-16,35.6752785299455,23256,34,498.046875,-1.93530819560272,499.982183195603,498.046875,0,0,0,0,23256,0,0,23256,35.6752785299455,23256,0
0.798,500.009612890853,0.11060534683798,0.00553026734189898,2.6180442109703,52.360884219406,2.83977060315623,0,500,498.046875,1.953125,2.83977060315623,2.82765428146433,-223.67905696173,0,2.83977060315623,0.236647550263019,2.83977060315623,0,35.7276379637705,23290,34,498.046875,-1.96273789085308,500.009612890853,498.046875,1,1,3,3,23290,0,0,23290,35.7276379637705,23290,0
0.799,500.03809683411,0.110740985196118,0.00553704925980588,2.61819335254844,52.3638670509687,2.83993627308132,0,500,498.046875,1.953125,2.83993627308132,2.82781995138942,-186.399214134775,0,2.83993627308132,0.23666135609011,2.83993627308132,-4.44089209850063e-16,35.7800003341444,23324,34,498.046875,-1.99122183411021,500.03809683411,498.046875,0,0,0,0,23324,0,0,23324,35.7800003341444,23324,0
0.8,500.066975152579,0.110795677068107,0.00553978385340537,2.61834455907035,52.3668911814071,2.74922953031721,0,500,512.6953125,-12.6953125,2.74922953031721,2.82798562131452,2286.07357155435,0,2.74922953031721,0.229102460859767,2.74922953031721,0,35.8323657113219,23359,35,512.6953125,12.6283373474208,500.066975152579,512.6953125,1,0,2,2,23359,0,0,23359,35.8323657113219,23359,0
0.801,500.016299336516,0.0821578552582618,0.00410789276291309,2.61807922111792,52.3615844223584,2.83902508849331,0,500,498.046875,1.953125,2.83902508849331,2.82690876680142,-536.344940371371,0,2.83902508849331,0.236585424041109,2.83902508849331,0,35.8847311226205,23393,34,498.046875,-1.96942433651571,500.016299336516,498.046875,0,1,1,1,23393,0,0,23393,35.8847311226205,23393,0
0.802,499.958458835689,0.100123378535144,0.00500616892675722,2.61777636896379,52.3555273792758,2.83919075841841,0,500,498.046875,1.953125,2.83919075841841,2.82707443672651,-446.954116976143,0,2.83919075841841,0.2365992298682,2.83919075841841,0,35.9370889414034,23427,34,498.046875,-1.91158383568853,499.958458835689,498.046875,1,0,2,2,23427,0,0,23427,35.9370889414034,23427,0
0.803,499.955167147917,0.106820995922296,0.00534104979611479,2.61775913372692,52.3551826745384,2.8393564283435,0,500,498.046875,1.953125,2.8393564283435,2.8272401066516,-372.461764146786,0,2.8393564283435,0.236613035695291,2.8393564283435,0,35.9894440218218,23461,34,498.046875,-1.90829214791671,499.955167147917,498.046875,0,1,1,1,23461,0,0,23461,35.9894440218218,23461,0
0.804,499.972200464601,0.109320509936958,0.0054660254968479,2.61784831996453,52.3569663992905,2.83952209826859,0,500,498.046875,1.953125,2.83952209826859,2.8274057765767,-310.384803455655,0,2.83952209826859,0.236626841522382,2.83952209826859,0,36.0417999940683,23495,34,498.046875,-1.92532546460137,499.972200464601,498.046875,1,0,2,2,23495,0,0,23495,36.0417999940683,23495,0
0.805,499.996807952344,0.110255926511258,0.00551279632556291,2.61797716446905,52.359543289381,2.83968776819368,0,500,498.046875,1.953125,2.83968776819368,2.82757144650179,-258.654002879712,0,2.83968776819368,0.236640647349473,2.83968776819368,0,36.094158210823,23529,34,498.046875,-1.94993295234354,499.996807952344,498.046875,0,1,1,1,23529,0,0,23529,36.094158210823,23529,0
0.806,500.024238993429,0.110608600852257,0.00553043004261283,2.6181207930643,52.3624158612861,2.83985343811877,0,500,498.046875,1.953125,2.83985343811877,2.82773711642688,-215.54500239976,0,2.83985343811877,0.236654453176564,2.83985343811877,0,36.1465191762285,23563,34,498.046875,-1.97736399342853,500.024238993429,498.046875,1,0,2,2,23563,0,0,23563,36.1465191762285,23563,0
0.807,500.052723621603,0.110744157853669,0.00553720789268347,2.61826993822866,52.3653987645732,2.74914669535467,0,500,512.6953125,-12.6953125,2.74914669535467,2.82790278635197,2261.78541466687,0,2.74914669535467,0.229095557946222,2.74914669535467,0,36.1988830782833,23598,35,512.6953125,12.6425888783968,500.052723621603,512.6953125,1,1,3,1,23598,1,0,23598,36.1988830782833,23598,0
0.808,500.001899737839,0.0821364677636918,0.00410682338818459,2.61800382499556,52.3600764999112,2.83894225353077,0,500,498.046875,1.953125,2.83894225353077,2.82682593183888,-556.585071110944,0,2.83894225353077,0.236578521127564,2.83894225353077,0,36.2512469881756,23632,34,498.046875,-1.95502473783949,500.001899737839,498.046875,0,0,0,0,23632,0,0,23632,36.2512469881756,23632,0
0.809,499.944002700131,0.100113220895428,0.00500566104477138,2.61770067681501,52.3540135363003,2.83910792345586,0,500,498.046875,1.953125,2.83910792345586,2.82699160176397,-463.820892592454,0,2.83910792345586,0.236592326954655,2.83910792345586,0,36.3036032956146,23666,34,498.046875,-1.89712770013119,499.944002700131,498.046875,1,1,3,3,23666,0,0,23666,36.3036032956146,23666,0
0.81,499.94068859586,0.106815025794632,0.00534075128973162,2.61768332420563,52.3536664841125,2.83927359338095,0,500,498.046875,1.953125,2.83927359338095,2.82715727168906,-386.517410493711,0,2.83927359338095,0.236606132781746,2.83927359338095,0,36.3559568608445,23700,34,498.046875,-1.89381359585974,499.94068859586,498.046875,0,0,0,0,23700,0,0,23700,36.3559568608445,23700,0
0.811,499.957712226687,0.10931610349743,0.00546580517487149,2.6177724597282,52.355449194564,2.83943926330604,0,500,498.046875,1.953125,2.83943926330604,2.82732294161415,-322.097842078093,0,2.83943926330604,0.236619938608837,2.83943926330604,0,36.408311316329,23734,34,498.046875,-1.91083722668674,499.957712226687,498.046875,1,1,3,3,23734,0,0,23734,36.408311316329,23734,0
0.812,499.982314789763,0.110252106150154,0.00551260530750772,2.61790127844723,52.3580255689446,2.83960493323114,0,500,498.046875,1.953125,2.83960493323114,2.82748861153924,-268.414868398411,0,2.83960493323114,0.236633744435928,2.83960493323114,0,36.4606680155972,23768,34,498.046875,-1.93543978976265,499.982314789763,498.046875,0,0,0,0,23768,0,0,23768,36.4606680155972,23768,0
0.813,500.009742697934,0.110605002292773,0.00553025011463867,2.61804489063859,52.3608978127717,2.83977060315623,0,500,498.046875,1.953125,2.83977060315623,2.82765428146433,-223.679056998676,0,2.83977060315623,0.236647550263019,2.83977060315623,0,36.513027463109,23802,34,498.046875,-1.96286769793403,500.009742697934,498.046875,1,1,3,3,23802,0,0,23802,36.513027463109,23802,0
0.814,500.038224878381,0.110740645329914,0.00553703226649568,2.61819402298667,52.3638804597334,2.83993627308132,0,500,498.046875,1.953125,2.83993627308132,2.82781995138943,-186.399214165563,0,2.83993627308132,0.23666135609011,2.83993627308132,0,36.5653898469837,23836,34,498.046875,-1.99134987838096,500.038224878381,498.046875,0,0,0,0,23836,0,0,23836,36.5653898469837,23836,0
0.815,500.067101457979,0.110795341817366,0.00553976709086832,2.61834522040388,52.3669044080776,2.74922953031721,0,500,512.6953125,-12.6953125,2.74922953031721,2.82798562131452,2286.0735715287,0,2.74922953031721,0.229102460859768,2.74922953031721,0,36.6177552374788,23871,35,512.6953125,12.6282110420214,500.067101457979,512.6953125,1,0,2,2,23871,0,0,23871,36.6177552374788,23871,0
0.816,500.016423926657,0.0821575245603046,0.00410787622801523,2.61807987347038,52.3615974694076,2.83902508849332,0,500,498.046875,1.953125,2.83902508849332,2.82690876680142,-536.344940392752,0,2.83902508849332,0.23658542404111,2.83902508849332,0,36.6701206619141,23905,34,498.046875,-1.96954892665747,500.016423926657,498.046875,0,1,1,1,23905,0,0,23905,36.6701206619141,23905,0
0.817,499.958581733867,0.100123052328144,0.00500615261640718,2.61777701245715,52.355540249143,2.83919075841841,0,500,498.046875,1.953125,2.83919075841841,2.82707443672651,-446.95411699396,0,2.83919075841841,0.236599229868201,2.83919075841841,-4.44089209850063e-16,36.7224784936551,23939,34,498.046875,-1.91170673386711,499.958581733867,498.046875,1,0,2,2,23939,0,0,23939,36.7224784936551,23939,0
0.818,499.95528837711,0.106820674145262,0.00534103370726311,2.61775976848149,52.3551953696298,2.8393564283435,0,500,498.046875,1.953125,2.8393564283435,2.82724010665161,-372.461764161633,0,2.8393564283435,0.236613035695292,2.8393564283435,0,36.7748335868558,23973,34,498.046875,-1.90841337710975,499.95528837711,498.046875,0,1,1,1,23973,0,0,23973,36.7748335868558,23973,0
0.819,499.972320047474,0.109320192529731,0.00546600962648657,2.61784894609898,52.3569789219796,2.83952209826859,0,500,498.046875,1.953125,2.83952209826859,2.8274057765767,-310.384803468028,0,2.83952209826859,0.236626841522383,2.83952209826859,-4.44089209850063e-16,36.8271895717108,24007,34,498.046875,-1.92544504747406,499.972320047474,498.046875,1,0,2,2,24007,0,0,24007,36.8271895717108,24007,0
0.82,499.996925911254,0.110255613414494,0.0055127806707247,2.61797778210046,52.3595556420092,2.83968776819368,0,500,498.046875,1.953125,2.83968776819368,2.82757144650179,-258.654002890023,0,2.83968776819368,0.236640647349474,2.83968776819368,0,36.8795478009031,24041,34,498.046875,-1.95005091125387,499.996925911254,498.046875,0,1,1,1,24041,0,0,24041,36.8795478009031,24041,0
0.821,500.024355350429,0.110608292007419,0.00553041460037094,2.61812140230813,52.3624280461626,2.83985343811878,0,500,498.046875,1.953125,2.83985343811878,2.82773711642688,-215.545002408353,0,2.83985343811878,0.236654453176565,2.83985343811877,-4.44089209850063e-16,36.9319087785771,24075,34,498.046875,-1.97748035042861,500.024355350429,498.046875,1,0,2,2,24075,0,0,24075,36.9319087785771,24075,0
0.822,500.052838398449,0.110743853203016,0.00553719266015082,2.61827053919882,52.3654107839764,2.84001910804387,0,500,498.046875,1.953125,2.84001910804387,2.82790278635197,-179.620835340294,0,2.84001910804387,0.236668259003656,2.84001910804387,0,36.9842726927341,24109,34,498.046875,-2.00596339844901,500.052838398449,498.046875,0,1,1,1,24109,0,0,24109,36.9842726927341,24109,0
0.823,500.081715594409,0.110798518420604,0.00553992592103022,2.61842173984329,52.3684347968658,2.74931236527976,0,500,512.6953125,-12.6953125,2.74931236527976,2.82806845627707,2291.72222054976,0,2.74931236527976,0.229109363773313,2.74931236527976,0,37.0366396135868,24144,35,512.6953125,12.6135969055915,500.081715594409,512.6953125,0,0,0,0,24144,0,0,24144,37.0366396135868,24144,0
0.824,500.031038581874,0.0821606887458052,0.00410803443729026,2.61815639562615,52.363127912523,2.83910792345586,0,500,498.046875,1.953125,2.83910792345586,2.82699160176397,-531.637732875204,0,2.83910792345586,0.236592326954655,2.83910792345586,0,37.0890065684388,24178,34,498.046875,-1.98416358187382,500.031038581874,498.046875,1,1,3,3,24178,0,0,24178,37.0890065684388,24178,0
0.825,499.97319686759,0.100126211130092,0.0050063105565046,2.61785353711837,52.3570707423674,2.83927359338095,0,500,498.046875,1.953125,2.83927359338095,2.82715727168906,-443.03144406267,0,2.83927359338095,0.236606132781746,2.83927359338095,0,37.1413659306483,24212,34,498.046875,-1.92632186758982,499.97319686759,498.046875,0,0,0,0,24212,0,0,24212,37.1413659306483,24212,0
0.826,499.969903970459,0.106823830194673,0.00534119150973367,2.61783629554932,52.3567259109863,2.83943926330605,0,500,498.046875,1.953125,2.83943926330605,2.82732294161415,-369.192870052225,0,2.83943926330605,0.236619938608837,2.83943926330605,0,37.1937225543664,24246,34,498.046875,-1.92302897045948,499.969903970459,498.046875,1,1,3,3,24246,0,0,24246,37.1937225543664,24246,0
0.827,499.986936089594,0.109323346816989,0.00546616734084946,2.61792547551656,52.3585095103313,2.83960493323114,0,500,498.046875,1.953125,2.83960493323114,2.82748861153925,-307.660725043521,0,2.83960493323114,0.236633744435928,2.83960493323114,0,37.2460800697863,24280,34,498.046875,-1.94006108959405,499.986936089594,498.046875,0,0,0,0,24280,0,0,24280,37.2460800697863,24280,0
0.828,500.011542394332,0.110258766318591,0.00551293831592954,2.61805431382689,52.3610862765378,2.83977060315623,0,500,498.046875,1.953125,2.83977060315623,2.82765428146434,-256.383937536267,0,2.83977060315623,0.236647550263019,2.83977060315623,0,37.29843982959,24314,34,498.046875,-1.96466739433157,500.011542394332,498.046875,1,1,3,3,24314,0,0,24314,37.29843982959,24314,0
0.829,500.038972267835,0.110611443679424,0.00553057218397122,2.6181979363087,52.3639587261741,2.83993627308132,0,500,498.046875,1.953125,2.83993627308132,2.82781995138943,-213.653281280223,0,2.83993627308132,0.23666135609011,2.83993627308132,0,37.3508023379212,24348,34,498.046875,-1.99209726783539,500.038972267835,498.046875,0,0,0,0,24348,0,0,24348,37.3508023379212,24348,0
0.83,500.067455744046,0.110747003708949,0.00553735018544747,2.61834707544139,52.3669415088278,2.74922953031721,0,500,512.6953125,-12.6953125,2.74922953031721,2.82798562131452,2263.36184893315,0,2.74922953031721,0.229102460859768,2.74922953031721,0,37.4031677827805,24383,35,512.6953125,12.6278567559538,500.067455744046,512.6953125,1,0,2,2,24383,0,0,24383,37.4031677827805,24383,0
0.831,500.016630723874,0.0821393166243238,0.00410696583121619,2.61808095625807,52.3616191251615,2.83902508849332,0,500,498.046875,1.953125,2.83902508849332,2.82690876680142,-555.271375889044,0,2.83902508849332,0.23658542404111,2.83902508849332,0,37.4555332353573,24417,34,498.046875,-1.96975572387441,500.016630723874,498.046875,0,1,1,1,24417,0,0,24417,37.4555332353573,24417,0
0.832,499.958732565158,0.100116072727438,0.00500580363637192,2.61777780220794,52.3555560441588,2.83919075841841,0,500,498.046875,1.953125,2.83919075841841,2.82707443672652,-462.726146574203,0,2.83919075841841,0.236599229868201,2.83919075841841,0,37.5078910853628,24451,34,498.046875,-1.9118575651579,499.958732565158,498.046875,1,0,2,2,24451,0,0,24451,37.5078910853628,24451,0
0.833,499.955417355089,0.106817880560219,0.00534089402801093,2.61776044380861,52.3552088761722,2.8393564283435,0,500,498.046875,1.953125,2.8393564283435,2.82724010665161,-385.605122145169,0,2.8393564283435,0.236613035695292,2.8393564283435,0,37.5602461930425,24485,34,498.046875,-1.90854235508903,499.955417355089,498.046875,0,1,1,1,24485,0,0,24485,37.5602461930425,24485,0
0.834,499.972439895131,0.109318961157703,0.00546594805788517,2.61784957361985,52.3569914723969,2.83952209826859,0,500,498.046875,1.953125,2.83952209826859,2.8274057765767,-321.337601787641,0,2.83952209826859,0.236626841522383,2.83952209826859,0,37.6126021908619,24519,34,498.046875,-1.92556489513117,499.972439895131,498.046875,1,0,2,2,24519,0,0,24519,37.6126021908619,24519,0
0.835,499.997041382233,0.110254966666159,0.00551274833330794,2.61797838670509,52.3595677341018,2.83968776819369,0,500,498.046875,1.953125,2.83968776819369,2.82757144650179,-267.781334823034,0,2.83968776819369,0.236640647349474,2.83968776819369,0,37.6649604323515,24553,34,498.046875,-1.95016638223314,499.997041382233,498.046875,0,1,1,1,24553,0,0,24553,37.6649604323515,24553,0
0.836,500.024468229043,0.110607865625857,0.00553039328129285,2.61812199333917,52.3624398667835,2.83985343811878,0,500,498.046875,1.953125,2.83985343811878,2.82773711642688,-223.151112352528,0,2.83985343811878,0.236654453176565,2.83985343811878,0,37.7173214219727,24587,34,498.046875,-1.97759322904278,500.024468229043,498.046875,1,0,2,2,24587,0,0,24587,37.7173214219727,24587,0
0.837,500.052949362541,0.11074351144187,0.0055371755720935,2.61827112020545,52.3654224041089,2.74914669535467,0,500,512.6953125,-12.6953125,2.74914669535467,2.82790278635198,2255.44698970623,0,2.74914669535467,0.229095557946222,2.74914669535467,0,37.7696853478465,24622,35,512.6953125,12.6423631374587,500.052949362541,512.6953125,1,1,3,1,24622,1,0,24622,37.7696853478465,24622,0
0.838,500.002122270989,0.0821358595001354,0.00410679297500677,2.61800499017641,52.3600998035281,2.83894225353077,0,500,498.046875,1.953125,2.83894225353077,2.82682593183888,-561.867091911478,0,2.83894225353077,0.236578521127564,2.83894225353077,0,37.8220492812087,24656,34,498.046875,-1.95524727098871,500.002122270989,498.046875,0,0,0,0,24656,0,0,24656,37.8220492812087,24656,0
0.839,499.944222158259,0.100112631834584,0.00500563159172919,2.61770182589508,52.3540365179016,2.83910792345587,0,500,498.046875,1.953125,2.83910792345587,2.82699160176397,-468.222576592898,0,2.83910792345587,0.236592326954655,2.83910792345586,-4.44089209850063e-16,37.8744056117897,24690,34,498.046875,-1.89734715825875,499.944222158259,498.046875,1,1,3,3,24690,0,0,24690,37.8744056117897,24690,0
0.84,499.94090505396,0.106814448810179,0.00534072244050893,2.61768445757759,52.3536891515517,2.83927359338096,0,500,498.046875,1.953125,2.83927359338096,2.82715727168906,-390.185480494082,0,2.83927359338096,0.236606132781746,2.83927359338096,0,37.9267591998434,24724,34,498.046875,-1.89403005395963,499.94090505396,498.046875,0,0,0,0,24724,0,0,24724,37.9267591998434,24724,0
0.841,499.957925737883,0.109315535867462,0.00546577679337308,2.61777357767021,52.3554715534041,2.83943926330605,0,500,498.046875,1.953125,2.83943926330605,2.82732294161416,-325.154567078402,0,2.83943926330605,0.236619938608837,2.83943926330605,-4.44089209850063e-16,37.9791136778408,24758,34,498.046875,-1.91105073788282,499.957925737883,498.046875,1,1,3,3,24758,0,0,24758,37.9791136778408,24758,0
0.842,499.982525398688,0.110251546794631,0.00551257733973154,2.61790238119299,52.3580476238597,2.83960493323114,0,500,498.046875,1.953125,2.83960493323114,2.82748861153925,-270.962139232001,0,2.83960493323114,0.236633744435928,2.83960493323114,0,38.0314703993153,24792,34,498.046875,-1.93565039868827,499.982525398688,498.046875,0,0,0,0,24792,0,0,24792,38.0314703993153,24792,0
0.843,500.009950445721,0.110604450744266,0.00553022253721328,2.61804597840345,52.3609195680691,2.83977060315623,0,500,498.046875,1.953125,2.83977060315623,2.82765428146434,-225.801782693334,0,2.83977060315623,0.236647550263019,2.83977060315623,-4.44089209850063e-16,38.0838298687319,24826,34,498.046875,-1.96307544572062,500.009950445721,498.046875,1,1,3,3,24826,0,0,24826,38.0838298687319,24826,0
0.844,500.038429804524,0.110740101350115,0.00553700506750577,2.61819509597745,52.3639019195489,2.83993627308132,0,500,498.046875,1.953125,2.83993627308132,2.82781995138943,-188.168152244445,0,2.83993627308132,0.23666135609011,2.83993627308132,0,38.1361922742138,24860,34,498.046875,-1.99155480452379,500.038429804524,498.046875,0,0,0,0,24860,0,0,24860,38.1361922742138,24860,0
0.845,500.067303601038,0.110794805254204,0.00553974026271019,2.61834627882246,52.3669255764492,2.74922953031722,0,500,512.6953125,-12.6953125,2.74922953031722,2.82798562131452,2284.59945646296,0,2.74922953031722,0.229102460859768,2.74922953031722,0,38.1885576860225,24895,35,512.6953125,12.628008898962,500.067303601038,512.6953125,1,0,2,2,24895,0,0,24895,38.1885576860225,24895,0
0.846,500.016623324515,0.0821569952946946,0.00410784976473473,2.61808091751512,52.3616183503024,2.83902508849332,0,500,498.046875,1.953125,2.83902508849332,2.82690876680143,-537.573369614198,0,2.83902508849332,0.23658542404111,2.83902508849332,0,38.2409231314823,24929,34,498.046875,-1.96974832451531,500.016623324515,498.046875,0,1,1,1,24929,0,0,24929,38.2409231314823,24929,0
0.847,499.958778423836,0.100122530254144,0.00500612651270718,2.61777804232342,52.3555608464684,2.83919075841841,0,500,498.046875,1.953125,2.83919075841841,2.82707443672652,-447.977808011832,0,2.83919075841841,0.236599229868201,2.83919075841841,0,38.2932809839621,24963,34,498.046875,-1.91190342383612,499.958778423836,498.046875,1,0,2,2,24963,0,0,24963,38.2932809839621,24963,0
0.848,499.955482395977,0.10682015916266,0.00534100795813301,2.6177607843619,52.3552156872381,2.8393564283435,0,500,498.046875,1.953125,2.8393564283435,2.82724010665161,-373.31484000986,0,2.8393564283435,0.236613035695292,2.8393564283435,0,38.3456360976199,24997,34,498.046875,-1.9086073959769,499.955482395977,498.046875,0,1,1,1,24997,0,0,24997,38.3456360976199,24997,0
0.849,499.972511431517,0.109319684541275,0.00546598422706377,2.61784994818349,52.3569989636698,2.8395220982686,0,500,498.046875,1.953125,2.8395220982686,2.8274057765767,-311.095700008217,0,2.8395220982686,0.236626841522383,2.8395220982686,0,38.3979921026543,25031,34,498.046875,-1.92563643151732,499.972511431517,498.046875,1,0,2,2,25031,0,0,25031,38.3979921026543,25031,0
0.85,499.997114696256,0.110255112324849,0.00551275561624246,2.61797877057642,52.3595754115284,2.83968776819369,0,500,498.046875,1.953125,2.83968776819369,2.82757144650179,-259.246416673514,0,2.83968776819369,0.236640647349474,2.83968776819369,0,38.4503503517518,25065,34,498.046875,-1.95023969625635,499.997114696256,498.046875,0,1,1,1,25065,0,0,25065,38.4503503517518,25065,0
0.851,500.024541571687,0.110607797722765,0.00553038988613827,2.61812237736036,52.3624475472072,2.83985343811878,0,500,498.046875,1.953125,2.83985343811878,2.82773711642689,-216.038680561262,0,2.83985343811878,0.236654453176565,2.83985343811878,0,38.5027113490608,25099,34,498.046875,-1.97766657168671,500.024541571687,498.046875,1,0,2,2,25099,0,0,25099,38.5027113490608,25099,0
0.852,500.053022090779,0.110743365630892,0.00553716828154461,2.61827150100961,52.3654300201922,2.74914669535467,0,500,512.6953125,-12.6953125,2.74914669535467,2.82790278635198,2261.37401619895,0,2.74914669535467,0.229095557946223,2.74914669535467,0,38.555075282586,25134,35,512.6953125,12.6422904092209,500.053022090779,512.6953125,1,1,3,1,25134,1,0,25134,38.555075282586,25134,0
0.853,500.002194153735,0.0821356862994939,0.0041067843149747,2.61800536655359,52.3601073310717,2.83894225353078,0,500,498.046875,1.953125,2.83894225353078,2.82682593183888,-556.927903167543,0,2.83894225353078,0.236578521127565,2.83894225353078,0,38.6074392235213,25168,34,498.046875,-1.95531915373516,500.002194153735,498.046875,0,0,0,0,25168,0,0,25168,38.6074392235213,25168,0
0.854,499.944293117791,0.100112450043698,0.00500562250218488,2.61770219743832,52.3540439487665,2.83910792345587,0,500,498.046875,1.953125,2.83910792345587,2.82699160176397,-464.106585972952,0,2.83910792345587,0.236592326954656,2.83910792345587,0,38.6597955615818,25202,34,498.046875,-1.89741811779083,499.944293117791,498.046875,1,1,3,3,25202,0,0,25202,38.6597955615818,25202,0
0.855,499.94097506958,0.106814265411248,0.00534071327056242,2.61768482417852,52.3536964835703,2.83927359338096,0,500,498.046875,1.953125,2.83927359338096,2.82715727168907,-386.755488310794,0,2.83927359338096,0.236606132781747,2.83927359338096,0,38.712149157017,25236,34,498.046875,-1.89410006957968,499.94097506958,498.046875,0,0,0,0,25236,0,0,25236,38.712149157017,25236,0
0.856,499.957994810027,0.109315353440231,0.00546576767201154,2.61777393933111,52.3554787866221,2.83943926330605,0,500,498.046875,1.953125,2.83943926330605,2.82732294161416,-322.296240258995,0,2.83943926330605,0.236619938608838,2.83943926330605,0,38.7645036422968,25270,34,498.046875,-1.91111981002683,499.957994810027,498.046875,1,1,3,3,25270,0,0,25270,38.7645036422968,25270,0
0.857,499.982593535556,0.110251366278907,0.00551256831394533,2.61790273795679,52.3580547591359,2.83960493323114,0,500,498.046875,1.953125,2.83960493323114,2.82748861153925,-268.580200215829,0,2.83960493323114,0.236633744435929,2.83960493323114,0,38.8168603709556,25304,34,498.046875,-1.93571853555642,499.982593535556,498.046875,0,0,0,0,25304,0,0,25304,38.8168603709556,25304,0
0.858,500.010017658297,0.110604272469145,0.00553021362345725,2.61804633032768,52.3609266065536,2.83977060315623,0,500,498.046875,1.953125,2.83977060315623,2.82765428146434,-223.816833513191,0,2.83977060315623,0.23664755026302,2.83977060315623,0,38.8692198474589,25338,34,498.046875,-1.96314265829659,500.010017658297,498.046875,1,1,3,3,25338,0,0,25338,38.8692198474589,25338,0
0.859,500.038496104719,0.110739925417458,0.00553699627087288,2.61819544312445,52.3639088624891,2.83993627308133,0,500,498.046875,1.953125,2.83993627308133,2.82781995138943,-186.514027927659,0,2.83993627308133,0.236661356090111,2.83993627308133,0,38.9215822599315,25372,34,498.046875,-1.9916211047186,500.038496104719,498.046875,0,0,0,0,25372,0,0,25372,38.9215822599315,25372,0
0.86,500.067369001001,0.110794631681485,0.00553973158407427,2.61834662125587,52.3669324251174,2.74922953031722,0,500,512.6953125,-12.6953125,2.74922953031722,2.82798562131453,2285.97789339362,0,2.74922953031722,0.229102460859768,2.74922953031722,-4.44089209850063e-16,38.973947678636,25407,35,512.6953125,12.6279434989985,500.067369001001,512.6953125,1,0,2,2,25407,0,0,25407,38.973947678636,25407,0
0.861,500.016687836385,0.0821568240682305,0.00410784120341152,2.61808125529848,52.3616251059696,2.83902508849332,0,500,498.046875,1.953125,2.83902508849332,2.82690876680143,-536.424672171985,0,2.83902508849332,0.23658542404111,2.83902508849332,-4.44089209850063e-16,39.0263131308978,25441,34,498.046875,-1.96981283638502,500.016687836385,498.046875,0,1,1,1,25441,0,0,25441,39.0263131308978,25441,0
0.862,499.958842059639,0.100122361348913,0.00500611806744563,2.6177783755197,52.355567510394,2.83919075841841,0,500,498.046875,1.953125,2.83919075841841,2.82707443672652,-447.020560143321,0,2.83919075841841,0.236599229868201,2.83919075841841,0,39.0786709900872,25475,34,498.046875,-1.91196705963858,499.958842059639,498.046875,1,0,2,2,25475,0,0,25475,39.0786709900872,25475,0
0.863,499.955545167598,0.106819992549689,0.00534099962748446,2.61776111303334,52.3552222606668,2.83935642834351,0,500,498.046875,1.953125,2.83935642834351,2.82724010665161,-372.517133452767,0,2.83935642834351,0.236613035695292,2.83935642834351,-4.44089209850063e-16,39.1310261103636,25509,34,498.046875,-1.90867016759779,499.955545167598,498.046875,0,1,1,1,25509,0,0,25509,39.1310261103636,25509,0
0.864,499.972573350689,0.109319520190383,0.00546597600951915,2.61785027239151,52.3570054478302,2.8395220982686,0,500,498.046875,1.953125,2.8395220982686,2.8274057765767,-310.430944543973,0,2.8395220982686,0.236626841522383,2.8395220982686,0,39.1833821219267,25543,34,498.046875,-1.92569835068866,499.972573350689,498.046875,1,0,2,2,25543,0,0,25543,39.1833821219267,25543,0
0.865,499.997175774552,0.110254950205668,0.00551274751028342,2.61797909038163,52.3595818076326,2.83968776819369,0,500,498.046875,1.953125,2.83968776819369,2.8275714465018,-258.692453786644,0,2.83968776819369,0.236640647349474,2.83968776819369,-4.44089209850063e-16,39.2357403774643,25577,34,498.046875,-1.95030077455243,499.997175774552,498.046875,0,1,1,1,25577,0,0,25577,39.2357403774643,25577,0
0.866,500.024601820527,0.110607637805121,0.00553038189025605,2.61812269282255,52.3624538564509,2.83985343811878,0,500,498.046875,1.953125,2.83985343811878,2.82773711642689,-215.577044822203,0,2.83985343811878,0.236654453176565,2.83985343811878,0,39.2881013811257,25611,34,498.046875,-1.97772682052653,500.024601820527,498.046875,1,0,2,2,25611,0,0,25611,39.2881013811257,25611,0
0.867,500.053081521425,0.110743207884936,0.00553716039424681,2.61827181218775,52.3654362437549,2.84001910804387,0,500,498.046875,1.953125,2.84001910804387,2.82790278635198,-179.647537351836,0,2.84001910804387,0.236668259003656,2.84001910804387,-4.44089209850063e-16,39.3404653209172,25645,34,498.046875,-2.00620652142533,500.053081521425,498.046875,0,1,1,1,25645,0,0,25645,39.3404653209172,25645,0
0.868,500.081955415721,0.110797881866091,0.00553989409330458,2.61842299554475,52.3684599108949,2.74931236527977,0,500,512.6953125,-12.6953125,2.74931236527977,2.82806845627707,2291.69996887347,0,2.74931236527977,0.229109363773314,2.74931236527977,0,39.3928322670565,25680,35,512.6953125,12.6133570842791,500.081955415721,512.6953125,0,0,0,0,25680,0,0,25680,39.3928322670565,25680,0
0.869,500.03127514636,0.0821600608358457,0.00410800304179228,2.6181576342749,52.363152685498,2.83910792345587,0,500,498.046875,1.953125,2.83910792345587,2.82699160176398,-531.656275938775,0,2.83910792345587,0.236592326954656,2.83910792345587,0,39.4451992468515,25714,34,498.046875,-1.98440014635963,500.03127514636,498.046875,1,1,3,3,25714,0,0,25714,39.4451992468515,25714,0
0.87,499.973430219475,0.100125591747292,0.00500627958736462,2.61785475894599,52.3570951789197,2.83927359338096,0,500,498.046875,1.953125,2.83927359338096,2.82715727168907,-443.046896615646,0,2.83927359338096,0.236606132781747,2.83927359338096,0,39.4975586336653,25748,34,498.046875,-1.92655521947484,499.973430219475,498.046875,0,0,0,0,25748,0,0,25748,39.4975586336653,25748,0
0.871,499.97013415337,0.106823219223237,0.00534116096116184,2.61783750078422,52.3567500156844,2.83943926330605,0,500,498.046875,1.953125,2.83943926330605,2.82732294161416,-369.205747179705,0,2.83943926330605,0.236619938608838,2.83943926330605,0,39.5499152816536,25782,34,498.046875,-1.92325915337017,499.97013415337,498.046875,1,1,3,3,25782,0,0,25782,39.5499152816536,25782,0
0.872,499.987163146567,0.109322744142688,0.00546613720713438,2.6179266643841,52.3585332876819,2.83960493323115,0,500,498.046875,1.953125,2.83960493323115,2.82748861153925,-307.671455983087,0,2.83960493323115,0.236633744435929,2.83960493323115,0,39.6022728210143,25816,34,498.046875,-1.94028814656741,499.987163146567,498.046875,0,0,0,0,25816,0,0,25816,39.6022728210143,25816,0
0.873,500.011766367818,0.110258171828747,0.00551290859143733,2.61805548654932,52.3611097309865,2.83977060315624,0,500,498.046875,1.953125,2.83977060315624,2.82765428146434,-256.392879985906,0,2.83977060315624,0.23664755026302,2.83977060315624,0,39.6546326044337,25850,34,498.046875,-1.96489136781844,500.011766367818,498.046875,1,1,3,3,25850,0,0,25850,39.6546326044337,25850,0
0.874,500.039193199711,0.110610857262889,0.00553054286314446,2.6181990931053,52.3639818621059,2.83993627308133,0,500,498.046875,1.953125,2.83993627308133,2.82781995138944,-213.660733321589,0,2.83993627308133,0.236661356090111,2.83993627308133,0,39.7069951360599,25884,34,498.046875,-1.99231819971067,500.039193199711,498.046875,0,0,0,0,25884,0,0,25884,39.7069951360599,25884,0
0.875,500.067673675616,0.110746425256087,0.00553732126280433,2.61834821652842,52.3669643305684,2.74922953031722,0,500,512.6953125,-12.6953125,2.74922953031722,2.82798562131453,2263.35563889868,0,2.74922953031722,0.229102460859768,2.74922953031722,0,39.7593606038977,25919,35,512.6953125,12.6276388243845,500.067673675616,512.6953125,1,0,2,2,25919,0,0,25919,39.7593606038977,25919,0
0.876,500.016845695882,0.082138746026985,0.00410693730134925,2.61808208184887,52.3616416369775,2.83902508849333,0,500,498.046875,1.953125,2.83902508849333,2.82690876680143,-555.27655091777,0,2.83902508849333,0.23658542404111,2.83902508849333,0,39.811726079141,25953,34,498.046875,-1.96997069588195,500.016845695882,498.046875,0,1,1,1,25953,0,0,25953,39.811726079141,25953,0
0.877,499.958944617796,0.100115509878944,0.0050057754939472,2.61777891251296,52.3555782502591,2.83919075841842,0,500,498.046875,1.953125,2.83919075841842,2.82707443672652,-462.730459098142,0,2.83919075841842,0.236599229868201,2.83919075841842,0,39.8640839515051,25987,34,498.046875,-1.91206961779591,499.958944617796,498.046875,1,0,2,2,25987,0,0,25987,39.8640839515051,25987,0
0.878,499.955626528003,0.106817325355338,0.0053408662677669,2.61776153903543,52.3552307807085,2.83935642834351,0,500,498.046875,1.953125,2.83935642834351,2.82724010665162,-385.608715915118,0,2.83935642834351,0.236613035695292,2.83935642834351,0,39.9164390812398,26021,34,498.046875,-1.90875152800294,499.955626528003,498.046875,0,1,1,1,26021,0,0,26021,39.9164390812398,26021,0
0.879,499.972646227429,0.109318413492633,0.00546592067463165,2.61785065397323,52.3570130794647,2.8395220982686,0,500,498.046875,1.953125,2.8395220982686,2.82740577657671,-321.340596595932,0,2.8395220982686,0.236626841522383,2.8395220982686,0,39.9687951008148,26055,34,498.046875,-1.9257712274291,499.972646227429,498.046875,1,0,2,2,26055,0,0,26055,39.9687951008148,26055,0
0.88,499.997244912491,0.110254426438506,0.00551272132192531,2.61797945238703,52.3595890477406,2.83968776819369,0,500,498.046875,1.953125,2.83968776819369,2.8275714465018,-267.78383049661,0,2.83968776819369,0.236640647349474,2.83968776819369,0,40.0211533637643,26089,34,498.046875,-1.95036991249077,499.997244912491,498.046875,0,1,1,1,26089,0,0,26089,40.0211533637643,26089,0
0.881,500.024668995312,0.110607332734622,0.00553036663673111,2.6181230445489,52.362460890978,2.83985343811878,0,500,498.046875,1.953125,2.83985343811878,2.82773711642689,-223.153192080508,0,2.83985343811878,0.236654453176565,2.83985343811878,0,40.0735143745542,26123,34,498.046875,-1.97779399531163,500.024668995312,498.046875,1,0,2,2,26123,0,0,26123,40.0735143745542,26123,0
0.882,500.053147402358,0.110742985787422,0.00553714928937112,2.6182721571395,52.3654431427901,2.74914669535468,0,500,512.6953125,-12.6953125,2.74914669535468,2.82790278635198,2255.44525659958,0,2.74914669535468,0.229095557946223,2.74914669535468,-4.44089209850063e-16,40.1258783213091,26158,35,512.6953125,12.6421650976418,500.053147402358,512.6953125,1,1,3,1,26158,1,0,26158,40.1258783213091,26158,0
0.883,500.00231762138,0.0821353409841947,0.00410676704920974,2.61800601302867,52.3601202605733,2.83894225353078,0,500,498.046875,1.953125,2.83894225353078,2.82682593183889,-561.868536167019,0,2.83894225353078,0.236578521127565,2.83894225353078,-4.44089209850063e-16,40.1782422752689,26192,34,498.046875,-1.95544262138037,500.00231762138,498.046875,0,0,0,0,26192,0,0,26192,40.1782422752689,26192,0
0.884,499.944414855746,0.100112120360209,0.00500560601801047,2.61770283485676,52.3540566971353,2.83910792345587,0,500,498.046875,1.953125,2.83910792345587,2.82699160176398,-468.223780139183,0,2.83910792345587,0.236592326954656,2.83910792345587,0,40.2305986261677,26226,34,498.046875,-1.89753985574566,499.944414855746,498.046875,1,1,3,3,26226,0,0,26226,40.2305986261677,26226,0
0.885,499.94109513457,0.106813944281746,0.00534069721408729,2.61768545283733,52.3537090567467,2.83927359338096,0,500,498.046875,1.953125,2.83927359338096,2.82715727168907,-390.186483449319,0,2.83927359338096,0.236606132781747,2.83927359338096,-4.44089209850063e-16,40.2829522342635,26260,34,498.046875,-1.89422013456965,499.94109513457,498.046875,0,0,0,0,26260,0,0,26260,40.2829522342635,26260,0
0.886,499.958113237154,0.109315038190642,0.00546575190953209,2.61777455941409,52.3554911882819,2.83943926330606,0,500,498.046875,1.953125,2.83943926330606,2.82732294161416,-325.155402874433,0,2.83943926330606,0.236619938608838,2.83943926330606,0,40.3353067320305,26294,34,498.046875,-1.91123823715384,499.958113237154,498.046875,1,1,3,3,26294,0,0,26294,40.3353067320305,26294,0
0.887,499.982710351675,0.11025105587638,0.00551255279381899,2.61790334960456,52.3580669920912,2.83960493323115,0,500,498.046875,1.953125,2.83960493323115,2.82748861153925,-270.962835728694,0,2.83960493323115,0.236633744435929,2.83960493323115,-4.44089209850063e-16,40.3876634730064,26328,34,498.046875,-1.93583535167505,499.982710351675,498.046875,0,0,0,0,26328,0,0,26328,40.3876634730064,26328,0
0.888,500.010132887005,0.110603966492797,0.00553019832463984,2.61804693366378,52.3609386732757,2.83977060315624,0,500,498.046875,1.953125,2.83977060315624,2.82765428146435,-225.802363107245,0,2.83977060315624,0.23664755026302,2.83977060315624,0,40.4400229616595,26362,34,498.046875,-1.96325788700472,500.010132887005,498.046875,1,1,3,3,26362,0,0,26362,40.4400229616595,26362,0
0.889,500.038609768213,0.110739623674893,0.00553698118374466,2.61819603826512,52.3639207653024,2.83993627308133,0,500,498.046875,1.953125,2.83993627308133,2.82781995138944,-188.168635922704,0,2.83993627308133,0.236661356090111,2.83993627308133,-4.44089209850063e-16,40.4923853861166,26396,34,498.046875,-1.99173476821318,500.038609768213,498.046875,0,0,0,0,26396,0,0,26396,40.4923853861166,26396,0
0.89,500.067481120778,0.110794334065922,0.00553971670329609,2.61834720831365,52.3669441662729,2.74922953031722,0,500,512.6953125,-12.6953125,2.74922953031722,2.82798562131453,2284.59905339775,0,2.74922953031722,0.229102460859769,2.74922953031722,0,40.5447508166428,26431,35,512.6953125,12.6278313792221,500.067481120778,512.6953125,1,0,2,2,26431,0,0,26431,40.5447508166428,26431,0
0.891,500.016798433495,0.0821565305052595,0.00410782652526297,2.6180818343836,52.3616366876719,2.83902508849333,0,500,498.046875,1.953125,2.83902508849333,2.82690876680143,-537.573705501878,0,2.83902508849333,0.236585424041111,2.83902508849333,0,40.5971162805657,26465,34,498.046875,-1.9699234334953,500.016798433495,498.046875,0,1,1,1,26465,0,0,26465,40.5971162805657,26465,0
0.892,499.958951154796,0.100122071776658,0.00500610358883288,2.61777894674061,52.3555789348121,2.83919075841842,0,500,498.046875,1.953125,2.83919075841842,2.82707443672653,-447.978087918232,0,2.83919075841842,0.236599229868202,2.83919075841842,0,40.6494741512582,26499,34,498.046875,-1.91207615479573,499.958951154796,498.046875,1,0,2,2,26499,0,0,26499,40.6494741512582,26499,0
0.893,499.95565278121,0.106819706911405,0.00534098534557023,2.6177616764969,52.355233529938,2.83935642834351,0,500,498.046875,1.953125,2.83935642834351,2.82724010665162,-373.315073265193,0,2.83935642834351,0.236613035695293,2.83935642834351,0,40.7018292828813,26533,34,498.046875,-1.90877778121035,499.95565278121,498.046875,0,1,1,1,26533,0,0,26533,40.7018292828813,26533,0
0.894,499.97267950288,0.109319238431697,0.00546596192158483,2.61785082820309,52.3570165640617,2.8395220982686,0,500,498.046875,1.953125,2.8395220982686,2.82740577657671,-311.095894387661,0,2.8395220982686,0.236626841522384,2.8395220982686,0,40.754185305637,26567,34,498.046875,-1.92580450288,499.97267950288,498.046875,1,0,2,2,26567,0,0,26567,40.754185305637,26567,0
0.895,499.997280485172,0.110254672273541,0.00551273361367704,2.61797963864515,52.359592772903,2.83968776819369,0,500,498.046875,1.953125,2.83968776819369,2.8275714465018,-259.246578656384,0,2.83968776819369,0.236640647349475,2.83968776819369,0,40.8065435722151,26601,34,498.046875,-1.95040548517193,499.997280485172,498.046875,0,1,1,1,26601,0,0,26601,40.8065435722151,26601,0
0.896,500.024705109151,0.110607363647454,0.00553036818237271,2.61812323364052,52.3624646728104,2.83985343811879,0,500,498.046875,1.953125,2.83985343811879,2.82773711642689,-216.038815546987,0,2.83985343811879,0.236654453176566,2.83985343811879,0,40.8589045867672,26635,34,498.046875,-1.97783010915111,500.024705109151,498.046875,1,0,2,2,26635,0,0,26635,40.8589045867672,26635,0
0.897,500.053183407366,0.110742937450424,0.00553714687252119,2.61827234566128,52.3654469132257,2.74914669535468,0,500,512.6953125,-12.6953125,2.74914669535468,2.82790278635198,2261.37390371084,0,2.74914669535468,0.229095557946223,2.74914669535468,0,40.9112685373015,26670,35,512.6953125,12.642129092634,500.053183407366,512.6953125,1,1,3,1,26670,1,0,26670,40.9112685373015,26670,0
0.898,500.002353279606,0.0821352639338148,0.00410676319669074,2.6180061997347,52.360123994694,2.83894225353078,0,500,498.046875,1.953125,2.83894225353078,2.82682593183889,-556.92799690763,0,2.83894225353078,0.236578521127565,2.83894225353078,0,40.9636324950148,26704,34,498.046875,-1.9554782796065,500.002353279606,498.046875,0,0,0,0,26704,0,0,26704,40.9636324950148,26704,0
0.899,499.944450082697,0.10011203341384,0.00500560167069202,2.61770301930465,52.354060386093,2.83910792345587,0,500,498.046875,1.953125,2.83910792345587,2.82699160176398,-464.106664089691,0,2.83910792345587,0.236592326954656,2.83910792345587,0,41.0159888496254,26738,34,498.046875,-1.8975750826969,499.944450082697,498.046875,1,1,3,3,26738,0,0,26738,41.0159888496254,26738,0
0.9,499.941129902866,0.106813854439321,0.00534069272196604,2.61768563488371,52.3537126976741,2.83927359338097,0,500,498.046875,1.953125,2.83927359338097,2.82715727168907,-386.755553408076,0,2.83927359338097,0.236606132781747,2.83927359338097,0,41.0683424613861,26772,34,498.046875,-1.89425490286573,499.941129902866,498.046875,0,0,0,0,26772,0,0,26772,41.0683424613861,26772,0
0.901,499.958147540642,0.109314948049395,0.00546574740246974,2.61777473902674,52.3554947805348,2.83943926330606,0,500,498.046875,1.953125,2.83943926330606,2.82732294161416,-322.29629450673,0,2.83943926330606,0.236619938608838,2.83943926330606,0,41.1206969627698,26806,34,498.046875,-1.91127254064196,499.958147540642,498.046875,1,1,3,3,26806,0,0,26806,41.1206969627698,26806,0
0.902,499.982744192054,0.110250966393371,0.00551254831966855,2.61790352679237,52.3580705358474,2.83960493323115,0,500,498.046875,1.953125,2.83960493323115,2.82748861153926,-268.580245422275,0,2.83960493323115,0.236633744435929,2.83960493323115,0,41.1730537073137,26840,34,498.046875,-1.9358691920545,499.982744192054,498.046875,0,0,0,0,26840,0,0,26840,41.1730537073137,26840,0
0.903,500.010166268844,0.110603878014149,0.00553019390070746,2.61804710845069,52.3609421690137,2.83977060315624,0,500,498.046875,1.953125,2.83977060315624,2.82765428146435,-223.816871185229,0,2.83977060315624,0.23664755026302,2.83977060315624,0,41.2254131994863,26874,34,498.046875,-1.96329126884399,500.010166268844,498.046875,1,1,3,3,26874,0,0,26874,41.2254131994863,26874,0
0.904,500.0386426971,0.110739536319253,0.00553697681596265,2.61819621068037,52.3639242136074,2.83993627308133,0,500,498.046875,1.953125,2.83993627308133,2.82781995138944,-186.514059321024,0,2.83993627308133,0.236661356090111,2.83993627308133,0,41.2777756274153,26908,34,498.046875,-1.99176769709999,500.0386426971,498.046875,0,0,0,0,26908,0,0,26908,41.2777756274153,26908,0
0.905,500.067513602623,0.110794247867325,0.00553971239336627,2.61834737838819,52.3669475677638,2.74922953031723,0,500,512.6953125,-12.6953125,2.74922953031723,2.82798562131453,2285.97786723248,0,2.74922953031723,0.229102460859769,2.74922953031723,0,41.3301410613665,26943,35,512.6953125,12.6277988973767,500.067513602623,512.6953125,1,0,2,2,26943,0,0,26943,41.3301410613665,26943,0
0.906,500.016830474284,0.0821564454663564,0.00410782227331782,2.61808200214877,52.3616400429754,2.83902508849333,0,500,498.046875,1.953125,2.83902508849333,2.82690876680144,-536.424693972933,0,2.83902508849333,0.236585424041111,2.83902508849333,0,41.3825065286678,26977,34,498.046875,-1.96995547428389,500.016830474284,498.046875,0,1,1,1,26977,0,0,26977,41.3825065286678,26977,0
0.907,499.958982760484,0.100121987888539,0.00500609939442693,2.6177791122276,52.355582244552,2.83919075841842,0,500,498.046875,1.953125,2.83919075841842,2.82707443672653,-447.020578310778,0,2.83919075841842,0.236599229868202,2.83919075841842,-4.44089209850063e-16,41.4348644026926,27011,34,498.046875,-1.91210776048359,499.958982760484,498.046875,1,0,2,2,27011,0,0,27011,41.4348644026926,27011,0
0.908,499.955683957692,0.106819624160991,0.00534098120804956,2.61776183973658,52.3552367947316,2.83935642834351,0,500,498.046875,1.953125,2.83935642834351,2.82724010665162,-372.517148592315,0,2.83935642834351,0.236613035695293,2.83935642834351,0,41.487219537603,27045,34,498.046875,-1.90880895769243,499.955683957692,498.046875,0,1,1,1,27045,0,0,27045,41.487219537603,27045,0
0.909,499.972710255982,0.109319156804487,0.00546595784022437,2.61785098922595,52.357019784519,2.8395220982686,0,500,498.046875,1.953125,2.8395220982686,2.82740577657671,-310.430957160262,0,2.8395220982686,0.236626841522384,2.8395220982686,-4.44089209850063e-16,41.5395755636011,27079,34,498.046875,-1.92583525598184,499.972710255982,498.046875,1,0,2,2,27079,0,0,27079,41.5395755636011,27079,0
0.91,499.99731082064,0.110254591754637,0.00551272958773185,2.61797979748129,52.3595959496259,2.8396877681937,0,500,498.046875,1.953125,2.8396877681937,2.8275714465018,-258.692464300219,0,2.8396877681937,0.236640647349475,2.8396877681937,0,41.5919338333778,27113,34,498.046875,-1.95043582064022,499.99731082064,498.046875,0,1,1,1,27113,0,0,27113,41.5919338333778,27113,0
0.911,500.024735032658,0.110607284221937,0.00553036421109683,2.61812339031963,52.3624678063927,2.83985343811879,0,500,498.046875,1.953125,2.83985343811879,2.8277371164269,-215.577053583516,0,2.83985343811879,0.236654453176566,2.83985343811879,-4.44089209850063e-16,41.644294851085,27147,34,498.046875,-1.97786003265782,500.024735032658,498.046875,1,0,2,2,27147,0,0,27147,41.644294851085,27147,0
0.912,500.053212924504,0.110742859103494,0.0055371429551747,2.61827250021266,52.3654500042531,2.84001910804388,0,500,498.046875,1.953125,2.84001910804388,2.82790278635199,-179.64754465293,0,2.84001910804388,0.236668259003657,2.84001910804388,0,41.6966588047315,27181,34,498.046875,-2.00633792450407,500.053212924504,498.046875,0,1,1,1,27181,0,0,27181,41.6966588047315,27181,0
0.913,500.082085034313,0.110797537821185,0.00553987689105925,2.61842367422611,52.3684734845221,2.74931236527977,0,500,512.6953125,-12.6953125,2.74931236527977,2.82806845627708,2291.69996278923,0,2.74931236527977,0.229109363773314,2.74931236527977,0,41.7490257645376,27216,35,512.6953125,12.6132274656868,500.082085034313,512.6953125,0,0,0,0,27216,0,0,27216,41.7490257645376,27216,0
0.914,500.031403004699,0.0821597214631531,0.00410798607315766,2.6181583037396,52.363166074792,2.83910792345588,0,500,498.046875,1.953125,2.83910792345588,2.82699160176398,-531.656281008979,0,2.83910792345588,0.236592326954656,2.83910792345588,0,41.8013927578137,27250,34,498.046875,-1.98452800469937,500.031403004699,498.046875,1,1,3,3,27250,0,0,27250,41.8013927578137,27250,0
0.915,499.97355634147,0.100125256983362,0.0050062628491681,2.61785541931921,52.3571083863841,2.83927359338097,0,500,498.046875,1.953125,2.83927359338097,2.82715727168907,-443.046900840816,0,2.83927359338097,0.236606132781747,2.83927359338097,0,41.8537521579257,27284,34,498.046875,-1.92668134146987,499.97355634147,498.046875,0,0,0,0,27284,0,0,27284,41.8537521579257,27284,0
0.916,499.970258562601,0.106822889005477,0.00534114445027383,2.61783815218943,52.3567630437885,2.83943926330606,0,500,498.046875,1.953125,2.83943926330606,2.82732294161417,-369.20575070068,0,2.83943926330606,0.236619938608838,2.83943926330606,0,41.9061088190316,27318,34,498.046875,-1.92338356260086,499.970258562601,498.046875,1,1,3,3,27318,0,0,27318,41.9061088190316,27318,0
0.917,499.987285866292,0.109322418409359,0.00546612092046793,2.61792730694307,52.3585461388615,2.83960493323115,0,500,498.046875,1.953125,2.83960493323115,2.82748861153926,-307.671458917233,0,2.83960493323115,0.236633744435929,2.83960493323115,0,41.958466371332,27352,34,498.046875,-1.94041086629244,499.987285866292,498.046875,0,0,0,0,27352,0,0,27352,41.958466371332,27352,0
0.918,500.011887420982,0.110257850518951,0.00551289252594755,2.6180561203822,52.3611224076441,2.83977060315624,0,500,498.046875,1.953125,2.83977060315624,2.82765428146435,-256.392882431028,0,2.83977060315624,0.23664755026302,2.83977060315624,0,42.0108261675149,27386,34,498.046875,-1.96501242098151,500.011887420982,498.046875,1,1,3,3,27386,0,0,27386,42.0108261675149,27386,0
0.919,500.039312608943,0.110610540316555,0.00553052701582774,2.61819971833058,52.3639943666115,2.83993627308134,0,500,498.046875,1.953125,2.83993627308134,2.82781995138944,-213.66073535919,0,2.83993627308134,0.236661356090111,2.83993627308134,0,42.0631887117314,27420,34,498.046875,-1.99243760894313,500.039312608943,498.046875,0,0,0,0,27420,0,0,27420,42.0631887117314,27420,0
0.92,500.067791463243,0.110746112613957,0.00553730563069783,2.618348833263,52.3669766652599,2.74922953031723,0,500,512.6953125,-12.6953125,2.74922953031723,2.82798562131453,2263.35563720068,0,2.74922953031723,0.229102460859769,2.74922953031723,0,42.1155541919888,27455,35,512.6953125,12.6275210367565,500.067791463243,512.6953125,1,0,2,2,27455,0,0,27455,42.1155541919888,27455,0
0.921,500.016961883928,0.0821384376306065,0.00410692188153032,2.61808269020806,52.3616538041612,2.83902508849333,0,500,498.046875,1.953125,2.83902508849333,2.82690876680144,-555.276552332771,0,2.83902508849333,0.236585424041111,2.83902508849333,0,42.1679196794829,27489,34,498.046875,-1.97008688392771,500.016961883928,498.046875,0,1,1,1,27489,0,0,27489,42.1679196794829,27489,0
0.922,499.95905922798,0.100115205670659,0.00500576028353295,2.61777951261048,52.3555902522096,2.83919075841842,0,500,498.046875,1.953125,2.83919075841842,2.82707443672653,-462.730460277309,0,2.83919075841842,0.236599229868202,2.83919075841842,0,42.2202775639314,27523,34,498.046875,-1.91218422798033,499.95905922798,498.046875,1,0,2,2,27523,0,0,27523,42.2202775639314,27523,0
0.923,499.955739581754,0.106817025278272,0.00534085126391362,2.61776213098348,52.3552426196697,2.83935642834352,0,500,498.046875,1.953125,2.83935642834352,2.82724010665162,-385.608716897757,0,2.83935642834352,0.236613035695293,2.83935642834352,0,42.2726327055862,27557,34,498.046875,-1.90886458175407,499.955739581754,498.046875,0,1,1,1,27557,0,0,27557,42.2726327055862,27557,0
0.924,499.972757745884,0.109318117490684,0.00546590587453423,2.6178512378825,52.3570247576499,2.83952209826861,0,500,498.046875,1.953125,2.83952209826861,2.82740577657671,-321.340597414798,0,2.83952209826861,0.236626841522384,2.83952209826861,0,42.3249887369195,27591,34,498.046875,-1.92588274588377,499.972757745884,498.046875,1,0,2,2,27591,0,0,27591,42.3249887369195,27591,0
0.925,499.997354916499,0.110254134456333,0.00551270672281667,2.61798002836667,52.3596005673334,2.8396877681937,0,500,498.046875,1.953125,2.8396877681937,2.82757144650181,-267.783831178998,0,2.8396877681937,0.236640647349475,2.8396877681937,0,42.3773470114678,27625,34,498.046875,-1.95047991649926,499.997354916499,498.046875,0,1,1,1,27625,0,0,27625,42.3773470114678,27625,0
0.926,500.024777505441,0.110607044717634,0.0055303522358817,2.61812361270661,52.3624722541322,2.83985343811879,0,500,498.046875,1.953125,2.83985343811879,2.8277371164269,-223.153192649165,0,2.83985343811879,0.236654453176566,2.83985343811879,0,42.4297080336989,27659,34,498.046875,-1.97790250544119,500.024777505441,498.046875,1,0,2,2,27659,0,0,27659,42.4297080336989,27659,0
0.927,500.053254438894,0.110742701681771,0.00553713508408857,2.61827271758149,52.3654543516299,2.74914669535468,0,500,512.6953125,-12.6953125,2.74914669535468,2.82790278635199,2255.4452561257,0,2.74914669535468,0.229095557946224,2.74914669535468,0,42.4820719917395,27694,35,512.6953125,12.6420580611061,500.053254438894,512.6953125,1,1,3,1,27694,1,0,27694,42.4820719917395,27694,0
0.928,500.002423204335,0.0821350607367653,0.00410675303683826,2.61800656585972,52.3601313171944,2.83894225353079,0,500,498.046875,1.953125,2.83894225353079,2.82682593183889,-561.86853656192,0,2.83894225353079,0.236578521127566,2.83894225353079,0,42.5344359568318,27728,34,498.046875,-1.95554820433466,500.002423204335,498.046875,0,0,0,0,27728,0,0,27728,42.5344359568318,27728,0
0.929,499.94451900486,0.100111843918606,0.00500559219593028,2.61770338018025,52.3540676036051,2.83910792345588,0,500,498.046875,1.953125,2.83910792345588,2.82699160176399,-468.223780468267,0,2.83910792345588,0.236592326954657,2.83910792345588,-4.44089209850063e-16,42.5867923187119,27762,34,498.046875,-1.89764400486041,499.94451900486,498.046875,1,1,3,3,27762,0,0,27762,42.5867923187119,27762,0
0.93,499.941197869316,0.106813671594281,0.00534068357971405,2.61768599075521,52.3537198151041,2.83927359338097,0,500,498.046875,1.953125,2.83927359338097,2.82715727168908,-390.186483723556,0,2.83927359338097,0.236606132781748,2.83927359338097,0,42.6391459376398,27796,34,498.046875,-1.894322869316,499.941197869316,498.046875,0,0,0,0,27796,0,0,27796,42.6391459376398,27796,0
0.931,499.95821457674,0.109314769206333,0.00546573846031666,2.61777509002693,52.3555018005385,2.83943926330606,0,500,498.046875,1.953125,2.83943926330606,2.82732294161417,-325.155403102963,0,2.83943926330606,0.236619938608839,2.83943926330606,-4.44089209850063e-16,42.691500446092,27830,34,498.046875,-1.91133957674009,499.95821457674,498.046875,1,1,3,3,27830,0,0,27830,42.691500446092,27830,0
0.932,499.982810315047,0.110250790544937,0.00551253952724687,2.61790387301155,52.358077460231,2.83960493323115,0,500,498.046875,1.953125,2.83960493323115,2.82748861153926,-270.962835919136,0,2.83960493323115,0.236633744435929,2.83960493323115,0,42.743857197608,27864,34,498.046875,-1.935935315047,499.982810315047,498.046875,0,0,0,0,27864,0,0,27864,42.743857197608,27864,0
0.933,500.010231492851,0.110603704764615,0.00553018523823074,2.61804744996279,52.3609489992558,2.83977060315625,0,500,498.046875,1.953125,2.83977060315625,2.82765428146435,-225.802363265947,0,2.83977060315625,0.23664755026302,2.83977060315625,-4.44089209850063e-16,42.7962166966578,27898,34,498.046875,-1.96335649285106,500.010231492851,498.046875,1,1,3,3,27898,0,0,27898,42.7962166966578,27898,0
0.934,500.03870703497,0.110739365501038,0.00553696827505191,2.61819654755267,52.3639309510534,2.83993627308134,0,500,498.046875,1.953125,2.83993627308134,2.82781995138944,-188.168636054955,0,2.83993627308134,0.236661356090111,2.83993627308134,0,42.8485791313705,27932,34,498.046875,-1.99183203497046,500.03870703497,498.046875,0,0,0,0,27932,0,0,27932,42.8485791313705,27932,0
0.935,500.06757706663,0.110794079398127,0.00553970396990633,2.61834771068495,52.3669542136991,2.74922953031723,0,500,512.6953125,-12.6953125,2.74922953031723,2.82798562131454,2284.59905328754,0,2.74922953031723,0.229102460859769,2.74922953031723,0,42.9009445720133,27967,35,512.6953125,12.6277354333699,500.06757706663,512.6953125,1,0,2,2,27967,0,0,27967,42.9009445720133,27967,0
0.936,500.016893076382,0.0821562792959104,0.00410781396479552,2.61808232993259,52.3616465986518,2.83902508849333,0,500,498.046875,1.953125,2.83902508849333,2.82690876680144,-537.573705593719,0,2.83902508849333,0.236585424041111,2.83902508849333,0,42.9533100459153,28001,34,498.046875,-1.97001807638173,500.016893076382,498.046875,0,1,1,1,28001,0,0,28001,42.9533100459153,28001,0
0.937,499.95904451241,0.100121823978789,0.00500609119893943,2.61777943555993,52.3555887111986,2.83919075841843,0,500,498.046875,1.953125,2.83919075841843,2.82707443672653,-447.978087994766,0,2.83919075841843,0.236599229868202,2.83919075841843,0,43.0056679264511,28035,34,498.046875,-1.91216951240972,499.95904451241,498.046875,1,0,2,2,28035,0,0,28035,43.0056679264511,28035,0
0.938,499.955744871006,0.106819462478688,0.00534097312393438,2.61776215867794,52.3552431735588,2.83935642834352,0,500,498.046875,1.953125,2.83935642834352,2.82724010665162,-373.315073328972,0,2.83935642834352,0.236613035695293,2.83935642834352,0,43.0580230677841,28069,34,498.046875,-1.90886987100606,499.955744871006,498.046875,0,1,1,1,28069,0,0,28069,43.0580230677841,28069,0
0.939,499.972770342075,0.109318997318432,0.0054659498659216,2.617851303836,52.35702607672,2.83952209826861,0,500,498.046875,1.953125,2.83952209826861,2.82740577657672,-311.09589444081,0,2.83952209826861,0.236626841522384,2.83952209826861,0,43.1103791001176,28103,34,498.046875,-1.92589534207542,499.972770342075,498.046875,1,0,2,2,28103,0,0,28103,43.1103791001176,28103,0
0.94,499.997370090749,0.110254434434651,0.00551272172173255,2.61798010781886,52.3596021563772,2.8396877681937,0,500,498.046875,1.953125,2.8396877681937,2.82757144650181,-259.246578700675,0,2.8396877681937,0.236640647349475,2.8396877681937,0,43.1627373761436,28137,34,498.046875,-1.9504950907492,499.997370090749,498.046875,0,1,1,1,28137,0,0,28137,43.1627373761436,28137,0
0.941,500.024793497865,0.110607129038472,0.00553035645192359,2.61812369644274,52.3624739288548,2.83985343811879,0,500,498.046875,1.953125,2.83985343811879,2.8277371164269,-216.038815583896,0,2.83985343811879,0.236654453176566,2.83985343811879,0,43.2150984000153,28171,34,498.046875,-1.97791849786455,500.024793497865,498.046875,1,0,2,2,28171,0,0,28171,43.2150984000153,28171,0
0.942,500.053270595741,0.110742706027485,0.00553713530137424,2.61827280217855,52.365456043571,2.74914669535469,0,500,512.6953125,-12.6953125,2.74914669535469,2.82790278635199,2261.37390368009,0,2.74914669535469,0.229095557946224,2.74914669535469,0,43.2674623597426,28206,35,512.6953125,12.6420419042589,500.053270595741,512.6953125,1,1,3,1,28206,1,0,28206,43.2674623597426,28206,0
0.943,500.002439283942,0.0821350356536527,0.00410675178268264,2.61800665005235,52.3601330010469,2.83894225353079,0,500,498.046875,1.953125,2.83894225353079,2.8268259318389,-556.927996933261,0,2.83894225353079,0.236578521127566,2.83894225353079,0,43.3198263265239,28240,34,498.046875,-1.95556428394184,500.002439283942,498.046875,0,0,0,0,28240,0,0,28240,43.3198263265239,28240,0
0.944,499.944534919073,0.100111808233778,0.0050055904116889,2.61770346350687,52.3540692701375,2.83910792345588,0,500,498.046875,1.953125,2.83910792345588,2.82699160176399,-464.106664111051,0,2.83910792345588,0.236592326954657,2.83910792345588,0,43.3721826900796,28274,34,498.046875,-1.89765991907262,499.944534919073,498.046875,1,1,3,3,28274,0,0,28274,43.3721826900796,28274,0
0.945,499.941213587145,0.106813632317256,0.00534068161586279,2.61768607305357,52.3537214610713,2.83927359338097,0,500,498.046875,1.953125,2.83927359338097,2.82715727168908,-386.755553425875,0,2.83927359338097,0.236606132781748,2.83927359338097,0,43.4245363106639,28308,34,498.046875,-1.89433858714466,499.941213587145,498.046875,0,0,0,0,28308,0,0,28308,43.4245363106639,28308,0
0.946,499.958230088468,0.1093147289438,0.00546573644718999,2.61777517124615,52.3555034249229,2.83943926330606,0,500,498.046875,1.953125,2.83943926330606,2.82732294161417,-322.296294521563,0,2.83943926330606,0.236619938608839,2.83943926330606,0,43.4768908207513,28342,34,498.046875,-1.91135508846827,499.958230088468,498.046875,1,1,3,3,28342,0,0,28342,43.4768908207513,28342,0
0.947,499.982825618862,0.110250750263281,0.00551253751316403,2.61790395314214,52.3580790628428,2.83960493323116,0,500,498.046875,1.953125,2.83960493323116,2.82748861153926,-268.580245434636,0,2.83960493323116,0.23663374443593,2.83960493323116,0,43.5292475738807,28376,34,498.046875,-1.93595061886214,499.982825618862,498.046875,0,0,0,0,28376,0,0,28376,43.5292475738807,28376,0
0.948,500.010246589858,0.110603664819155,0.00553018324095774,2.61804752901053,52.3609505802106,2.83977060315625,0,500,498.046875,1.953125,2.83977060315625,2.82765428146435,-223.81687119553,0,2.83977060315625,0.236647550263021,2.83977060315625,0,43.5816070745223,28410,34,498.046875,-1.96337158985767,500.010246589858,498.046875,1,1,3,3,28410,0,0,28410,43.5816070745223,28410,0
0.949,500.038721927335,0.110739326019496,0.00553696630097481,2.61819662552891,52.3639325105782,2.83993627308134,0,500,498.046875,1.953125,2.83993627308134,2.82781995138945,-186.514059329608,0,2.83993627308134,0.236661356090112,2.83993627308134,0,43.6339695108055,28444,34,498.046875,-1.9918469273353,500.038721927335,498.046875,0,0,0,0,28444,0,0,28444,43.6339695108055,28444,0
0.95,500.067591756895,0.110794040423488,0.00553970202117438,2.618347787603,52.36695575206,2.74922953031723,0,500,512.6953125,-12.6953125,2.74922953031723,2.82798562131454,2285.97786722533,0,2.74922953031723,0.229102460859769,2.74922953031723,-4.44089209850063e-16,43.6863349529972,28479,35,512.6953125,12.6277207431055,500.067591756895,512.6953125,1,0,2,2,28479,0,0,28479,43.6863349529972,28479,0
0.951,500.016907567202,0.0821562408396544,0.00410781204198272,2.61808240580635,52.3616481161269,2.83902508849334,0,500,498.046875,1.953125,2.83902508849334,2.82690876680144,-536.424693978895,0,2.83902508849334,0.236585424041111,2.83902508849334,-4.44089209850063e-16,43.7387004284271,28513,34,498.046875,-1.9700325672016,500.016907567202,498.046875,0,1,1,1,28513,0,0,28513,43.7387004284271,28513,0
0.952,499.959058806461,0.100121786040714,0.0050060893020357,2.61777951040341,52.3555902080682,2.83919075841843,0,500,498.046875,1.953125,2.83919075841843,2.82707443672653,-447.020578315745,0,2.83919075841843,0.236599229868202,2.83919075841843,0,43.7910583104701,28547,34,498.046875,-1.91218380646114,499.959058806461,498.046875,1,0,2,2,28547,0,0,28547,43.7910583104701,28547,0
0.953,499.955758970948,0.106819425054307,0.00534097125271537,2.61776223250507,52.3552446501014,2.83935642834352,0,500,498.046875,1.953125,2.83935642834352,2.82724010665163,-372.517148596455,0,2.83935642834352,0.236613035695293,2.83935642834352,-4.44089209850063e-16,43.8434134532896,28581,34,498.046875,-1.90888397094835,499.955758970948,498.046875,0,1,1,1,28581,0,0,28581,43.8434134532896,28581,0
0.954,499.972784250539,0.10931896040172,0.005465948020086,2.61785137666055,52.357027533211,2.83952209826861,0,500,498.046875,1.953125,2.83952209826861,2.82740577657672,-310.430957163712,0,2.83952209826861,0.236626841522384,2.83952209826861,0,43.8957694870898,28615,34,498.046875,-1.92590925053946,499.972784250539,498.046875,1,0,2,2,28615,0,0,28615,43.8957694870898,28615,0
0.955,499.997383810334,0.110254398019065,0.00551271990095327,2.61798017965444,52.3596035930887,2.8396877681937,0,500,498.046875,1.953125,2.8396877681937,2.82757144650181,-258.692464303093,0,2.8396877681937,0.236640647349475,2.8396877681937,-4.44089209850063e-16,43.9481277645625,28649,34,498.046875,-1.95050881033438,499.997383810334,498.046875,0,1,1,1,28649,0,0,28649,43.9481277645625,28649,0
0.956,500.024807031134,0.110607093117341,0.00553035465586703,2.61812376730278,52.3624753460555,2.8398534381188,0,500,498.046875,1.953125,2.8398534381188,2.8277371164269,-215.577053585911,0,2.8398534381188,0.236654453176566,2.8398534381188,0,44.0004887898612,28683,34,498.046875,-1.97793203113423,500.024807031134,498.046875,1,0,2,2,28683,0,0,28683,44.0004887898612,28683,0
0.957,500.053283945225,0.110742670594143,0.00553713352970715,2.61827287207628,52.3654574415257,2.84001910804389,0,500,498.046875,1.953125,2.84001910804389,2.82790278635199,-179.647544654926,0,2.84001910804389,0.236668259003657,2.84001910804389,-4.44089209850063e-16,44.052852750996,28717,34,498.046875,-2.00640894522536,500.053283945225,498.046875,0,1,1,1,28717,0,0,28717,44.052852750996,28717,0
0.958,500.082155090557,0.110797351871833,0.00553986759359165,2.61842404103974,52.3684808207949,2.74931236527978,0,500,512.6953125,-12.6953125,2.74931236527978,2.82806845627709,2291.69996278756,0,2.74931236527978,0.229109363773315,2.74931236527978,0,44.1052197181888,28752,35,512.6953125,12.6131574094428,500.082155090557,512.6953125,0,0,0,0,28752,0,0,28752,44.1052197181888,28752,0
0.959,500.031472109563,0.0821595380390363,0.00410797690195182,2.61815866557182,52.3631733114364,2.83910792345588,0,500,498.046875,1.953125,2.83910792345588,2.82699160176399,-531.656281010365,0,2.83910792345588,0.236592326954657,2.83910792345588,0,44.1575867187513,28786,34,498.046875,-1.98459710956314,500.031472109563,498.046875,1,1,3,3,28786,0,0,28786,44.1575867187513,28786,0
0.96,499.973624507874,0.100125076050186,0.00500625380250932,2.61785577623766,52.3571155247533,2.83927359338097,0,500,498.046875,1.953125,2.83927359338097,2.82715727168908,-443.046900841971,0,2.83927359338097,0.236606132781748,2.83927359338097,0,44.2099461260507,28820,34,498.046875,-1.92674950787369,499.973624507874,498.046875,0,0,0,0,28820,0,0,28820,44.2099461260507,28820,0
0.961,499.970325803288,0.106822710529416,0.00534113552647078,2.61783850426084,52.3567700852169,2.83943926330607,0,500,498.046875,1.953125,2.83943926330607,2.82732294161417,-369.205750701643,0,2.83943926330607,0.236619938608839,2.83943926330607,0,44.2623027942464,28854,34,498.046875,-1.92345080328846,499.970325803288,498.046875,1,1,3,3,28854,0,0,28854,44.2623027942464,28854,0
0.962,499.987352193836,0.109322242357045,0.00546611211785226,2.61792765423328,52.3585530846656,2.83960493323116,0,500,498.046875,1.953125,2.83960493323116,2.82748861153927,-307.671458918036,0,2.83960493323116,0.23663374443593,2.83960493323116,0,44.3146603535401,28888,34,498.046875,-1.9404771938357,499.987352193836,498.046875,0,0,0,0,28888,0,0,28888,44.3146603535401,28888,0
0.963,500.01195284778,0.11025767685747,0.0055128838428735,2.61805646295612,52.3611292591224,2.83977060315625,0,500,498.046875,1.953125,2.83977060315625,2.82765428146436,-256.392882431696,0,2.83977060315625,0.236647550263021,2.83977060315625,0,44.3670201566216,28922,34,498.046875,-1.96507784778021,500.01195284778,498.046875,1,1,3,3,28922,0,0,28922,44.3670201566216,28922,0
0.964,500.039377147232,0.110610369013437,0.00553051845067186,2.61820005625226,52.3640011250453,2.83993627308134,0,500,498.046875,1.953125,2.83993627308134,2.82781995138945,-213.660735359747,0,2.83993627308134,0.236661356090112,2.83993627308134,0,44.419382707643,28956,34,498.046875,-1.99250214723168,500.039377147232,498.046875,0,0,0,0,28956,0,0,28956,44.419382707643,28956,0
0.965,500.067855125088,0.110745943637174,0.0055372971818587,2.61834916659563,52.3669833319127,2.74922953031723,0,500,512.6953125,-12.6953125,2.74922953031723,2.82798562131454,2263.35563720021,0,2.74922953031723,0.22910246085977,2.74922953031723,0,44.4717481946127,28991,35,512.6953125,12.6274573749122,500.067855125088,512.6953125,1,0,2,2,28991,0,0,28991,44.4717481946127,28991,0
0.966,500.01702468123,0.0821382709485665,0.00410691354742833,2.61808301901397,52.3616603802793,2.83902508849334,0,500,498.046875,1.953125,2.83902508849334,2.82690876680144,-555.276552333157,0,2.83902508849334,0.236585424041112,2.83902508849334,0,44.5241136887281,29025,34,498.046875,-1.97014968123017,500.01702468123,498.046875,0,1,1,1,29025,0,0,29025,44.5241136887281,29025,0
0.967,499.959121172481,0.1001150412522,0.00500575206260998,2.61777983695113,52.3555967390225,2.83919075841843,0,500,498.046875,1.953125,2.83919075841843,2.82707443672654,-462.730460277631,0,2.83919075841843,0.236599229868203,2.83919075841843,0,44.576471579708,29059,34,498.046875,-1.91224617248088,499.959121172481,498.046875,1,0,2,2,29059,0,0,29059,44.576471579708,29059,0
0.968,499.955800685035,0.106816863092652,0.00534084315463261,2.61776245091951,52.3552490183903,2.83935642834352,0,500,498.046875,1.953125,2.83935642834352,2.82724010665163,-385.608716898026,0,2.83935642834352,0.236613035695293,2.83935642834352,0,44.6288267278055,29093,34,498.046875,-1.90892568503506,499.955800685035,498.046875,0,1,1,1,29093,0,0,29093,44.6288267278055,29093,0
0.969,499.972818019369,0.109317957507581,0.00546589787537903,2.61785155347373,52.3570310694745,2.83952209826861,0,500,498.046875,1.953125,2.83952209826861,2.82740577657672,-321.340597415022,0,2.83952209826861,0.236626841522384,2.83952209826861,0,44.681182765494,29127,34,498.046875,-1.92594301936907,499.972818019369,498.046875,1,0,2,2,29127,0,0,29127,44.681182765494,29127,0
0.97,499.997414371458,0.110253976645833,0.00551269883229164,2.61798033967211,52.3596067934422,2.83968776819371,0,500,498.046875,1.953125,2.83968776819371,2.82757144650181,-267.783831179185,0,2.83968776819371,0.236640647349475,2.83968776819371,0,44.7335410463111,29161,34,498.046875,-1.95053937145838,499.997414371458,498.046875,0,1,1,1,29161,0,0,29161,44.7335410463111,29161,0
0.971,500.024836152988,0.110606889050235,0.00553034445251173,2.61812391978445,52.3624783956889,2.8398534381188,0,500,498.046875,1.953125,2.8398534381188,2.8277371164269,-223.153192649321,0,2.8398534381188,0.236654453176566,2.8398534381188,0,44.7859020747258,29195,34,498.046875,-1.97796115298843,500.024836152988,498.046875,1,0,2,2,29195,0,0,29195,44.7859020747258,29195,0
0.972,500.053312289994,0.11074254812837,0.00553712740641851,2.61827302048914,52.3654604097829,2.74914669535469,0,500,512.6953125,-12.6953125,2.74914669535469,2.827902786352,2255.44525612557,0,2.74914669535469,0.229095557946224,2.74914669535469,-4.44089209850063e-16,44.8382660388662,29230,35,512.6953125,12.6420002100063,500.053312289994,512.6953125,1,1,3,1,29230,1,0,29230,44.8382660388662,29230,0
0.973,500.002480269802,0.0821349092686562,0.00410674546343281,2.61800686465381,52.3601372930762,2.83894225353079,0,500,498.046875,1.953125,2.83894225353079,2.8268259318389,-561.868536562028,0,2.83894225353079,0.236578521127566,2.83894225353079,-4.44089209850063e-16,44.8906300099754,29264,34,498.046875,-1.95560526980199,500.002480269802,498.046875,0,0,0,0,29264,0,0,29264,44.8906300099754,29264,0
0.974,499.944575295365,0.10011169450747,0.00500558472537348,2.61770367491664,52.3540734983329,2.83910792345589,0,500,498.046875,1.953125,2.83910792345589,2.82699160176399,-468.223780468357,0,2.83910792345589,0.236592326954657,2.83910792345589,0,44.9429863777908,29298,34,498.046875,-1.89770029536464,499.944575295365,498.046875,1,1,3,3,29298,0,0,29298,44.9429863777908,29298,0
0.975,499.941253395381,0.106813524212186,0.00534067621060931,2.617686281489,52.3537256297801,2.83927359338098,0,500,498.046875,1.953125,2.83927359338098,2.82715727168908,-390.186483723631,0,2.83927359338098,0.236606132781748,2.83927359338098,-4.44089209850063e-16,44.9953400025732,29332,34,498.046875,-1.89437839538112,499.941253395381,498.046875,0,0,0,0,29332,0,0,29332,44.9953400025732,29332,0
0.976,499.958269348748,0.109314623825722,0.0054657311912861,2.61777537681249,52.3555075362498,2.83943926330607,0,500,498.046875,1.953125,2.83943926330607,2.82732294161418,-325.155403103026,0,2.83943926330607,0.236619938608839,2.83943926330607,0,45.0476945168005,29366,34,498.046875,-1.91139434874833,499.958269348748,498.046875,1,1,3,3,29366,0,0,29366,45.0476945168005,29366,0
0.977,499.982864343239,0.11025064713863,0.00551253235693148,2.6179041559025,52.3580831180501,2.83960493323116,0,500,498.046875,1.953125,2.83960493323116,2.82748861153927,-270.962835919188,0,2.83960493323116,0.23663374443593,2.83960493323116,-4.44089209850063e-16,45.1000512740131,29400,34,498.046875,-1.93598934323933,499.982864343239,498.046875,0,0,0,0,29400,0,0,29400,45.1000512740131,29400,0
0.978,500.010284787328,0.110603563305797,0.00553017816528986,2.61804772901202,52.3609545802403,2.83977060315625,0,500,498.046875,1.953125,2.83977060315625,2.82765428146436,-225.80236326599,0,2.83977060315625,0.236647550263021,2.83977060315625,0,45.1524107786824,29434,34,498.046875,-1.96340978732815,500.010284787328,498.046875,1,1,3,3,29434,0,0,29434,45.1524107786824,29434,0
0.979,500.038759605696,0.110739225963264,0.00553696129816319,2.61819682281235,52.3639364562469,2.83993627308134,0,500,498.046875,1.953125,2.83993627308134,2.82781995138945,-188.168636054992,0,2.83993627308134,0.236661356090112,2.83993627308134,-4.44089209850063e-16,45.204773218938,29468,34,498.046875,-1.99188460569616,500.038759605696,498.046875,0,0,0,0,29468,0,0,29468,45.204773218938,29468,0
0.98,500.067628923434,0.110793941755306,0.0055396970877653,2.61834798220654,52.3669596441309,2.74922953031724,0,500,512.6953125,-12.6953125,2.74922953031724,2.82798562131454,2284.59905328751,0,2.74922953031724,0.22910246085977,2.74922953031724,0,45.2571386650485,29503,35,512.6953125,12.6276835765663,500.067628923434,512.6953125,1,0,2,2,29503,0,0,29503,45.2571386650485,29503,0
0.981,500.016944228958,0.0821561435223108,0.00410780717611554,2.61808259776685,52.3616519553371,2.83902508849334,0,500,498.046875,1.953125,2.83902508849334,2.82690876680145,-537.573705593744,0,2.83902508849334,0.236585424041112,2.83902508849334,0,45.309504144344,29537,34,498.046875,-1.97006922895838,500.016944228958,498.046875,0,1,1,1,29537,0,0,29537,45.309504144344,29537,0
0.982,499.959094970323,0.100121690049025,0.00500608450245126,2.61777969975695,52.355593995139,2.83919075841843,0,500,498.046875,1.953125,2.83919075841843,2.82707443672654,-447.978087994787,0,2.83919075841843,0.236599229868203,2.83919075841843,0,45.3618620302003,29571,34,498.046875,-1.91221997032318,499.959094970323,498.046875,1,0,2,2,29571,0,0,29571,45.3618620302003,29571,0
0.983,499.95579464369,0.10681933036772,0.00534096651838602,2.6177624192871,52.3552483857421,2.83935642834352,0,500,498.046875,1.953125,2.83935642834352,2.82724010665163,-373.315073328989,0,2.83935642834352,0.236613035695294,2.83935642834352,0,45.4142171767812,29605,34,498.046875,-1.90891964368956,499.95579464369,498.046875,0,1,1,1,29605,0,0,29605,45.4142171767812,29605,0
0.984,499.972819438834,0.109318867001562,0.0054659433500781,2.61785156090603,52.3570312181206,2.83952209826862,0,500,498.046875,1.953125,2.83952209826862,2.82740577657672,-311.095894440824,0,2.83952209826862,0.236626841522385,2.83952209826862,0,45.4665732142916,29639,34,498.046875,-1.92594443883405,499.972819438834,498.046875,1,0,2,2,29639,0,0,29639,45.4665732142916,29639,0
0.985,499.997418520763,0.110254305887513,0.00551271529437565,2.61798036139782,52.3596072279563,2.83968776819371,0,500,498.046875,1.953125,2.83968776819371,2.82757144650181,-259.246578700687,0,2.83968776819371,0.236640647349476,2.83968776819371,0,45.5189314954242,29673,34,498.046875,-1.95054352076295,499.997418520763,498.046875,0,1,1,1,29673,0,0,29673,45.5189314954242,29673,0
0.986,500.024841270188,0.110607002237032,0.00553035011185161,2.61812394657804,52.3624789315608,2.8398534381188,0,500,498.046875,1.953125,2.8398534381188,2.82773711642691,-216.038815583906,0,2.8398534381188,0.236654453176567,2.8398534381188,0,45.571292524333,29707,34,498.046875,-1.97796627018812,500.024841270188,498.046875,1,0,2,2,29707,0,0,29707,45.571292524333,29707,0
0.987,500.053317719305,0.110742580948037,0.00553712904740187,2.61827304891695,52.365460978339,2.84001910804389,0,500,498.046875,1.953125,2.84001910804389,2.827902786352,-180.032346319921,0,2.84001910804389,0.236668259003658,2.84001910804389,0,45.6236564890288,29741,34,498.046875,-2.00644271930503,500.053317719305,498.046875,0,1,1,1,29741,0,0,29741,45.6236564890288,29741,0
0.988,500.082188405977,0.110797263443154,0.00553986317215768,2.61842421547887,52.3684843095775,2.74931236527978,0,500,512.6953125,-12.6953125,2.74931236527978,2.82806845627709,2291.3792947334,0,2.74931236527978,0.229109363773315,2.74931236527978,0,45.6760234597344,29776,35,512.6953125,12.613124094023,500.082188405977,512.6953125,0,0,0,0,29776,0,0,29776,45.6760234597344,29776,0
0.989,500.031504972553,0.0821594508112408,0.00410797254056204,2.61815883764204,52.3631767528407,2.83910792345589,0,500,498.046875,1.953125,2.83910792345589,2.82699160176399,-531.923504388834,0,2.83910792345589,0.236592326954657,2.83910792345589,0,45.7283904637619,29810,34,498.046875,-1.98462997255331,500.031504972553,498.046875,1,1,3,3,29810,0,0,29810,45.7283904637619,29810,0
0.99,499.973656924576,0.100124990006965,0.00500624950034824,2.61785594597112,52.3571189194224,2.83927359338098,0,500,498.046875,1.953125,2.83927359338098,2.82715727168909,-443.269586990695,0,2.83927359338098,0.236606132781748,2.83927359338098,0,45.7807498744792,29844,34,498.046875,-1.92678192457635,499.973656924576,498.046875,0,0,0,0,29844,0,0,29844,45.7807498744792,29844,0
0.991,499.970357779765,0.106822625654682,0.00534113128273408,2.61783867168928,52.3567734337857,2.83943926330607,0,500,498.046875,1.953125,2.83943926330607,2.82732294161418,-369.391322492246,0,2.83943926330607,0.236619938608839,2.83943926330607,0,45.8331065460465,29878,34,498.046875,-1.92348277976492,499.970357779765,498.046875,1,1,3,3,29878,0,0,29878,45.8331065460465,29878,0
0.992,499.987383736064,0.10932215863493,0.00546610793174648,2.617927819388,52.35855638776,2.83960493323116,0,500,498.046875,1.953125,2.83960493323116,2.82748861153927,-307.826102076872,0,2.83960493323116,0.23663374443593,2.83960493323116,0,45.8854641086659,29912,34,498.046875,-1.94050873606437,499.987383736064,498.046875,0,0,0,0,29912,0,0,29912,45.8854641086659,29912,0
0.993,500.01198396166,0.110257594272318,0.00551287971361589,2.61805662586801,52.3611325173603,2.83977060315625,0,500,498.046875,1.953125,2.83977060315625,2.82765428146436,-256.521751730727,0,2.83977060315625,0.236647550263021,2.83977060315625,0,45.9378239150281,29946,34,498.046875,-1.96510896165995,500.01198396166,498.046875,1,1,3,3,29946,0,0,29946,45.9378239150281,29946,0
0.994,500.039407838579,0.110610287549808,0.00553051437749041,2.61820021695178,52.3640043390357,2.83993627308135,0,500,498.046875,1.953125,2.83993627308135,2.82781995138945,-213.768126442272,0,2.83993627308135,0.236661356090112,2.83993627308135,0,45.9901864692855,29980,34,498.046875,-1.99253283857917,500.039407838579,498.046875,0,0,0,0,29980,0,0,29980,45.9901864692855,29980,0
0.995,500.067885399639,0.110745863279838,0.00553729316399188,2.61834932511281,52.3669865022563,2.74922953031724,0,500,512.6953125,-12.6953125,2.74922953031724,2.82798562131455,2263.26614463144,0,2.74922953031724,0.22910246085977,2.74922953031724,0,46.0425519594472,30015,35,512.6953125,12.6274271003609,500.067885399639,512.6953125,1,0,2,2,30015,0,0,30015,46.0425519594472,30015,0
0.996,500.017054544645,0.0821381916825031,0.00410690958412516,2.61808317537844,52.3616635075687,2.83902508849334,0,500,498.046875,1.953125,2.83902508849334,2.82690876680145,-555.3511294738,0,2.83902508849334,0.236585424041112,2.83902508849334,0,46.0949174567113,30049,34,498.046875,-1.97017954464457,500.017054544645,498.046875,0,1,1,1,30049,0,0,30049,46.0949174567113,30049,0
0.997,499.959150630343,0.100114963062589,0.00500574815312947,2.61777999119213,52.3555998238426,2.83919075841843,0,500,498.046875,1.953125,2.83919075841843,2.82707443672654,-462.792607894833,0,2.83919075841843,0.236599229868203,2.83919075841843,-4.44089209850063e-16,46.1472753507971,30083,34,498.046875,-1.91227563034255,499.959150630343,498.046875,1,0,2,2,30083,0,0,30083,46.1472753507971,30083,0
0.998,499.955829742852,0.106816785964876,0.00534083929824381,2.61776260306589,52.3552520613178,2.83935642834353,0,500,498.046875,1.953125,2.83935642834353,2.82724010665163,-385.660506579028,0,2.83935642834353,0.236613035695294,2.83935642834353,0,46.1996305019585,30117,34,498.046875,-1.9089547428519,499.955829742852,498.046875,0,1,1,1,30117,0,0,30117,46.1996305019585,30117,0
0.999,499.972846682573,0.10931788142722,0.00546589407136099,2.61785170355391,52.3570340710782,2.83952209826862,0,500,498.046875,1.953125,2.83952209826862,2.82740577657672,-321.383755482523,0,2.83952209826862,0.236626841522385,2.83952209826862,-4.44089209850063e-16,46.2519865426692,30151,34,498.046875,-1.92597168257277,499.972846682573,498.046875,1,0,2,2,30151,0,0,30151,46.2519865426692,30151,0
1,499.997442645407,0.110253901598665,0.00551269507993325,2.61798048771416,52.3596097542832,2.83968776819371,0,500,498.046875,1.953125,2.83968776819371,2.82757144650182,-267.819796235436,0,2.83968776819371,0.236640647349476,2.83968776819371,0,46.3043448264674,30185,34,498.046875,-1.9505676454072,499.997442645407,498.046875,0,1,1,1,30185,0,0,30185,46.3043448264674,30185,0
